; HEADER_BLOCK_START
; generated by OrcaSlicer 2.4.2 on 2026-09-15 at 10:52:25
; total layer number: 10
; filament_density: 1.21
; filament_diameter: 1.75
; max_z_height: 2.00
; filament: 1
; HEADER_BLOCK_END

; external perimeters extrusion width = 0.40mm
; perimeters extrusion width = 0.40mm
; infill extrusion width = 0.40mm
; solid infill extrusion width = 0.48mm
; top infill extrusion width = 0.48mm
; first layer extrusion width = 0.40mm

; external perimeters extrusion width = 0.40mm
; perimeters extrusion width = 0.40mm
; infill extrusion width = 0.40mm
; solid infill extrusion width = 0.48mm
; top infill extrusion width = 0.48mm
; first layer extrusion width = 0.40mm

; external perimeters extrusion width = 0.40mm
; perimeters extrusion width = 0.40mm
; infill extrusion width = 0.40mm
; solid infill extrusion width = 0.48mm
; top infill extrusion width = 0.48mm
; first layer extrusion width = 0.40mm

; external perimeters extrusion width = 0.40mm
; perimeters extrusion width = 0.40mm
; infill extrusion width = 0.40mm
; solid infill extrusion width = 0.48mm
; top infill extrusion width = 0.48mm
; first layer extrusion width = 0.40mm

; external perimeters extrusion width = 0.40mm
; perimeters extrusion width = 0.40mm
; infill extrusion width = 0.40mm
; solid infill extrusion width = 0.48mm
; top infill extrusion width = 0.48mm
; first layer extrusion width = 0.40mm

; external perimeters extrusion width = 0.40mm
; perimeters extrusion width = 0.40mm
; infill extrusion width = 0.40mm
; solid infill extrusion width = 0.48mm
; top infill extrusion width = 0.48mm
; first layer extrusion width = 0.40mm

; external perimeters extrusion width = 0.40mm
; perimeters extrusion width = 0.40mm
; infill extrusion width = 0.40mm
; solid infill extrusion width = 0.48mm
; top infill extrusion width = 0.48mm
; first layer extrusion width = 0.40mm

; external perimeters extrusion width = 0.40mm
; perimeters extrusion width = 0.40mm
; infill extrusion width = 0.40mm
; solid infill extrusion width = 0.48mm
; top infill extrusion width = 0.48mm
; first layer extrusion width = 0.40mm

; external perimeters extrusion width = 0.40mm
; perimeters extrusion width = 0.40mm
; infill extrusion width = 0.40mm
; solid infill extrusion width = 0.48mm
; top infill extrusion width = 0.48mm
; first layer extrusion width = 0.40mm

; EXECUTABLE_BLOCK_START
M73 P0 R30
;TYPE:Custom
SET_PRINT_STATS_INFO TOTAL_LAYER=10
SET_PRESSURE_ADVANCE EXTRUDER=extruder1 SMOOTH_TIME=0.04
SET_PRESSURE_ADVANCE EXTRUDER=extruder1 ADVANCE=0.03
SET_VELOCITY_LIMIT MINIMUM_CRUISE_RATIO=0.6
M104 S210 T1
M140 S55
M141 S0
G21
G90
M83
G92 E0
G0 Z10 F900
M190 S55
M191 S0
M400
M109 S210 T1
T1 R ; FibreSeek macro: switch to right nozzle, apply offsets + mesh offset
MOVE_TO_BRUSH_STATION
CLEAN_NOZZLE
MOVE_OUT_BRUSH_STATION
G92 E0
G90
G21
M83 ; use relative distances for extrusion
; Filament gcode
M106 S0
;LAYER_CHANGE
;Z:0.2
;HEIGHT:0.2
;BEFORE_LAYER_CHANGE
;0.2
G92 E0

G1 E-.5 F900
;AFTER_LAYER_CHANGE
;0.2
SET_PRINT_STATS_INFO CURRENT_LAYER=1
;_SET_FAN_SPEED_CHANGING_LAYER
SET_VELOCITY_LIMIT ACCEL=500 ACCEL_TO_DECEL=250
; printing object flowrate_10 id:8318823020889268071 copy 0
SET_VELOCITY_LIMIT ACCEL=10000 ACCEL_TO_DECEL=5000
G1 Z.4 F30000
G1 X210.355 Y185.975
G1 Z.4
G1 Z.2
G1 E.5 F900
SET_VELOCITY_LIMIT ACCEL=500 ACCEL_TO_DECEL=250
;TYPE:Inner wall
;WIDTH:0.4
G1 F3000
G3 X209.958 Y186.043 I-.374 J-.994 E.01322
G1 X203.958 Y186.043 E.19596
G2 X201.043 Y188.958 I.062 J2.977 E.14873
G1 X201.043 Y194.958 E.19596
G3 X199.958 Y196.043 I-1.062 J.023 E.05598
G1 X184.042 Y196.043 E.51984
G3 X182.957 Y194.958 I-.023 J-1.062 E.05598
G1 X182.957 Y188.958 E.19596
G2 X180.042 Y186.043 I-2.977 J.062 E.14873
G1 X174.042 Y186.043 E.19596
G3 X172.957 Y184.958 I-.023 J-1.062 E.05598
G1 X172.957 Y169.042 E.51984
G3 X174.042 Y167.957 I1.062 J-.023 E.05598
G1 X209.976 Y167.959 E1.17361
G3 X211.043 Y169.042 I.008 J1.059 E.0554
G1 X211.043 Y184.958 E.51984
G3 X210.392 Y185.96 I-1.062 J.023 E.04145
SET_VELOCITY_LIMIT ACCEL=10000 ACCEL_TO_DECEL=5000
G1 X210.477 Y186.311 F30000
SET_VELOCITY_LIMIT ACCEL=500 ACCEL_TO_DECEL=250
G1 F3000
G3 X209.974 Y186.4 I-.495 J-1.329 E.01678
G1 X203.974 Y186.4 E.19596
G2 X201.4 Y188.974 I.046 J2.619 E.13143
G1 X201.4 Y194.974 E.19596
G3 X199.974 Y196.4 I-1.418 J.008 E.07328
G1 X184.026 Y196.4 E.52085
G3 X182.6 Y194.974 I-.008 J-1.418 E.07328
G1 X182.6 Y188.974 E.19596
G2 X180.026 Y186.4 I-2.619 J.045 E.13143
G1 X174.026 Y186.4 E.19596
G3 X172.6 Y184.974 I-.008 J-1.418 E.07328
G1 X172.6 Y169.026 E.52086
G3 X174.026 Y167.6 I1.418 J-.008 E.07328
G1 X209.991 Y167.602 E1.17463
G3 X211.4 Y169.026 I-.007 J1.416 E.0727
G1 X211.4 Y184.974 E.52086
G3 X210.514 Y186.296 I-1.418 J.008 E.05519
SET_VELOCITY_LIMIT ACCEL=10000 ACCEL_TO_DECEL=5000
G1 X210.614 Y186.687 F30000
SET_VELOCITY_LIMIT ACCEL=500 ACCEL_TO_DECEL=250
;TYPE:Outer wall
G1 F3000
G3 X209.991 Y186.8 I-.632 J-1.705 E.02077
G1 X203.991 Y186.8 E.19596
G2 X201.8 Y188.991 I.028 J2.219 E.11204
G1 X201.8 Y194.991 E.19596
G3 X199.991 Y196.8 I-1.818 J-.01 E.09266
G1 X184.009 Y196.8 E.522
G3 X182.2 Y194.991 I.01 J-1.818 E.09266
G1 X182.2 Y188.991 E.19596
G2 X180.009 Y186.8 I-2.219 J.028 E.11204
G1 X174.009 Y186.8 E.19596
G3 X172.2 Y184.991 I.01 J-1.818 E.09266
G1 X172.2 Y169.009 E.522
G3 X174.009 Y167.2 I1.818 J.01 E.09266
G1 X210.009 Y167.202 E1.17577
G3 X211.8 Y169.009 I-.025 J1.816 E.09208
G1 X211.8 Y184.991 E.522
G3 X210.651 Y186.672 I-1.818 J-.01 E.07058
SET_VELOCITY_LIMIT ACCEL=10000 ACCEL_TO_DECEL=5000
G1 E-.5 F900
G1 Z.4 F30000
G1 X210.916 Y185.169 Z.4
G1 Z.2
G1 E.5 F900
SET_VELOCITY_LIMIT ACCEL=500 ACCEL_TO_DECEL=250
;TYPE:Bottom surface
;WIDTH:0.400898
G1 F6300
G1 X210.493 Y185.592 E.01957
G3 X209.803 Y185.775 I-.571 J-.759 E.02395
G1 X210.775 Y184.803 E.045
G1 X210.775 Y184.297 E.01658
G1 X209.297 Y185.775 E.06844
G1 X208.791 Y185.775 E.01658
G1 X210.775 Y183.791 E.09188
G1 X210.775 Y183.285 E.01658
G1 X208.285 Y185.775 E.11533
G1 X207.778 Y185.775 E.01658
G1 X210.775 Y182.778 E.13877
G1 X210.775 Y182.272 E.01658
G1 X207.272 Y185.775 E.16221
G1 X206.766 Y185.775 E.01658
G1 X210.775 Y181.766 E.18565
G1 X210.775 Y181.26 E.01658
G1 X206.26 Y185.775 E.20909
G1 X205.753 Y185.775 E.01658
G1 X210.775 Y180.753 E.23254
G1 X210.775 Y180.247 E.01658
G1 X205.247 Y185.775 E.25598
G1 X204.741 Y185.775 E.01658
G1 X210.775 Y179.741 E.27942
G1 X210.775 Y179.235 E.01658
G1 X204.235 Y185.775 E.30286
G2 X203.707 Y185.796 I-.144 J3.024 E.0173
G1 X210.775 Y178.728 E.32727
G1 X210.775 Y178.222 E.01658
G1 X202.819 Y186.178 E.36841
SET_VELOCITY_LIMIT ACCEL=10000 ACCEL_TO_DECEL=5000
G1 E-.5 F900
G1 Z.4 F30000
G1 X200.916 Y195.169 Z.4
G1 Z.2
G1 E.5 F900
SET_VELOCITY_LIMIT ACCEL=500 ACCEL_TO_DECEL=250
G1 F6300
G1 X200.493 Y195.592 E.01958
G3 X199.803 Y195.775 I-.571 J-.759 E.02395
G1 X200.775 Y194.803 E.045
G1 X200.775 Y194.297 E.01658
G1 X199.297 Y195.775 E.06844
G1 X198.791 Y195.775 E.01658
G1 X200.775 Y193.791 E.09188
G1 X200.775 Y193.285 E.01658
G1 X198.285 Y195.775 E.11533
G1 X197.778 Y195.775 E.01658
G1 X200.775 Y192.778 E.13877
G1 X200.775 Y192.272 E.01658
G1 X197.272 Y195.775 E.16221
G1 X196.766 Y195.775 E.01658
G1 X200.775 Y191.766 E.18565
G1 X200.775 Y191.26 E.01658
G1 X196.26 Y195.775 E.20909
G1 X195.753 Y195.775 E.01658
G1 X200.775 Y190.753 E.23254
G1 X200.775 Y190.247 E.01658
G1 X195.247 Y195.775 E.25598
G1 X194.741 Y195.775 E.01658
G1 X200.775 Y189.741 E.27942
G1 X200.775 Y189.235 E.01658
G1 X194.235 Y195.775 E.30286
G1 X193.728 Y195.775 E.01658
G1 X200.796 Y188.707 E.32727
G3 X200.915 Y188.082 I1.833 J.025 E.02095
G1 X193.222 Y195.775 E.35624
G1 X192.716 Y195.775 E.01658
M73 P1 R30
G1 X210.775 Y177.716 E.83624
G1 X210.775 Y177.209 E.01658
G1 X192.209 Y195.775 E.85968
G1 X191.703 Y195.775 E.01658
G1 X210.775 Y176.703 E.88312
G1 X210.775 Y176.197 E.01658
G1 X191.197 Y195.775 E.90657
G1 X190.691 Y195.775 E.01658
G1 X210.775 Y175.691 E.93001
G1 X210.775 Y175.184 E.01658
G1 X190.184 Y195.775 E.95345
G1 X189.678 Y195.775 E.01658
G1 X210.775 Y174.678 E.97689
G1 X210.775 Y174.172 E.01658
G1 X189.172 Y195.775 E1.00034
G1 X188.666 Y195.775 E.01658
G1 X210.775 Y173.666 E1.02378
G1 X210.775 Y173.159 E.01658
G1 X188.159 Y195.775 E1.04722
G1 X187.653 Y195.775 E.01658
G1 X210.775 Y172.653 E1.07066
G1 X210.775 Y172.147 E.01658
G1 X187.147 Y195.775 E1.0941
G1 X186.641 Y195.775 E.01658
G1 X210.775 Y171.641 E1.11755
G1 X210.775 Y171.134 E.01658
G1 X186.134 Y195.775 E1.14099
G1 X185.628 Y195.775 E.01658
G1 X210.775 Y170.628 E1.16443
G1 X210.775 Y170.122 E.01658
G1 X185.122 Y195.775 E1.18787
G1 X184.616 Y195.775 E.01658
G1 X210.775 Y169.616 E1.21132
G1 X210.775 Y169.109 E.01658
G1 X184.109 Y195.775 E1.23476
G3 X183.68 Y195.698 I-.028 J-1.074 E.01437
G1 X210.698 Y168.68 E1.25104
G2 X210.476 Y168.396 I-1.19 J.701 E.01184
G1 X183.396 Y195.476 E1.25392
G3 X183.241 Y195.125 I1.221 J-.752 E.0126
G1 X210.125 Y168.241 E1.24489
G2 X209.633 Y168.226 I-.327 J2.807 E.01614
G1 X183.225 Y194.635 E1.22283
G1 X183.225 Y194.128 E.01658
G1 X209.127 Y168.226 E1.19939
G1 X208.621 Y168.226 E.01658
G1 X183.225 Y193.622 E1.17595
G1 X183.225 Y193.116 E.01658
G1 X208.114 Y168.226 E1.15251
G1 X207.608 Y168.226 E.01658
G1 X183.225 Y192.61 E1.12907
G1 X183.225 Y192.103 E.01658
G1 X207.102 Y168.226 E1.10562
G1 X206.596 Y168.226 E.01658
G1 X183.225 Y191.597 E1.08218
G1 X183.225 Y191.091 E.01658
G1 X206.089 Y168.226 E1.05874
G1 X205.583 Y168.226 E.01658
G1 X183.225 Y190.584 E1.0353
G1 X183.225 Y190.078 E.01658
G1 X205.077 Y168.226 E1.01186
G1 X204.571 Y168.226 E.01658
G1 X183.225 Y189.572 E.98842
G1 X183.225 Y189.066 E.01658
G1 X204.064 Y168.226 E.96498
G1 X203.558 Y168.226 E.01658
G1 X183.194 Y188.591 E.94298
G2 X183.108 Y188.17 I-1.236 J.032 E.01413
G1 X203.052 Y168.226 E.92349
G1 X202.546 Y168.226 E.01658
M73 P2 R30
G1 X182.984 Y187.787 E.90579
G1 X182.823 Y187.442 E.01247
G1 X202.04 Y168.226 E.8898
G1 X201.533 Y168.226 E.01658
G1 X182.623 Y187.137 E.87565
G2 X182.401 Y186.852 I-.919 J.485 E.01187
G1 X201.027 Y168.226 E.86246
G1 X200.521 Y168.226 E.01658
G1 X182.148 Y186.598 E.85074
G2 X181.863 Y186.377 I-.77 J.697 E.01187
G1 X200.015 Y168.226 E.84049
G1 X199.508 Y168.226 E.01658
G1 X181.558 Y186.177 E.8312
G1 X181.213 Y186.016 E.01247
G1 X199.002 Y168.226 E.82375
G1 X198.496 Y168.226 E.01658
G1 X180.83 Y185.892 E.81801
G2 X180.409 Y185.806 I-.453 J1.15 E.01413
G1 X197.99 Y168.226 E.81406
G1 X197.483 Y168.226 E.01658
G1 X179.934 Y185.775 E.81262
G1 X179.428 Y185.775 E.01658
G1 X196.977 Y168.226 E.81262
G1 X196.471 Y168.226 E.01658
G1 X178.922 Y185.775 E.81262
G1 X178.415 Y185.775 E.01658
G1 X195.965 Y168.226 E.81262
G1 X195.458 Y168.226 E.01658
G1 X177.909 Y185.775 E.81262
G1 X177.403 Y185.775 E.01658
G1 X194.952 Y168.226 E.81262
G1 X194.446 Y168.226 E.01658
G1 X176.897 Y185.775 E.81262
G1 X176.39 Y185.775 E.01658
G1 X193.94 Y168.226 E.81262
G1 X193.434 Y168.226 E.01658
G1 X175.884 Y185.775 E.81263
G1 X175.378 Y185.775 E.01658
G1 X192.927 Y168.226 E.81263
G1 X192.421 Y168.226 E.01658
G1 X174.872 Y185.775 E.81263
G1 X174.365 Y185.775 E.01658
G1 X191.915 Y168.226 E.81263
G1 X191.409 Y168.226 E.01658
G1 X173.875 Y185.759 E.81191
G3 X173.524 Y185.604 I.403 J-1.379 E.0126
G1 X190.902 Y168.226 E.8047
G1 X190.396 Y168.226 E.01658
G1 X173.302 Y185.32 E.79154
G3 X173.225 Y184.891 I.997 J-.401 E.01437
G1 X189.89 Y168.226 E.77167
G1 X189.384 Y168.226 E.01658
G1 X173.225 Y184.384 E.74823
G1 X173.225 Y183.878 E.01658
G1 X188.877 Y168.226 E.72479
G1 X188.371 Y168.225 E.01658
G1 X173.225 Y183.372 E.70135
G1 X173.225 Y182.865 E.01658
G1 X187.865 Y168.225 E.67791
G1 X187.359 Y168.225 E.01658
G1 X173.225 Y182.359 E.65446
G1 X173.225 Y181.853 E.01658
G1 X186.852 Y168.225 E.63102
G1 X186.346 Y168.225 E.01658
G1 X173.225 Y181.347 E.60758
G1 X173.225 Y180.84 E.01658
G1 X185.84 Y168.225 E.58414
G1 X185.334 Y168.225 E.01658
G1 X173.225 Y180.334 E.5607
G1 X173.225 Y179.828 E.01658
G1 X184.827 Y168.225 E.53726
G1 X184.321 Y168.225 E.01658
G1 X173.225 Y179.322 E.51382
G1 X173.225 Y178.815 E.01658
G1 X183.815 Y168.225 E.49038
G1 X183.309 Y168.225 E.01658
G1 X173.225 Y178.309 E.46693
G1 X173.225 Y177.803 E.01658
G1 X182.803 Y168.225 E.44349
G1 X182.296 Y168.225 E.01658
G1 X173.225 Y177.297 E.42005
G1 X173.225 Y176.79 E.01658
G1 X181.79 Y168.225 E.39661
G1 X181.284 Y168.225 E.01658
G1 X173.225 Y176.284 E.37317
G1 X173.225 Y175.778 E.01658
G1 X180.778 Y168.225 E.34973
G1 X180.271 Y168.225 E.01658
G1 X173.225 Y175.272 E.32629
M73 P3 R30
G1 X173.225 Y174.765 E.01658
G1 X179.765 Y168.225 E.30285
G1 X179.259 Y168.225 E.01658
G1 X173.225 Y174.259 E.2794
G1 X173.225 Y173.753 E.01658
G1 X178.753 Y168.225 E.25596
G1 X178.246 Y168.225 E.01658
G1 X173.225 Y173.247 E.23252
G1 X173.225 Y172.74 E.01658
G1 X177.74 Y168.225 E.20908
G1 X177.234 Y168.225 E.01658
G1 X173.225 Y172.234 E.18564
G1 X173.225 Y171.728 E.01658
G1 X176.728 Y168.225 E.1622
M73 P3 R29
G1 X176.221 Y168.225 E.01658
G1 X173.225 Y171.222 E.13876
G1 X173.225 Y170.715 E.01658
G1 X175.715 Y168.225 E.11532
G1 X175.209 Y168.225 E.01658
G1 X173.225 Y170.209 E.09187
G1 X173.225 Y169.703 E.01658
G1 X174.703 Y168.225 E.06843
G1 X174.197 Y168.225 E.01658
G1 X173.225 Y169.197 E.04499
G3 X173.408 Y168.507 I.943 J-.119 E.02396
G1 X173.831 Y168.084 E.01955
; stop printing object flowrate_10 id:8318823020889268071 copy 0
; printing object flowrate_m5 id:140666992080768 copy 0
SET_VELOCITY_LIMIT ACCEL=10000 ACCEL_TO_DECEL=5000
G1 E-.5 F900
G1 Z.4 F30000
G1 X201.773 Y155.056 Z.4
G1 Z.2
G1 E.5 F900
SET_VELOCITY_LIMIT ACCEL=500 ACCEL_TO_DECEL=250
;TYPE:Inner wall
;WIDTH:0.4
G1 F3000
G1 X201.74 Y155.104 E.00164
G2 X201.043 Y156.958 I2.279 J1.916 E.05696
G1 X201.043 Y162.958 E.16924
G3 X199.958 Y164.043 I-1.062 J.023 E.04835
G1 X184.042 Y164.043 E.44895
G3 X182.957 Y162.958 I-.023 J-1.062 E.04835
G1 X182.957 Y156.958 E.16924
G2 X180.042 Y154.043 I-2.977 J.062 E.12845
G1 X174.042 Y154.043 E.16924
G3 X172.957 Y152.958 I-.023 J-1.062 E.04835
G1 X172.957 Y137.042 E.44895
G3 X174.042 Y135.957 I1.062 J-.023 E.04835
G1 X209.976 Y135.959 E1.01357
G3 X211.043 Y137.042 I.008 J1.059 E.04785
G1 X211.043 Y152.958 E.44895
G3 X209.958 Y154.043 I-1.062 J.023 E.04835
G1 X203.958 Y154.043 E.16924
G2 X202.104 Y154.74 I.062 J2.977 E.05696
G1 X201.802 Y155.028 E.01177
SET_VELOCITY_LIMIT ACCEL=10000 ACCEL_TO_DECEL=5000
G1 X202.028 Y155.306 F30000
SET_VELOCITY_LIMIT ACCEL=500 ACCEL_TO_DECEL=250
G1 F3000
G1 X202.014 Y155.334 E.00088
G2 X201.4 Y156.974 I2.005 J1.686 E.05037
G1 X201.4 Y162.974 E.16924
G3 X199.974 Y164.4 I-1.418 J.008 E.06329
G1 X184.026 Y164.4 E.44983
G3 X182.6 Y162.974 I-.008 J-1.418 E.06329
G1 X182.6 Y156.974 E.16924
G2 X180.026 Y154.4 I-2.619 J.046 E.1135
G1 X174.026 Y154.4 E.16924
G3 X172.6 Y152.974 I-.008 J-1.418 E.06329
G1 X172.6 Y137.026 E.44983
G3 X174.026 Y135.6 I1.418 J-.008 E.06329
G1 X209.991 Y135.602 E1.01445
G3 X211.4 Y137.026 I-.007 J1.416 E.06279
G1 X211.4 Y152.974 E.44983
G3 X209.974 Y154.4 I-1.418 J.008 E.06329
G1 X203.974 Y154.4 E.16924
G2 X202.334 Y155.014 I.046 J2.619 E.05037
G1 X202.057 Y155.278 E.01078
SET_VELOCITY_LIMIT ACCEL=10000 ACCEL_TO_DECEL=5000
G1 X202.32 Y155.591 F30000
SET_VELOCITY_LIMIT ACCEL=500 ACCEL_TO_DECEL=250
;TYPE:Outer wall
G1 F3000
G2 X201.8 Y156.991 I1.698 J1.428 E.04298
G1 X201.8 Y162.991 E.16924
G3 X199.991 Y164.8 I-1.818 J-.01 E.08002
G1 X184.009 Y164.8 E.45081
G3 X182.2 Y162.991 I.01 J-1.818 E.08002
G1 X182.2 Y156.991 E.16924
G2 X180.009 Y154.8 I-2.219 J.028 E.09676
G1 X174.009 Y154.8 E.16924
G3 X172.2 Y152.991 I.01 J-1.818 E.08002
G1 X172.2 Y137.009 E.45082
G3 X174.009 Y135.2 I1.818 J.01 E.08002
G1 X210.009 Y135.202 E1.01544
G3 X211.8 Y137.009 I-.025 J1.816 E.07952
G1 X211.8 Y152.991 E.45081
G3 X209.991 Y154.8 I-1.818 J-.01 E.08002
G1 X203.991 Y154.8 E.16924
G2 X202.346 Y155.56 I.028 J2.219 E.05265
SET_VELOCITY_LIMIT ACCEL=10000 ACCEL_TO_DECEL=5000
G1 E-.5 F900
G1 Z.4 F30000
G1 X210.916 Y153.169 Z.4
G1 Z.2
G1 E.5 F900
SET_VELOCITY_LIMIT ACCEL=500 ACCEL_TO_DECEL=250
;TYPE:Bottom surface
;WIDTH:0.400898
G1 F6300
G1 X210.493 Y153.592 E.01691
G3 X209.803 Y153.775 I-.571 J-.759 E.02068
G1 X210.775 Y152.803 E.03886
G1 X210.775 Y152.297 E.01432
G1 X209.297 Y153.775 E.05911
G1 X208.791 Y153.775 E.01432
G1 X210.775 Y151.791 E.07935
G1 X210.775 Y151.285 E.01432
G1 X208.285 Y153.775 E.0996
G1 X207.778 Y153.775 E.01432
G1 X210.775 Y150.778 E.11984
G1 X210.775 Y150.272 E.01432
G1 X207.272 Y153.775 E.14009
G1 X206.766 Y153.775 E.01432
G1 X210.775 Y149.766 E.16034
G1 X210.775 Y149.26 E.01432
G1 X206.26 Y153.775 E.18058
G1 X205.753 Y153.775 E.01432
G1 X210.775 Y148.753 E.20083
G1 X210.775 Y148.247 E.01432
G1 X205.247 Y153.775 E.22107
G1 X204.741 Y153.775 E.01432
G1 X210.775 Y147.741 E.24132
G1 X210.775 Y147.235 E.01432
G1 X204.235 Y153.775 E.26156
G2 X203.707 Y153.796 I-.144 J3.024 E.01494
G1 X210.775 Y146.728 E.28265
G1 X210.775 Y146.222 E.01432
G1 X202.819 Y154.178 E.31817
SET_VELOCITY_LIMIT ACCEL=10000 ACCEL_TO_DECEL=5000
G1 E-.5 F900
G1 Z.4 F30000
G1 X200.916 Y163.169 Z.4
G1 Z.2
G1 E.5 F900
SET_VELOCITY_LIMIT ACCEL=500 ACCEL_TO_DECEL=250
G1 F6300
G1 X200.493 Y163.592 E.01691
G3 X199.803 Y163.775 I-.571 J-.759 E.02068
G1 X200.775 Y162.803 E.03886
G1 X200.775 Y162.297 E.01432
G1 X199.297 Y163.775 E.05911
G1 X198.791 Y163.775 E.01432
G1 X200.775 Y161.791 E.07935
G1 X200.775 Y161.285 E.01432
G1 X198.285 Y163.775 E.0996
G1 X197.778 Y163.775 E.01432
G1 X200.775 Y160.778 E.11984
G1 X200.775 Y160.272 E.01432
G1 X197.272 Y163.775 E.14009
G1 X196.766 Y163.775 E.01432
G1 X200.775 Y159.766 E.16034
G1 X200.775 Y159.26 E.01432
G1 X196.26 Y163.775 E.18058
G1 X195.753 Y163.775 E.01432
G1 X200.775 Y158.753 E.20083
G1 X200.775 Y158.247 E.01432
G1 X195.247 Y163.775 E.22107
G1 X194.741 Y163.775 E.01432
G1 X200.775 Y157.741 E.24132
G1 X200.775 Y157.235 E.01432
M73 P4 R29
G1 X194.235 Y163.775 E.26156
G1 X193.728 Y163.775 E.01432
G1 X200.796 Y156.707 E.28265
G3 X200.915 Y156.082 I1.833 J.025 E.0181
G1 X193.222 Y163.775 E.30766
G1 X192.716 Y163.775 E.01432
G1 X210.775 Y145.716 E.72221
G1 X210.775 Y145.209 E.01432
G1 X192.209 Y163.775 E.74245
G1 X191.703 Y163.775 E.01432
G1 X210.775 Y144.703 E.7627
G1 X210.775 Y144.197 E.01432
G1 X191.197 Y163.775 E.78294
G1 X190.691 Y163.775 E.01432
G1 X210.775 Y143.691 E.80319
G1 X210.775 Y143.184 E.01432
G1 X190.184 Y163.775 E.82344
G1 X189.678 Y163.775 E.01432
G1 X210.775 Y142.678 E.84368
G1 X210.775 Y142.172 E.01432
G1 X189.172 Y163.775 E.86393
G1 X188.666 Y163.775 E.01432
G1 X210.775 Y141.666 E.88417
G1 X210.775 Y141.159 E.01432
G1 X188.159 Y163.775 E.90442
G1 X187.653 Y163.775 E.01432
G1 X210.775 Y140.653 E.92466
G1 X210.775 Y140.147 E.01432
G1 X187.147 Y163.775 E.94491
G1 X186.641 Y163.775 E.01432
G1 X210.775 Y139.641 E.96515
G1 X210.775 Y139.134 E.01432
G1 X186.134 Y163.775 E.9854
G1 X185.628 Y163.775 E.01432
G1 X210.775 Y138.628 E1.00565
G1 X210.775 Y138.122 E.01432
G1 X185.122 Y163.775 E1.02589
G1 X184.616 Y163.775 E.01432
G1 X210.775 Y137.616 E1.04614
G1 X210.775 Y137.109 E.01432
G1 X184.109 Y163.775 E1.06638
G3 X183.68 Y163.698 I-.028 J-1.074 E.01241
G1 X210.698 Y136.68 E1.08045
G2 X210.476 Y136.396 I-1.19 J.701 E.01023
G1 X183.396 Y163.476 E1.08293
G3 X183.241 Y163.125 I1.221 J-.752 E.01088
G1 X210.125 Y136.241 E1.07514
G2 X209.633 Y136.226 I-.327 J2.807 E.01394
G1 X183.225 Y162.635 E1.05608
G1 X183.225 Y162.128 E.01432
G1 X209.127 Y136.226 E1.03584
G1 X208.621 Y136.226 E.01432
G1 X183.225 Y161.622 E1.01559
G1 X183.225 Y161.116 E.01432
G1 X208.114 Y136.226 E.99535
G1 X207.608 Y136.226 E.01432
G1 X183.225 Y160.61 E.9751
G1 X183.225 Y160.103 E.01432
G1 X207.102 Y136.226 E.95486
G1 X206.596 Y136.226 E.01432
G1 X183.225 Y159.597 E.93461
G1 X183.225 Y159.091 E.01432
G1 X206.089 Y136.226 E.91437
G1 X205.583 Y136.226 E.01432
G1 X183.225 Y158.584 E.89412
G1 X183.225 Y158.078 E.01432
G1 X205.077 Y136.226 E.87388
G1 X204.571 Y136.226 E.01432
G1 X183.225 Y157.572 E.85363
G1 X183.225 Y157.066 E.01432
G1 X204.064 Y136.226 E.83339
G1 X203.558 Y136.226 E.01432
G1 X183.194 Y156.591 E.81439
G2 X183.108 Y156.17 I-1.236 J.032 E.0122
M73 P5 R29
G1 X203.052 Y136.226 E.79756
G1 X202.546 Y136.226 E.01432
G1 X182.984 Y155.787 E.78227
G1 X182.823 Y155.442 E.01077
G1 X202.04 Y136.226 E.76846
G1 X201.533 Y136.226 E.01432
G1 X182.623 Y155.137 E.75624
G2 X182.401 Y154.852 I-.919 J.485 E.01025
G1 X201.027 Y136.226 E.74485
G1 X200.521 Y136.226 E.01432
G1 X182.148 Y154.598 E.73473
G2 X181.863 Y154.377 I-.77 J.698 E.01025
G1 X200.015 Y136.226 E.72588
G1 X199.508 Y136.226 E.01432
G1 X181.558 Y154.177 E.71786
G1 X181.213 Y154.016 E.01077
G1 X199.002 Y136.226 E.71142
G1 X198.496 Y136.226 E.01432
G1 X180.83 Y153.892 E.70647
G2 X180.409 Y153.806 I-.453 J1.151 E.0122
G1 X197.99 Y136.226 E.70305
G1 X197.483 Y136.226 E.01432
G1 X179.934 Y153.775 E.70181
G1 X179.428 Y153.775 E.01432
G1 X196.977 Y136.226 E.70181
G1 X196.471 Y136.226 E.01432
G1 X178.922 Y153.775 E.70181
G1 X178.415 Y153.775 E.01432
G1 X195.965 Y136.226 E.70181
G1 X195.458 Y136.226 E.01432
G1 X177.909 Y153.775 E.70181
G1 X177.403 Y153.775 E.01432
G1 X194.952 Y136.226 E.70181
G1 X194.446 Y136.226 E.01432
G1 X176.897 Y153.775 E.70181
G1 X176.39 Y153.775 E.01432
G1 X193.94 Y136.226 E.70181
G1 X193.434 Y136.226 E.01432
G1 X175.884 Y153.775 E.70181
G1 X175.378 Y153.775 E.01432
G1 X192.927 Y136.226 E.70181
G1 X192.421 Y136.226 E.01432
G1 X174.872 Y153.775 E.70181
G1 X174.365 Y153.775 E.01432
G1 X191.915 Y136.226 E.70182
G1 X191.409 Y136.226 E.01432
G1 X173.875 Y153.759 E.70119
G3 X173.524 Y153.604 I.402 J-1.378 E.01088
G1 X190.902 Y136.226 E.69496
G1 X190.396 Y136.226 E.01432
G1 X173.302 Y153.32 E.6836
G3 X173.225 Y152.891 I.997 J-.401 E.01241
G1 X189.89 Y136.226 E.66644
G1 X189.384 Y136.226 E.01432
G1 X173.225 Y152.384 E.6462
G1 X173.225 Y151.878 E.01432
G1 X188.877 Y136.226 E.62595
G1 X188.371 Y136.225 E.01432
G1 X173.225 Y151.372 E.60571
G1 X173.225 Y150.865 E.01432
G1 X187.865 Y136.225 E.58546
G1 X187.359 Y136.225 E.01432
G1 X173.225 Y150.359 E.56522
G1 X173.225 Y149.853 E.01432
G1 X186.852 Y136.225 E.54497
G1 X186.346 Y136.225 E.01432
G1 X173.225 Y149.347 E.52473
G1 X173.225 Y148.84 E.01432
G1 X185.84 Y136.225 E.50449
G1 X185.334 Y136.225 E.01432
G1 X173.225 Y148.334 E.48424
G1 X173.225 Y147.828 E.01432
G1 X184.827 Y136.225 E.464
G1 X184.321 Y136.225 E.01432
G1 X173.225 Y147.322 E.44375
G1 X173.225 Y146.815 E.01432
G1 X183.815 Y136.225 E.42351
G1 X183.309 Y136.225 E.01432
G1 X173.225 Y146.309 E.40326
G1 X173.225 Y145.803 E.01432
G1 X182.803 Y136.225 E.38302
G1 X182.296 Y136.225 E.01432
G1 X173.225 Y145.297 E.36277
G1 X173.225 Y144.79 E.01432
G1 X181.79 Y136.225 E.34253
G1 X181.284 Y136.225 E.01432
M73 P6 R29
G1 X173.225 Y144.284 E.32228
G1 X173.225 Y143.778 E.01432
G1 X180.778 Y136.225 E.30204
G1 X180.271 Y136.225 E.01432
G1 X173.225 Y143.272 E.28179
G1 X173.225 Y142.765 E.01432
G1 X179.765 Y136.225 E.26155
G1 X179.259 Y136.225 E.01432
G1 X173.225 Y142.259 E.2413
G1 X173.225 Y141.753 E.01432
G1 X178.753 Y136.225 E.22106
G1 X178.246 Y136.225 E.01432
G1 X173.225 Y141.247 E.20081
G1 X173.225 Y140.74 E.01432
G1 X177.74 Y136.225 E.18057
G1 X177.234 Y136.225 E.01432
G1 X173.225 Y140.234 E.16033
G1 X173.225 Y139.728 E.01432
G1 X176.728 Y136.225 E.14008
G1 X176.221 Y136.225 E.01432
G1 X173.225 Y139.222 E.11984
G1 X173.225 Y138.715 E.01432
G1 X175.715 Y136.225 E.09959
G1 X175.209 Y136.225 E.01432
G1 X173.225 Y138.209 E.07935
G1 X173.225 Y137.703 E.01432
G1 X174.703 Y136.225 E.0591
G1 X174.197 Y136.225 E.01432
G1 X173.225 Y137.197 E.03886
G3 X173.408 Y136.507 I.943 J-.119 E.02069
G1 X173.831 Y136.084 E.01689
; stop printing object flowrate_m5 id:140666992080768 copy 0
; printing object flowrate_m10 id:1069446856963 copy 0
SET_VELOCITY_LIMIT ACCEL=10000 ACCEL_TO_DECEL=5000
G1 E-.5 F900
G1 Z.4 F30000
G1 X210.181 Y122.024 Z.4
G1 Z.2
G1 E.5 F900
SET_VELOCITY_LIMIT ACCEL=500 ACCEL_TO_DECEL=250
;TYPE:Inner wall
;WIDTH:0.4
G1 F3000
G3 X209.958 Y122.043 I-.2 J-1.043 E.00598
G1 X203.958 Y122.043 E.16033
G2 X201.043 Y124.958 I.062 J2.977 E.12169
G1 X201.043 Y130.958 E.16033
G3 X199.958 Y132.043 I-1.062 J.023 E.0458
G1 X184.042 Y132.043 E.42532
G3 X182.957 Y130.958 I-.023 J-1.062 E.0458
G1 X182.957 Y124.958 E.16033
G2 X180.042 Y122.043 I-2.977 J.062 E.12169
G1 X174.042 Y122.043 E.16033
G3 X172.957 Y120.958 I-.023 J-1.062 E.0458
G1 X172.957 Y105.042 E.42532
G3 X174.042 Y103.957 I1.062 J-.023 E.0458
G1 X209.976 Y103.959 E.96023
G3 X211.043 Y105.042 I.008 J1.059 E.04533
M73 P6 R28
G1 X211.043 Y120.958 E.42532
G3 X210.22 Y122.016 I-1.062 J.023 E.03876
SET_VELOCITY_LIMIT ACCEL=10000 ACCEL_TO_DECEL=5000
G1 X210.243 Y122.376 F30000
SET_VELOCITY_LIMIT ACCEL=500 ACCEL_TO_DECEL=250
G1 F3000
G3 X209.974 Y122.4 I-.261 J-1.394 E.00722
G1 X203.974 Y122.4 E.16033
G2 X201.4 Y124.974 I.046 J2.619 E.10753
G1 X201.4 Y130.974 E.16033
G3 X199.974 Y132.4 I-1.418 J.008 E.05996
G1 X184.026 Y132.4 E.42615
G3 X182.6 Y130.974 I-.012 J-1.414 E.06
G1 X182.6 Y124.974 E.16033
G2 X180.026 Y122.4 I-2.619 J.046 E.10753
G1 X174.026 Y122.4 E.16033
G3 X172.6 Y120.974 I-.008 J-1.418 E.05995
G1 X172.6 Y105.026 E.42616
G3 X174.026 Y103.6 I1.418 J-.008 E.05995
G1 X209.991 Y103.602 E.96106
G3 X211.4 Y105.026 I-.007 J1.416 E.05948
G1 X211.4 Y120.974 E.42615
G3 X210.282 Y122.368 I-1.418 J.008 E.05166
SET_VELOCITY_LIMIT ACCEL=10000 ACCEL_TO_DECEL=5000
G1 X210.312 Y122.77 F30000
SET_VELOCITY_LIMIT ACCEL=500 ACCEL_TO_DECEL=250
;TYPE:Outer wall
G1 F3000
G3 X209.991 Y122.8 I-.33 J-1.788 E.00862
G1 X203.991 Y122.8 E.16033
G2 X201.8 Y124.991 I.028 J2.219 E.09167
G1 X201.8 Y130.991 E.16033
G3 X199.991 Y132.8 I-1.818 J-.01 E.07581
G1 X184.009 Y132.8 E.42709
G3 X182.2 Y130.991 I.006 J-1.814 E.07586
G1 X182.2 Y124.991 E.16033
G2 X180.009 Y122.8 I-2.219 J.028 E.09167
G1 X174.009 Y122.8 E.16033
G3 X172.2 Y120.991 I.01 J-1.818 E.07581
G1 X172.2 Y105.009 E.42709
G3 X174.009 Y103.2 I1.818 J.01 E.07581
G1 X210.009 Y103.202 E.96199
G3 X211.8 Y105.009 I-.025 J1.816 E.07534
G1 X211.8 Y120.991 E.42709
G3 X210.351 Y122.762 I-1.818 J-.01 E.06612
SET_VELOCITY_LIMIT ACCEL=10000 ACCEL_TO_DECEL=5000
G1 E-.5 F900
G1 Z.4 F30000
G1 X210.916 Y121.169 Z.4
G1 Z.2
G1 E.5 F900
SET_VELOCITY_LIMIT ACCEL=500 ACCEL_TO_DECEL=250
;TYPE:Bottom surface
;WIDTH:0.400898
G1 F6300
G1 X210.493 Y121.592 E.01602
G3 X209.803 Y121.775 I-.571 J-.759 E.01959
G1 X210.775 Y120.803 E.03682
G1 X210.775 Y120.297 E.01356
G1 X209.297 Y121.775 E.056
G1 X208.791 Y121.775 E.01356
G1 X210.775 Y119.791 E.07518
G1 X210.775 Y119.285 E.01356
G1 X208.285 Y121.775 E.09436
G1 X207.778 Y121.775 E.01356
G1 X210.775 Y118.778 E.11354
G1 X210.775 Y118.272 E.01356
G1 X207.272 Y121.775 E.13272
G1 X206.766 Y121.775 E.01356
G1 X210.775 Y117.766 E.1519
G1 X210.775 Y117.26 E.01356
G1 X206.26 Y121.775 E.17108
G1 X205.753 Y121.775 E.01356
G1 X210.775 Y116.753 E.19026
G1 X210.775 Y116.247 E.01356
G1 X205.247 Y121.775 E.20944
G1 X204.741 Y121.775 E.01356
G1 X210.775 Y115.741 E.22862
G1 X210.775 Y115.235 E.01356
G1 X204.235 Y121.775 E.2478
G2 X203.707 Y121.796 I-.144 J3.024 E.01415
G1 X210.775 Y114.728 E.26777
G1 X210.775 Y114.222 E.01356
G1 X202.819 Y122.178 E.30143
SET_VELOCITY_LIMIT ACCEL=10000 ACCEL_TO_DECEL=5000
G1 E-.5 F900
G1 Z.4 F30000
G1 X200.916 Y131.169 Z.4
G1 Z.2
G1 E.5 F900
SET_VELOCITY_LIMIT ACCEL=500 ACCEL_TO_DECEL=250
G1 F6300
G1 X200.493 Y131.592 E.01602
G3 X199.803 Y131.775 I-.571 J-.759 E.01959
G1 X200.775 Y130.803 E.03682
G1 X200.775 Y130.297 E.01356
G1 X199.297 Y131.775 E.056
G1 X198.791 Y131.775 E.01356
G1 X200.775 Y129.791 E.07518
G1 X200.775 Y129.285 E.01356
G1 X198.285 Y131.775 E.09436
G1 X197.778 Y131.775 E.01356
G1 X200.775 Y128.778 E.11354
G1 X200.775 Y128.272 E.01356
G1 X197.272 Y131.775 E.13272
G1 X196.766 Y131.775 E.01356
G1 X200.775 Y127.766 E.1519
G1 X200.775 Y127.26 E.01356
G1 X196.26 Y131.775 E.17108
G1 X195.753 Y131.775 E.01356
G1 X200.775 Y126.753 E.19026
G1 X200.775 Y126.247 E.01356
M73 P7 R28
G1 X195.247 Y131.775 E.20944
G1 X194.741 Y131.775 E.01356
G1 X200.775 Y125.741 E.22862
G1 X200.775 Y125.235 E.01356
G1 X194.235 Y131.775 E.2478
G1 X193.728 Y131.775 E.01356
G1 X200.796 Y124.707 E.26777
G3 X200.915 Y124.082 I1.833 J.025 E.01714
G1 X193.222 Y131.775 E.29147
G1 X192.716 Y131.775 E.01356
G1 X210.775 Y113.716 E.6842
G1 X210.775 Y113.209 E.01356
G1 X192.209 Y131.775 E.70338
G1 X191.703 Y131.775 E.01356
G1 X210.775 Y112.703 E.72256
G1 X210.775 Y112.197 E.01356
G1 X191.197 Y131.775 E.74174
G1 X190.691 Y131.775 E.01356
G1 X210.775 Y111.691 E.76092
G1 X210.775 Y111.184 E.01356
G1 X190.184 Y131.775 E.7801
G1 X189.678 Y131.775 E.01356
G1 X210.775 Y110.678 E.79928
G1 X210.775 Y110.172 E.01356
G1 X189.172 Y131.775 E.81846
G1 X188.666 Y131.775 E.01356
G1 X210.775 Y109.666 E.83764
G1 X210.775 Y109.159 E.01356
G1 X188.159 Y131.775 E.85682
G1 X187.653 Y131.775 E.01356
G1 X210.775 Y108.653 E.876
G1 X210.775 Y108.147 E.01356
G1 X187.147 Y131.775 E.89518
G1 X186.641 Y131.775 E.01356
G1 X210.775 Y107.641 E.91436
G1 X210.775 Y107.134 E.01356
G1 X186.134 Y131.775 E.93354
G1 X185.628 Y131.775 E.01356
G1 X210.775 Y106.628 E.95272
G1 X210.775 Y106.122 E.01356
G1 X185.122 Y131.775 E.9719
G1 X184.616 Y131.775 E.01356
G1 X210.775 Y105.616 E.99108
G1 X210.775 Y105.109 E.01356
G1 X184.109 Y131.775 E1.01026
G3 X183.68 Y131.698 I-.028 J-1.074 E.01176
G1 X210.698 Y104.68 E1.02358
G2 X210.476 Y104.396 I-1.19 J.701 E.00969
G1 X183.396 Y131.476 E1.02593
G3 X183.241 Y131.125 I1.221 J-.752 E.01031
G1 X210.125 Y104.241 E1.01855
G2 X209.633 Y104.226 I-.327 J2.807 E.01321
G1 X183.225 Y130.635 E1.0005
G1 X183.225 Y130.128 E.01356
G1 X209.127 Y104.226 E.98132
G1 X208.621 Y104.226 E.01356
G1 X183.225 Y129.622 E.96214
G1 X183.225 Y129.116 E.01356
G1 X208.114 Y104.226 E.94296
G1 X207.608 Y104.226 E.01356
G1 X183.225 Y128.61 E.92378
G1 X183.225 Y128.103 E.01356
G1 X207.102 Y104.226 E.9046
G1 X206.596 Y104.226 E.01356
G1 X183.225 Y127.597 E.88542
G1 X183.225 Y127.091 E.01356
G1 X206.089 Y104.226 E.86624
G1 X205.583 Y104.226 E.01356
G1 X183.225 Y126.584 E.84706
G1 X183.225 Y126.078 E.01356
G1 X205.077 Y104.226 E.82788
G1 X204.571 Y104.226 E.01356
G1 X183.225 Y125.572 E.80871
G1 X183.225 Y125.066 E.01356
G1 X204.064 Y104.226 E.78953
M73 P8 R28
G1 X203.558 Y104.226 E.01356
G1 X183.194 Y124.591 E.77153
G2 X183.108 Y124.17 I-1.236 J.032 E.01156
G1 X203.052 Y104.226 E.75558
G1 X202.546 Y104.226 E.01356
G1 X182.984 Y123.787 E.7411
G1 X182.823 Y123.442 E.01021
G1 X202.04 Y104.226 E.72802
G1 X201.533 Y104.226 E.01356
G1 X182.623 Y123.137 E.71644
G2 X182.401 Y122.852 I-.919 J.485 E.00971
G1 X201.027 Y104.226 E.70565
G1 X200.521 Y104.226 E.01356
G1 X182.148 Y122.598 E.69606
G2 X181.863 Y122.377 I-.77 J.698 E.00971
G1 X200.015 Y104.226 E.68767
G1 X199.508 Y104.226 E.01356
G1 X181.558 Y122.177 E.68007
G1 X181.213 Y122.016 E.01021
G1 X199.002 Y104.226 E.67398
G1 X198.496 Y104.226 E.01356
G1 X180.83 Y121.892 E.66928
G2 X180.409 Y121.806 I-.453 J1.15 E.01156
G1 X197.99 Y104.226 E.66605
G1 X197.483 Y104.226 E.01356
G1 X179.934 Y121.775 E.66487
G1 X179.428 Y121.775 E.01356
G1 X196.977 Y104.226 E.66487
G1 X196.471 Y104.226 E.01356
G1 X178.922 Y121.775 E.66487
G1 X178.415 Y121.775 E.01356
G1 X195.965 Y104.226 E.66487
G1 X195.458 Y104.226 E.01356
G1 X177.909 Y121.775 E.66487
G1 X177.403 Y121.775 E.01356
G1 X194.952 Y104.226 E.66487
G1 X194.446 Y104.226 E.01356
G1 X176.897 Y121.775 E.66487
G1 X176.39 Y121.775 E.01356
G1 X193.94 Y104.226 E.66487
G1 X193.434 Y104.226 E.01356
G1 X175.884 Y121.775 E.66488
G1 X175.378 Y121.775 E.01356
G1 X192.927 Y104.226 E.66488
G1 X192.421 Y104.226 E.01356
G1 X174.872 Y121.775 E.66488
G1 X174.365 Y121.775 E.01356
G1 X191.915 Y104.226 E.66488
G1 X191.409 Y104.226 E.01356
G1 X173.875 Y121.759 E.66429
G3 X173.524 Y121.604 I.402 J-1.378 E.01031
G1 X190.902 Y104.226 E.65839
G1 X190.396 Y104.226 E.01356
G1 X173.302 Y121.32 E.64762
G3 X173.225 Y120.891 I.997 J-.401 E.01176
G1 X189.89 Y104.226 E.63137
G1 X189.384 Y104.226 E.01356
G1 X173.225 Y120.384 E.61219
G1 X173.225 Y119.878 E.01356
G1 X188.877 Y104.226 E.59301
G1 X188.371 Y104.225 E.01356
G1 X173.225 Y119.372 E.57383
G1 X173.225 Y118.865 E.01356
G1 X187.865 Y104.225 E.55465
G1 X187.359 Y104.225 E.01356
G1 X173.225 Y118.359 E.53547
G1 X173.225 Y117.853 E.01356
G1 X186.852 Y104.225 E.51629
G1 X186.346 Y104.225 E.01356
G1 X173.225 Y117.347 E.49711
G1 X173.225 Y116.84 E.01356
G1 X185.84 Y104.225 E.47793
G1 X185.334 Y104.225 E.01356
G1 X173.225 Y116.334 E.45875
G1 X173.225 Y115.828 E.01356
G1 X184.827 Y104.225 E.43958
G1 X184.321 Y104.225 E.01356
G1 X173.225 Y115.322 E.4204
G1 X173.225 Y114.815 E.01356
G1 X183.815 Y104.225 E.40122
G1 X183.309 Y104.225 E.01356
G1 X173.225 Y114.309 E.38204
G1 X173.225 Y113.803 E.01356
G1 X182.803 Y104.225 E.36286
G1 X182.296 Y104.225 E.01356
M73 P9 R28
G1 X173.225 Y113.297 E.34368
G1 X173.225 Y112.79 E.01356
G1 X181.79 Y104.225 E.3245
G1 X181.284 Y104.225 E.01356
G1 X173.225 Y112.284 E.30532
G1 X173.225 Y111.778 E.01356
G1 X180.778 Y104.225 E.28614
G1 X180.271 Y104.225 E.01356
G1 X173.225 Y111.272 E.26696
G1 X173.225 Y110.765 E.01356
G1 X179.765 Y104.225 E.24778
G1 X179.259 Y104.225 E.01356
G1 X173.225 Y110.259 E.2286
G1 X173.225 Y109.753 E.01356
G1 X178.753 Y104.225 E.20942
G1 X178.246 Y104.225 E.01356
G1 X173.225 Y109.247 E.19025
G1 X173.225 Y108.74 E.01356
G1 X177.74 Y104.225 E.17107
G1 X177.234 Y104.225 E.01356
G1 X173.225 Y108.234 E.15189
G1 X173.225 Y107.728 E.01356
G1 X176.728 Y104.225 E.13271
G1 X176.221 Y104.225 E.01356
G1 X173.225 Y107.222 E.11353
G1 X173.225 Y106.715 E.01356
G1 X175.715 Y104.225 E.09435
G1 X175.209 Y104.225 E.01356
G1 X173.225 Y106.209 E.07517
G1 X173.225 Y105.703 E.01356
G1 X174.703 Y104.225 E.05599
G1 X174.197 Y104.225 E.01356
G1 X173.225 Y105.197 E.03681
G3 X173.408 Y104.507 I.943 J-.119 E.0196
G1 X173.831 Y104.084 E.016
; stop printing object flowrate_m10 id:1069446856963 copy 0
; printing object flowrate_m15 id:1120986464517 copy 0
SET_VELOCITY_LIMIT ACCEL=10000 ACCEL_TO_DECEL=5000
G1 E-.5 F900
G1 Z.4 F30000
G1 X168.518 Y104.103 Z.4
G1 Z.2
G1 E.5 F900
SET_VELOCITY_LIMIT ACCEL=500 ACCEL_TO_DECEL=250
;TYPE:Inner wall
;WIDTH:0.4
G1 F3000
G3 X169.043 Y105.042 I-.534 J.915 E.02847
G1 X169.043 Y120.958 E.40169
G3 X167.958 Y122.043 I-1.062 J.023 E.04326
G1 X161.958 Y122.043 E.15143
G2 X159.043 Y124.958 I.062 J2.977 E.11493
G1 X159.043 Y130.958 E.15143
G3 X157.958 Y132.043 I-1.062 J.023 E.04326
G1 X142.042 Y132.043 E.40169
G3 X140.957 Y130.958 I-.023 J-1.062 E.04326
G1 X140.957 Y124.958 E.15143
G2 X138.042 Y122.043 I-2.977 J.062 E.11493
G1 X132.042 Y122.043 E.15143
G3 X130.957 Y120.958 I-.023 J-1.062 E.04326
G1 X130.957 Y105.042 E.40169
G3 X132.042 Y103.957 I1.062 J-.023 E.04326
G1 X167.976 Y103.959 E.90688
G3 X168.483 Y104.083 I.008 J1.059 E.01333
SET_VELOCITY_LIMIT ACCEL=10000 ACCEL_TO_DECEL=5000
G1 X168.696 Y103.794 F30000
SET_VELOCITY_LIMIT ACCEL=500 ACCEL_TO_DECEL=250
G1 F3000
G3 X169.4 Y105.026 I-.712 J1.224 E.03752
G1 X169.4 Y120.974 E.40248
G3 X167.974 Y122.4 I-1.418 J.008 E.05662
G1 X161.974 Y122.4 E.15143
G2 X159.4 Y124.974 I.046 J2.619 E.10156
G1 X159.4 Y130.974 E.15143
G3 X157.974 Y132.4 I-1.418 J.008 E.05662
G1 X142.026 Y132.4 E.40248
G3 X140.6 Y130.974 I-.008 J-1.418 E.05662
G1 X140.6 Y124.974 E.15143
G2 X138.026 Y122.4 I-2.619 J.046 E.10156
G1 X132.026 Y122.4 E.15143
G3 X130.6 Y120.974 I-.008 J-1.418 E.05662
G1 X130.6 Y105.026 E.40248
G3 X132.026 Y103.6 I1.418 J-.008 E.05662
G1 X167.991 Y103.602 E.90767
G3 X168.662 Y103.774 I-.007 J1.416 E.01765
M73 P9 R27
SET_VELOCITY_LIMIT ACCEL=10000 ACCEL_TO_DECEL=5000
G1 X168.896 Y103.447 F30000
SET_VELOCITY_LIMIT ACCEL=500 ACCEL_TO_DECEL=250
;TYPE:Outer wall
G1 F3000
G3 X169.8 Y105.009 I-.913 J1.57 E.04765
G1 X169.8 Y120.991 E.40336
G3 X167.991 Y122.8 I-1.818 J-.01 E.0716
G1 X161.991 Y122.8 E.15143
G2 X159.8 Y124.991 I.028 J2.219 E.08658
G1 X159.8 Y130.991 E.15143
G3 X157.991 Y132.8 I-1.818 J-.01 E.0716
G1 X142.009 Y132.8 E.40336
G3 X140.2 Y130.991 I.01 J-1.818 E.0716
G1 X140.2 Y124.991 E.15143
G2 X138.009 Y122.8 I-2.219 J.028 E.08658
G1 X132.009 Y122.8 E.15143
G3 X130.2 Y120.991 I.01 J-1.818 E.0716
G1 X130.2 Y105.009 E.40336
G3 X132.009 Y103.2 I1.818 J.01 E.0716
G1 X168.009 Y103.202 E.90855
G3 X168.862 Y103.428 I-.025 J1.816 E.0225
SET_VELOCITY_LIMIT ACCEL=10000 ACCEL_TO_DECEL=5000
G1 E-.5 F900
G1 Z.4 F30000
G1 X168.916 Y121.169 Z.4
G1 Z.2
G1 E.5 F900
SET_VELOCITY_LIMIT ACCEL=500 ACCEL_TO_DECEL=250
;TYPE:Bottom surface
;WIDTH:0.400898
G1 F6300
G1 X168.493 Y121.592 E.01513
G3 X167.803 Y121.775 I-.571 J-.759 E.01851
G1 X168.775 Y120.803 E.03477
G1 X168.775 Y120.297 E.01281
G1 X167.297 Y121.775 E.05289
G1 X166.791 Y121.775 E.01281
G1 X168.775 Y119.791 E.071
G1 X168.775 Y119.285 E.01281
G1 X166.285 Y121.775 E.08911
G1 X165.778 Y121.775 E.01281
G1 X168.775 Y118.778 E.10723
G1 X168.775 Y118.272 E.01281
G1 X165.272 Y121.775 E.12534
G1 X164.766 Y121.775 E.01281
G1 X168.775 Y117.766 E.14346
G1 X168.775 Y117.26 E.01281
G1 X164.26 Y121.775 E.16157
G1 X163.753 Y121.775 E.01281
G1 X168.775 Y116.753 E.17969
G1 X168.775 Y116.247 E.01281
G1 X163.247 Y121.775 E.1978
G1 X162.741 Y121.775 E.01281
G1 X168.775 Y115.741 E.21592
G1 X168.775 Y115.235 E.01281
G1 X162.235 Y121.775 E.23403
G2 X161.707 Y121.796 I-.144 J3.024 E.01337
G1 X168.775 Y114.728 E.25289
G1 X168.775 Y114.222 E.01281
G1 X160.819 Y122.178 E.28468
SET_VELOCITY_LIMIT ACCEL=10000 ACCEL_TO_DECEL=5000
G1 E-.5 F900
G1 Z.4 F30000
G1 X158.916 Y131.169 Z.4
G1 Z.2
G1 E.5 F900
SET_VELOCITY_LIMIT ACCEL=500 ACCEL_TO_DECEL=250
G1 F6300
G1 X158.493 Y131.592 E.01513
G3 X157.803 Y131.775 I-.571 J-.759 E.01851
G1 X158.775 Y130.803 E.03477
G1 X158.775 Y130.297 E.01281
G1 X157.297 Y131.775 E.05289
G1 X156.791 Y131.775 E.01281
G1 X158.775 Y129.791 E.071
G1 X158.775 Y129.285 E.01281
G1 X156.285 Y131.775 E.08911
G1 X155.778 Y131.775 E.01281
G1 X158.775 Y128.778 E.10723
G1 X158.775 Y128.272 E.01281
G1 X155.272 Y131.775 E.12534
M73 P10 R27
G1 X154.766 Y131.775 E.01281
G1 X158.775 Y127.766 E.14346
G1 X158.775 Y127.26 E.01281
G1 X154.26 Y131.775 E.16157
G1 X153.753 Y131.775 E.01281
G1 X158.775 Y126.753 E.17969
G1 X158.775 Y126.247 E.01281
G1 X153.247 Y131.775 E.1978
G1 X152.741 Y131.775 E.01281
G1 X158.775 Y125.741 E.21592
G1 X158.775 Y125.235 E.01281
G1 X152.235 Y131.775 E.23403
G1 X151.728 Y131.775 E.01281
G1 X158.796 Y124.707 E.25289
G3 X158.915 Y124.082 I1.833 J.025 E.01619
G1 X151.222 Y131.775 E.27527
G1 X150.716 Y131.775 E.01281
G1 X168.775 Y113.716 E.64619
G1 X168.775 Y113.209 E.01281
G1 X150.209 Y131.775 E.6643
G1 X149.703 Y131.775 E.01281
G1 X168.775 Y112.703 E.68241
G1 X168.775 Y112.197 E.01281
G1 X149.197 Y131.775 E.70053
G1 X148.691 Y131.775 E.01281
G1 X168.775 Y111.691 E.71864
G1 X168.775 Y111.184 E.01281
G1 X148.184 Y131.775 E.73676
G1 X147.678 Y131.775 E.01281
G1 X168.775 Y110.678 E.75487
G1 X168.775 Y110.172 E.01281
G1 X147.172 Y131.775 E.77299
G1 X146.666 Y131.775 E.01281
G1 X168.775 Y109.666 E.7911
G1 X168.775 Y109.159 E.01281
G1 X146.159 Y131.775 E.80922
G1 X145.653 Y131.775 E.01281
G1 X168.775 Y108.653 E.82733
G1 X168.775 Y108.147 E.01281
G1 X145.147 Y131.775 E.84544
G1 X144.641 Y131.775 E.01281
G1 X168.775 Y107.641 E.86356
G1 X168.775 Y107.134 E.01281
G1 X144.134 Y131.775 E.88167
G1 X143.628 Y131.775 E.01281
G1 X168.775 Y106.628 E.89979
G1 X168.775 Y106.122 E.01281
G1 X143.122 Y131.775 E.9179
G1 X142.616 Y131.775 E.01281
G1 X168.775 Y105.616 E.93602
G1 X168.775 Y105.109 E.01281
G1 X142.109 Y131.775 E.95413
G3 X141.68 Y131.698 I-.028 J-1.074 E.0111
G1 X168.698 Y104.68 E.96671
G2 X168.476 Y104.396 I-1.19 J.701 E.00915
G1 X141.396 Y131.476 E.96894
G3 X141.241 Y131.125 I1.222 J-.752 E.00973
G1 X168.125 Y104.241 E.96196
G2 X167.633 Y104.226 I-.327 J2.807 E.01247
G1 X141.225 Y130.635 E.94491
G1 X141.225 Y130.128 E.01281
G1 X167.127 Y104.226 E.9268
G1 X166.621 Y104.226 E.01281
G1 X141.225 Y129.622 E.90869
G1 X141.225 Y129.116 E.01281
G1 X166.114 Y104.226 E.89057
G1 X165.608 Y104.226 E.01281
G1 X141.225 Y128.61 E.87246
G1 X141.225 Y128.103 E.01281
G1 X165.102 Y104.226 E.85435
G1 X164.596 Y104.226 E.01281
G1 X141.225 Y127.597 E.83623
G1 X141.225 Y127.091 E.01281
G1 X164.089 Y104.226 E.81812
G1 X163.583 Y104.226 E.01281
G1 X141.225 Y126.584 E.8
G1 X141.225 Y126.078 E.01281
G1 X163.077 Y104.226 E.78189
G1 X162.571 Y104.226 E.01281
M73 P11 R27
G1 X141.225 Y125.572 E.76378
G1 X141.225 Y125.066 E.01281
G1 X162.064 Y104.226 E.74566
G1 X161.558 Y104.226 E.01281
G1 X141.194 Y124.591 E.72866
G2 X141.108 Y124.17 I-1.236 J.032 E.01092
G1 X161.052 Y104.226 E.71361
G1 X160.546 Y104.226 E.01281
G1 X140.984 Y123.787 E.69993
G1 X140.823 Y123.442 E.00964
G1 X160.04 Y104.226 E.68757
G1 X159.533 Y104.226 E.01281
G1 X140.623 Y123.137 E.67664
G2 X140.401 Y122.852 I-.919 J.485 E.00918
G1 X159.027 Y104.226 E.66644
G1 X158.521 Y104.226 E.01281
G1 X140.148 Y122.598 E.65739
G2 X139.863 Y122.377 I-.77 J.697 E.00918
G1 X158.015 Y104.226 E.64947
G1 X157.508 Y104.226 E.01281
G1 X139.558 Y122.177 E.64229
G1 X139.213 Y122.016 E.00964
G1 X157.002 Y104.226 E.63653
G1 X156.496 Y104.226 E.01281
G1 X138.83 Y121.892 E.6321
G2 X138.409 Y121.806 I-.453 J1.151 E.01092
G1 X155.99 Y104.226 E.62904
G1 X155.483 Y104.226 E.01281
G1 X137.934 Y121.775 E.62793
G1 X137.428 Y121.775 E.01281
G1 X154.977 Y104.226 E.62793
G1 X154.471 Y104.226 E.01281
G1 X136.922 Y121.775 E.62793
G1 X136.415 Y121.775 E.01281
G1 X153.965 Y104.226 E.62793
G1 X153.458 Y104.226 E.01281
G1 X135.909 Y121.775 E.62794
G1 X135.403 Y121.775 E.01281
G1 X152.952 Y104.226 E.62794
G1 X152.446 Y104.226 E.01281
G1 X134.897 Y121.775 E.62794
G1 X134.39 Y121.775 E.01281
G1 X151.94 Y104.226 E.62794
G1 X151.434 Y104.226 E.01281
G1 X133.884 Y121.775 E.62794
G1 X133.378 Y121.775 E.01281
G1 X150.927 Y104.226 E.62794
G1 X150.421 Y104.226 E.01281
G1 X132.872 Y121.775 E.62794
G1 X132.365 Y121.775 E.01281
G1 X149.915 Y104.226 E.62794
G1 X149.409 Y104.226 E.01281
G1 X131.875 Y121.759 E.62738
G3 X131.524 Y121.604 I.403 J-1.379 E.00973
G1 X148.902 Y104.226 E.62181
G1 X148.396 Y104.226 E.01281
G1 X131.302 Y121.32 E.61164
G3 X131.225 Y120.891 I.997 J-.401 E.01111
G1 X147.89 Y104.226 E.59629
G1 X147.384 Y104.226 E.01281
G1 X131.225 Y120.384 E.57818
G1 X131.225 Y119.878 E.01281
G1 X146.877 Y104.226 E.56006
G1 X146.371 Y104.225 E.01281
G1 X131.225 Y119.372 E.54195
G1 X131.225 Y118.865 E.01281
G1 X145.865 Y104.225 E.52384
G1 X145.359 Y104.225 E.01281
G1 X131.225 Y118.359 E.50572
G1 X131.225 Y117.853 E.01281
G1 X144.852 Y104.225 E.48761
G1 X144.346 Y104.225 E.01281
G1 X131.225 Y117.347 E.4695
G1 X131.225 Y116.84 E.01281
G1 X143.84 Y104.225 E.45138
G1 X143.334 Y104.225 E.01281
G1 X131.225 Y116.334 E.43327
G1 X131.225 Y115.828 E.01281
G1 X142.827 Y104.225 E.41515
G1 X142.321 Y104.225 E.01281
G1 X131.225 Y115.322 E.39704
G1 X131.225 Y114.815 E.01281
G1 X141.815 Y104.225 E.37893
G1 X141.309 Y104.225 E.01281
M73 P12 R27
G1 X131.225 Y114.309 E.36081
G1 X131.225 Y113.803 E.01281
G1 X140.803 Y104.225 E.3427
G1 X140.296 Y104.225 E.01281
G1 X131.225 Y113.297 E.32459
G1 X131.225 Y112.79 E.01281
G1 X139.79 Y104.225 E.30647
G1 X139.284 Y104.225 E.01281
G1 X131.225 Y112.284 E.28836
G1 X131.225 Y111.778 E.01281
G1 X138.778 Y104.225 E.27024
G1 X138.271 Y104.225 E.01281
G1 X131.225 Y111.272 E.25213
G1 X131.225 Y110.765 E.01281
G1 X137.765 Y104.225 E.23402
G1 X137.259 Y104.225 E.01281
G1 X131.225 Y110.259 E.2159
G1 X131.225 Y109.753 E.01281
G1 X136.753 Y104.225 E.19779
G1 X136.246 Y104.225 E.01281
G1 X131.225 Y109.247 E.17968
G1 X131.225 Y108.74 E.01281
G1 X135.74 Y104.225 E.16156
G1 X135.234 Y104.225 E.01281
G1 X131.225 Y108.234 E.14345
G1 X131.225 Y107.728 E.01281
G1 X134.728 Y104.225 E.12533
G1 X134.221 Y104.225 E.01281
G1 X131.225 Y107.222 E.10722
G1 X131.225 Y106.715 E.01281
G1 X133.715 Y104.225 E.08911
G1 X133.209 Y104.225 E.01281
G1 X131.225 Y106.209 E.07099
G1 X131.225 Y105.703 E.01281
G1 X132.703 Y104.225 E.05288
G1 X132.197 Y104.225 E.01281
G1 X131.225 Y105.197 E.03477
G3 X131.408 Y104.507 I.943 J-.119 E.01851
G1 X131.831 Y104.084 E.01511
; stop printing object flowrate_m15 id:1120986464517 copy 0
; printing object flowrate_0 id:24 copy 0
SET_VELOCITY_LIMIT ACCEL=10000 ACCEL_TO_DECEL=5000
G1 E-.5 F900
G1 Z.4 F30000
G1 X168.518 Y136.103 Z.4
G1 Z.2
G1 E.5 F900
SET_VELOCITY_LIMIT ACCEL=500 ACCEL_TO_DECEL=250
;TYPE:Inner wall
;WIDTH:0.4
G1 F3000
G3 X169.043 Y137.042 I-.534 J.915 E.0335
G1 X169.043 Y152.958 E.47258
G3 X167.958 Y154.043 I-1.062 J.023 E.05089
G1 X161.958 Y154.043 E.17815
G2 X159.043 Y156.958 I.062 J2.977 E.13521
G1 X159.043 Y162.958 E.17815
G3 X157.958 Y164.043 I-1.062 J.023 E.05089
G1 X142.042 Y164.043 E.47258
G3 X140.957 Y162.958 I-.023 J-1.062 E.05089
G1 X140.957 Y156.958 E.17815
G2 X138.042 Y154.043 I-2.977 J.062 E.13521
G1 X132.042 Y154.043 E.17815
G3 X130.957 Y152.958 I-.023 J-1.062 E.05089
G1 X130.957 Y137.042 E.47258
G3 X132.042 Y135.957 I1.062 J-.023 E.05089
G1 X167.976 Y135.959 E1.06692
G3 X168.483 Y136.083 I.008 J1.059 E.01568
SET_VELOCITY_LIMIT ACCEL=10000 ACCEL_TO_DECEL=5000
G1 X168.696 Y135.794 F30000
SET_VELOCITY_LIMIT ACCEL=500 ACCEL_TO_DECEL=250
G1 F3000
G3 X169.4 Y137.026 I-.712 J1.224 E.04414
G1 X169.4 Y152.974 E.4735
G3 X167.974 Y154.4 I-1.418 J.008 E.06662
G1 X161.974 Y154.4 E.17815
G2 X159.4 Y156.974 I.046 J2.619 E.11948
G1 X159.4 Y162.974 E.17815
G3 X157.974 Y164.4 I-1.418 J.008 E.06662
G1 X142.026 Y164.4 E.4735
G3 X140.6 Y162.974 I-.012 J-1.414 E.06667
G1 X140.6 Y156.974 E.17815
G2 X138.026 Y154.4 I-2.619 J.046 E.11948
G1 X132.026 Y154.4 E.17815
G3 X130.6 Y152.974 I-.008 J-1.418 E.06662
G1 X130.6 Y137.026 E.47351
G3 X132.026 Y135.6 I1.418 J-.008 E.06662
G1 X167.991 Y135.602 E1.06785
G3 X168.662 Y135.774 I-.007 J1.416 E.02077
SET_VELOCITY_LIMIT ACCEL=10000 ACCEL_TO_DECEL=5000
G1 X168.896 Y135.447 F30000
SET_VELOCITY_LIMIT ACCEL=500 ACCEL_TO_DECEL=250
;TYPE:Outer wall
G1 F3000
G3 X169.8 Y137.009 I-.913 J1.57 E.05605
G1 X169.8 Y152.991 E.47454
G3 X167.991 Y154.8 I-1.818 J-.01 E.08424
G1 X161.991 Y154.8 E.17815
G2 X159.8 Y156.991 I.028 J2.219 E.10186
G1 X159.8 Y162.991 E.17815
G3 X157.991 Y164.8 I-1.818 J-.01 E.08424
G1 X142.009 Y164.8 E.47454
G3 X140.2 Y162.991 I.007 J-1.816 E.08427
G1 X140.2 Y156.991 E.17815
G2 X138.009 Y154.8 I-2.219 J.028 E.10186
G1 X132.009 Y154.8 E.17815
G3 X130.2 Y152.991 I.01 J-1.818 E.08424
G1 X130.2 Y137.009 E.47454
G3 X132.009 Y135.2 I1.818 J.01 E.08424
G1 X168.009 Y135.202 E1.06888
G3 X168.862 Y135.428 I-.025 J1.816 E.02647
M73 P12 R26
SET_VELOCITY_LIMIT ACCEL=10000 ACCEL_TO_DECEL=5000
G1 E-.5 F900
G1 Z.4 F30000
G1 X168.916 Y153.169 Z.4
G1 Z.2
G1 E.5 F900
SET_VELOCITY_LIMIT ACCEL=500 ACCEL_TO_DECEL=250
;TYPE:Bottom surface
;WIDTH:0.400898
G1 F6300
G1 X168.493 Y153.592 E.0178
G3 X167.803 Y153.775 I-.571 J-.759 E.02177
G1 X168.775 Y152.803 E.04091
G1 X168.775 Y152.297 E.01507
G1 X167.297 Y153.775 E.06222
G1 X166.791 Y153.775 E.01507
G1 X168.775 Y151.791 E.08353
G1 X168.775 Y151.285 E.01507
G1 X166.285 Y153.775 E.10484
G1 X165.778 Y153.775 E.01507
G1 X168.775 Y150.778 E.12615
G1 X168.775 Y150.272 E.01507
G1 X165.272 Y153.775 E.14746
G1 X164.766 Y153.775 E.01507
G1 X168.775 Y149.766 E.16877
G1 X168.775 Y149.26 E.01507
G1 X164.26 Y153.775 E.19009
G1 X163.753 Y153.775 E.01507
G1 X168.775 Y148.753 E.2114
G1 X168.775 Y148.247 E.01507
G1 X163.247 Y153.775 E.23271
G1 X162.741 Y153.775 E.01507
G1 X168.775 Y147.741 E.25402
G1 X168.775 Y147.235 E.01507
G1 X162.235 Y153.775 E.27533
G2 X161.707 Y153.796 I-.144 J3.024 E.01572
G1 X168.775 Y146.728 E.29752
G1 X168.775 Y146.222 E.01507
G1 X160.819 Y154.178 E.33492
SET_VELOCITY_LIMIT ACCEL=10000 ACCEL_TO_DECEL=5000
G1 E-.5 F900
G1 Z.4 F30000
G1 X158.916 Y163.169 Z.4
G1 Z.2
G1 E.5 F900
SET_VELOCITY_LIMIT ACCEL=500 ACCEL_TO_DECEL=250
G1 F6300
G1 X158.493 Y163.592 E.0178
G3 X157.803 Y163.775 I-.571 J-.759 E.02177
M73 P13 R26
G1 X158.775 Y162.803 E.04091
G1 X158.775 Y162.297 E.01507
G1 X157.297 Y163.775 E.06222
G1 X156.791 Y163.775 E.01507
G1 X158.775 Y161.791 E.08353
G1 X158.775 Y161.285 E.01507
G1 X156.285 Y163.775 E.10484
G1 X155.778 Y163.775 E.01507
G1 X158.775 Y160.778 E.12615
G1 X158.775 Y160.272 E.01507
G1 X155.272 Y163.775 E.14746
G1 X154.766 Y163.775 E.01507
G1 X158.775 Y159.766 E.16877
G1 X158.775 Y159.26 E.01507
G1 X154.26 Y163.775 E.19009
G1 X153.753 Y163.775 E.01507
G1 X158.775 Y158.753 E.2114
G1 X158.775 Y158.247 E.01507
G1 X153.247 Y163.775 E.23271
G1 X152.741 Y163.775 E.01507
G1 X158.775 Y157.741 E.25402
G1 X158.775 Y157.235 E.01507
G1 X152.235 Y163.775 E.27533
G1 X151.728 Y163.775 E.01507
G1 X158.796 Y156.707 E.29752
G3 X158.915 Y156.082 I1.833 J.025 E.01905
G1 X151.222 Y163.775 E.32385
G1 X150.716 Y163.775 E.01507
G1 X168.775 Y145.716 E.76022
G1 X168.775 Y145.209 E.01507
G1 X150.209 Y163.775 E.78153
G1 X149.703 Y163.775 E.01507
G1 X168.775 Y144.703 E.80284
G1 X168.775 Y144.197 E.01507
G1 X149.197 Y163.775 E.82415
G1 X148.691 Y163.775 E.01507
G1 X168.775 Y143.691 E.84546
G1 X168.775 Y143.184 E.01507
G1 X148.184 Y163.775 E.86677
G1 X147.678 Y163.775 E.01507
G1 X168.775 Y142.678 E.88809
G1 X168.775 Y142.172 E.01507
G1 X147.172 Y163.775 E.9094
G1 X146.666 Y163.775 E.01507
G1 X168.775 Y141.666 E.93071
G1 X168.775 Y141.159 E.01507
G1 X146.159 Y163.775 E.95202
G1 X145.653 Y163.775 E.01507
G1 X168.775 Y140.653 E.97333
G1 X168.775 Y140.147 E.01507
G1 X145.147 Y163.775 E.99464
G1 X144.641 Y163.775 E.01507
G1 X168.775 Y139.641 E1.01595
G1 X168.775 Y139.134 E.01507
G1 X144.134 Y163.775 E1.03726
G1 X143.628 Y163.775 E.01507
G1 X168.775 Y138.628 E1.05857
G1 X168.775 Y138.122 E.01507
G1 X143.122 Y163.775 E1.07989
G1 X142.616 Y163.775 E.01507
G1 X168.775 Y137.616 E1.1012
G1 X168.775 Y137.109 E.01507
G1 X142.109 Y163.775 E1.12251
G3 X141.68 Y163.698 I-.028 J-1.074 E.01306
G1 X168.698 Y136.68 E1.13731
G2 X168.476 Y136.396 I-1.19 J.701 E.01077
G1 X141.396 Y163.476 E1.13993
G3 X141.241 Y163.125 I1.221 J-.752 E.01145
G1 X168.125 Y136.241 E1.13172
G2 X167.633 Y136.226 I-.327 J2.807 E.01467
G1 X141.225 Y162.635 E1.11166
G1 X141.225 Y162.128 E.01507
G1 X167.127 Y136.226 E1.09035
G1 X166.621 Y136.226 E.01507
G1 X141.225 Y161.622 E1.06904
G1 X141.225 Y161.116 E.01507
G1 X166.114 Y136.226 E1.04773
G1 X165.608 Y136.226 E.01507
G1 X141.225 Y160.61 E1.02642
G1 X141.225 Y160.103 E.01507
G1 X165.102 Y136.226 E1.00511
G1 X164.596 Y136.226 E.01507
G1 X141.225 Y159.597 E.9838
G1 X141.225 Y159.091 E.01507
G1 X164.089 Y136.226 E.96249
G1 X163.583 Y136.226 E.01507
G1 X141.225 Y158.584 E.94118
M73 P14 R26
G1 X141.225 Y158.078 E.01507
G1 X163.077 Y136.226 E.91987
G1 X162.571 Y136.226 E.01507
G1 X141.225 Y157.572 E.89856
G1 X141.225 Y157.066 E.01507
G1 X162.064 Y136.226 E.87725
G1 X161.558 Y136.226 E.01507
G1 X141.194 Y156.591 E.85725
G2 X141.108 Y156.17 I-1.236 J.032 E.01285
G1 X161.052 Y136.226 E.83954
G1 X160.546 Y136.226 E.01507
G1 X140.984 Y155.787 E.82344
G1 X140.823 Y155.442 E.01134
G1 X160.04 Y136.226 E.80891
G1 X159.533 Y136.226 E.01507
G1 X140.623 Y155.137 E.79605
G2 X140.401 Y154.852 I-.919 J.485 E.01079
G1 X159.027 Y136.226 E.78405
G1 X158.521 Y136.226 E.01507
G1 X140.148 Y154.598 E.7734
G2 X139.863 Y154.377 I-.77 J.698 E.01079
G1 X158.015 Y136.226 E.76408
G1 X157.508 Y136.226 E.01507
G1 X139.558 Y154.177 E.75564
G1 X139.213 Y154.016 E.01134
G1 X157.002 Y136.226 E.74886
G1 X156.496 Y136.226 E.01507
G1 X138.83 Y153.892 E.74365
G2 X138.409 Y153.806 I-.453 J1.151 E.01285
G1 X155.99 Y136.226 E.74005
G1 X155.483 Y136.226 E.01507
G1 X137.934 Y153.775 E.73874
G1 X137.428 Y153.775 E.01507
G1 X154.977 Y136.226 E.73874
G1 X154.471 Y136.226 E.01507
G1 X136.922 Y153.775 E.73875
G1 X136.415 Y153.775 E.01507
G1 X153.965 Y136.226 E.73875
G1 X153.458 Y136.226 E.01507
G1 X135.909 Y153.775 E.73875
G1 X135.403 Y153.775 E.01507
G1 X152.952 Y136.226 E.73875
G1 X152.446 Y136.226 E.01507
G1 X134.897 Y153.775 E.73875
G1 X134.39 Y153.775 E.01507
G1 X151.94 Y136.226 E.73875
G1 X151.434 Y136.226 E.01507
G1 X133.884 Y153.775 E.73875
G1 X133.378 Y153.775 E.01507
G1 X150.927 Y136.226 E.73875
G1 X150.421 Y136.226 E.01507
G1 X132.872 Y153.775 E.73875
G1 X132.365 Y153.775 E.01507
G1 X149.915 Y136.226 E.73875
G1 X149.409 Y136.226 E.01507
G1 X131.875 Y153.759 E.7381
G3 X131.524 Y153.604 I.402 J-1.378 E.01145
G1 X148.902 Y136.226 E.73154
G1 X148.396 Y136.226 E.01507
G1 X131.302 Y153.32 E.71958
G3 X131.225 Y152.891 I.997 J-.401 E.01307
G1 X147.89 Y136.226 E.70152
G1 X147.384 Y136.226 E.01507
G1 X131.225 Y152.384 E.68021
G1 X131.225 Y151.878 E.01507
G1 X146.877 Y136.226 E.6589
G1 X146.371 Y136.225 E.01507
G1 X131.225 Y151.372 E.63759
G1 X131.225 Y150.865 E.01507
G1 X145.865 Y136.225 E.61628
G1 X145.359 Y136.225 E.01507
G1 X131.225 Y150.359 E.59497
G1 X131.225 Y149.853 E.01507
G1 X144.852 Y136.225 E.57366
G1 X144.346 Y136.225 E.01507
G1 X131.225 Y149.347 E.55235
G1 X131.225 Y148.84 E.01507
G1 X143.84 Y136.225 E.53104
G1 X143.334 Y136.225 E.01507
G1 X131.225 Y148.334 E.50973
G1 X131.225 Y147.828 E.01507
G1 X142.827 Y136.225 E.48842
G1 X142.321 Y136.225 E.01507
M73 P15 R26
G1 X131.225 Y147.322 E.46711
G1 X131.225 Y146.815 E.01507
G1 X141.815 Y136.225 E.4458
G1 X141.309 Y136.225 E.01507
G1 X131.225 Y146.309 E.42449
G1 X131.225 Y145.803 E.01507
G1 X140.803 Y136.225 E.40318
G1 X140.296 Y136.225 E.01507
G1 X131.225 Y145.297 E.38187
G1 X131.225 Y144.79 E.01507
G1 X139.79 Y136.225 E.36056
G1 X139.284 Y136.225 E.01507
G1 X131.225 Y144.284 E.33925
G1 X131.225 Y143.778 E.01507
G1 X138.778 Y136.225 E.31793
G1 X138.271 Y136.225 E.01507
G1 X131.225 Y143.272 E.29662
G1 X131.225 Y142.765 E.01507
G1 X137.765 Y136.225 E.27531
G1 X137.259 Y136.225 E.01507
G1 X131.225 Y142.259 E.254
G1 X131.225 Y141.753 E.01507
G1 X136.753 Y136.225 E.23269
G1 X136.246 Y136.225 E.01507
G1 X131.225 Y141.247 E.21138
G1 X131.225 Y140.74 E.01507
G1 X135.74 Y136.225 E.19007
G1 X135.234 Y136.225 E.01507
G1 X131.225 Y140.234 E.16876
G1 X131.225 Y139.728 E.01507
G1 X134.728 Y136.225 E.14745
G1 X134.221 Y136.225 E.01507
G1 X131.225 Y139.222 E.12614
G1 X131.225 Y138.715 E.01507
G1 X133.715 Y136.225 E.10483
G1 X133.209 Y136.225 E.01507
G1 X131.225 Y138.209 E.08352
G1 X131.225 Y137.703 E.01507
G1 X132.703 Y136.225 E.06221
G1 X132.197 Y136.225 E.01507
G1 X131.225 Y137.197 E.0409
G3 X131.408 Y136.507 I.943 J-.119 E.02178
G1 X131.831 Y136.084 E.01778
; stop printing object flowrate_0 id:24 copy 0
; printing object flowrate_15 id:0 copy 0
SET_VELOCITY_LIMIT ACCEL=10000 ACCEL_TO_DECEL=5000
G1 E-.5 F900
G1 Z.4 F30000
G1 X168.518 Y168.103 Z.4
G1 Z.2
G1 E.5 F900
SET_VELOCITY_LIMIT ACCEL=500 ACCEL_TO_DECEL=250
;TYPE:Inner wall
;WIDTH:0.4
G1 F3000
G3 X169.043 Y169.042 I-.534 J.915 E.03852
G1 X169.043 Y184.958 E.54347
G3 X167.958 Y186.043 I-1.062 J.023 E.05853
G1 X161.958 Y186.043 E.20487
G2 X159.043 Y188.958 I.062 J2.977 E.15549
G1 X159.043 Y194.958 E.20487
G3 X157.958 Y196.043 I-1.062 J.023 E.05853
G1 X142.042 Y196.043 E.54347
G3 X140.957 Y194.958 I-.023 J-1.062 E.05853
G1 X140.957 Y188.958 E.20487
G2 X138.042 Y186.043 I-2.977 J.062 E.15549
G1 X132.042 Y186.043 E.20487
G3 X130.957 Y184.958 I-.023 J-1.062 E.05853
G1 X130.957 Y169.042 E.54347
G3 X132.042 Y167.957 I1.062 J-.023 E.05853
G1 X167.976 Y167.959 E1.22696
G3 X168.483 Y168.083 I.008 J1.059 E.01803
SET_VELOCITY_LIMIT ACCEL=10000 ACCEL_TO_DECEL=5000
G1 X168.696 Y167.794 F30000
SET_VELOCITY_LIMIT ACCEL=500 ACCEL_TO_DECEL=250
G1 F3000
G3 X169.4 Y169.026 I-.712 J1.224 E.05076
G1 X169.4 Y184.974 E.54453
G3 X167.974 Y186.4 I-1.418 J.008 E.07661
G1 X161.974 Y186.4 E.20487
G2 X159.4 Y188.974 I.046 J2.619 E.1374
G1 X159.4 Y194.974 E.20487
G3 X157.974 Y196.4 I-1.418 J.008 E.07661
G1 X142.026 Y196.4 E.54453
G3 X140.6 Y194.974 I-.008 J-1.418 E.07661
G1 X140.6 Y188.974 E.20487
G2 X138.026 Y186.4 I-2.619 J.046 E.1374
G1 X132.026 Y186.4 E.20487
G3 X130.6 Y184.974 I-.008 J-1.418 E.07661
G1 X130.6 Y169.026 E.54453
G3 X132.026 Y167.6 I1.418 J-.008 E.07661
G1 X167.991 Y167.602 E1.22802
G3 X168.662 Y167.774 I-.007 J1.416 E.02388
SET_VELOCITY_LIMIT ACCEL=10000 ACCEL_TO_DECEL=5000
G1 X168.896 Y167.447 F30000
SET_VELOCITY_LIMIT ACCEL=500 ACCEL_TO_DECEL=250
;TYPE:Outer wall
G1 F3000
G3 X169.8 Y169.009 I-.913 J1.57 E.06446
G1 X169.8 Y184.991 E.54572
G3 X167.991 Y186.8 I-1.818 J-.01 E.09687
G1 X161.991 Y186.8 E.20487
G2 X159.8 Y188.991 I.028 J2.219 E.11713
G1 X159.8 Y194.991 E.20487
G3 X157.991 Y196.8 I-1.818 J-.01 E.09687
G1 X142.009 Y196.8 E.54572
G3 X140.2 Y194.991 I.01 J-1.818 E.09687
G1 X140.2 Y188.991 E.20487
G2 X138.009 Y186.8 I-2.219 J.028 E.11713
G1 X132.009 Y186.8 E.20487
G3 X130.2 Y184.991 I.01 J-1.818 E.09687
G1 X130.2 Y169.009 E.54572
G3 X132.009 Y167.2 I1.818 J.01 E.09687
G1 X168.009 Y167.202 E1.22922
G3 X168.862 Y167.428 I-.025 J1.816 E.03044
SET_VELOCITY_LIMIT ACCEL=10000 ACCEL_TO_DECEL=5000
G1 E-.5 F900
G1 Z.4 F30000
G1 X168.916 Y185.169 Z.4
G1 Z.2
G1 E.5 F900
SET_VELOCITY_LIMIT ACCEL=500 ACCEL_TO_DECEL=250
;TYPE:Bottom surface
;WIDTH:0.400898
G1 F6300
G1 X168.493 Y185.592 E.02046
G3 X167.803 Y185.775 I-.571 J-.759 E.02504
G1 X168.775 Y184.803 E.04704
G1 X168.775 Y184.297 E.01733
G1 X167.297 Y185.775 E.07155
G1 X166.791 Y185.775 E.01733
G1 X168.775 Y183.791 E.09606
G1 X168.775 Y183.285 E.01733
G1 X166.285 Y185.775 E.12057
G1 X165.778 Y185.775 E.01733
G1 X168.775 Y182.778 E.14507
G1 X168.775 Y182.272 E.01733
G1 X165.272 Y185.775 E.16958
G1 X164.766 Y185.775 E.01733
G1 X168.775 Y181.766 E.19409
G1 X168.775 Y181.26 E.01733
G1 X164.26 Y185.775 E.2186
G1 X163.753 Y185.775 E.01733
G1 X168.775 Y180.753 E.24311
G1 X168.775 Y180.247 E.01733
G1 X163.247 Y185.775 E.26761
G1 X162.741 Y185.775 E.01733
G1 X168.775 Y179.741 E.29212
G1 X168.775 Y179.235 E.01733
G1 X162.235 Y185.775 E.31663
G2 X161.707 Y185.796 I-.144 J3.024 E.01808
G1 X168.775 Y178.728 E.34215
G1 X168.775 Y178.222 E.01733
M73 P16 R26
G1 X160.819 Y186.178 E.38516
SET_VELOCITY_LIMIT ACCEL=10000 ACCEL_TO_DECEL=5000
G1 E-.5 F900
M73 P16 R25
G1 Z.4 F30000
G1 X158.916 Y195.169 Z.4
G1 Z.2
G1 E.5 F900
SET_VELOCITY_LIMIT ACCEL=500 ACCEL_TO_DECEL=250
G1 F6300
G1 X158.493 Y195.592 E.02047
G3 X157.803 Y195.775 I-.571 J-.759 E.02504
G1 X158.775 Y194.803 E.04704
G1 X158.775 Y194.297 E.01733
G1 X157.297 Y195.775 E.07155
G1 X156.791 Y195.775 E.01733
G1 X158.775 Y193.791 E.09606
G1 X158.775 Y193.285 E.01733
G1 X156.285 Y195.775 E.12057
G1 X155.778 Y195.775 E.01733
G1 X158.775 Y192.778 E.14508
G1 X158.775 Y192.272 E.01733
G1 X155.272 Y195.775 E.16958
G1 X154.766 Y195.775 E.01733
G1 X158.775 Y191.766 E.19409
G1 X158.775 Y191.26 E.01733
G1 X154.26 Y195.775 E.2186
G1 X153.753 Y195.775 E.01733
G1 X158.775 Y190.753 E.24311
G1 X158.775 Y190.247 E.01733
G1 X153.247 Y195.775 E.26761
G1 X152.741 Y195.775 E.01733
G1 X158.775 Y189.741 E.29212
G1 X158.775 Y189.235 E.01733
G1 X152.235 Y195.775 E.31663
G1 X151.728 Y195.775 E.01733
G1 X158.796 Y188.707 E.34215
G3 X158.915 Y188.082 I1.833 J.025 E.02191
G1 X151.222 Y195.775 E.37243
G1 X150.716 Y195.775 E.01733
G1 X168.775 Y177.716 E.87425
G1 X168.775 Y177.209 E.01733
G1 X150.209 Y195.775 E.89876
G1 X149.703 Y195.775 E.01733
G1 X168.775 Y176.703 E.92327
G1 X168.775 Y176.197 E.01733
G1 X149.197 Y195.775 E.94777
G1 X148.691 Y195.775 E.01733
G1 X168.775 Y175.691 E.97228
G1 X168.775 Y175.184 E.01733
G1 X148.184 Y195.775 E.99679
G1 X147.678 Y195.775 E.01733
G1 X168.775 Y174.678 E1.0213
G1 X168.775 Y174.172 E.01733
G1 X147.172 Y195.775 E1.04581
G1 X146.666 Y195.775 E.01733
G1 X168.775 Y173.666 E1.07031
G1 X168.775 Y173.159 E.01733
G1 X146.159 Y195.775 E1.09482
G1 X145.653 Y195.775 E.01733
G1 X168.775 Y172.653 E1.11933
G1 X168.775 Y172.147 E.01733
G1 X145.147 Y195.775 E1.14384
G1 X144.641 Y195.775 E.01733
G1 X168.775 Y171.641 E1.16834
G1 X168.775 Y171.134 E.01733
G1 X144.134 Y195.775 E1.19285
G1 X143.628 Y195.775 E.01733
G1 X168.775 Y170.628 E1.21736
G1 X168.775 Y170.122 E.01733
G1 X143.122 Y195.775 E1.24187
G1 X142.616 Y195.775 E.01733
G1 X168.775 Y169.616 E1.26638
G1 X168.775 Y169.109 E.01733
G1 X142.109 Y195.775 E1.29088
G3 X141.68 Y195.698 I-.028 J-1.074 E.01502
G1 X168.698 Y168.68 E1.30791
G2 X168.476 Y168.396 I-1.19 J.701 E.01238
G1 X141.396 Y195.476 E1.31092
G3 X141.241 Y195.125 I1.221 J-.752 E.01317
G1 X168.125 Y168.241 E1.30148
G2 X167.633 Y168.226 I-.327 J2.807 E.01687
G1 X141.225 Y194.635 E1.27841
G1 X141.225 Y194.128 E.01733
G1 X167.127 Y168.226 E1.25391
G1 X166.621 Y168.226 E.01733
G1 X141.225 Y193.622 E1.2294
G1 X141.225 Y193.116 E.01733
G1 X166.114 Y168.226 E1.20489
G1 X165.608 Y168.226 E.01733
G1 X141.225 Y192.61 E1.18039
G1 X141.225 Y192.103 E.01733
G1 X165.102 Y168.226 E1.15588
G1 X164.596 Y168.226 E.01733
G1 X141.225 Y191.597 E1.13137
G1 X141.225 Y191.091 E.01733
M73 P17 R25
G1 X164.089 Y168.226 E1.10687
G1 X163.583 Y168.226 E.01733
G1 X141.225 Y190.584 E1.08236
G1 X141.225 Y190.078 E.01733
G1 X163.077 Y168.226 E1.05785
G1 X162.571 Y168.226 E.01733
G1 X141.225 Y189.572 E1.03335
G1 X141.225 Y189.066 E.01733
G1 X162.064 Y168.226 E1.00884
G1 X161.558 Y168.226 E.01733
G1 X141.194 Y188.591 E.98584
G2 X141.108 Y188.17 I-1.236 J.032 E.01477
G1 X161.052 Y168.226 E.96547
G1 X160.546 Y168.226 E.01733
G1 X140.984 Y187.787 E.94696
G1 X140.823 Y187.442 E.01304
G1 X160.04 Y168.226 E.93025
G1 X159.533 Y168.226 E.01733
G1 X140.623 Y187.137 E.91545
G2 X140.401 Y186.852 I-.919 J.485 E.01241
G1 X159.027 Y168.226 E.90166
G1 X158.521 Y168.226 E.01733
G1 X140.148 Y186.598 E.88941
G2 X139.863 Y186.377 I-.77 J.697 E.01241
G1 X158.015 Y168.226 E.8787
G1 X157.508 Y168.226 E.01733
G1 X139.558 Y186.177 E.86898
G1 X139.213 Y186.016 E.01304
G1 X157.002 Y168.226 E.86119
G1 X156.496 Y168.226 E.01733
G1 X138.83 Y185.892 E.85519
G2 X138.409 Y185.806 I-.453 J1.15 E.01477
G1 X155.99 Y168.226 E.85106
G1 X155.483 Y168.226 E.01733
G1 X137.934 Y185.775 E.84956
G1 X137.428 Y185.775 E.01733
G1 X154.977 Y168.226 E.84956
G1 X154.471 Y168.226 E.01733
G1 X136.922 Y185.775 E.84956
G1 X136.415 Y185.775 E.01733
G1 X153.965 Y168.226 E.84956
G1 X153.458 Y168.226 E.01733
G1 X135.909 Y185.775 E.84956
G1 X135.403 Y185.775 E.01733
G1 X152.952 Y168.226 E.84956
G1 X152.446 Y168.226 E.01733
G1 X134.897 Y185.775 E.84956
G1 X134.39 Y185.775 E.01733
G1 X151.94 Y168.226 E.84956
G1 X151.434 Y168.226 E.01733
G1 X133.884 Y185.775 E.84956
G1 X133.378 Y185.775 E.01733
G1 X150.927 Y168.226 E.84956
G1 X150.421 Y168.226 E.01733
G1 X132.872 Y185.775 E.84957
G1 X132.365 Y185.775 E.01733
G1 X149.915 Y168.226 E.84957
G1 X149.409 Y168.226 E.01733
G1 X131.875 Y185.759 E.84881
G3 X131.524 Y185.604 I.403 J-1.379 E.01317
G1 X148.902 Y168.226 E.84127
G1 X148.396 Y168.226 E.01733
G1 X131.302 Y185.32 E.82751
G3 X131.225 Y184.891 I.997 J-.401 E.01503
G1 X147.89 Y168.226 E.80675
G1 X147.384 Y168.226 E.01733
G1 X131.225 Y184.384 E.78224
G1 X131.225 Y183.878 E.01733
G1 X146.877 Y168.226 E.75773
G1 X146.371 Y168.225 E.01733
G1 X131.225 Y183.372 E.73323
G1 X131.225 Y182.865 E.01733
G1 X145.865 Y168.225 E.70872
G1 X145.359 Y168.225 E.01733
G1 X131.225 Y182.359 E.68421
G1 X131.225 Y181.853 E.01733
G1 X144.852 Y168.225 E.65971
G1 X144.346 Y168.225 E.01733
G1 X131.225 Y181.347 E.6352
G1 X131.225 Y180.84 E.01733
M73 P18 R25
G1 X143.84 Y168.225 E.61069
G1 X143.334 Y168.225 E.01733
G1 X131.225 Y180.334 E.58619
G1 X131.225 Y179.828 E.01733
G1 X142.827 Y168.225 E.56168
G1 X142.321 Y168.225 E.01733
G1 X131.225 Y179.322 E.53717
G1 X131.225 Y178.815 E.01733
G1 X141.815 Y168.225 E.51267
G1 X141.309 Y168.225 E.01733
G1 X131.225 Y178.309 E.48816
G1 X131.225 Y177.803 E.01733
G1 X140.803 Y168.225 E.46365
G1 X140.296 Y168.225 E.01733
G1 X131.225 Y177.297 E.43915
G1 X131.225 Y176.79 E.01733
G1 X139.79 Y168.225 E.41464
G1 X139.284 Y168.225 E.01733
G1 X131.225 Y176.284 E.39013
G1 X131.225 Y175.778 E.01733
G1 X138.778 Y168.225 E.36563
G1 X138.271 Y168.225 E.01733
G1 X131.225 Y175.272 E.34112
G1 X131.225 Y174.765 E.01733
G1 X137.765 Y168.225 E.31661
G1 X137.259 Y168.225 E.01733
G1 X131.225 Y174.259 E.2921
G1 X131.225 Y173.753 E.01733
G1 X136.753 Y168.225 E.2676
G1 X136.246 Y168.225 E.01733
G1 X131.225 Y173.247 E.24309
G1 X131.225 Y172.74 E.01733
G1 X135.74 Y168.225 E.21858
G1 X135.234 Y168.225 E.01733
G1 X131.225 Y172.234 E.19408
G1 X131.225 Y171.728 E.01733
G1 X134.728 Y168.225 E.16957
G1 X134.221 Y168.225 E.01733
G1 X131.225 Y171.222 E.14506
G1 X131.225 Y170.715 E.01733
G1 X133.715 Y168.225 E.12056
G1 X133.209 Y168.225 E.01733
G1 X131.225 Y170.209 E.09605
G1 X131.225 Y169.703 E.01733
G1 X132.703 Y168.225 E.07154
G1 X132.197 Y168.225 E.01733
G1 X131.225 Y169.197 E.04704
G3 X131.408 Y168.507 I.943 J-.119 E.02505
G1 X131.831 Y168.084 E.02044
; stop printing object flowrate_15 id:0 copy 0
; printing object flowrate_20 id:0 copy 0
SET_VELOCITY_LIMIT ACCEL=10000 ACCEL_TO_DECEL=5000
G1 E-.5 F900
G1 Z.4 F30000
G1 X126.518 Y168.103 Z.4
G1 Z.2
G1 E.5 F900
SET_VELOCITY_LIMIT ACCEL=500 ACCEL_TO_DECEL=250
;TYPE:Inner wall
;WIDTH:0.4
G1 F3000
G3 X127.043 Y169.042 I-.534 J.915 E.0402
G1 X127.043 Y184.958 E.56709
G3 X125.958 Y186.043 I-1.062 J.023 E.06107
G1 X119.958 Y186.043 E.21378
G2 X117.043 Y188.958 I.062 J2.977 E.16225
G1 X117.043 Y194.958 E.21378
G3 X115.958 Y196.043 I-1.062 J.023 E.06107
G1 X100.042 Y196.043 E.56709
G3 X98.957 Y194.958 I-.023 J-1.062 E.06107
G1 X98.957 Y188.958 E.21378
G2 X96.042 Y186.043 I-2.977 J.062 E.16225
G1 X90.042 Y186.043 E.21378
G3 X88.957 Y184.958 I-.023 J-1.062 E.06107
G1 X88.957 Y169.042 E.5671
G3 X90.042 Y167.957 I1.062 J-.023 E.06107
G1 X125.976 Y167.959 E1.2803
G3 X126.483 Y168.083 I.008 J1.059 E.01881
SET_VELOCITY_LIMIT ACCEL=10000 ACCEL_TO_DECEL=5000
G1 X126.696 Y167.794 F30000
SET_VELOCITY_LIMIT ACCEL=500 ACCEL_TO_DECEL=250
G1 F3000
G3 X127.4 Y169.026 I-.712 J1.224 E.05296
G1 X127.4 Y184.974 E.5682
G3 X125.974 Y186.4 I-1.418 J.008 E.07994
G1 X119.974 Y186.4 E.21378
G2 X117.4 Y188.974 I.046 J2.619 E.14337
G1 X117.4 Y194.974 E.21378
G3 X115.974 Y196.4 I-1.418 J.008 E.07994
G1 X100.026 Y196.4 E.56821
G3 X98.6 Y194.974 I-.008 J-1.418 E.07994
G1 X98.6 Y188.974 E.21378
G2 X96.026 Y186.4 I-2.619 J.046 E.14337
G1 X90.026 Y186.4 E.21378
G3 X88.6 Y184.974 I-.008 J-1.418 E.07994
G1 X88.6 Y169.026 E.56821
G3 X90.026 Y167.6 I1.418 J-.008 E.07994
G1 X125.991 Y167.602 E1.28141
G3 X126.662 Y167.774 I-.007 J1.416 E.02492
SET_VELOCITY_LIMIT ACCEL=10000 ACCEL_TO_DECEL=5000
G1 X126.896 Y167.447 F30000
SET_VELOCITY_LIMIT ACCEL=500 ACCEL_TO_DECEL=250
;TYPE:Outer wall
G1 F3000
G3 X127.8 Y169.009 I-.913 J1.57 E.06727
G1 X127.8 Y184.991 E.56945
G3 X125.991 Y186.8 I-1.818 J-.01 E.10108
G1 X119.991 Y186.8 E.21378
G2 X117.8 Y188.991 I.028 J2.219 E.12223
G1 X117.8 Y194.991 E.21378
G3 X115.991 Y196.8 I-1.818 J-.01 E.10108
G1 X100.009 Y196.8 E.56945
G3 X98.2 Y194.991 I.01 J-1.818 E.10108
G1 X98.2 Y188.991 E.21378
G2 X96.009 Y186.8 I-2.219 J.028 E.12223
G1 X90.009 Y186.8 E.21378
G3 X88.2 Y184.991 I.01 J-1.818 E.10108
G1 X88.2 Y169.009 E.56945
G3 X90.009 Y167.2 I1.818 J.01 E.10108
G1 X126.009 Y167.202 E1.28266
G3 X126.862 Y167.428 I-.025 J1.816 E.03176
SET_VELOCITY_LIMIT ACCEL=10000 ACCEL_TO_DECEL=5000
G1 E-.5 F900
G1 Z.4 F30000
G1 X126.916 Y185.169 Z.4
G1 Z.2
G1 E.5 F900
SET_VELOCITY_LIMIT ACCEL=500 ACCEL_TO_DECEL=250
;TYPE:Bottom surface
;WIDTH:0.400898
G1 F6300
G1 X126.493 Y185.592 E.02135
G3 X125.803 Y185.775 I-.571 J-.759 E.02613
G1 X126.775 Y184.803 E.04909
G1 X126.775 Y184.297 E.01808
G1 X125.297 Y185.775 E.07466
G1 X124.791 Y185.775 E.01808
G1 X126.775 Y183.791 E.10024
G1 X126.775 Y183.285 E.01808
G1 X124.285 Y185.775 E.12581
G1 X123.778 Y185.775 E.01808
G1 X126.775 Y182.778 E.15138
G1 X126.775 Y182.272 E.01808
G1 X123.272 Y185.775 E.17696
G1 X122.766 Y185.775 E.01808
G1 X126.775 Y181.766 E.20253
G1 X126.775 Y181.26 E.01808
G1 X122.26 Y185.775 E.2281
G1 X121.753 Y185.775 E.01808
G1 X126.775 Y180.753 E.25368
G1 X126.775 Y180.247 E.01808
G1 X121.247 Y185.775 E.27925
G1 X120.741 Y185.775 E.01808
M73 P19 R25
G1 X126.775 Y179.741 E.30482
G1 X126.775 Y179.235 E.01808
G1 X120.235 Y185.775 E.3304
G2 X119.707 Y185.796 I-.144 J3.024 E.01887
G1 X126.775 Y178.728 E.35703
G1 X126.775 Y178.222 E.01808
G1 X118.819 Y186.178 E.4019
SET_VELOCITY_LIMIT ACCEL=10000 ACCEL_TO_DECEL=5000
G1 E-.5 F900
G1 Z.4 F30000
G1 X116.916 Y195.169 Z.4
G1 Z.2
G1 E.5 F900
SET_VELOCITY_LIMIT ACCEL=500 ACCEL_TO_DECEL=250
G1 F6300
G1 X116.493 Y195.592 E.02135
G3 X115.803 Y195.775 I-.571 J-.759 E.02613
G1 X116.775 Y194.803 E.04909
G1 X116.775 Y194.297 E.01808
G1 X115.297 Y195.775 E.07466
G1 X114.791 Y195.775 E.01808
G1 X116.775 Y193.791 E.10024
G1 X116.775 Y193.285 E.01808
G1 X114.285 Y195.775 E.12581
G1 X113.778 Y195.775 E.01808
G1 X116.775 Y192.778 E.15138
G1 X116.775 Y192.272 E.01808
G1 X113.272 Y195.775 E.17696
G1 X112.766 Y195.775 E.01808
G1 X116.775 Y191.766 E.20253
G1 X116.775 Y191.26 E.01808
G1 X112.26 Y195.775 E.2281
G1 X111.753 Y195.775 E.01808
G1 X116.775 Y190.753 E.25368
G1 X116.775 Y190.247 E.01808
G1 X111.247 Y195.775 E.27925
G1 X110.741 Y195.775 E.01808
G1 X116.775 Y189.741 E.30482
G1 X116.775 Y189.235 E.01808
G1 X110.235 Y195.775 E.3304
G1 X109.728 Y195.775 E.01808
G1 X116.796 Y188.707 E.35703
G3 X116.915 Y188.082 I1.833 J.025 E.02286
G1 X109.222 Y195.775 E.38862
G1 X108.716 Y195.775 E.01808
G1 X126.775 Y177.716 E.91226
G1 X126.775 Y177.209 E.01808
M73 P19 R24
G1 X108.209 Y195.775 E.93784
G1 X107.703 Y195.775 E.01808
G1 X126.775 Y176.703 E.96341
G1 X126.775 Y176.197 E.01808
G1 X107.197 Y195.775 E.98898
G1 X106.691 Y195.775 E.01808
G1 X126.775 Y175.691 E1.01456
G1 X126.775 Y175.184 E.01808
G1 X106.184 Y195.775 E1.04013
G1 X105.678 Y195.775 E.01808
G1 X126.775 Y174.678 E1.0657
G1 X126.775 Y174.172 E.01808
G1 X105.172 Y195.775 E1.09128
G1 X104.666 Y195.775 E.01808
G1 X126.775 Y173.666 E1.11685
G1 X126.775 Y173.159 E.01808
G1 X104.159 Y195.775 E1.14242
G1 X103.653 Y195.775 E.01808
G1 X126.775 Y172.653 E1.168
G1 X126.775 Y172.147 E.01808
G1 X103.147 Y195.775 E1.19357
G1 X102.641 Y195.775 E.01808
G1 X126.775 Y171.641 E1.21914
G1 X126.775 Y171.134 E.01808
G1 X102.134 Y195.775 E1.24472
G1 X101.628 Y195.775 E.01808
G1 X126.775 Y170.628 E1.27029
G1 X126.775 Y170.122 E.01808
G1 X101.122 Y195.775 E1.29586
G1 X100.616 Y195.775 E.01808
G1 X126.775 Y169.616 E1.32144
G1 X126.775 Y169.109 E.01808
G1 X100.109 Y195.775 E1.34701
G3 X99.68 Y195.698 I-.028 J-1.074 E.01568
G1 X126.698 Y168.68 E1.36477
G2 X126.476 Y168.396 I-1.19 J.701 E.01292
G1 X99.396 Y195.476 E1.36791
G3 X99.241 Y195.125 I1.221 J-.752 E.01374
G1 X126.125 Y168.241 E1.35807
G2 X125.633 Y168.226 I-.327 J2.807 E.01761
G1 X99.225 Y194.635 E1.334
G1 X99.225 Y194.128 E.01808
G1 X125.127 Y168.226 E1.30842
G1 X124.621 Y168.226 E.01808
G1 X99.225 Y193.622 E1.28285
G1 X99.225 Y193.116 E.01808
G1 X124.114 Y168.226 E1.25728
G1 X123.608 Y168.226 E.01808
G1 X99.225 Y192.61 E1.23171
G1 X99.225 Y192.103 E.01808
G1 X123.102 Y168.226 E1.20614
G1 X122.596 Y168.226 E.01808
M73 P20 R24
G1 X99.225 Y191.597 E1.18056
G1 X99.225 Y191.091 E.01808
G1 X122.089 Y168.226 E1.15499
G1 X121.583 Y168.226 E.01808
G1 X99.225 Y190.584 E1.12942
G1 X99.225 Y190.078 E.01808
G1 X121.077 Y168.226 E1.10385
G1 X120.571 Y168.226 E.01808
G1 X99.225 Y189.572 E1.07827
G1 X99.225 Y189.066 E.01808
G1 X120.064 Y168.226 E1.0527
G1 X119.558 Y168.226 E.01808
G1 X99.194 Y188.591 E1.0287
G2 X99.108 Y188.17 I-1.236 J.032 E.01542
G1 X119.052 Y168.226 E1.00745
G1 X118.546 Y168.226 E.01808
G1 X98.984 Y187.787 E.98813
G1 X98.823 Y187.442 E.01361
G1 X118.04 Y168.226 E.97069
G1 X117.533 Y168.226 E.01808
G1 X98.623 Y187.137 E.95526
G2 X98.401 Y186.852 I-.919 J.485 E.01295
G1 X117.027 Y168.226 E.94086
G1 X116.521 Y168.226 E.01808
G1 X98.148 Y186.598 E.92808
G2 X97.863 Y186.377 I-.77 J.697 E.01295
G1 X116.015 Y168.226 E.9169
G1 X115.508 Y168.226 E.01808
G1 X97.558 Y186.177 E.90677
G1 X97.213 Y186.016 E.01361
G1 X115.002 Y168.226 E.89863
G1 X114.496 Y168.226 E.01808
G1 X96.83 Y185.892 E.89238
G2 X96.409 Y185.806 I-.453 J1.15 E.01542
G1 X113.99 Y168.226 E.88806
G1 X113.483 Y168.226 E.01808
G1 X95.934 Y185.775 E.88649
G1 X95.428 Y185.775 E.01808
G1 X112.977 Y168.226 E.88649
G1 X112.471 Y168.226 E.01808
G1 X94.922 Y185.775 E.88649
G1 X94.415 Y185.775 E.01808
G1 X111.965 Y168.226 E.8865
G1 X111.458 Y168.226 E.01808
G1 X93.909 Y185.775 E.8865
G1 X93.403 Y185.775 E.01808
G1 X110.952 Y168.226 E.8865
G1 X110.446 Y168.226 E.01808
G1 X92.897 Y185.775 E.8865
G1 X92.39 Y185.775 E.01808
G1 X109.94 Y168.226 E.8865
G1 X109.434 Y168.226 E.01808
G1 X91.884 Y185.775 E.8865
G1 X91.378 Y185.775 E.01808
G1 X108.927 Y168.226 E.8865
G1 X108.421 Y168.226 E.01808
G1 X90.872 Y185.775 E.8865
G1 X90.365 Y185.775 E.01808
G1 X107.915 Y168.226 E.8865
G1 X107.409 Y168.226 E.01808
G1 X89.875 Y185.759 E.88572
G3 X89.524 Y185.604 I.403 J-1.379 E.01374
G1 X106.902 Y168.226 E.87785
G1 X106.396 Y168.226 E.01808
G1 X89.302 Y185.32 E.86349
G3 X89.225 Y184.891 I.997 J-.401 E.01568
G1 X105.89 Y168.226 E.84182
G1 X105.384 Y168.226 E.01808
G1 X89.225 Y184.384 E.81625
G1 X89.225 Y183.878 E.01808
G1 X104.877 Y168.226 E.79068
G1 X104.371 Y168.225 E.01808
G1 X89.225 Y183.372 E.76511
G1 X89.225 Y182.865 E.01808
G1 X103.865 Y168.225 E.73953
G1 X103.359 Y168.225 E.01808
G1 X89.225 Y182.359 E.71396
G1 X89.225 Y181.853 E.01808
G1 X102.852 Y168.225 E.68839
G1 X102.346 Y168.225 E.01808
M73 P21 R24
G1 X89.225 Y181.347 E.66282
G1 X89.225 Y180.84 E.01808
G1 X101.84 Y168.225 E.63724
G1 X101.334 Y168.225 E.01808
G1 X89.225 Y180.334 E.61167
G1 X89.225 Y179.828 E.01808
G1 X100.827 Y168.225 E.5861
G1 X100.321 Y168.225 E.01808
G1 X89.225 Y179.322 E.56053
G1 X89.225 Y178.815 E.01808
G1 X99.815 Y168.225 E.53496
G1 X99.309 Y168.225 E.01808
G1 X89.225 Y178.309 E.50938
G1 X89.225 Y177.803 E.01808
G1 X98.803 Y168.225 E.48381
G1 X98.296 Y168.225 E.01808
G1 X89.225 Y177.297 E.45824
G1 X89.225 Y176.79 E.01808
G1 X97.79 Y168.225 E.43267
G1 X97.284 Y168.225 E.01808
G1 X89.225 Y176.284 E.40709
G1 X89.225 Y175.778 E.01808
G1 X96.778 Y168.225 E.38152
G1 X96.271 Y168.225 E.01808
G1 X89.225 Y175.272 E.35595
G1 X89.225 Y174.765 E.01808
G1 X95.765 Y168.225 E.33038
G1 X95.259 Y168.225 E.01808
G1 X89.225 Y174.259 E.30481
G1 X89.225 Y173.753 E.01808
G1 X94.753 Y168.225 E.27923
G1 X94.246 Y168.225 E.01808
G1 X89.225 Y173.247 E.25366
G1 X89.225 Y172.74 E.01808
G1 X93.74 Y168.225 E.22809
G1 X93.234 Y168.225 E.01808
G1 X89.225 Y172.234 E.20252
G1 X89.225 Y171.728 E.01808
G1 X92.728 Y168.225 E.17694
G1 X92.221 Y168.225 E.01808
G1 X89.225 Y171.222 E.15137
G1 X89.225 Y170.715 E.01808
G1 X91.715 Y168.225 E.1258
G1 X91.209 Y168.225 E.01808
G1 X89.225 Y170.209 E.10023
G1 X89.225 Y169.703 E.01808
G1 X90.703 Y168.225 E.07465
G1 X90.197 Y168.225 E.01808
G1 X89.225 Y169.197 E.04908
G3 X89.408 Y168.507 I.943 J-.119 E.02614
G1 X89.831 Y168.084 E.02133
; stop printing object flowrate_20 id:0 copy 0
; printing object flowrate_5 id:0 copy 0
SET_VELOCITY_LIMIT ACCEL=10000 ACCEL_TO_DECEL=5000
G1 E-.5 F900
G1 Z.4 F30000
G1 X126.518 Y136.103 Z.4
G1 Z.2
G1 E.5 F900
SET_VELOCITY_LIMIT ACCEL=500 ACCEL_TO_DECEL=250
;TYPE:Inner wall
;WIDTH:0.4
G1 F3000
G3 X127.043 Y137.042 I-.534 J.915 E.03517
G1 X127.043 Y152.958 E.49621
G3 X125.958 Y154.043 I-1.062 J.023 E.05344
G1 X119.958 Y154.043 E.18705
G2 X117.043 Y156.958 I.062 J2.977 E.14197
G1 X117.043 Y162.958 E.18705
G3 X115.958 Y164.043 I-1.062 J.023 E.05344
G1 X100.042 Y164.043 E.49621
G3 X98.957 Y162.958 I-.023 J-1.062 E.05344
G1 X98.957 Y156.958 E.18705
G2 X96.042 Y154.043 I-2.977 J.062 E.14197
G1 X90.042 Y154.043 E.18705
G3 X88.957 Y152.958 I-.023 J-1.062 E.05344
G1 X88.957 Y137.042 E.49621
G3 X90.042 Y135.957 I1.062 J-.023 E.05344
G1 X125.976 Y135.959 E1.12027
G3 X126.483 Y136.083 I.008 J1.059 E.01646
SET_VELOCITY_LIMIT ACCEL=10000 ACCEL_TO_DECEL=5000
G1 X126.696 Y135.794 F30000
SET_VELOCITY_LIMIT ACCEL=500 ACCEL_TO_DECEL=250
G1 F3000
G3 X127.4 Y137.026 I-.712 J1.224 E.04634
G1 X127.4 Y152.974 E.49718
G3 X125.974 Y154.4 I-1.418 J.008 E.06995
G1 X119.974 Y154.4 E.18705
G2 X117.4 Y156.974 I.046 J2.619 E.12545
G1 X117.4 Y162.974 E.18705
G3 X115.974 Y164.4 I-1.418 J.008 E.06995
G1 X100.026 Y164.4 E.49718
G3 X98.6 Y162.974 I-.012 J-1.414 E.07
G1 X98.6 Y156.974 E.18705
G2 X96.026 Y154.4 I-2.619 J.046 E.12545
G1 X90.026 Y154.4 E.18705
G3 X88.6 Y152.974 I-.008 J-1.418 E.06995
G1 X88.6 Y137.026 E.49718
G3 X90.026 Y135.6 I1.418 J-.008 E.06995
G1 X125.991 Y135.602 E1.12124
G3 X126.662 Y135.774 I-.007 J1.416 E.02181
SET_VELOCITY_LIMIT ACCEL=10000 ACCEL_TO_DECEL=5000
G1 X126.896 Y135.447 F30000
SET_VELOCITY_LIMIT ACCEL=500 ACCEL_TO_DECEL=250
;TYPE:Outer wall
G1 F3000
G3 X127.8 Y137.009 I-.913 J1.57 E.05886
G1 X127.8 Y152.991 E.49827
G3 X125.991 Y154.8 I-1.818 J-.01 E.08845
G1 X119.991 Y154.8 E.18705
G2 X117.8 Y156.991 I.028 J2.219 E.10695
G1 X117.8 Y162.991 E.18705
G3 X115.991 Y164.8 I-1.818 J-.01 E.08845
G1 X100.009 Y164.8 E.49827
G3 X98.2 Y162.991 I.007 J-1.816 E.08848
G1 X98.2 Y156.991 E.18705
G2 X96.009 Y154.8 I-2.219 J.028 E.10695
G1 X90.009 Y154.8 E.18705
G3 X88.2 Y152.991 I.01 J-1.818 E.08845
G1 X88.2 Y137.009 E.49827
G3 X90.009 Y135.2 I1.818 J.01 E.08845
G1 X126.009 Y135.202 E1.12233
G3 X126.862 Y135.428 I-.025 J1.816 E.02779
SET_VELOCITY_LIMIT ACCEL=10000 ACCEL_TO_DECEL=5000
G1 E-.5 F900
G1 Z.4 F30000
G1 X126.916 Y153.169 Z.4
G1 Z.2
G1 E.5 F900
SET_VELOCITY_LIMIT ACCEL=500 ACCEL_TO_DECEL=250
;TYPE:Bottom surface
;WIDTH:0.400898
G1 F6300
G1 X126.493 Y153.592 E.01869
G3 X125.803 Y153.775 I-.571 J-.759 E.02286
G1 X126.775 Y152.803 E.04295
G1 X126.775 Y152.297 E.01582
G1 X125.297 Y153.775 E.06533
G1 X124.791 Y153.775 E.01582
G1 X126.775 Y151.791 E.08771
G1 X126.775 Y151.285 E.01582
G1 X124.285 Y153.775 E.11008
G1 X123.778 Y153.775 E.01582
G1 X126.775 Y150.778 E.13246
G1 X126.775 Y150.272 E.01582
G1 X123.272 Y153.775 E.15484
G1 X122.766 Y153.775 E.01582
G1 X126.775 Y149.766 E.17721
M73 P22 R24
G1 X126.775 Y149.26 E.01582
G1 X122.26 Y153.775 E.19959
G1 X121.753 Y153.775 E.01582
G1 X126.775 Y148.753 E.22197
G1 X126.775 Y148.247 E.01582
G1 X121.247 Y153.775 E.24434
G1 X120.741 Y153.775 E.01582
G1 X126.775 Y147.741 E.26672
G1 X126.775 Y147.235 E.01582
G1 X120.235 Y153.775 E.2891
G2 X119.707 Y153.796 I-.144 J3.024 E.01651
G1 X126.775 Y146.728 E.3124
G1 X126.775 Y146.222 E.01582
G1 X118.819 Y154.178 E.35166
SET_VELOCITY_LIMIT ACCEL=10000 ACCEL_TO_DECEL=5000
G1 E-.5 F900
G1 Z.4 F30000
G1 X116.916 Y163.169 Z.4
G1 Z.2
G1 E.5 F900
SET_VELOCITY_LIMIT ACCEL=500 ACCEL_TO_DECEL=250
G1 F6300
G1 X116.493 Y163.592 E.01869
G3 X115.803 Y163.775 I-.571 J-.759 E.02286
G1 X116.775 Y162.803 E.04295
G1 X116.775 Y162.297 E.01582
G1 X115.297 Y163.775 E.06533
G1 X114.791 Y163.775 E.01582
G1 X116.775 Y161.791 E.08771
G1 X116.775 Y161.285 E.01582
G1 X114.285 Y163.775 E.11008
G1 X113.778 Y163.775 E.01582
G1 X116.775 Y160.778 E.13246
G1 X116.775 Y160.272 E.01582
G1 X113.272 Y163.775 E.15484
G1 X112.766 Y163.775 E.01582
G1 X116.775 Y159.766 E.17721
G1 X116.775 Y159.26 E.01582
G1 X112.26 Y163.775 E.19959
G1 X111.753 Y163.775 E.01582
G1 X116.775 Y158.753 E.22197
G1 X116.775 Y158.247 E.01582
G1 X111.247 Y163.775 E.24434
G1 X110.741 Y163.775 E.01582
G1 X116.775 Y157.741 E.26672
G1 X116.775 Y157.235 E.01582
G1 X110.234 Y163.775 E.2891
G1 X109.728 Y163.775 E.01582
G1 X116.796 Y156.707 E.3124
G3 X116.915 Y156.082 I1.833 J.025 E.02
G1 X109.222 Y163.775 E.34004
G1 X108.716 Y163.775 E.01582
G1 X126.775 Y145.716 E.79823
G1 X126.775 Y145.209 E.01582
G1 X108.209 Y163.775 E.82061
G1 X107.703 Y163.775 E.01582
G1 X126.775 Y144.703 E.84298
G1 X126.775 Y144.197 E.01582
G1 X107.197 Y163.775 E.86536
G1 X106.691 Y163.775 E.01582
G1 X126.775 Y143.691 E.88774
G1 X126.775 Y143.184 E.01582
G1 X106.184 Y163.775 E.91011
G1 X105.678 Y163.775 E.01582
G1 X126.775 Y142.678 E.93249
G1 X126.775 Y142.172 E.01582
G1 X105.172 Y163.775 E.95487
G1 X104.666 Y163.775 E.01582
M73 P22 R23
G1 X126.775 Y141.666 E.97724
G1 X126.775 Y141.159 E.01582
G1 X104.159 Y163.775 E.99962
G1 X103.653 Y163.775 E.01582
G1 X126.775 Y140.653 E1.022
G1 X126.775 Y140.147 E.01582
G1 X103.147 Y163.775 E1.04437
G1 X102.641 Y163.775 E.01582
G1 X126.775 Y139.641 E1.06675
G1 X126.775 Y139.134 E.01582
G1 X102.134 Y163.775 E1.08913
G1 X101.628 Y163.775 E.01582
G1 X126.775 Y138.628 E1.1115
G1 X126.775 Y138.122 E.01582
G1 X101.122 Y163.775 E1.13388
G1 X100.616 Y163.775 E.01582
G1 X126.775 Y137.616 E1.15626
G1 X126.775 Y137.109 E.01582
G1 X100.109 Y163.775 E1.17863
G3 X99.68 Y163.698 I-.028 J-1.074 E.01372
G1 X126.698 Y136.68 E1.19418
G2 X126.476 Y136.396 I-1.19 J.701 E.0113
G1 X99.396 Y163.476 E1.19692
G3 X99.241 Y163.125 I1.221 J-.752 E.01203
G1 X126.125 Y136.241 E1.18831
G2 X125.633 Y136.226 I-.327 J2.807 E.01541
G1 X99.225 Y162.635 E1.16725
G1 X99.225 Y162.128 E.01582
G1 X125.127 Y136.226 E1.14487
G1 X124.621 Y136.226 E.01582
G1 X99.225 Y161.622 E1.1225
G1 X99.225 Y161.116 E.01582
G1 X124.114 Y136.226 E1.10012
G1 X123.608 Y136.226 E.01582
M73 P23 R23
G1 X99.225 Y160.61 E1.07774
G1 X99.225 Y160.103 E.01582
G1 X123.102 Y136.226 E1.05537
G1 X122.596 Y136.226 E.01582
G1 X99.225 Y159.597 E1.03299
G1 X99.225 Y159.091 E.01582
G1 X122.089 Y136.226 E1.01062
G1 X121.583 Y136.226 E.01582
G1 X99.225 Y158.584 E.98824
G1 X99.225 Y158.078 E.01582
G1 X121.077 Y136.226 E.96587
G1 X120.571 Y136.226 E.01582
G1 X99.225 Y157.572 E.94349
G1 X99.225 Y157.066 E.01582
G1 X120.064 Y136.226 E.92111
G1 X119.558 Y136.226 E.01582
G1 X99.194 Y156.591 E.90011
G2 X99.108 Y156.17 I-1.236 J.032 E.01349
G1 X119.052 Y136.226 E.88151
G1 X118.546 Y136.226 E.01582
G1 X98.984 Y155.787 E.86461
G1 X98.823 Y155.442 E.01191
G1 X118.04 Y136.226 E.84936
G1 X117.533 Y136.226 E.01582
G1 X98.623 Y155.137 E.83585
G2 X98.401 Y154.852 I-.919 J.485 E.01133
G1 X117.027 Y136.226 E.82325
G1 X116.521 Y136.226 E.01582
G1 X98.148 Y154.598 E.81207
G2 X97.863 Y154.377 I-.77 J.697 E.01133
G1 X116.015 Y136.226 E.80229
G1 X115.508 Y136.226 E.01582
G1 X97.558 Y154.177 E.79342
G1 X97.213 Y154.016 E.01191
G1 X115.002 Y136.226 E.7863
G1 X114.496 Y136.226 E.01582
G1 X96.83 Y153.892 E.78083
G2 X96.409 Y153.806 I-.453 J1.151 E.01349
G1 X113.99 Y136.226 E.77706
G1 X113.483 Y136.226 E.01582
G1 X95.934 Y153.775 E.77568
G1 X95.428 Y153.775 E.01582
G1 X112.977 Y136.226 E.77568
G1 X112.471 Y136.226 E.01582
G1 X94.922 Y153.775 E.77568
G1 X94.415 Y153.775 E.01582
G1 X111.965 Y136.226 E.77568
G1 X111.458 Y136.226 E.01582
G1 X93.909 Y153.775 E.77568
G1 X93.403 Y153.775 E.01582
G1 X110.952 Y136.226 E.77569
G1 X110.446 Y136.226 E.01582
G1 X92.897 Y153.775 E.77569
G1 X92.39 Y153.775 E.01582
G1 X109.94 Y136.226 E.77569
G1 X109.434 Y136.226 E.01582
G1 X91.884 Y153.775 E.77569
G1 X91.378 Y153.775 E.01582
G1 X108.927 Y136.226 E.77569
G1 X108.421 Y136.226 E.01582
G1 X90.872 Y153.775 E.77569
G1 X90.365 Y153.775 E.01582
G1 X107.915 Y136.226 E.77569
G1 X107.409 Y136.226 E.01582
G1 X89.875 Y153.759 E.775
G3 X89.524 Y153.604 I.402 J-1.378 E.01202
G1 X106.902 Y136.226 E.76812
G1 X106.396 Y136.226 E.01582
G1 X89.302 Y153.32 E.75556
G3 X89.225 Y152.891 I.997 J-.401 E.01372
G1 X105.89 Y136.226 E.7366
G1 X105.384 Y136.226 E.01582
G1 X89.225 Y152.384 E.71422
G1 X89.225 Y151.878 E.01582
G1 X104.877 Y136.226 E.69184
G1 X104.371 Y136.225 E.01582
G1 X89.225 Y151.372 E.66947
G1 X89.225 Y150.865 E.01582
G1 X103.865 Y136.225 E.64709
G1 X103.359 Y136.225 E.01582
M73 P24 R23
G1 X89.225 Y150.359 E.62472
G1 X89.225 Y149.853 E.01582
G1 X102.852 Y136.225 E.60234
G1 X102.346 Y136.225 E.01582
G1 X89.225 Y149.347 E.57996
G1 X89.225 Y148.84 E.01582
G1 X101.84 Y136.225 E.55759
G1 X101.334 Y136.225 E.01582
G1 X89.225 Y148.334 E.53521
G1 X89.225 Y147.828 E.01582
G1 X100.827 Y136.225 E.51284
G1 X100.321 Y136.225 E.01582
G1 X89.225 Y147.322 E.49046
G1 X89.225 Y146.815 E.01582
G1 X99.815 Y136.225 E.46809
G1 X99.309 Y136.225 E.01582
G1 X89.225 Y146.309 E.44571
G1 X89.225 Y145.803 E.01582
G1 X98.803 Y136.225 E.42333
G1 X98.296 Y136.225 E.01582
G1 X89.225 Y145.297 E.40096
G1 X89.225 Y144.79 E.01582
G1 X97.79 Y136.225 E.37858
G1 X97.284 Y136.225 E.01582
G1 X89.225 Y144.284 E.35621
G1 X89.225 Y143.778 E.01582
G1 X96.778 Y136.225 E.33383
G1 X96.271 Y136.225 E.01582
G1 X89.225 Y143.272 E.31146
G1 X89.225 Y142.765 E.01582
G1 X95.765 Y136.225 E.28908
G1 X95.259 Y136.225 E.01582
G1 X89.225 Y142.259 E.2667
G1 X89.225 Y141.753 E.01582
G1 X94.753 Y136.225 E.24433
G1 X94.246 Y136.225 E.01582
G1 X89.225 Y141.247 E.22195
G1 X89.225 Y140.74 E.01582
G1 X93.74 Y136.225 E.19958
G1 X93.234 Y136.225 E.01582
G1 X89.225 Y140.234 E.1772
G1 X89.225 Y139.728 E.01582
G1 X92.728 Y136.225 E.15483
G1 X92.221 Y136.225 E.01582
G1 X89.225 Y139.222 E.13245
G1 X89.225 Y138.715 E.01582
G1 X91.715 Y136.225 E.11007
G1 X91.209 Y136.225 E.01582
G1 X89.225 Y138.209 E.0877
G1 X89.225 Y137.703 E.01582
G1 X90.703 Y136.225 E.06532
G1 X90.197 Y136.225 E.01582
G1 X89.225 Y137.197 E.04295
G3 X89.408 Y136.507 I.943 J-.119 E.02287
G1 X89.831 Y136.084 E.01867
; stop printing object flowrate_5 id:0 copy 0
; printing object flowrate_m20 id:279172874362 copy 0
SET_VELOCITY_LIMIT ACCEL=10000 ACCEL_TO_DECEL=5000
G1 E-.5 F900
G1 Z.4 F30000
G1 X126.518 Y104.103 Z.4
G1 Z.2
G1 E.5 F900
SET_VELOCITY_LIMIT ACCEL=500 ACCEL_TO_DECEL=250
;TYPE:Inner wall
;WIDTH:0.4
G1 F3000
G3 X127.043 Y105.042 I-.534 J.915 E.0268
G1 X127.043 Y120.958 E.37806
G3 X125.958 Y122.043 I-1.062 J.023 E.04072
G1 X119.958 Y122.043 E.14252
G2 X117.043 Y124.958 I.062 J2.977 E.10817
G1 X117.043 Y130.958 E.14252
G3 X115.958 Y132.043 I-1.062 J.023 E.04072
G1 X100.042 Y132.043 E.37806
G3 X98.957 Y130.958 I-.023 J-1.062 E.04071
G1 X98.957 Y124.958 E.14252
G2 X96.042 Y122.043 I-2.977 J.062 E.10817
G1 X90.042 Y122.043 E.14252
G3 X88.957 Y120.958 I-.023 J-1.062 E.04071
G1 X88.957 Y105.042 E.37806
G3 X90.042 Y103.957 I1.062 J-.023 E.04071
G1 X125.976 Y103.959 E.85354
G3 X126.483 Y104.083 I.008 J1.059 E.01254
SET_VELOCITY_LIMIT ACCEL=10000 ACCEL_TO_DECEL=5000
G1 X126.696 Y103.794 F30000
SET_VELOCITY_LIMIT ACCEL=500 ACCEL_TO_DECEL=250
G1 F3000
G3 X127.4 Y105.026 I-.712 J1.224 E.03531
G1 X127.4 Y120.974 E.3788
G3 X125.974 Y122.4 I-1.418 J.008 E.05329
G1 X119.974 Y122.4 E.14252
G2 X117.4 Y124.974 I.046 J2.619 E.09558
G1 X117.4 Y130.974 E.14252
G3 X115.974 Y132.4 I-1.418 J.008 E.05329
G1 X100.026 Y132.4 E.3788
G3 X98.6 Y130.974 I-.008 J-1.418 E.05329
G1 X98.6 Y124.974 E.14252
G2 X96.026 Y122.4 I-2.619 J.046 E.09558
G1 X90.026 Y122.4 E.14252
G3 X88.6 Y120.974 I-.008 J-1.418 E.05329
G1 X88.6 Y105.026 E.3788
G3 X90.026 Y103.6 I1.418 J-.008 E.05329
G1 X125.991 Y103.602 E.85428
G3 X126.662 Y103.774 I-.007 J1.416 E.01661
SET_VELOCITY_LIMIT ACCEL=10000 ACCEL_TO_DECEL=5000
G1 X126.896 Y103.447 F30000
SET_VELOCITY_LIMIT ACCEL=500 ACCEL_TO_DECEL=250
;TYPE:Outer wall
G1 F3000
G3 X127.8 Y105.009 I-.913 J1.57 E.04484
G1 X127.8 Y120.991 E.37963
G3 X125.991 Y122.8 I-1.818 J-.01 E.06739
G1 X119.991 Y122.8 E.14252
G2 X117.8 Y124.991 I.028 J2.219 E.08148
G1 X117.8 Y130.991 E.14252
G3 X115.991 Y132.8 I-1.818 J-.01 E.06739
G1 X100.009 Y132.8 E.37963
G3 X98.2 Y130.991 I.01 J-1.818 E.06739
G1 X98.2 Y124.991 E.14252
G2 X96.009 Y122.8 I-2.219 J.028 E.08148
G1 X90.009 Y122.8 E.14252
G3 X88.2 Y120.991 I.01 J-1.818 E.06739
G1 X88.2 Y105.009 E.37963
G3 X90.009 Y103.2 I1.818 J.01 E.06739
G1 X126.009 Y103.202 E.85511
G3 X126.862 Y103.428 I-.025 J1.816 E.02117
SET_VELOCITY_LIMIT ACCEL=10000 ACCEL_TO_DECEL=5000
G1 E-.5 F900
G1 Z.4 F30000
G1 X126.916 Y121.169 Z.4
G1 Z.2
G1 E.5 F900
SET_VELOCITY_LIMIT ACCEL=500 ACCEL_TO_DECEL=250
;TYPE:Bottom surface
;WIDTH:0.400898
G1 F6300
G1 X126.493 Y121.592 E.01424
G3 X125.803 Y121.775 I-.571 J-.759 E.01742
G1 X126.775 Y120.803 E.03273
G1 X126.775 Y120.297 E.01206
G1 X125.297 Y121.775 E.04978
G1 X124.791 Y121.775 E.01206
M73 P25 R23
G1 X126.775 Y119.791 E.06682
G1 X126.775 Y119.285 E.01206
G1 X124.285 Y121.775 E.08387
G1 X123.778 Y121.775 E.01206
G1 X126.775 Y118.778 E.10092
G1 X126.775 Y118.272 E.01206
G1 X123.272 Y121.775 E.11797
G1 X122.766 Y121.775 E.01206
G1 X126.775 Y117.766 E.13502
G1 X126.775 Y117.26 E.01206
G1 X122.26 Y121.775 E.15207
G1 X121.753 Y121.775 E.01206
G1 X126.775 Y116.753 E.16912
G1 X126.775 Y116.247 E.01206
G1 X121.247 Y121.775 E.18617
G1 X120.741 Y121.775 E.01206
G1 X126.775 Y115.741 E.20322
G1 X126.775 Y115.235 E.01206
G1 X120.235 Y121.775 E.22026
G2 X119.707 Y121.796 I-.144 J3.024 E.01258
G1 X126.775 Y114.728 E.23802
G1 X126.775 Y114.222 E.01206
G1 X118.819 Y122.178 E.26794
SET_VELOCITY_LIMIT ACCEL=10000 ACCEL_TO_DECEL=5000
G1 E-.5 F900
G1 Z.4 F30000
G1 X116.916 Y131.169 Z.4
G1 Z.2
G1 E.5 F900
SET_VELOCITY_LIMIT ACCEL=500 ACCEL_TO_DECEL=250
G1 F6300
G1 X116.493 Y131.592 E.01424
G3 X115.803 Y131.775 I-.571 J-.759 E.01742
G1 X116.775 Y130.803 E.03273
G1 X116.775 Y130.297 E.01206
G1 X115.297 Y131.775 E.04978
G1 X114.791 Y131.775 E.01206
G1 X116.775 Y129.791 E.06682
G1 X116.775 Y129.285 E.01206
G1 X114.285 Y131.775 E.08387
G1 X113.778 Y131.775 E.01206
G1 X116.775 Y128.778 E.10092
G1 X116.775 Y128.272 E.01206
G1 X113.272 Y131.775 E.11797
G1 X112.766 Y131.775 E.01206
G1 X116.775 Y127.766 E.13502
G1 X116.775 Y127.26 E.01206
G1 X112.26 Y131.775 E.15207
G1 X111.753 Y131.775 E.01206
G1 X116.775 Y126.753 E.16912
G1 X116.775 Y126.247 E.01206
G1 X111.247 Y131.775 E.18617
G1 X110.741 Y131.775 E.01206
G1 X116.775 Y125.741 E.20322
G1 X116.775 Y125.235 E.01206
G1 X110.234 Y131.775 E.22026
G1 X109.728 Y131.775 E.01206
G1 X116.796 Y124.707 E.23802
G3 X116.915 Y124.082 I1.833 J.025 E.01524
G1 X109.222 Y131.775 E.25908
G1 X108.716 Y131.775 E.01206
G1 X126.775 Y113.716 E.60817
G1 X126.775 Y113.209 E.01206
G1 X108.209 Y131.775 E.62522
G1 X107.703 Y131.775 E.01206
G1 X126.775 Y112.703 E.64227
G1 X126.775 Y112.197 E.01206
G1 X107.197 Y131.775 E.65932
G1 X106.691 Y131.775 E.01206
G1 X126.775 Y111.691 E.67637
G1 X126.775 Y111.184 E.01206
G1 X106.184 Y131.775 E.69342
G1 X105.678 Y131.775 E.01206
G1 X126.775 Y110.678 E.71047
G1 X126.775 Y110.172 E.01206
G1 X105.172 Y131.775 E.72752
G1 X104.666 Y131.775 E.01206
G1 X126.775 Y109.666 E.74457
G1 X126.775 Y109.159 E.01206
G1 X104.159 Y131.775 E.76161
G1 X103.653 Y131.775 E.01206
G1 X126.775 Y108.653 E.77866
G1 X126.775 Y108.147 E.01206
G1 X103.147 Y131.775 E.79571
G1 X102.641 Y131.775 E.01206
G1 X126.775 Y107.641 E.81276
G1 X126.775 Y107.134 E.01206
G1 X102.134 Y131.775 E.82981
G1 X101.628 Y131.775 E.01206
G1 X126.775 Y106.628 E.84686
M73 P25 R22
G1 X126.775 Y106.122 E.01206
G1 X101.122 Y131.775 E.86391
G1 X100.616 Y131.775 E.01206
G1 X126.775 Y105.616 E.88096
G1 X126.775 Y105.109 E.01206
G1 X100.109 Y131.775 E.89801
G3 X99.68 Y131.698 I-.028 J-1.074 E.01045
G1 X126.698 Y104.68 E.90985
G2 X126.476 Y104.396 I-1.19 J.701 E.00861
G1 X99.396 Y131.476 E.91194
G3 X99.241 Y131.125 I1.221 J-.752 E.00916
G1 X126.125 Y104.241 E.90538
G2 X125.633 Y104.226 I-.327 J2.807 E.01174
G1 X99.225 Y130.635 E.88933
G1 X99.225 Y130.128 E.01206
G1 X125.127 Y104.226 E.87228
G1 X124.621 Y104.226 E.01205
G1 X99.225 Y129.622 E.85523
G1 X99.225 Y129.116 E.01206
M73 P26 R22
G1 X124.114 Y104.226 E.83819
G1 X123.608 Y104.226 E.01205
G1 X99.225 Y128.61 E.82114
G1 X99.225 Y128.103 E.01206
G1 X123.102 Y104.226 E.80409
G1 X122.596 Y104.226 E.01205
G1 X99.225 Y127.597 E.78704
G1 X99.225 Y127.091 E.01206
G1 X122.089 Y104.226 E.76999
G1 X121.583 Y104.226 E.01205
G1 X99.225 Y126.584 E.75295
G1 X99.225 Y126.078 E.01206
G1 X121.077 Y104.226 E.7359
G1 X120.571 Y104.226 E.01205
G1 X99.225 Y125.572 E.71885
G1 X99.225 Y125.066 E.01206
G1 X120.064 Y104.226 E.7018
G1 X119.558 Y104.226 E.01205
G1 X99.194 Y124.591 E.6858
G2 X99.108 Y124.17 I-1.236 J.032 E.01028
G1 X119.052 Y104.226 E.67163
G1 X118.546 Y104.226 E.01205
G1 X98.984 Y123.787 E.65875
G1 X98.823 Y123.442 E.00907
G1 X118.04 Y104.226 E.64713
G1 X117.533 Y104.226 E.01205
G1 X98.623 Y123.137 E.63684
G2 X98.401 Y122.852 I-.919 J.485 E.00864
G1 X117.027 Y104.226 E.62724
G1 X116.521 Y104.226 E.01205
G1 X98.148 Y122.598 E.61872
G2 X97.863 Y122.377 I-.77 J.697 E.00864
G1 X116.015 Y104.226 E.61127
G1 X115.508 Y104.226 E.01205
G1 X97.558 Y122.177 E.60451
G1 X97.213 Y122.016 E.00907
G1 X115.002 Y104.226 E.59909
G1 X114.496 Y104.226 E.01205
G1 X96.83 Y121.892 E.59492
G2 X96.409 Y121.806 I-.453 J1.15 E.01028
G1 X113.99 Y104.226 E.59204
G1 X113.483 Y104.226 E.01205
G1 X95.934 Y121.775 E.59099
G1 X95.428 Y121.775 E.01206
G1 X112.977 Y104.226 E.591
G1 X112.471 Y104.226 E.01205
G1 X94.922 Y121.775 E.591
G1 X94.415 Y121.775 E.01206
G1 X111.965 Y104.226 E.591
G1 X111.458 Y104.226 E.01205
G1 X93.909 Y121.775 E.591
G1 X93.403 Y121.775 E.01206
G1 X110.952 Y104.226 E.591
G1 X110.446 Y104.226 E.01205
G1 X92.897 Y121.775 E.591
G1 X92.39 Y121.775 E.01206
G1 X109.94 Y104.226 E.591
G1 X109.434 Y104.226 E.01205
G1 X91.884 Y121.775 E.591
G1 X91.378 Y121.775 E.01206
G1 X108.927 Y104.226 E.591
G1 X108.421 Y104.226 E.01205
G1 X90.872 Y121.775 E.591
G1 X90.365 Y121.775 E.01206
G1 X107.915 Y104.226 E.591
G1 X107.409 Y104.226 E.01205
G1 X89.875 Y121.759 E.59048
G3 X89.524 Y121.604 I.403 J-1.379 E.00916
G1 X106.902 Y104.226 E.58523
G1 X106.396 Y104.226 E.01205
G1 X89.302 Y121.32 E.57566
G3 X89.225 Y120.891 I.997 J-.401 E.01045
G1 X105.89 Y104.226 E.56122
G1 X105.384 Y104.226 E.01205
G1 X89.225 Y120.384 E.54417
G1 X89.225 Y119.878 E.01206
G1 X104.877 Y104.226 E.52712
G1 X104.371 Y104.225 E.01205
M73 P27 R22
G1 X89.225 Y119.372 E.51007
G1 X89.225 Y118.865 E.01206
G1 X103.865 Y104.225 E.49302
G1 X103.359 Y104.225 E.01205
G1 X89.225 Y118.359 E.47597
G1 X89.225 Y117.853 E.01206
G1 X102.852 Y104.225 E.45893
G1 X102.346 Y104.225 E.01205
G1 X89.225 Y117.347 E.44188
G1 X89.225 Y116.84 E.01206
G1 X101.84 Y104.225 E.42483
G1 X101.334 Y104.225 E.01205
G1 X89.225 Y116.334 E.40778
G1 X89.225 Y115.828 E.01206
G1 X100.827 Y104.225 E.39073
G1 X100.321 Y104.225 E.01205
G1 X89.225 Y115.322 E.37369
G1 X89.225 Y114.815 E.01206
G1 X99.815 Y104.225 E.35664
G1 X99.309 Y104.225 E.01205
G1 X89.225 Y114.309 E.33959
G1 X89.225 Y113.803 E.01206
G1 X98.803 Y104.225 E.32254
G1 X98.296 Y104.225 E.01205
G1 X89.225 Y113.297 E.30549
G1 X89.225 Y112.79 E.01206
G1 X97.79 Y104.225 E.28844
G1 X97.284 Y104.225 E.01205
G1 X89.225 Y112.284 E.2714
G1 X89.225 Y111.778 E.01206
G1 X96.778 Y104.225 E.25435
G1 X96.271 Y104.225 E.01205
G1 X89.225 Y111.272 E.2373
G1 X89.225 Y110.765 E.01206
G1 X95.765 Y104.225 E.22025
G1 X95.259 Y104.225 E.01205
G1 X89.225 Y110.259 E.2032
G1 X89.225 Y109.753 E.01206
G1 X94.753 Y104.225 E.18616
G1 X94.246 Y104.225 E.01205
G1 X89.225 Y109.247 E.16911
G1 X89.225 Y108.74 E.01206
G1 X93.74 Y104.225 E.15206
G1 X93.234 Y104.225 E.01205
G1 X89.225 Y108.234 E.13501
G1 X89.225 Y107.728 E.01206
G1 X92.728 Y104.225 E.11796
G1 X92.221 Y104.225 E.01205
G1 X89.225 Y107.222 E.10091
G1 X89.225 Y106.715 E.01206
G1 X91.715 Y104.225 E.08387
G1 X91.209 Y104.225 E.01205
G1 X89.225 Y106.209 E.06682
G1 X89.225 Y105.703 E.01206
G1 X90.703 Y104.225 E.04977
G1 X90.197 Y104.225 E.01205
G1 X89.225 Y105.197 E.03272
G3 X89.408 Y104.507 I.943 J-.119 E.01743
G1 X89.831 Y104.084 E.01422
; stop printing object flowrate_m20 id:279172874362 copy 0
M106 S255
;LAYER_CHANGE
;Z:0.4
;HEIGHT:0.2
;BEFORE_LAYER_CHANGE
;0.4
G92 E0

G1 E-.5 F900
;AFTER_LAYER_CHANGE
;0.4
SET_PRINT_STATS_INFO CURRENT_LAYER=2
;_SET_FAN_SPEED_CHANGING_LAYER
SET_VELOCITY_LIMIT ACCEL=10000 ACCEL_TO_DECEL=5000
M104 S205 ; set nozzle temperature
M140 S55 ; set bed temperature
; printing object flowrate_10 id:8318823020889268071 copy 0
G1 Z.6 F30000
G1 X193.211 Y188.868 Z.6
G1 Z.4
G1 E.5 F900
SET_VELOCITY_LIMIT ACCEL=5000 ACCEL_TO_DECEL=2500
;TYPE:Outer wall
;WIDTH:0.4
G1 F9165.258
G2 X192.845 Y189.097 I.68 J1.488 E.01415
G1 X192.523 Y189.398 E.01438
G2 X192.089 Y190.32 I5.039 J2.934 E.03334
G1 X192.044 Y190.481 E.00547
G2 X191.892 Y191.958 I5.493 J1.31 E.04864
G2 X192.12 Y193.733 I6.394 J.08 E.05864
G2 X192.836 Y194.83 I2.449 J-.817 E.04323
G2 X195.369 Y194.735 I1.208 J-1.633 E.08943
G2 X196.131 Y193.057 I-2.106 J-1.968 E.06129
G2 X195.979 Y190.193 I-6.823 J-1.072 E.09434
G2 X195.266 Y189.095 I-2.451 J.811 E.04325
G2 X193.83 Y188.721 I-1.179 J1.583 E.04967
G2 X193.248 Y188.851 I.061 J1.635 E.0196
SET_VELOCITY_LIMIT ACCEL=10000 ACCEL_TO_DECEL=5000
G1 E-.5 F900
G1 Z.6 F30000
G1 X187.795 Y192.506 Z.6
G1 Z.4
G1 E.5 F900
SET_VELOCITY_LIMIT ACCEL=5000 ACCEL_TO_DECEL=2500
G1 F9165.258
G1 X187.795 Y193.64 E.03703
G3 X189.427 Y194.914 I-1.59 J3.72 E.06839
G1 X189.619 Y195.225 E.01191
G1 X190.405 Y195.225 E.02568
G1 X190.405 Y188.8 E.20983
G1 X189.269 Y188.8 E.03713
G1 X189.269 Y193.27 E.146
G2 X187.833 Y192.52 I-3.848 J5.617 E.05304
SET_VELOCITY_LIMIT ACCEL=10000 ACCEL_TO_DECEL=5000
G1 E-.5 F900
G1 Z.6 F30000
G1 X210.355 Y185.975 Z.6
G1 Z.4
G1 E.5 F900
;TYPE:Inner wall
G1 F9165.258
G3 X209.958 Y186.043 I-.374 J-.994 E.01322
G1 X203.958 Y186.043 E.19596
G1 X203.746 Y186.061 E.00695
G1 X180.254 Y186.061 E.76728
G1 X180.042 Y186.043 E.00695
G1 X174.042 Y186.043 E.19596
G3 X172.957 Y184.958 I-.023 J-1.062 E.05598
G1 X172.957 Y169.042 E.51984
G3 X174.042 Y167.957 I1.062 J-.023 E.05598
G1 X209.969 Y167.958 E1.17339
G3 X211.043 Y169.042 I.014 J1.06 E.05563
G1 X211.043 Y184.958 E.51984
G3 X210.392 Y185.96 I-1.062 J.023 E.04145
G1 X210.477 Y186.311 F30000
G1 F9165.258
G3 X209.974 Y186.4 I-.495 J-1.329 E.01678
G1 X203.974 Y186.4 E.19596
G1 X203.762 Y186.419 E.00695
G1 X180.238 Y186.419 E.7683
G1 X180.026 Y186.4 E.00695
G1 X174.026 Y186.4 E.19596
G3 X172.6 Y184.974 I-.008 J-1.418 E.07328
G1 X172.6 Y169.026 E.52086
G3 X174.026 Y167.6 I1.418 J-.008 E.07328
G1 X210 Y167.602 E1.17491
G3 X211.4 Y169.026 I-.014 J1.415 E.07241
G1 X211.4 Y184.974 E.52085
G3 X210.514 Y186.296 I-1.418 J.008 E.05519
SET_VELOCITY_LIMIT ACCEL=5000 ACCEL_TO_DECEL=2500
G1 X210.614 Y186.687 F30000
;TYPE:Outer wall
G1 F9165.258
G3 X209.991 Y186.8 I-.632 J-1.705 E.02077
G1 X203.991 Y186.8 E.19596
G2 X201.8 Y188.991 I.028 J2.219 E.11204
G1 X201.8 Y194.991 E.19596
G3 X199.991 Y196.8 I-1.818 J-.01 E.09266
G1 X184.009 Y196.8 E.522
G3 X182.2 Y194.991 I.01 J-1.818 E.09266
G1 X182.2 Y188.991 E.19596
G2 X180.009 Y186.8 I-2.219 J.028 E.11204
G1 X174.009 Y186.8 E.19596
G3 X172.2 Y184.991 I.003 J-1.812 E.09275
G1 X172.2 Y169.009 E.522
G3 X174.009 Y167.2 I1.818 J.01 E.09266
G1 X210.035 Y167.204 E1.17662
G3 X211.8 Y169.009 I-.048 J1.812 E.09121
G1 X211.8 Y184.991 E.522
G3 X210.651 Y186.672 I-1.818 J-.01 E.07058
SET_VELOCITY_LIMIT ACCEL=10000 ACCEL_TO_DECEL=5000
G1 E-.5 F900
G1 Z.6 F30000
G1 X209.736 Y185.906 Z.6
G1 Z.4
G1 E.5 F900
;TYPE:Sparse infill
G1 F9165.258
G1 X210.745 Y184.897 E.04661
G1 X210.745 Y183.454 E.04712
G1 X208.454 Y185.745 E.10583
G1 X207.011 Y185.745 E.04712
G1 X210.745 Y182.011 E.17248
G1 X210.745 Y180.568 E.04712
G1 X205.568 Y185.745 E.23912
G1 X204.126 Y185.745 E.04712
G1 X210.745 Y179.126 E.30576
G1 X210.745 Y177.683 E.04712
G1 X202.664 Y185.764 E.37326
G1 X201.221 Y185.764 E.04712
G1 X210.745 Y176.24 E.4399
G1 X210.745 Y174.797 E.04712
G1 X199.779 Y185.764 E.50654
G1 X198.336 Y185.764 E.04712
G1 X210.745 Y173.354 E.57319
G1 X210.745 Y171.912 E.04712
G1 X196.893 Y185.764 E.63983
G1 X195.45 Y185.764 E.04712
G1 X210.745 Y170.469 E.70647
G2 X210.743 Y169.028 I-8.231 J-.707 E.04711
G1 X194.007 Y185.764 E.773
G1 X192.565 Y185.764 E.04712
G1 X210.064 Y168.265 E.80826
G2 X208.63 Y168.255 I-.771 J8.189 E.04687
G1 X191.122 Y185.764 E.8087
G1 X189.679 Y185.764 E.04712
G1 X207.187 Y168.255 E.8087
G1 X205.745 Y168.255 E.04712
G1 X188.236 Y185.764 E.8087
G1 X186.793 Y185.764 E.04712
G1 X204.302 Y168.255 E.8087
G1 X202.859 Y168.255 E.04712
G1 X185.35 Y185.764 E.8087
G1 X183.908 Y185.764 E.04712
G1 X201.416 Y168.255 E.8087
G1 X199.973 Y168.255 E.04712
G1 X182.465 Y185.764 E.80871
G1 X181.022 Y185.764 E.04712
G1 X198.531 Y168.255 E.80871
G1 X197.088 Y168.255 E.04712
G1 X179.598 Y185.745 E.80785
G1 X178.155 Y185.745 E.04712
G1 X195.645 Y168.255 E.80785
G1 X194.202 Y168.255 E.04712
G1 X176.712 Y185.745 E.80786
G1 X175.269 Y185.745 E.04712
G1 X192.76 Y168.255 E.80786
G1 X191.317 Y168.255 E.04712
G1 X173.849 Y185.723 E.80684
G3 X173.255 Y184.874 I.173 J-.754 E.03708
G1 X189.874 Y168.255 E.76763
G1 X188.431 Y168.255 E.04712
G1 X173.255 Y183.432 E.70099
G1 X173.255 Y181.989 E.04712
G1 X186.988 Y168.255 E.63435
G1 X185.546 Y168.255 E.04712
G1 X173.255 Y180.546 E.56771
G1 X173.255 Y179.103 E.04712
G1 X184.103 Y168.255 E.50107
G1 X182.66 Y168.255 E.04712
G1 X173.255 Y177.66 E.43443
M73 P28 R22
G1 X173.255 Y176.217 E.04712
G1 X181.217 Y168.255 E.36779
G1 X179.775 Y168.255 E.04712
G1 X173.255 Y174.775 E.30115
G1 X173.255 Y173.332 E.04712
G1 X178.332 Y168.255 E.23451
G1 X176.889 Y168.255 E.04712
G1 X173.255 Y171.889 E.16787
G1 X173.255 Y170.446 E.04712
G1 X175.446 Y168.255 E.10123
G2 X173.998 Y168.26 I-.696 J8.274 E.04734
G1 X173.094 Y169.164 E.04178
G1 E-.5 F900
G1 Z.6 F30000
G1 X183.506 Y196.619 Z.6
G1 Z.4
G1 E.5 F900
SET_VELOCITY_LIMIT ACCEL=2000 ACCEL_TO_DECEL=1000
;TYPE:Top surface
;WIDTH:0.481271
G1 F7465.996
G1 X182.848 Y195.961 E.03727
G3 X182.499 Y194.992 I1.161 J-.966 E.04216
G1 X184.008 Y196.501 E.08558
G1 X184.629 Y196.502 E.0249
G1 X182.498 Y194.371 E.12086
G1 X182.498 Y193.751 E.02486
G1 X185.249 Y196.502 E.15601
G1 X185.869 Y196.502 E.02486
G1 X182.498 Y193.131 E.19116
G1 X182.498 Y192.511 E.02486
G1 X186.489 Y196.502 E.22631
G1 X187.109 Y196.502 E.02486
G1 X182.498 Y191.891 E.26146
G1 X182.498 Y191.271 E.02486
G1 X187.729 Y196.502 E.29661
G1 X188.349 Y196.502 E.02486
G1 X182.498 Y190.651 E.33176
G1 X182.498 Y190.031 E.02486
G1 X188.969 Y196.502 E.36691
G1 X189.589 Y196.502 E.02486
G1 X182.498 Y189.411 E.40207
G2 X182.48 Y188.773 I-3.654 J-.217 E.02562
G1 X190.209 Y196.502 E.43823
G1 X190.829 Y196.502 E.02486
G1 X189.849 Y195.522 E.05556
G1 X190.469 Y195.522 E.02486
G1 X191.448 Y196.502 E.05556
G1 X192.068 Y196.502 E.02486
G1 X190.703 Y195.137 E.07741
G1 X190.703 Y194.517 E.02486
G1 X192.688 Y196.502 E.11256
G1 X193.308 Y196.502 E.02486
G1 X190.703 Y193.897 E.14771
G1 X190.703 Y193.277 E.02486
G1 X193.928 Y196.502 E.18287
G1 X194.548 Y196.502 E.02486
G1 X193.505 Y195.459 E.05916
G1 X193.32 Y195.421 E.00754
G3 X192.648 Y195.064 I.982 J-2.657 E.03062
G3 X191.825 Y193.779 I1.915 J-2.133 E.06193
G1 X190.703 Y192.657 E.0636
G1 X190.703 Y192.037 E.02486
G1 X191.658 Y192.992 E.05415
G3 X191.602 Y192.316 I7.228 J-.94 E.02721
G1 X190.703 Y191.417 E.05098
G1 X190.703 Y190.797 E.02486
G1 X191.602 Y191.696 E.05095
G3 X191.63 Y191.104 I4.651 J-.073 E.02376
G1 X190.703 Y190.178 E.05256
G1 X190.703 Y189.558 E.02486
G1 X191.88 Y190.734 E.06671
SET_VELOCITY_LIMIT ACCEL=10000 ACCEL_TO_DECEL=5000
G1 E-.5 F900
G1 Z.6 F30000
G1 X187.694 Y193.368 Z.6
G1 Z.4
G1 E.5 F900
SET_VELOCITY_LIMIT ACCEL=2000 ACCEL_TO_DECEL=1000
G1 F7465.996
G1 X182.242 Y187.916 E.30915
G1 X182.165 Y187.75 E.00732
G2 X181.26 Y186.842 I-2.376 J1.463 E.05186
G1 X181.286 Y186.759 E.00349
G1 X181.706 Y186.759 E.01682
G1 X187.497 Y192.551 E.32841
G1 X187.497 Y192.059 E.01971
G1 X187.717 Y192.151 E.00955
G1 X182.325 Y186.759 E.30573
G1 X182.945 Y186.759 E.02486
G1 X188.84 Y192.654 E.33426
G1 X188.971 Y192.728 E.00601
G1 X188.971 Y192.165 E.02259
G1 X183.565 Y186.759 E.3065
G1 X184.185 Y186.759 E.02486
G1 X188.971 Y191.545 E.27135
G1 X188.971 Y190.925 E.02486
G1 X184.805 Y186.759 E.2362
G1 X185.425 Y186.759 E.02486
G1 X188.971 Y190.305 E.20105
G1 X188.971 Y189.685 E.02486
G1 X186.045 Y186.759 E.1659
G1 X186.665 Y186.759 E.02486
G1 X188.971 Y189.065 E.13075
G1 X188.971 Y188.502 E.02257
G1 X189.028 Y188.502 E.00228
G1 X187.285 Y186.759 E.09883
G1 X187.905 Y186.759 E.02486
G1 X189.844 Y188.699 E.10998
SET_VELOCITY_LIMIT ACCEL=10000 ACCEL_TO_DECEL=5000
G1 E-.5 F900
G1 Z.6 F30000
G1 X188.328 Y186.563 Z.6
G1 Z.4
G1 E.5 F900
SET_VELOCITY_LIMIT ACCEL=2000 ACCEL_TO_DECEL=1000
G1 F7465.996
G1 X190.268 Y188.502 E.10998
G1 X190.703 Y188.502 E.01746
G1 X190.703 Y188.938 E.01746
G1 X191.859 Y190.094 E.06555
G3 X192.053 Y189.668 I2.525 J.891 E.01879
G1 X189.145 Y186.759 E.1649
G1 X189.765 Y186.759 E.02486
G1 X192.261 Y189.256 E.14156
G1 X192.281 Y189.216 E.00179
G1 X192.571 Y188.946 E.01588
G1 X190.384 Y186.759 E.12399
G1 X191.004 Y186.759 E.02486
G1 X192.925 Y188.679 E.10888
G3 X193.361 Y188.496 I.975 J1.711 E.01903
G1 X191.624 Y186.759 E.09848
G1 X192.244 Y186.759 E.02486
G1 X194.083 Y188.598 E.10428
SET_VELOCITY_LIMIT ACCEL=10000 ACCEL_TO_DECEL=5000
G1 E-.5 F900
G1 Z.6 F30000
G1 X195.365 Y196.699 Z.6
G1 Z.4
G1 E.5 F900
SET_VELOCITY_LIMIT ACCEL=2000 ACCEL_TO_DECEL=1000
G1 F7465.996
G1 X194.181 Y195.515 E.0671
G2 X194.715 Y195.43 I-.097 J-2.307 E.02173
G1 X195.788 Y196.502 E.06082
G1 X196.408 Y196.502 E.02486
G1 X195.159 Y195.253 E.07084
G2 X195.521 Y194.995 I-1.148 J-1.998 E.01785
G1 X197.028 Y196.502 E.08544
G1 X197.648 Y196.502 E.02486
G1 X195.817 Y194.672 E.10378
G2 X196.055 Y194.29 I-1.258 J-1.05 E.0181
G1 X198.268 Y196.502 E.12543
G1 X198.888 Y196.502 E.02486
G1 X196.242 Y193.856 E.15002
G2 X196.377 Y193.372 I-3.273 J-1.173 E.0202
G1 X199.507 Y196.502 E.17752
G2 X200.115 Y196.49 I.235 J-3.481 E.02441
G1 X196.46 Y192.835 E.20724
G2 X196.498 Y192.253 I-7.266 J-.762 E.0234
G1 X200.61 Y196.365 E.23314
G2 X200.989 Y196.124 I-.718 J-1.553 E.01806
G1 X196.495 Y191.63 E.25482
G2 X196.444 Y190.959 I-7.848 J.263 E.027
G1 X201.273 Y195.788 E.27381
G2 X201.454 Y195.349 I-1.423 J-.843 E.0191
G1 X196.281 Y190.176 E.2933
G2 X195.955 Y189.436 I-3.532 J1.113 E.0325
G2 X195.454 Y188.861 I-2.826 J1.959 E.03064
G2 X194.779 Y188.501 I-1.657 J2.293 E.03075
G1 X194.562 Y188.457 E.00889
G1 X192.864 Y186.759 E.09627
G1 X193.484 Y186.759 E.02486
G1 X201.502 Y194.777 E.45464
G1 X201.502 Y194.158 E.02486
G1 X194.104 Y186.759 E.41949
G1 X194.724 Y186.759 E.02486
G1 X201.502 Y193.538 E.38434
G1 X201.502 Y192.918 E.02486
G1 X195.344 Y186.759 E.34919
G1 X195.964 Y186.759 E.02486
G1 X201.502 Y192.298 E.31404
G1 X201.502 Y191.678 E.02486
G1 X196.584 Y186.759 E.27889
G1 X197.204 Y186.759 E.02486
G1 X201.502 Y191.058 E.24374
G1 X201.502 Y190.438 E.02486
G1 X197.823 Y186.759 E.20859
G1 X198.443 Y186.759 E.02486
G1 X201.502 Y189.818 E.17344
G1 X201.502 Y189.198 E.02486
G1 X199.063 Y186.759 E.13829
G1 X199.683 Y186.759 E.02486
G1 X201.534 Y188.61 E.10496
G1 X201.663 Y188.119 E.02036
G1 X200.303 Y186.759 E.07711
G1 X200.923 Y186.759 E.02486
G1 X201.868 Y187.704 E.05356
G1 X202.131 Y187.347 E.01777
G1 X201.543 Y186.759 E.03334
G1 X202.163 Y186.759 E.02486
G1 X202.591 Y187.187 E.02425
SET_VELOCITY_LIMIT ACCEL=10000 ACCEL_TO_DECEL=5000
G1 E-.5 F900
G1 Z.6 F30000
G1 X193.506 Y189.93 Z.6
G1 Z.4
G1 E.5 F900
SET_VELOCITY_LIMIT ACCEL=5000 ACCEL_TO_DECEL=2500
;TYPE:Outer wall
;WIDTH:0.4
G1 F9165.258
G3 X194.142 Y189.723 I.54 J.581 E.02253
G3 X194.728 Y190.099 I-.106 J.811 E.02349
G3 X195.046 Y191.459 I-3.35 J1.501 E.04589
G1 X195.046 Y192.461 E.03272
G3 X194.728 Y193.822 I-3.663 J-.138 E.04596
G3 X193.604 Y194.082 I-.692 J-.433 E.04184
G3 X193.402 Y193.877 I.826 J-1.016 E.00945
G3 X193.054 Y192.478 I2.962 J-1.478 E.04745
G3 X193.091 Y190.977 I12.14 J-.452 E.04907
G3 X193.369 Y190.097 I3.645 J.667 E.03021
G3 X193.478 Y189.957 I.677 J.413 E.0058
SET_VELOCITY_LIMIT ACCEL=10000 ACCEL_TO_DECEL=5000
G1 E-.5 F900
G1 Z.6 F30000
G1 X193.292 Y193.316 Z.6
G1 Z.4
G1 E.5 F900
SET_VELOCITY_LIMIT ACCEL=2000 ACCEL_TO_DECEL=1000
;TYPE:Top surface
;WIDTH:0.539196
G1 F6594.571
G1 X193.857 Y193.88 E.03624
G2 X194.411 Y193.732 I.173 J-.464 E.02776
G1 X193.366 Y192.687 E.06708
G3 X193.347 Y191.967 I6.89 J-.538 E.03273
G1 X194.627 Y193.247 E.08215
G2 X194.732 Y192.65 I-2.108 J-.677 E.02761
G1 X193.364 Y191.282 E.08776
G3 X193.467 Y190.683 I2.227 J.073 E.02768
G1 X194.748 Y191.964 E.08224
G2 X194.729 Y191.243 I-4.31 J-.245 E.03279
G1 X193.68 Y190.194 E.06735
G3 X194.236 Y190.048 I.371 J.281 E.02812
G1 X194.819 Y190.631 E.03743
; stop printing object flowrate_10 id:8318823020889268071 copy 0
; printing object flowrate_m5 id:140666992080768 copy 0
SET_VELOCITY_LIMIT ACCEL=10000 ACCEL_TO_DECEL=5000
G1 E-.5 F900
G1 Z.6 F30000
G1 X191.038 Y159.783 Z.6
G1 Z.4
G1 E.5 F900
SET_VELOCITY_LIMIT ACCEL=5000 ACCEL_TO_DECEL=2500
;TYPE:Outer wall
;WIDTH:0.4
G1 F10612.404
G1 X191.038 Y158.779 E.02832
G1 X192.38 Y158.892 E.03799
G3 X192.633 Y158.131 I1.802 J.176 E.02282
G3 X193.962 Y157.939 I.758 J.553 E.0422
G3 X194.443 Y159.01 I-.826 J1.015 E.03434
G3 X194.144 Y159.864 I-1.309 J.021 E.02608
G3 X192.359 Y159.574 I-.778 J-.851 E.05863
G1 X191.343 Y159.706 E.02892
G1 X191.994 Y163.159 E.09911
G1 X195.343 Y163.159 E.09448
G1 X195.343 Y162.055 E.03114
G1 X192.913 Y162.055 E.06855
G1 X192.706 Y161.024 E.02967
G2 X194.71 Y160.869 I.863 J-1.869 E.05922
G1 X195.03 Y160.616 E.0115
G2 X195.548 Y159.699 I-1.794 J-1.619 E.02996
G2 X195.107 Y157.539 I-2.447 J-.625 E.06434
G2 X194.336 Y156.931 I-2.087 J1.853 E.02784
G2 X193.379 Y156.738 I-1.045 J2.711 E.02767
G1 X193.177 Y156.754 E.0057
G2 X192.239 Y157.024 I.044 J1.919 E.02784
G1 X191.906 Y157.245 E.01128
G2 X191.372 Y158.039 I1.765 J1.765 E.02715
G2 X191.231 Y158.676 I3.665 J1.14 E.01844
G1 X191.038 Y158.658 E.00549
G1 X191.038 Y158.642 E.00045
G1 X188.374 Y158.642 E.07512
G1 X188.374 Y159.783 E.03218
G1 X190.998 Y159.783 E.07399
SET_VELOCITY_LIMIT ACCEL=10000 ACCEL_TO_DECEL=5000
G1 E-.5 F900
G1 Z.6 F30000
G1 X202.168 Y154.061 Z.6
G1 Z.4
G1 E.5 F900
;TYPE:Inner wall
G1 F10612.404
G1 X180.254 Y154.061 E.61813
G1 X180.042 Y154.043 E.006
G1 X174.042 Y154.043 E.16924
G3 X172.957 Y152.958 I-.023 J-1.062 E.04835
G1 X172.957 Y137.042 E.44895
G3 X174.042 Y135.957 I1.062 J-.023 E.04835
G1 X209.969 Y135.958 E1.01338
G3 X211.043 Y137.042 I.014 J1.06 E.04804
G1 X211.043 Y152.958 E.44895
G3 X209.958 Y154.043 I-1.062 J.023 E.04835
G1 X203.958 Y154.043 E.16924
G1 X203.746 Y154.061 E.006
G1 X202.208 Y154.061 E.04339
G1 X202.202 Y154.419 F30000
G1 F10612.404
G1 X180.238 Y154.419 E.61954
G1 X180.026 Y154.4 E.006
G1 X174.026 Y154.4 E.16924
G3 X172.6 Y152.974 I-.008 J-1.418 E.06329
G1 X172.6 Y137.026 E.44983
G3 X174.026 Y135.6 I1.418 J-.008 E.06328
G1 X210 Y135.602 E1.0147
G3 X211.4 Y137.026 I-.014 J1.415 E.06254
G1 X211.4 Y152.974 E.44983
G3 X209.974 Y154.4 I-1.418 J.008 E.06329
G1 X203.974 Y154.4 E.16924
G1 X203.762 Y154.419 E.006
G1 X202.242 Y154.419 E.04286
G1 E-.5 F900
G1 Z.6 F30000
G1 X202.32 Y155.591 Z.6
G1 Z.4
G1 E.5 F900
SET_VELOCITY_LIMIT ACCEL=5000 ACCEL_TO_DECEL=2500
;TYPE:Outer wall
G1 F10612.404
G2 X201.8 Y156.991 I1.698 J1.428 E.04298
G1 X201.8 Y162.991 E.16924
G3 X199.991 Y164.8 I-1.818 J-.01 E.08002
G1 X184.009 Y164.8 E.45081
G3 X182.2 Y162.991 I.01 J-1.818 E.08002
G1 X182.2 Y156.991 E.16924
G2 X180.009 Y154.8 I-2.219 J.028 E.09676
G1 X174.009 Y154.8 E.16924
G3 X172.2 Y152.991 I.01 J-1.818 E.08002
G1 X172.2 Y137.009 E.45082
G3 X174.009 Y135.2 I1.818 J.01 E.08002
G1 X210.035 Y135.204 E1.01617
G3 X211.8 Y137.009 I-.048 J1.812 E.07878
G1 X211.8 Y152.991 E.45081
G3 X209.991 Y154.8 I-1.818 J-.01 E.08002
G1 X203.991 Y154.8 E.16924
G2 X202.346 Y155.56 I.028 J2.219 E.05265
SET_VELOCITY_LIMIT ACCEL=10000 ACCEL_TO_DECEL=5000
G1 E-.5 F900
G1 Z.6 F30000
G1 X209.736 Y153.906 Z.6
G1 Z.4
G1 E.5 F900
;TYPE:Sparse infill
G1 F10612.404
G1 X210.745 Y152.897 E.04026
G1 X210.745 Y151.454 E.0407
G1 X208.454 Y153.745 E.0914
G1 X207.011 Y153.745 E.0407
G1 X210.745 Y150.011 E.14896
G1 X210.745 Y148.568 E.0407
G1 X205.568 Y153.745 E.20651
G1 X204.126 Y153.745 E.0407
G1 X210.745 Y147.126 E.26407
G1 X210.745 Y145.683 E.0407
G1 X202.664 Y153.764 E.32236
G1 X201.221 Y153.764 E.0407
G1 X210.745 Y144.24 E.37991
G1 X210.745 Y142.797 E.0407
G1 X199.779 Y153.764 E.43747
G1 X198.336 Y153.764 E.0407
G1 X210.745 Y141.354 E.49502
G1 X210.745 Y139.912 E.0407
G1 X196.893 Y153.764 E.55258
G1 X195.45 Y153.764 E.0407
G1 X210.745 Y138.469 E.61013
G2 X210.743 Y137.028 I-8.234 J-.707 E.04068
G1 X194.007 Y153.764 E.66759
G1 X192.565 Y153.764 E.0407
G1 X210.064 Y136.265 E.69804
G2 X208.63 Y136.255 I-.771 J8.19 E.04048
G1 X191.122 Y153.764 E.69842
G1 X189.679 Y153.764 E.0407
G1 X207.187 Y136.255 E.69842
G1 X205.745 Y136.255 E.0407
G1 X188.236 Y153.764 E.69842
G1 X186.793 Y153.764 E.0407
G1 X204.302 Y136.255 E.69842
G1 X202.859 Y136.255 E.0407
G1 X185.35 Y153.764 E.69842
G1 X183.908 Y153.764 E.0407
G1 X201.416 Y136.255 E.69843
G1 X199.973 Y136.255 E.0407
M73 P28 R21
G1 X182.465 Y153.764 E.69843
G1 X181.022 Y153.764 E.0407
G1 X198.531 Y136.255 E.69843
G1 X197.088 Y136.255 E.0407
G1 X179.598 Y153.745 E.69769
G1 X178.155 Y153.745 E.0407
G1 X195.645 Y136.255 E.69769
G1 X194.202 Y136.255 E.0407
G1 X176.712 Y153.745 E.69769
G1 X175.269 Y153.745 E.0407
G1 X192.76 Y136.255 E.6977
G1 X191.317 Y136.255 E.0407
M73 P29 R21
G1 X173.849 Y153.723 E.69681
G3 X173.255 Y152.874 I.173 J-.754 E.03202
G1 X189.874 Y136.255 E.66295
G1 X188.431 Y136.255 E.0407
G1 X173.255 Y151.432 E.6054
G1 X173.255 Y149.989 E.0407
G1 X186.988 Y136.255 E.54785
G1 X185.546 Y136.255 E.0407
G1 X173.255 Y148.546 E.49029
G1 X173.255 Y147.103 E.0407
G1 X184.103 Y136.255 E.43274
G1 X182.66 Y136.255 E.0407
G1 X173.255 Y145.66 E.37519
G1 X173.255 Y144.217 E.0407
G1 X181.217 Y136.255 E.31763
G1 X179.775 Y136.255 E.0407
G1 X173.255 Y142.775 E.26008
G1 X173.255 Y141.332 E.0407
G1 X178.332 Y136.255 E.20253
G1 X176.889 Y136.255 E.0407
G1 X173.255 Y139.889 E.14498
G1 X173.255 Y138.446 E.0407
G1 X175.446 Y136.255 E.08742
G2 X173.998 Y136.26 I-.696 J8.275 E.04089
G1 X173.094 Y137.164 E.03608
G1 E-.5 F900
G1 Z.6 F30000
G1 X182.381 Y163.494 Z.6
G1 Z.4
G1 E.5 F900
SET_VELOCITY_LIMIT ACCEL=2000 ACCEL_TO_DECEL=1000
;TYPE:Top surface
;WIDTH:0.481271
G1 F8220
G1 X183.039 Y164.152 E.03219
G2 X184.008 Y164.501 I.966 J-1.161 E.03641
G1 X182.499 Y162.992 E.07391
G1 X182.498 Y162.371 E.02151
G1 X184.629 Y164.502 E.10438
G1 X185.249 Y164.502 E.02147
G1 X182.498 Y161.751 E.13474
G1 X182.498 Y161.131 E.02147
G1 X185.869 Y164.502 E.16509
G1 X186.489 Y164.502 E.02147
G1 X182.498 Y160.511 E.19545
G1 X182.498 Y159.891 E.02147
G1 X187.109 Y164.502 E.22581
G1 X187.729 Y164.502 E.02147
G1 X182.498 Y159.271 E.25617
G1 X182.498 Y158.651 E.02147
G1 X188.349 Y164.502 E.28652
G1 X188.969 Y164.502 E.02147
G1 X182.498 Y158.031 E.31688
G1 X182.498 Y157.411 E.02147
G1 X189.589 Y164.502 E.34724
G1 X190.209 Y164.502 E.02147
G1 X182.48 Y156.773 E.37847
G1 X182.462 Y156.566 E.00721
G1 X182.349 Y156.145 E.01509
G1 X182.242 Y155.916 E.00877
G1 X190.829 Y164.502 E.42048
G1 X191.448 Y164.502 E.02147
G1 X181.706 Y154.759 E.47711
G1 X182.325 Y154.759 E.02147
G1 X192.068 Y164.502 E.47711
G1 X192.688 Y164.502 E.02147
G1 X182.945 Y154.759 E.47711
G1 X183.565 Y154.759 E.02147
G1 X188.077 Y159.271 E.22091
G1 X188.077 Y158.651 E.02147
G1 X184.185 Y154.759 E.19055
G1 X184.805 Y154.759 E.02147
G1 X188.39 Y158.344 E.17554
G1 X189.01 Y158.344 E.02147
G1 X185.425 Y154.759 E.17554
G1 X186.045 Y154.759 E.02147
G1 X189.63 Y158.344 E.17554
G1 X190.25 Y158.344 E.02147
G1 X186.665 Y154.759 E.17554
G1 X187.285 Y154.759 E.02147
G1 X190.87 Y158.344 E.17554
G1 X190.992 Y158.344 E.00426
G3 X191.089 Y157.943 I2.395 J.365 E.01428
G1 X187.905 Y154.759 E.15593
G1 X188.525 Y154.759 E.02147
G1 X191.291 Y157.526 E.13547
G3 X191.566 Y157.181 I2.046 J1.352 E.01529
G1 X189.145 Y154.759 E.11859
G1 X189.765 Y154.759 E.02147
G1 X191.898 Y156.893 E.10447
G3 X192.285 Y156.659 I1.504 J2.056 E.01566
G1 X190.384 Y154.759 E.09305
G1 X191.004 Y154.759 E.02147
G1 X192.751 Y156.506 E.08553
G3 X193.31 Y156.444 I.852 J5.175 E.01946
G1 X191.428 Y154.563 E.09216
SET_VELOCITY_LIMIT ACCEL=10000 ACCEL_TO_DECEL=5000
G1 E-.5 F900
G1 Z.6 F30000
G1 X191.44 Y158.914 Z.6
G1 Z.4
G1 E.5 F900
SET_VELOCITY_LIMIT ACCEL=2000 ACCEL_TO_DECEL=1000
G1 F8220
G1 X191.864 Y159.338 E.02076
G1 X192.412 Y159.267 E.01915
G1 X192.333 Y159.187 E.0039
G1 X192.616 Y159.211 E.00986
G1 X192.68 Y158.914 E.01051
G1 X193.601 Y159.836 E.04513
G2 X193.974 Y159.589 I-.089 J-.54 E.01595
G1 X192.806 Y158.421 E.0572
G3 X193.108 Y158.103 I.636 J.302 E.01544
G1 X194.31 Y159.305 E.05885
SET_VELOCITY_LIMIT ACCEL=10000 ACCEL_TO_DECEL=5000
G1 E-.5 F900
G1 Z.6 F30000
G1 X193.188 Y161.282 Z.6
G1 Z.4
G1 E.5 F900
SET_VELOCITY_LIMIT ACCEL=2000 ACCEL_TO_DECEL=1000
G1 F8220
G1 X193.663 Y161.757 E.02327
G1 X194.283 Y161.757 E.02147
G1 X193.997 Y161.471 E.01402
G2 X194.484 Y161.339 I-.174 J-1.605 E.01757
G1 X195.1 Y161.954 E.03013
SET_VELOCITY_LIMIT ACCEL=10000 ACCEL_TO_DECEL=5000
G1 E-.5 F900
G1 Z.6 F30000
G1 X193.505 Y164.699 Z.6
G1 Z.4
G1 E.5 F900
SET_VELOCITY_LIMIT ACCEL=2000 ACCEL_TO_DECEL=1000
G1 F8220
G1 X192.263 Y163.457 E.06082
G1 X191.747 Y163.457 E.01787
G1 X191.627 Y162.821 E.02241
G1 X188.886 Y160.08 E.13421
G1 X189.506 Y160.08 E.02147
G1 X191.483 Y162.057 E.09679
G1 X191.339 Y161.293 E.02692
G1 X190.126 Y160.08 E.05938
G1 X190.746 Y160.08 E.02147
G1 X191.441 Y160.776 E.03405
SET_VELOCITY_LIMIT ACCEL=10000 ACCEL_TO_DECEL=5000
G1 E-.5 F900
G1 Z.6 F30000
G1 X192.686 Y163.26 Z.6
G1 Z.4
G1 E.5 F900
SET_VELOCITY_LIMIT ACCEL=2000 ACCEL_TO_DECEL=1000
G1 F8220
G1 X193.928 Y164.502 E.06082
G1 X194.548 Y164.502 E.02147
G1 X193.503 Y163.457 E.05119
G1 X194.123 Y163.457 E.02147
G1 X195.168 Y164.502 E.05119
G1 X195.788 Y164.502 E.02147
G1 X194.743 Y163.457 E.05119
G1 X195.363 Y163.457 E.02147
G1 X196.408 Y164.502 E.05119
G1 X197.028 Y164.502 E.02147
G1 X195.641 Y163.115 E.06791
G1 X195.641 Y162.496 E.02147
G1 X197.648 Y164.502 E.09826
G1 X198.268 Y164.502 E.02147
G1 X194.879 Y161.114 E.16593
G2 X195.226 Y160.84 I-1.291 J-1.993 E.01531
G1 X198.888 Y164.502 E.17932
G1 X199.507 Y164.502 E.02147
G1 X195.497 Y160.491 E.19641
G2 X195.724 Y160.099 I-1.926 J-1.376 E.01573
G1 X200.115 Y164.49 E.21506
G2 X200.61 Y164.365 I-.117 J-1.5 E.01775
G1 X195.866 Y159.62 E.23233
G2 X195.924 Y159.059 I-7.394 J-1.054 E.01955
G1 X200.989 Y164.124 E.24805
G2 X201.273 Y163.788 I-.812 J-.972 E.01531
G1 X195.832 Y158.347 E.26645
G2 X194.94 Y156.973 I-2.47 J.626 E.05773
G2 X194.005 Y156.52 I-1.288 J1.467 E.03644
G1 X192.244 Y154.759 E.08621
G1 X192.864 Y154.759 E.02147
G1 X201.454 Y163.349 E.42063
G2 X201.502 Y162.777 I-2.353 J-.487 E.01991
G1 X193.484 Y154.759 E.39264
G1 X194.104 Y154.759 E.02147
G1 X201.502 Y162.157 E.36229
G1 X201.502 Y161.538 E.02147
G1 X194.724 Y154.759 E.33193
G1 X195.344 Y154.759 E.02147
G1 X201.502 Y160.918 E.30157
G1 X201.502 Y160.298 E.02147
G1 X195.964 Y154.759 E.27121
G1 X196.584 Y154.759 E.02147
G1 X201.502 Y159.678 E.24086
G1 X201.502 Y159.058 E.02147
G1 X197.204 Y154.759 E.2105
G1 X197.824 Y154.759 E.02147
G1 X201.502 Y158.438 E.18014
G1 X201.502 Y157.818 E.02147
G1 X198.443 Y154.759 E.14979
G1 X199.063 Y154.759 E.02147
G1 X201.502 Y157.198 E.11943
G3 X201.534 Y156.61 I3.375 J-.11 E.02041
G1 X199.683 Y154.759 E.09065
G1 X200.303 Y154.759 E.02147
G1 X201.663 Y156.119 E.06659
G1 X201.868 Y155.704 E.01603
G1 X200.923 Y154.759 E.04625
G1 X201.543 Y154.759 E.02147
G1 X202.131 Y155.347 E.02879
G1 X202.449 Y155.046 E.01518
G1 X201.966 Y154.563 E.02366
; stop printing object flowrate_m5 id:140666992080768 copy 0
; printing object flowrate_m10 id:1069446856963 copy 0
SET_VELOCITY_LIMIT ACCEL=10000 ACCEL_TO_DECEL=5000
G1 E-.5 F900
G1 Z.6 F30000
G1 X190.988 Y124.8 Z.6
G1 Z.4
G1 E.5 F900
SET_VELOCITY_LIMIT ACCEL=5000 ACCEL_TO_DECEL=2500
;TYPE:Outer wall
;WIDTH:0.4
G1 F11201.982
G1 X190.988 Y129.27 E.11946
G2 X189.514 Y128.506 I-3.848 J5.617 E.04446
G1 X189.514 Y129.64 E.0303
G3 X191.146 Y130.914 I-1.59 J3.72 E.05595
G1 X191.338 Y131.225 E.00975
G1 X192.124 Y131.225 E.02102
G1 X192.124 Y124.8 E.17168
G1 X191.028 Y124.8 E.02931
SET_VELOCITY_LIMIT ACCEL=10000 ACCEL_TO_DECEL=5000
G1 E-.5 F900
G1 Z.6 F30000
G1 X196.985 Y125.095 Z.6
G1 Z.4
G1 E.5 F900
SET_VELOCITY_LIMIT ACCEL=5000 ACCEL_TO_DECEL=2500
G1 F11201.982
G2 X195.549 Y124.721 I-1.179 J1.583 E.04064
G2 X194.564 Y125.097 I.061 J1.635 E.02868
G1 X194.242 Y125.398 E.01177
G2 X193.808 Y126.32 I5.04 J2.934 E.02728
G2 X193.611 Y127.958 I5.279 J1.466 E.04426
G2 X193.839 Y129.733 I6.395 J.08 E.04798
G2 X194.555 Y130.83 I2.449 J-.817 E.03537
G2 X197.088 Y130.735 I1.208 J-1.633 E.07317
G2 X197.85 Y129.057 I-2.106 J-1.968 E.05015
G2 X197.698 Y126.193 I-6.823 J-1.072 E.07719
G2 X197.014 Y125.122 I-2.451 J.811 E.03432
SET_VELOCITY_LIMIT ACCEL=10000 ACCEL_TO_DECEL=5000
G1 E-.5 F900
G1 Z.6 F30000
G1 X188.74 Y127.742 Z.6
G1 Z.4
G1 E.5 F900
SET_VELOCITY_LIMIT ACCEL=5000 ACCEL_TO_DECEL=2500
G1 F11201.982
G1 X188.74 Y126.601 E.03048
G1 X186.076 Y126.601 E.07117
G1 X186.076 Y127.742 E.03048
G1 X188.7 Y127.742 E.0701
SET_VELOCITY_LIMIT ACCEL=10000 ACCEL_TO_DECEL=5000
G1 E-.5 F900
G1 Z.6 F30000
G1 X210.181 Y122.024 Z.6
G1 Z.4
G1 E.5 F900
;TYPE:Inner wall
G1 F11201.982
G3 X209.958 Y122.043 I-.2 J-1.043 E.00598
G1 X203.958 Y122.043 E.16033
G1 X203.746 Y122.061 E.00568
G1 X180.254 Y122.061 E.62777
G1 X180.042 Y122.043 E.00568
G1 X174.042 Y122.043 E.16033
G3 X172.957 Y120.958 I-.023 J-1.062 E.0458
G1 X172.957 Y105.042 E.42532
G3 X174.042 Y103.957 I1.062 J-.023 E.0458
G1 X209.969 Y103.958 E.96005
G3 X211.043 Y105.042 I.014 J1.06 E.04552
G1 X211.043 Y120.958 E.42532
G3 X210.22 Y122.016 I-1.062 J.023 E.03876
G1 X210.243 Y122.376 F30000
G1 F11201.982
G3 X209.974 Y122.4 I-.261 J-1.394 E.00722
G1 X203.974 Y122.4 E.16033
G1 X203.762 Y122.419 E.00568
G1 X180.238 Y122.419 E.62861
G1 X180.026 Y122.4 E.00568
G1 X174.026 Y122.4 E.16033
G3 X172.6 Y120.974 I-.008 J-1.418 E.05995
G1 X172.6 Y105.026 E.42616
G3 X174.026 Y103.6 I1.418 J-.008 E.05995
G1 X210 Y103.602 E.96129
G3 X211.4 Y105.026 I-.014 J1.415 E.05924
G1 X211.4 Y120.974 E.42615
G3 X210.282 Y122.368 I-1.418 J.008 E.05166
SET_VELOCITY_LIMIT ACCEL=5000 ACCEL_TO_DECEL=2500
G1 X210.312 Y122.77 F30000
;TYPE:Outer wall
G1 F11201.982
G3 X209.991 Y122.8 I-.33 J-1.788 E.00862
G1 X203.991 Y122.8 E.16033
G2 X201.8 Y124.991 I.028 J2.219 E.09167
G1 X201.8 Y130.991 E.16033
G3 X199.991 Y132.8 I-1.818 J-.01 E.07581
G1 X184.009 Y132.8 E.42709
G3 X182.2 Y130.991 I.01 J-1.818 E.07581
G1 X182.2 Y124.991 E.16033
G2 X180.009 Y122.8 I-2.219 J.028 E.09167
G1 X174.009 Y122.8 E.16033
G3 X172.2 Y120.991 I.01 J-1.818 E.07581
G1 X172.2 Y105.009 E.42709
G3 X174.009 Y103.2 I1.818 J.01 E.07581
G1 X210.035 Y103.204 E.96269
G3 X211.8 Y105.009 I-.048 J1.812 E.07463
G1 X211.8 Y120.991 E.42709
G3 X210.351 Y122.762 I-1.818 J-.01 E.06612
SET_VELOCITY_LIMIT ACCEL=10000 ACCEL_TO_DECEL=5000
G1 E-.5 F900
G1 Z.6 F30000
G1 X209.736 Y121.906 Z.6
G1 Z.4
G1 E.5 F900
;TYPE:Sparse infill
G1 F11201.982
G1 X210.745 Y120.897 E.03814
G1 X210.745 Y119.454 E.03856
G1 X208.454 Y121.745 E.08659
G1 X207.011 Y121.745 E.03856
G1 X210.745 Y118.011 E.14112
G1 X210.745 Y116.568 E.03856
G1 X205.568 Y121.745 E.19564
G1 X204.126 Y121.745 E.03856
G1 X210.745 Y115.126 E.25017
G1 X210.745 Y113.683 E.03856
G1 X202.664 Y121.764 E.30539
G1 X201.221 Y121.764 E.03856
G1 X210.745 Y112.24 E.35992
G1 X210.745 Y110.797 E.03856
G1 X199.779 Y121.764 E.41444
G1 X198.336 Y121.764 E.03856
G1 X210.745 Y109.354 E.46897
G1 X210.745 Y107.912 E.03856
G1 X196.893 Y121.764 E.5235
G1 X195.45 Y121.764 E.03856
G1 X210.745 Y106.469 E.57802
G2 X210.743 Y105.028 I-8.231 J-.707 E.03854
G1 X194.007 Y121.764 E.63246
G1 X192.565 Y121.764 E.03856
G1 X210.064 Y104.265 E.6613
G2 X208.63 Y104.255 I-.771 J8.19 E.03835
G1 X191.122 Y121.764 E.66166
G1 X189.679 Y121.764 E.03856
G1 X207.187 Y104.255 E.66166
G1 X205.745 Y104.255 E.03855
G1 X188.236 Y121.764 E.66166
G1 X186.793 Y121.764 E.03856
G1 X204.302 Y104.255 E.66166
G1 X202.859 Y104.255 E.03855
G1 X185.35 Y121.764 E.66167
G1 X183.908 Y121.764 E.03856
G1 X201.416 Y104.255 E.66167
G1 X199.973 Y104.255 E.03855
G1 X182.465 Y121.764 E.66167
G1 X181.022 Y121.764 E.03856
G1 X198.531 Y104.255 E.66167
G1 X197.088 Y104.255 E.03855
G1 X179.598 Y121.745 E.66097
G1 X178.155 Y121.745 E.03856
G1 X195.645 Y104.255 E.66097
G1 X194.202 Y104.255 E.03855
G1 X176.712 Y121.745 E.66097
G1 X175.269 Y121.745 E.03856
G1 X192.76 Y104.255 E.66097
G1 X191.317 Y104.255 E.03855
M73 P30 R21
G1 X173.849 Y121.723 E.66014
G3 X173.255 Y120.874 I.173 J-.754 E.03034
G1 X189.874 Y104.255 E.62806
G1 X188.431 Y104.255 E.03855
G1 X173.255 Y119.432 E.57354
G1 X173.255 Y117.989 E.03856
G1 X186.988 Y104.255 E.51901
G1 X185.546 Y104.255 E.03855
G1 X173.255 Y116.546 E.46449
G1 X173.255 Y115.103 E.03856
G1 X184.103 Y104.255 E.40997
G1 X182.66 Y104.255 E.03855
G1 X173.255 Y113.66 E.35544
G1 X173.255 Y112.217 E.03856
G1 X181.217 Y104.255 E.30092
G1 X179.775 Y104.255 E.03855
G1 X173.255 Y110.775 E.24639
G1 X173.255 Y109.332 E.03856
G1 X178.332 Y104.255 E.19187
G1 X176.889 Y104.255 E.03855
G1 X173.255 Y107.889 E.13735
G1 X173.255 Y106.446 E.03856
G1 X175.446 Y104.255 E.08282
G2 X173.998 Y104.26 I-.696 J8.273 E.03874
G1 X173.094 Y105.164 E.03418
G1 E-.5 F900
G1 Z.6 F30000
G1 X183.506 Y132.619 Z.6
G1 Z.4
G1 E.5 F900
SET_VELOCITY_LIMIT ACCEL=2000 ACCEL_TO_DECEL=1000
;TYPE:Top surface
;WIDTH:0.481271
G1 F8220
G1 X182.848 Y131.961 E.0305
G3 X182.499 Y130.992 I1.161 J-.966 E.0345
G1 X184.008 Y132.501 E.07002
G1 X184.629 Y132.502 E.02037
G1 X182.498 Y130.371 E.09889
G1 X182.498 Y129.751 E.02034
G1 X185.249 Y132.502 E.12765
G1 X185.869 Y132.502 E.02034
G1 X182.498 Y129.131 E.15641
G1 X182.498 Y128.511 E.02034
G1 X186.489 Y132.502 E.18517
G1 X187.109 Y132.502 E.02034
G1 X182.498 Y127.891 E.21392
G1 X182.498 Y127.271 E.02034
G1 X187.729 Y132.502 E.24268
G1 X188.349 Y132.502 E.02034
G1 X182.498 Y126.651 E.27144
G1 X182.498 Y126.031 E.02034
G1 X188.969 Y132.502 E.3002
G1 X189.589 Y132.502 E.02034
G1 X182.498 Y125.411 E.32896
G2 X182.48 Y124.773 I-3.655 J-.217 E.02096
G1 X190.209 Y132.502 E.35855
G1 X190.829 Y132.502 E.02034
G1 X186.366 Y128.039 E.20704
G1 X185.778 Y128.039 E.01927
G1 X185.778 Y127.452 E.01927
G1 X182.242 Y123.916 E.16407
G1 X182.165 Y123.75 E.00599
G2 X181.26 Y122.842 I-2.376 J1.463 E.04243
G1 X181.286 Y122.759 E.00285
G1 X181.706 Y122.759 E.01376
G1 X185.778 Y126.832 E.18895
G1 X185.778 Y126.303 E.01736
G1 X185.869 Y126.303 E.00298
G1 X182.325 Y122.759 E.1644
G1 X182.945 Y122.759 E.02034
G1 X186.489 Y126.303 E.1644
G1 X187.109 Y126.303 E.02034
G1 X183.565 Y122.759 E.1644
G1 X184.185 Y122.759 E.02034
G1 X187.729 Y126.303 E.1644
G1 X188.349 Y126.303 E.02034
G1 X184.608 Y122.563 E.17353
SET_VELOCITY_LIMIT ACCEL=10000 ACCEL_TO_DECEL=5000
G1 E-.5 F900
G1 Z.6 F30000
G1 X186.789 Y127.843 Z.6
G1 Z.4
G1 E.5 F900
SET_VELOCITY_LIMIT ACCEL=2000 ACCEL_TO_DECEL=1000
G1 F8220
G1 X191.448 Y132.502 E.21616
G1 X192.068 Y132.502 E.02034
G1 X187.606 Y128.039 E.20704
G1 X188.226 Y128.039 E.02034
G1 X189.216 Y129.03 E.04597
G1 X189.216 Y128.41 E.02034
G1 X188.845 Y128.039 E.01721
G1 X189.037 Y128.039 E.0063
G1 X189.037 Y127.611 E.01404
G1 X189.678 Y128.252 E.02971
G3 X190.69 Y128.728 I-3.11 J7.921 E.03672
G1 X190.69 Y128.644 E.00276
G1 X188.841 Y126.795 E.08578
SET_VELOCITY_LIMIT ACCEL=10000 ACCEL_TO_DECEL=5000
G1 E-.5 F900
G1 Z.6 F30000
G1 X190.886 Y128.221 Z.6
G1 Z.4
G1 E.5 F900
SET_VELOCITY_LIMIT ACCEL=2000 ACCEL_TO_DECEL=1000
G1 F8220
G1 X185.425 Y122.759 E.25337
G1 X186.045 Y122.759 E.02034
G1 X190.69 Y127.404 E.21548
G1 X190.69 Y126.784 E.02034
G1 X186.665 Y122.759 E.18672
G1 X187.285 Y122.759 E.02034
G1 X190.69 Y126.164 E.15796
G1 X190.69 Y125.544 E.02034
G1 X187.905 Y122.759 E.1292
G1 X188.525 Y122.759 E.02034
G1 X190.69 Y124.924 E.10044
G1 X190.69 Y124.502 E.01385
G1 X190.888 Y124.502 E.00649
G1 X189.145 Y122.759 E.08086
G1 X189.765 Y122.759 E.02034
G1 X191.704 Y124.699 E.08998
SET_VELOCITY_LIMIT ACCEL=10000 ACCEL_TO_DECEL=5000
G1 E-.5 F900
G1 Z.6 F30000
G1 X191.512 Y131.326 Z.6
G1 Z.4
G1 E.5 F900
SET_VELOCITY_LIMIT ACCEL=2000 ACCEL_TO_DECEL=1000
G1 F8220
G1 X192.688 Y132.502 E.05458
G1 X193.308 Y132.502 E.02034
G1 X192.328 Y131.522 E.04546
G1 X192.422 Y131.522 E.00307
G1 X192.422 Y130.996 E.01726
G1 X193.928 Y132.502 E.06987
G1 X194.548 Y132.502 E.02034
G1 X192.422 Y130.376 E.09863
G1 X192.422 Y129.756 E.02034
G1 X195.168 Y132.502 E.12739
G1 X195.788 Y132.502 E.02034
G1 X192.422 Y129.136 E.15615
G1 X192.422 Y128.516 E.02034
G1 X193.498 Y129.593 E.04993
G2 X194.367 Y131.064 I2.732 J-.622 E.05694
G2 X195.4 Y131.495 I1.383 J-1.863 E.03709
G1 X196.605 Y132.699 E.05587
SET_VELOCITY_LIMIT ACCEL=10000 ACCEL_TO_DECEL=5000
G1 E-.5 F900
G1 Z.6 F30000
G1 X195.847 Y131.322 Z.6
G1 Z.4
G1 E.5 F900
SET_VELOCITY_LIMIT ACCEL=2000 ACCEL_TO_DECEL=1000
G1 F8220
G1 X197.028 Y132.502 E.05477
G1 X197.648 Y132.502 E.02034
G1 X196.542 Y131.396 E.05131
G2 X196.963 Y131.198 I-.706 J-2.045 E.01531
G1 X198.268 Y132.502 E.06052
G1 X198.888 Y132.502 E.02034
G1 X197.315 Y130.929 E.07297
G2 X197.597 Y130.592 I-1.655 J-1.67 E.01446
G1 X199.507 Y132.502 E.08864
G2 X200.115 Y132.49 I.235 J-3.48 E.01997
G1 X197.82 Y130.195 E.10648
G2 X197.997 Y129.752 I-3.49 J-1.652 E.01566
G1 X200.61 Y132.365 E.12121
G2 X200.989 Y132.124 I-.718 J-1.553 E.01478
G1 X198.117 Y129.252 E.13323
G2 X198.195 Y128.71 I-10.571 J-1.791 E.01797
G1 X201.273 Y131.788 E.14278
G2 X201.454 Y131.349 I-1.422 J-.843 E.01563
G1 X198.219 Y128.114 E.15006
G2 X198.21 Y127.485 I-16.491 J-.076 E.02064
G1 X201.502 Y130.777 E.15273
G1 X201.502 Y130.158 E.02034
G1 X197.886 Y126.541 E.16777
SET_VELOCITY_LIMIT ACCEL=10000 ACCEL_TO_DECEL=5000
G1 E-.5 F900
G1 Z.6 F30000
G1 X193.589 Y129.064 Z.6
G1 Z.4
G1 E.5 F900
SET_VELOCITY_LIMIT ACCEL=2000 ACCEL_TO_DECEL=1000
G1 F8220
G1 X192.422 Y127.897 E.05415
G1 X192.422 Y127.277 E.02034
G1 X193.318 Y128.172 E.04156
G3 X193.324 Y127.559 I6.03 J-.242 E.02013
G1 X192.422 Y126.657 E.04186
G1 X192.422 Y126.037 E.02034
G1 X193.361 Y126.976 E.04355
G3 X193.46 Y126.455 I4.486 J.589 E.01739
G1 X192.225 Y125.22 E.0573
SET_VELOCITY_LIMIT ACCEL=10000 ACCEL_TO_DECEL=5000
G1 E-.5 F900
G1 Z.6 F30000
G1 X193.77 Y126.144 Z.6
G1 Z.4
G1 E.5 F900
SET_VELOCITY_LIMIT ACCEL=2000 ACCEL_TO_DECEL=1000
G1 F8220
G1 X190.384 Y122.759 E.15705
G1 X191.004 Y122.759 E.02034
G1 X193.819 Y125.574 E.13058
G1 X194 Y125.216 E.01316
G1 X194.042 Y125.177 E.00188
G1 X191.624 Y122.759 E.11217
G1 X192.244 Y122.759 E.02034
G1 X194.363 Y124.878 E.09829
G3 X194.734 Y124.629 I1.551 J1.912 E.01468
G1 X192.864 Y122.759 E.08675
G1 X193.484 Y122.759 E.02034
G1 X195.196 Y124.471 E.07941
G3 X195.744 Y124.399 I1.013 J5.619 E.01815
G1 X194.104 Y122.759 E.07609
G1 X194.724 Y122.759 E.02034
G1 X196.458 Y124.493 E.08043
G1 X196.498 Y124.501 E.00136
G3 X197.173 Y124.861 I-.983 J2.654 E.02516
G3 X197.925 Y125.96 I-1.853 J2.075 E.04412
G1 X201.502 Y129.538 E.16596
G1 X201.502 Y128.918 E.02034
G1 X195.344 Y122.759 E.2857
G1 X195.964 Y122.759 E.02034
G1 X201.502 Y128.298 E.25694
G1 X201.502 Y127.678 E.02034
G1 X196.584 Y122.759 E.22818
G1 X197.204 Y122.759 E.02034
G1 X201.502 Y127.058 E.19942
G1 X201.502 Y126.438 E.02034
G1 X197.823 Y122.759 E.17066
G1 X198.443 Y122.759 E.02034
G1 X201.502 Y125.818 E.1419
G1 X201.502 Y125.198 E.02034
G1 X199.063 Y122.759 E.11314
G1 X199.683 Y122.759 E.02034
G1 X201.534 Y124.61 E.08588
G1 X201.663 Y124.119 E.01666
G1 X200.303 Y122.759 E.06309
G1 X200.923 Y122.759 E.02034
G1 X201.868 Y123.704 E.04382
G1 X202.131 Y123.347 E.01454
G1 X201.543 Y122.759 E.02728
G1 X202.163 Y122.759 E.02034
G1 X202.591 Y123.187 E.01984
SET_VELOCITY_LIMIT ACCEL=10000 ACCEL_TO_DECEL=5000
G1 E-.5 F900
G1 Z.6 F30000
G1 X196.308 Y125.932 Z.6
G1 Z.4
G1 E.5 F900
SET_VELOCITY_LIMIT ACCEL=5000 ACCEL_TO_DECEL=2500
;TYPE:Outer wall
;WIDTH:0.4
G1 F11201.982
G3 X196.447 Y126.099 I-.554 J.601 E.00581
G3 X196.765 Y127.459 I-3.35 J1.501 E.03754
G1 X196.765 Y128.461 E.02677
G3 X196.447 Y129.822 I-3.663 J-.138 E.0376
G3 X195.323 Y130.082 I-.692 J-.433 E.03423
G3 X195.121 Y129.877 I.827 J-1.017 E.00773
G3 X194.773 Y128.478 I2.962 J-1.478 E.03882
G3 X194.81 Y126.977 I12.14 J-.452 E.04014
G3 X195.088 Y126.097 I3.644 J.667 E.02472
G3 X195.861 Y125.723 I.677 J.413 E.02424
G3 X196.278 Y125.906 I-.106 J.811 E.01234
SET_VELOCITY_LIMIT ACCEL=10000 ACCEL_TO_DECEL=5000
G1 E-.5 F900
G1 Z.6 F30000
G1 X195.011 Y129.316 Z.6
G1 Z.4
G1 E.5 F900
SET_VELOCITY_LIMIT ACCEL=2000 ACCEL_TO_DECEL=1000
;TYPE:Top surface
;WIDTH:0.539197
G1 F8060.014
G1 X195.576 Y129.88 E.02965
G2 X196.13 Y129.732 I.173 J-.464 E.02271
G1 X195.085 Y128.687 E.05488
G3 X195.066 Y127.967 I6.89 J-.538 E.02678
G1 X196.346 Y129.247 E.06722
G2 X196.45 Y128.65 I-2.108 J-.677 E.02259
G1 X195.083 Y127.282 E.0718
G3 X195.186 Y126.683 I2.227 J.073 E.02265
G1 X196.467 Y127.964 E.06729
G2 X196.448 Y127.243 I-4.31 J-.245 E.02683
G1 X195.399 Y126.194 E.05511
G3 X195.955 Y126.048 I.371 J.281 E.02301
G1 X196.538 Y126.631 E.03063
; stop printing object flowrate_m10 id:1069446856963 copy 0
; printing object flowrate_m15 id:1120986464517 copy 0
SET_VELOCITY_LIMIT ACCEL=10000 ACCEL_TO_DECEL=5000
G1 E-.5 F900
G1 Z.6 F30000
G1 X148.955 Y124.8 Z.6
G1 Z.4
G1 E.5 F900
SET_VELOCITY_LIMIT ACCEL=5000 ACCEL_TO_DECEL=2500
;TYPE:Outer wall
;WIDTH:0.4
G1 F11860.923
G1 X148.955 Y129.27 E.11282
G2 X147.481 Y128.506 I-3.848 J5.617 E.04199
G1 X147.481 Y129.64 E.02861
G3 X149.114 Y130.914 I-1.59 J3.72 E.05284
G1 X149.305 Y131.225 E.00921
G1 X150.092 Y131.225 E.01985
G1 X150.092 Y124.8 E.16214
G1 X148.995 Y124.8 E.02768
SET_VELOCITY_LIMIT ACCEL=10000 ACCEL_TO_DECEL=5000
G1 E-.5 F900
G1 Z.6 F30000
G1 X151.674 Y127.665 Z.6
G1 Z.4
G1 E.5 F900
SET_VELOCITY_LIMIT ACCEL=5000 ACCEL_TO_DECEL=2500
G1 F11860.923
G1 X152.325 Y131.118 E.08868
G1 X155.674 Y131.118 E.08453
G1 X155.674 Y130.014 E.02786
G1 X153.244 Y130.014 E.06134
G1 X153.037 Y128.983 E.02654
G2 X155.041 Y128.828 I.863 J-1.869 E.05299
G1 X155.36 Y128.575 E.01029
G2 X155.879 Y127.658 I-1.794 J-1.619 E.0268
G2 X155.437 Y125.498 I-2.447 J-.625 E.05757
G2 X154.666 Y124.89 I-2.087 J1.853 E.02491
G2 X153.709 Y124.697 I-1.045 J2.711 E.02476
G1 X153.318 Y124.728 E.00992
G2 X152.237 Y125.204 I.354 J2.271 E.03015
G2 X151.702 Y125.998 I1.765 J1.765 E.02429
G2 X151.54 Y126.752 I4.341 J1.331 E.0195
G1 X152.711 Y126.851 E.02966
G3 X152.964 Y126.09 I1.802 J.176 E.02042
G3 X154.293 Y125.898 I.758 J.553 E.03776
G3 X154.774 Y126.969 I-.826 J1.015 E.03072
G3 X154.475 Y127.823 I-1.309 J.021 E.02334
G3 X152.69 Y127.533 I-.778 J-.851 E.05246
G1 X151.713 Y127.66 E.02486
SET_VELOCITY_LIMIT ACCEL=10000 ACCEL_TO_DECEL=5000
G1 E-.5 F900
G1 Z.6 F30000
G1 X146.707 Y127.742 Z.6
G1 Z.4
G1 E.5 F900
SET_VELOCITY_LIMIT ACCEL=5000 ACCEL_TO_DECEL=2500
G1 F11860.923
G1 X146.707 Y126.601 E.02879
G1 X144.044 Y126.601 E.06722
G1 X144.044 Y127.742 E.02879
G1 X146.667 Y127.742 E.06621
SET_VELOCITY_LIMIT ACCEL=10000 ACCEL_TO_DECEL=5000
G1 E-.5 F900
G1 Z.6 F30000
G1 X168.518 Y104.103 Z.6
G1 Z.4
G1 E.5 F900
;TYPE:Inner wall
G1 F11860.923
G3 X169.043 Y105.042 I-.535 J.915 E.02847
G1 X169.043 Y120.958 E.40169
G3 X167.958 Y122.043 I-1.062 J.023 E.04326
G1 X161.958 Y122.043 E.15143
G1 X161.746 Y122.061 E.00537
G1 X138.254 Y122.061 E.5929
G1 X138.042 Y122.043 E.00537
G1 X132.042 Y122.043 E.15143
G3 X130.957 Y120.958 I-.023 J-1.062 E.04326
G1 X130.957 Y105.042 E.40169
G3 X132.042 Y103.957 I1.062 J-.023 E.04326
G1 X167.969 Y103.958 E.90671
G3 X168.483 Y104.083 I.014 J1.06 E.0135
G1 X168.696 Y103.794 F30000
G1 F11860.923
G3 X169.4 Y105.026 I-.711 J1.223 E.03752
G1 X169.4 Y120.974 E.40248
G3 X167.974 Y122.4 I-1.418 J.008 E.05662
G1 X161.974 Y122.4 E.15143
G1 X161.762 Y122.419 E.00537
G1 X138.238 Y122.419 E.59368
G1 X138.026 Y122.4 E.00537
G1 X132.026 Y122.4 E.15143
G3 X130.6 Y120.974 I-.008 J-1.418 E.05662
G1 X130.6 Y105.026 E.40248
G3 X132.026 Y103.6 I1.418 J-.008 E.05662
G1 X168 Y103.602 E.90789
G3 X168.662 Y103.774 I-.014 J1.415 E.01743
SET_VELOCITY_LIMIT ACCEL=5000 ACCEL_TO_DECEL=2500
G1 X168.896 Y103.448 F30000
;TYPE:Outer wall
G1 F11860.923
G3 X169.8 Y105.009 I-.909 J1.569 E.04765
G1 X169.8 Y120.991 E.40336
G3 X167.991 Y122.8 I-1.818 J-.01 E.0716
G1 X161.991 Y122.8 E.15143
G2 X159.8 Y124.991 I.028 J2.219 E.08658
G1 X159.8 Y130.991 E.15143
G3 X157.991 Y132.8 I-1.818 J-.01 E.0716
G1 X142.009 Y132.8 E.40336
G3 X140.2 Y130.991 I.01 J-1.818 E.0716
G1 X140.2 Y124.991 E.15143
G2 X138.009 Y122.8 I-2.219 J.028 E.08658
G1 X132.009 Y122.8 E.15143
G3 X130.2 Y120.991 I.01 J-1.818 E.0716
G1 X130.2 Y105.009 E.40336
G3 X132.009 Y103.2 I1.813 J.004 E.07166
G1 X168.035 Y103.204 E.90921
G3 X168.861 Y103.428 I-.048 J1.812 E.02183
SET_VELOCITY_LIMIT ACCEL=10000 ACCEL_TO_DECEL=5000
G1 E-.5 F900
G1 Z.6 F30000
G1 X167.736 Y121.906 Z.6
G1 Z.4
G1 E.5 F900
;TYPE:Sparse infill
G1 F11860.923
G1 X168.745 Y120.897 E.03602
G1 X168.745 Y119.454 E.03641
G1 X166.454 Y121.745 E.08178
G1 X165.011 Y121.745 E.03641
G1 X168.745 Y118.011 E.13328
G1 X168.745 Y116.568 E.03641
G1 X163.568 Y121.745 E.18477
G1 X162.126 Y121.745 E.03641
G1 X168.745 Y115.126 E.23627
G1 X168.745 Y113.683 E.03641
G1 X160.664 Y121.764 E.28843
G1 X159.221 Y121.764 E.03641
G1 X168.745 Y112.24 E.33992
G1 X168.745 Y110.797 E.03641
G1 X157.779 Y121.764 E.39142
G1 X156.336 Y121.764 E.03641
G1 X168.745 Y109.354 E.44292
G1 X168.745 Y107.912 E.03641
G1 X154.893 Y121.764 E.49441
G1 X153.45 Y121.764 E.03641
G1 X168.745 Y106.469 E.54591
G2 X168.743 Y105.028 I-8.231 J-.707 E.0364
G1 X152.007 Y121.764 E.59732
G1 X150.565 Y121.764 E.03641
G1 X168.064 Y104.265 E.62456
G2 X166.63 Y104.255 I-.771 J8.19 E.03622
M73 P31 R21
G1 X149.122 Y121.764 E.6249
G1 X147.679 Y121.764 E.03641
G1 X165.187 Y104.255 E.6249
G1 X163.745 Y104.255 E.03641
G1 X146.236 Y121.764 E.6249
G1 X144.793 Y121.764 E.03641
G1 X162.302 Y104.255 E.62491
G1 X160.859 Y104.255 E.03641
G1 X143.35 Y121.764 E.62491
G1 X141.908 Y121.764 E.03641
G1 X159.416 Y104.255 E.62491
G1 X157.973 Y104.255 E.03641
G1 X140.465 Y121.764 E.62491
G1 X139.022 Y121.764 E.03641
G1 X156.531 Y104.255 E.62491
G1 X155.088 Y104.255 E.03641
G1 X137.598 Y121.745 E.62425
G1 X136.155 Y121.745 E.03641
G1 X153.645 Y104.255 E.62425
G1 X152.202 Y104.255 E.03641
G1 X134.712 Y121.745 E.62425
G1 X133.269 Y121.745 E.03641
G1 X150.76 Y104.255 E.62425
G1 X149.317 Y104.255 E.03641
G1 X131.849 Y121.723 E.62346
G3 X131.255 Y120.874 I.173 J-.754 E.02865
G1 X147.874 Y104.255 E.59317
G1 X146.431 Y104.255 E.03641
G1 X131.255 Y119.432 E.54167
G1 X131.255 Y117.989 E.03641
G1 X144.988 Y104.255 E.49018
G1 X143.546 Y104.255 E.03641
G1 X131.255 Y116.546 E.43868
G1 X131.255 Y115.103 E.03641
G1 X142.103 Y104.255 E.38719
G1 X140.66 Y104.255 E.03641
G1 X131.255 Y113.66 E.33569
G1 X131.255 Y112.217 E.03641
G1 X139.217 Y104.255 E.2842
G1 X137.775 Y104.255 E.03641
G1 X131.255 Y110.775 E.2327
G1 X131.255 Y109.332 E.03641
G1 X136.332 Y104.255 E.18121
G1 X134.889 Y104.255 E.03641
G1 X131.255 Y107.889 E.12971
G1 X131.255 Y106.446 E.03641
G1 X133.446 Y104.255 E.07822
G2 X131.998 Y104.26 I-.696 J8.275 E.03658
G1 X131.094 Y105.164 E.03228
G1 E-.5 F900
G1 Z.6 F30000
G1 X140.381 Y131.494 Z.6
G1 Z.4
G1 E.5 F900
SET_VELOCITY_LIMIT ACCEL=2000 ACCEL_TO_DECEL=1000
;TYPE:Top surface
;WIDTH:0.481271
G1 F8220
G1 X141.039 Y132.152 E.0288
G2 X142.008 Y132.501 I.966 J-1.161 E.03258
G1 X140.499 Y130.992 E.06613
G1 X140.498 Y130.371 E.01924
G1 X142.629 Y132.502 E.09339
G1 X143.249 Y132.502 E.01921
G1 X140.498 Y129.751 E.12055
G1 X140.498 Y129.131 E.01921
G1 X143.869 Y132.502 E.14772
G1 X144.489 Y132.502 E.01921
G1 X140.498 Y128.511 E.17488
G1 X140.498 Y127.891 E.01921
G1 X145.109 Y132.502 E.20204
G1 X145.729 Y132.502 E.01921
G1 X140.498 Y127.271 E.2292
G1 X140.498 Y126.651 E.01921
G1 X146.349 Y132.502 E.25636
G1 X146.969 Y132.502 E.01921
G1 X140.498 Y126.031 E.28352
G1 X140.498 Y125.411 E.01921
G1 X147.589 Y132.502 E.31069
G1 X148.209 Y132.502 E.01921
G1 X140.48 Y124.773 E.33863
G1 X140.462 Y124.566 E.00645
G1 X140.349 Y124.145 E.0135
G1 X140.242 Y123.916 E.00784
G1 X143.746 Y127.419 E.15352
G1 X143.746 Y126.799 E.01921
G1 X139.706 Y122.759 E.17702
G1 X140.325 Y122.759 E.01921
G1 X143.869 Y126.303 E.15527
G1 X144.489 Y126.303 E.01921
G1 X140.945 Y122.759 E.15527
G1 X141.565 Y122.759 E.01921
G1 X145.109 Y126.303 E.15527
G1 X145.729 Y126.303 E.01921
G1 X142.185 Y122.759 E.15527
G1 X142.805 Y122.759 E.01921
G1 X146.546 Y126.5 E.16389
SET_VELOCITY_LIMIT ACCEL=10000 ACCEL_TO_DECEL=5000
G1 E-.5 F900
G1 Z.6 F30000
G1 X144.169 Y127.843 Z.6
G1 Z.4
G1 E.5 F900
SET_VELOCITY_LIMIT ACCEL=2000 ACCEL_TO_DECEL=1000
G1 F8220
G1 X148.829 Y132.502 E.20415
G1 X149.448 Y132.502 E.01921
G1 X144.986 Y128.039 E.19554
G1 X145.606 Y128.039 E.01921
G1 X150.068 Y132.502 E.19554
G1 X150.688 Y132.502 E.01921
G1 X149.708 Y131.522 E.04293
G1 X150.328 Y131.522 E.01921
G1 X151.308 Y132.502 E.04293
G1 X151.928 Y132.502 E.01921
G1 X150.389 Y130.963 E.06742
G1 X150.389 Y130.343 E.01921
G1 X152.548 Y132.502 E.09458
G1 X153.168 Y132.502 E.01921
G1 X150.389 Y129.724 E.12175
G1 X150.389 Y129.104 E.01921
G1 X151.933 Y130.647 E.06762
G1 X151.789 Y129.883 E.02409
G1 X150.389 Y128.484 E.06131
G1 X150.389 Y127.864 E.01921
G1 X151.645 Y129.119 E.055
G1 X151.501 Y128.355 E.02409
G1 X150.389 Y127.244 E.04869
G1 X150.389 Y126.624 E.01921
G1 X151.356 Y127.591 E.04237
G1 X151.322 Y127.411 E.00569
G1 X151.741 Y127.356 E.01309
G1 X150.389 Y126.004 E.05924
G1 X150.389 Y125.384 E.01921
G1 X151.489 Y126.483 E.04817
SET_VELOCITY_LIMIT ACCEL=10000 ACCEL_TO_DECEL=5000
G1 X151.888 Y126.883 F30000
SET_VELOCITY_LIMIT ACCEL=2000 ACCEL_TO_DECEL=1000
G1 F8220
G1 X152.29 Y127.285 E.0176
G1 X152.823 Y127.215 E.01665
G2 X153.14 Y127.619 I2.29 J-1.474 E.01591
G2 X153.402 Y127.777 I.881 J-1.163 E.0095
G1 X152.781 Y127.156 E.02719
G1 X152.947 Y127.17 E.00516
G1 X153.029 Y126.784 E.01222
G1 X154.018 Y127.773 E.0433
G2 X154.35 Y127.485 I-.289 J-.669 E.01383
G1 X153.177 Y126.312 E.05136
G3 X153.517 Y126.032 I.502 J.262 E.01401
G1 X154.657 Y127.172 E.04993
SET_VELOCITY_LIMIT ACCEL=10000 ACCEL_TO_DECEL=5000
G1 E-.5 F900
G1 Z.6 F30000
G1 X153.64 Y129.254 Z.6
G1 Z.4
G1 E.5 F900
SET_VELOCITY_LIMIT ACCEL=2000 ACCEL_TO_DECEL=1000
G1 F8220
G1 X154.102 Y129.716 E.02025
G1 X154.722 Y129.716 E.01921
G1 X154.418 Y129.413 E.01331
G2 X154.887 Y129.262 I-.353 J-1.908 E.01531
G1 X155.538 Y129.913 E.02852
SET_VELOCITY_LIMIT ACCEL=10000 ACCEL_TO_DECEL=5000
G1 E-.5 F900
G1 Z.6 F30000
G1 X152.505 Y131.219 Z.6
G1 Z.4
G1 E.5 F900
SET_VELOCITY_LIMIT ACCEL=2000 ACCEL_TO_DECEL=1000
G1 F8220
G1 X153.788 Y132.502 E.05621
G1 X154.408 Y132.502 E.01921
G1 X153.322 Y131.416 E.04759
G1 X153.942 Y131.416 E.01921
G1 X155.028 Y132.502 E.04759
G1 X155.648 Y132.502 E.01921
G1 X154.561 Y131.416 E.04759
G1 X155.181 Y131.416 E.01921
G1 X156.268 Y132.502 E.04759
G1 X156.888 Y132.502 E.01921
G1 X155.801 Y131.416 E.04759
G1 X155.972 Y131.416 E.00529
G1 X155.972 Y130.967 E.01392
G1 X157.507 Y132.502 E.06728
G2 X158.115 Y132.49 I.235 J-3.48 E.01886
G1 X155.775 Y130.15 E.10254
SET_VELOCITY_LIMIT ACCEL=10000 ACCEL_TO_DECEL=5000
G1 E-.5 F900
G1 Z.6 F30000
G1 X155.131 Y128.885 Z.6
G1 Z.4
G1 E.5 F900
SET_VELOCITY_LIMIT ACCEL=2000 ACCEL_TO_DECEL=1000
G1 F8220
G1 X158.61 Y132.365 E.15244
G2 X158.989 Y132.124 I-.718 J-1.553 E.01396
G1 X155.607 Y128.742 E.14819
G2 X155.872 Y128.388 I-1.741 J-1.579 E.01374
G1 X159.273 Y131.788 E.14899
G2 X159.454 Y131.349 I-1.422 J-.843 E.01476
G1 X156.089 Y127.984 E.14744
G2 X156.213 Y127.488 I-1.565 J-.656 E.01589
G1 X159.502 Y130.777 E.14412
G1 X159.502 Y130.157 E.01921
G1 X156.027 Y126.682 E.15226
SET_VELOCITY_LIMIT ACCEL=10000 ACCEL_TO_DECEL=5000
G1 E-.5 F900
G1 Z.6 F30000
G1 X147.38 Y129.194 Z.6
G1 Z.4
G1 E.5 F900
SET_VELOCITY_LIMIT ACCEL=2000 ACCEL_TO_DECEL=1000
G1 F8220
G1 X146.226 Y128.039 E.0506
G1 X146.845 Y128.039 E.01921
G1 X147.184 Y128.378 E.01482
G1 X147.184 Y128.059 E.00986
G1 X147.701 Y128.275 E.01737
G1 X147.005 Y127.579 E.03052
G1 X147.005 Y126.959 E.01921
G1 X148.657 Y128.611 E.0724
G1 X148.657 Y127.991 E.01921
G1 X143.425 Y122.759 E.22924
G1 X144.045 Y122.759 E.01921
G1 X148.657 Y127.371 E.20208
G1 X148.657 Y126.751 E.01921
G1 X144.665 Y122.759 E.17491
G1 X145.285 Y122.759 E.01921
G1 X148.657 Y126.131 E.14775
G1 X148.657 Y125.512 E.01921
G1 X145.905 Y122.759 E.12059
G1 X146.525 Y122.759 E.01921
G1 X148.657 Y124.892 E.09343
G1 X148.657 Y124.502 E.01206
G1 X148.888 Y124.502 E.00714
G1 X147.145 Y122.759 E.07637
G1 X147.765 Y122.759 E.01921
G1 X149.704 Y124.699 E.08498
SET_VELOCITY_LIMIT ACCEL=10000 ACCEL_TO_DECEL=5000
G1 E-.5 F900
G1 Z.6 F30000
G1 X148.188 Y122.563 Z.6
G1 Z.4
G1 E.5 F900
SET_VELOCITY_LIMIT ACCEL=2000 ACCEL_TO_DECEL=1000
G1 F8220
G1 X151.451 Y125.825 E.14296
G3 X151.667 Y125.422 I1.758 J.685 E.01422
G1 X149.004 Y122.759 E.11668
G1 X149.624 Y122.759 E.01921
G1 X151.948 Y125.083 E.10179
G1 X152.039 Y124.978 E.00428
G1 X152.294 Y124.809 E.00949
G1 X150.244 Y122.759 E.08979
G1 X150.864 Y122.759 E.01921
G1 X152.692 Y124.587 E.08009
G3 X153.175 Y124.45 I.798 J1.891 E.01559
G1 X151.484 Y122.759 E.07408
G1 X152.104 Y122.759 E.01921
G1 X153.97 Y124.625 E.08174
SET_VELOCITY_LIMIT ACCEL=10000 ACCEL_TO_DECEL=5000
G1 E-.5 F900
G1 Z.6 F30000
G1 X152.527 Y122.563 Z.6
G1 Z.4
G1 E.5 F900
SET_VELOCITY_LIMIT ACCEL=2000 ACCEL_TO_DECEL=1000
G1 F8220
G1 X154.474 Y124.509 E.0853
G3 X155.271 Y124.932 I-.492 J1.89 E.02821
G1 X155.669 Y125.307 E.01694
G3 X156.123 Y126.158 I-3.792 J2.568 E.02993
G1 X159.502 Y129.538 E.14807
G1 X159.502 Y128.918 E.01921
G1 X153.344 Y122.759 E.26983
G1 X153.964 Y122.759 E.01921
G1 X159.502 Y128.298 E.24267
G1 X159.502 Y127.678 E.01921
G1 X154.584 Y122.759 E.2155
G1 X155.204 Y122.759 E.01921
G1 X159.502 Y127.058 E.18834
G1 X159.502 Y126.438 E.01921
G1 X155.824 Y122.759 E.16118
G1 X156.443 Y122.759 E.01921
G1 X159.502 Y125.818 E.13402
G1 X159.502 Y125.198 E.01921
G1 X157.063 Y122.759 E.10686
G1 X157.683 Y122.759 E.01921
G1 X159.534 Y124.61 E.08111
G1 X159.663 Y124.119 E.01573
G1 X158.303 Y122.759 E.05958
G1 X158.923 Y122.759 E.01921
G1 X159.868 Y123.704 E.04138
G1 X160.131 Y123.347 E.01373
G1 X159.543 Y122.759 E.02576
G1 X160.163 Y122.759 E.01921
G1 X160.591 Y123.187 E.01874
; stop printing object flowrate_m15 id:1120986464517 copy 0
; printing object flowrate_0 id:24 copy 0
SET_VELOCITY_LIMIT ACCEL=10000 ACCEL_TO_DECEL=5000
G1 E-.5 F900
G1 Z.6 F30000
G1 X150.934 Y156.919 Z.6
G1 Z.4
G1 E.5 F900
SET_VELOCITY_LIMIT ACCEL=5000 ACCEL_TO_DECEL=2500
;TYPE:Outer wall
;WIDTH:0.4
G1 F10081.784
G2 X149.782 Y156.721 I-.896 J1.758 E.03527
G2 X148.797 Y157.097 I.061 J1.635 E.03187
G1 X148.475 Y157.398 E.01308
G2 X148.041 Y158.32 I5.04 J2.934 E.03031
G2 X147.844 Y159.958 I5.279 J1.466 E.04918
G2 X148.072 Y161.733 I6.395 J.08 E.05331
G2 X148.787 Y162.83 I2.449 J-.817 E.0393
G2 X151.321 Y162.735 I1.208 J-1.633 E.0813
G2 X152.083 Y161.057 I-2.106 J-1.968 E.05572
G2 X151.93 Y158.193 I-6.822 J-1.072 E.08576
G2 X151.217 Y157.095 I-2.451 J.811 E.03932
G2 X150.97 Y156.938 I-1.179 J1.583 E.0087
SET_VELOCITY_LIMIT ACCEL=10000 ACCEL_TO_DECEL=5000
G1 E-.5 F900
G1 Z.6 F30000
G1 X168.518 Y136.103 Z.6
G1 Z.4
G1 E.5 F900
;TYPE:Inner wall
G1 F10081.784
G3 X169.043 Y137.042 I-.535 J.915 E.0335
G1 X169.043 Y152.958 E.47258
G3 X167.958 Y154.043 I-1.062 J.023 E.05089
G1 X161.958 Y154.043 E.17815
G1 X161.746 Y154.061 E.00632
G1 X138.254 Y154.061 E.69753
G1 X138.042 Y154.043 E.00632
G1 X132.042 Y154.043 E.17815
G3 X130.957 Y152.958 I-.023 J-1.062 E.05089
G1 X130.957 Y137.042 E.47258
G3 X132.042 Y135.957 I1.062 J-.023 E.05089
G1 X167.969 Y135.958 E1.06672
G3 X168.483 Y136.083 I.014 J1.06 E.01589
G1 X168.696 Y135.794 F30000
G1 F10081.784
G3 X169.4 Y137.026 I-.711 J1.223 E.04414
G1 X169.4 Y152.974 E.4735
G3 X167.974 Y154.4 I-1.418 J.008 E.06662
G1 X161.974 Y154.4 E.17815
G1 X161.762 Y154.419 E.00632
G1 X138.238 Y154.419 E.69845
G1 X138.026 Y154.4 E.00632
G1 X132.026 Y154.4 E.17815
G3 X130.6 Y152.974 I-.008 J-1.418 E.06662
G1 X130.6 Y137.026 E.47351
G3 X132.026 Y135.6 I1.418 J-.008 E.06662
G1 X168 Y135.602 E1.0681
G3 X168.662 Y135.774 I-.014 J1.415 E.0205
SET_VELOCITY_LIMIT ACCEL=5000 ACCEL_TO_DECEL=2500
G1 X168.896 Y135.448 F30000
;TYPE:Outer wall
G1 F10081.784
G3 X169.8 Y137.009 I-.909 J1.569 E.05606
G1 X169.8 Y152.991 E.47454
G3 X167.991 Y154.8 I-1.818 J-.01 E.08424
G1 X161.991 Y154.8 E.17815
G2 X159.8 Y156.991 I.028 J2.219 E.10186
G1 X159.8 Y162.991 E.17815
G3 X157.991 Y164.8 I-1.818 J-.01 E.08424
G1 X142.009 Y164.8 E.47454
G3 X140.2 Y162.991 I.01 J-1.818 E.08424
G1 X140.2 Y156.991 E.17815
G2 X138.009 Y154.8 I-2.219 J.028 E.10186
G1 X132.009 Y154.8 E.17815
G3 X130.2 Y152.991 I.01 J-1.818 E.08423
G1 X130.2 Y137.009 E.47454
G3 X132.009 Y135.2 I1.818 J.01 E.08423
G1 X168.035 Y135.204 E1.06966
G3 X168.861 Y135.428 I-.048 J1.812 E.02568
SET_VELOCITY_LIMIT ACCEL=10000 ACCEL_TO_DECEL=5000
G1 E-.5 F900
G1 Z.6 F30000
G1 X167.736 Y153.906 Z.6
G1 Z.4
G1 E.5 F900
;TYPE:Sparse infill
G1 F10081.784
G1 X168.745 Y152.897 E.04238
G1 X168.745 Y151.454 E.04284
G1 X166.454 Y153.745 E.09621
G1 X165.011 Y153.745 E.04284
G1 X168.745 Y150.011 E.1568
G1 X168.745 Y148.568 E.04284
G1 X163.568 Y153.745 E.21738
G1 X162.126 Y153.745 E.04284
G1 X168.745 Y147.126 E.27796
G1 X168.745 Y145.683 E.04284
G1 X160.664 Y153.764 E.33933
G1 X159.221 Y153.764 E.04284
G1 X168.745 Y144.24 E.39991
G1 X168.745 Y142.797 E.04284
G1 X157.779 Y153.764 E.46049
G1 X156.336 Y153.764 E.04284
G1 X168.745 Y141.354 E.52108
G1 X168.745 Y139.912 E.04284
M73 P32 R21
G1 X154.893 Y153.764 E.58166
G1 X153.45 Y153.764 E.04284
G1 X168.745 Y138.469 E.64225
G2 X168.743 Y137.028 I-8.234 J-.707 E.04282
G1 X152.007 Y153.764 E.70273
G1 X150.565 Y153.764 E.04284
G1 X168.064 Y136.265 E.73478
G2 X166.63 Y136.255 I-.771 J8.19 E.04261
G1 X149.122 Y153.764 E.73518
G1 X147.679 Y153.764 E.04284
G1 X165.187 Y136.255 E.73518
G1 X163.745 Y136.255 E.04284
G1 X146.236 Y153.764 E.73518
G1 X144.793 Y153.764 E.04284
G1 X162.302 Y136.255 E.73518
G1 X160.859 Y136.255 E.04284
G1 X143.35 Y153.764 E.73518
G1 X141.908 Y153.764 E.04284
G1 X159.416 Y136.255 E.73519
G1 X157.973 Y136.255 E.04284
G1 X140.465 Y153.764 E.73519
G1 X139.022 Y153.764 E.04284
G1 X156.531 Y136.255 E.73519
G1 X155.088 Y136.255 E.04284
G1 X137.598 Y153.745 E.73441
G1 X136.155 Y153.745 E.04284
G1 X153.645 Y136.255 E.73441
G1 X152.202 Y136.255 E.04284
G1 X134.712 Y153.745 E.73441
G1 X133.269 Y153.745 E.04284
G1 X150.76 Y136.255 E.73442
G1 X149.317 Y136.255 E.04284
G1 X131.849 Y153.723 E.73349
G3 X131.255 Y152.874 I.173 J-.754 E.03371
G1 X147.874 Y136.255 E.69785
G1 X146.431 Y136.255 E.04284
M73 P32 R20
G1 X131.255 Y151.432 E.63726
G1 X131.255 Y149.989 E.04284
G1 X144.988 Y136.255 E.57668
G1 X143.546 Y136.255 E.04284
G1 X131.255 Y148.546 E.5161
G1 X131.255 Y147.103 E.04284
G1 X142.103 Y136.255 E.45552
G1 X140.66 Y136.255 E.04284
G1 X131.255 Y145.66 E.39493
G1 X131.255 Y144.217 E.04284
G1 X139.217 Y136.255 E.33435
G1 X137.775 Y136.255 E.04284
G1 X131.255 Y142.775 E.27377
G1 X131.255 Y141.332 E.04284
G1 X136.332 Y136.255 E.21319
G1 X134.889 Y136.255 E.04284
G1 X131.255 Y139.889 E.15261
G1 X131.255 Y138.446 E.04284
G1 X133.446 Y136.255 E.09202
G2 X131.998 Y136.26 I-.696 J8.274 E.04304
G1 X131.094 Y137.164 E.03798
G1 E-.5 F900
G1 Z.6 F30000
G1 X140.381 Y163.494 Z.6
G1 Z.4
G1 E.5 F900
SET_VELOCITY_LIMIT ACCEL=2000 ACCEL_TO_DECEL=1000
;TYPE:Top surface
;WIDTH:0.481271
G1 F8212.596
G1 X141.039 Y164.152 E.03389
G2 X142.008 Y164.501 I.966 J-1.161 E.03833
G1 X140.499 Y162.992 E.0778
G1 X140.498 Y162.371 E.02264
G1 X142.629 Y164.502 E.10987
G1 X143.249 Y164.502 E.0226
G1 X140.498 Y161.751 E.14183
G1 X140.498 Y161.131 E.0226
G1 X143.869 Y164.502 E.17378
G1 X144.489 Y164.502 E.0226
G1 X140.498 Y160.511 E.20574
G1 X140.498 Y159.891 E.0226
G1 X145.109 Y164.502 E.23769
G1 X145.729 Y164.502 E.0226
G1 X140.498 Y159.271 E.26965
G1 X140.498 Y158.651 E.0226
G1 X146.349 Y164.502 E.3016
G1 X146.969 Y164.502 E.0226
G1 X140.498 Y158.031 E.33356
G1 X140.498 Y157.411 E.0226
G1 X147.589 Y164.502 E.36551
G1 X148.209 Y164.502 E.0226
G1 X140.48 Y156.773 E.39839
G1 X140.462 Y156.566 E.00759
G1 X140.349 Y156.145 E.01588
G1 X140.242 Y155.916 E.00923
G1 X148.829 Y164.502 E.44261
G1 X149.448 Y164.502 E.0226
G1 X139.706 Y154.759 E.50222
G1 X140.325 Y154.759 E.0226
G1 X150.068 Y164.502 E.50222
G1 X150.688 Y164.502 E.0226
G1 X149.685 Y163.499 E.05169
G2 X150.308 Y163.502 I.323 J-2.747 E.02274
G1 X151.308 Y164.502 E.05156
G1 X151.928 Y164.502 E.0226
G1 X150.811 Y163.385 E.0576
G2 X151.225 Y163.179 I-.833 J-2.194 E.01688
G1 X152.548 Y164.502 E.06821
G1 X153.168 Y164.502 E.0226
G1 X151.57 Y162.904 E.08237
G2 X151.85 Y162.564 I-1.669 J-1.659 E.01608
G1 X153.788 Y164.502 E.0999
G1 X154.408 Y164.502 E.0226
G1 X152.068 Y162.163 E.1206
G2 X152.241 Y161.715 I-3.26 J-1.514 E.01749
G1 X155.028 Y164.502 E.14367
G1 X155.648 Y164.502 E.0226
G1 X152.357 Y161.212 E.1696
G2 X152.43 Y160.665 I-7.845 J-1.322 E.02012
G1 X156.268 Y164.502 E.19781
G1 X156.888 Y164.502 E.0226
G1 X152.453 Y160.067 E.22861
G2 X152.439 Y159.434 I-12.916 J-.037 E.0231
G1 X157.507 Y164.502 E.26127
G2 X158.115 Y164.49 I.235 J-3.48 E.02219
G1 X152.103 Y158.478 E.3099
SET_VELOCITY_LIMIT ACCEL=10000 ACCEL_TO_DECEL=5000
G1 E-.5 F900
G1 Z.6 F30000
G1 X147.992 Y161.806 Z.6
G1 Z.4
G1 E.5 F900
SET_VELOCITY_LIMIT ACCEL=2000 ACCEL_TO_DECEL=1000
G1 F8212.596
G1 X140.945 Y154.759 E.36323
G1 X141.565 Y154.759 E.0226
G1 X147.583 Y160.777 E.31019
G3 X147.549 Y160.123 I6.143 J-.644 E.02386
G1 X142.185 Y154.759 E.27651
G1 X142.805 Y154.759 E.0226
G1 X147.558 Y159.513 E.24502
G3 X147.598 Y158.932 I8.087 J.254 E.02122
G1 X143.425 Y154.759 E.21508
G1 X144.045 Y154.759 E.0226
G1 X147.704 Y158.418 E.18859
G3 X147.865 Y157.959 I2.257 J.534 E.01776
G1 X144.665 Y154.759 E.16494
G1 X145.285 Y154.759 E.0226
G1 X148.068 Y157.542 E.14346
G1 X148.233 Y157.216 E.01333
G1 X148.299 Y157.154 E.00332
G1 X145.905 Y154.759 E.12344
G1 X146.525 Y154.759 E.0226
G1 X148.622 Y156.856 E.1081
G3 X148.997 Y156.612 I1.081 J1.251 E.01638
G1 X147.145 Y154.759 E.09551
G1 X147.765 Y154.759 E.0226
G1 X149.468 Y156.463 E.0878
G3 X150.026 Y156.4 I.97 J6.173 E.02046
G1 X148.384 Y154.759 E.08459
G1 X149.004 Y154.759 E.0226
G1 X150.759 Y156.514 E.09045
G3 X151.405 Y156.861 I-.951 J2.544 E.02682
G3 X152.125 Y157.88 I-1.845 J2.067 E.04587
G1 X158.61 Y164.365 E.33426
G2 X158.989 Y164.124 I-.718 J-1.553 E.01642
G1 X149.624 Y154.759 E.48274
G1 X150.244 Y154.759 E.0226
G1 X159.273 Y163.788 E.4654
G2 X159.454 Y163.349 I-1.422 J-.843 E.01737
G1 X150.864 Y154.759 E.44277
G1 X151.484 Y154.759 E.0226
G1 X159.502 Y162.777 E.41331
G1 X159.502 Y162.158 E.0226
G1 X152.104 Y154.759 E.38136
G1 X152.724 Y154.759 E.0226
G1 X159.502 Y161.538 E.3494
G1 X159.502 Y160.918 E.0226
G1 X153.344 Y154.759 E.31745
G1 X153.964 Y154.759 E.0226
G1 X159.502 Y160.298 E.28549
G1 X159.502 Y159.678 E.0226
G1 X154.584 Y154.759 E.25354
G1 X155.204 Y154.759 E.0226
G1 X159.502 Y159.058 E.22158
G1 X159.502 Y158.438 E.0226
G1 X155.823 Y154.759 E.18963
G1 X156.443 Y154.759 E.0226
G1 X159.502 Y157.818 E.15767
G1 X159.502 Y157.198 E.0226
G1 X157.063 Y154.759 E.12572
G1 X157.683 Y154.759 E.0226
G1 X159.534 Y156.61 E.09542
G1 X159.663 Y156.119 E.01851
G1 X158.303 Y154.759 E.0701
G1 X158.923 Y154.759 E.0226
G1 X159.868 Y155.704 E.04869
G1 X160.131 Y155.347 E.01616
G1 X159.543 Y154.759 E.03031
G1 X160.163 Y154.759 E.0226
G1 X160.591 Y155.187 E.02205
SET_VELOCITY_LIMIT ACCEL=10000 ACCEL_TO_DECEL=5000
G1 E-.5 F900
G1 Z.6 F30000
G1 X150.209 Y157.747 Z.6
G1 Z.4
G1 E.5 F900
SET_VELOCITY_LIMIT ACCEL=5000 ACCEL_TO_DECEL=2500
;TYPE:Outer wall
;WIDTH:0.4
G1 F10081.784
G3 X150.679 Y158.099 I-.222 J.787 E.01785
G3 X150.997 Y159.459 I-3.35 J1.501 E.04172
G1 X150.998 Y160.461 E.02974
G3 X150.68 Y161.822 I-3.663 J-.138 E.04178
G3 X149.556 Y162.082 I-.692 J-.433 E.03803
G3 X149.353 Y161.877 I.827 J-1.016 E.00859
G3 X149.006 Y160.478 I2.962 J-1.478 E.04314
G3 X149.043 Y158.977 I12.142 J-.452 E.04461
G3 X149.321 Y158.097 I3.645 J.667 E.02746
G3 X150.093 Y157.723 I.677 J.413 E.02693
G3 X150.17 Y157.737 I-.106 J.811 E.00232
SET_VELOCITY_LIMIT ACCEL=10000 ACCEL_TO_DECEL=5000
G1 E-.5 F900
G1 Z.6 F30000
G1 X149.244 Y161.316 Z.6
G1 Z.4
G1 E.5 F900
SET_VELOCITY_LIMIT ACCEL=2000 ACCEL_TO_DECEL=1000
;TYPE:Top surface
;WIDTH:0.539196
G1 F7254.028
G1 X149.808 Y161.88 E.03294
G2 X150.362 Y161.732 I.173 J-.464 E.02524
G1 X149.317 Y160.687 E.06098
G3 X149.299 Y159.967 I6.888 J-.538 E.02975
G1 X150.578 Y161.247 E.07468
G2 X150.683 Y160.65 I-2.108 J-.677 E.0251
G1 X149.316 Y159.282 E.07978
G3 X149.419 Y158.683 I2.227 J.073 E.02516
G1 X150.7 Y159.964 E.07476
G2 X150.68 Y159.243 I-4.308 J-.245 E.02981
G1 X149.631 Y158.194 E.06123
G3 X150.187 Y158.048 I.371 J.281 E.02557
G1 X150.77 Y158.631 E.03403
; stop printing object flowrate_0 id:24 copy 0
; printing object flowrate_15 id:0 copy 0
SET_VELOCITY_LIMIT ACCEL=10000 ACCEL_TO_DECEL=5000
G1 E-.5 F900
G1 Z.6 F30000
G1 X149.821 Y190.752 Z.6
G1 Z.4
G1 E.5 F900
SET_VELOCITY_LIMIT ACCEL=5000 ACCEL_TO_DECEL=2500
;TYPE:Outer wall
;WIDTH:0.4
G1 F8766.769
G1 X150.992 Y190.851 E.04013
G3 X151.245 Y190.09 I1.802 J.176 E.02762
G3 X152.574 Y189.898 I.758 J.553 E.05109
G3 X153.055 Y190.969 I-.826 J1.015 E.04157
G3 X152.756 Y191.823 I-1.308 J.021 E.03157
G3 X150.971 Y191.533 I-.778 J-.851 E.07097
G1 X149.955 Y191.665 E.03501
G1 X150.606 Y195.118 E.11998
G1 X153.955 Y195.118 E.11437
G1 X153.955 Y194.014 E.03769
G1 X151.525 Y194.014 E.08299
G1 X151.318 Y192.983 E.03591
G2 X153.322 Y192.828 I.863 J-1.869 E.07169
G1 X153.641 Y192.575 E.01392
G2 X154.16 Y191.658 I-1.794 J-1.619 E.03626
G2 X153.718 Y189.498 I-2.447 J-.625 E.07789
G2 X152.947 Y188.89 I-2.087 J1.853 E.03371
G2 X151.99 Y188.697 I-1.045 J2.711 E.03349
G1 X151.789 Y188.713 E.00691
G2 X150.851 Y188.983 I.044 J1.919 E.03371
G1 X150.518 Y189.204 E.01365
G2 X149.983 Y189.998 I1.765 J1.765 E.03286
G2 X149.826 Y190.713 I4.341 J1.332 E.02502
SET_VELOCITY_LIMIT ACCEL=10000 ACCEL_TO_DECEL=5000
G1 E-.5 F900
G1 Z.6 F30000
G1 X147.236 Y188.8 Z.6
G1 Z.4
G1 E.5 F900
SET_VELOCITY_LIMIT ACCEL=5000 ACCEL_TO_DECEL=2500
G1 F8766.769
G1 X147.236 Y193.27 E.15264
G2 X145.762 Y192.506 I-3.848 J5.617 E.05681
G1 X145.762 Y193.64 E.03871
G3 X147.395 Y194.914 I-1.59 J3.72 E.07149
G1 X147.586 Y195.225 E.01246
G1 X148.373 Y195.225 E.02685
G1 X148.373 Y188.8 E.21937
G1 X147.276 Y188.8 E.03745
SET_VELOCITY_LIMIT ACCEL=10000 ACCEL_TO_DECEL=5000
G1 E-.5 F900
G1 Z.6 F30000
G1 X168.518 Y168.103 Z.6
G1 Z.4
G1 E.5 F900
;TYPE:Inner wall
G1 F8766.769
G3 X169.043 Y169.042 I-.535 J.915 E.03852
G1 X169.043 Y184.958 E.54347
G3 X167.958 Y186.043 I-1.062 J.023 E.05853
G1 X161.958 Y186.043 E.20487
G1 X161.746 Y186.061 E.00726
G1 X138.254 Y186.061 E.80215
G1 X138.042 Y186.043 E.00726
G1 X132.042 Y186.043 E.20487
G3 X130.957 Y184.958 I-.023 J-1.062 E.05853
G1 X130.957 Y169.042 E.54347
G3 X132.042 Y167.957 I1.062 J-.023 E.05852
G1 X167.969 Y167.958 E1.22672
G3 X168.483 Y168.083 I.014 J1.06 E.01827
G1 X168.696 Y167.794 F30000
G1 F8766.769
G3 X169.4 Y169.026 I-.711 J1.223 E.05076
G1 X169.4 Y184.974 E.54453
G3 X167.974 Y186.4 I-1.418 J.008 E.07661
G1 X161.974 Y186.4 E.20487
G1 X161.762 Y186.419 E.00726
G1 X138.238 Y186.419 E.80322
G1 X138.026 Y186.4 E.00726
G1 X132.026 Y186.4 E.20487
G3 X130.6 Y184.974 I-.008 J-1.418 E.07661
G1 X130.6 Y169.026 E.54453
G3 X132.026 Y167.6 I1.418 J-.008 E.07661
G1 X168 Y167.602 E1.22832
G3 X168.662 Y167.774 I-.014 J1.415 E.02358
SET_VELOCITY_LIMIT ACCEL=5000 ACCEL_TO_DECEL=2500
G1 X168.896 Y167.448 F30000
;TYPE:Outer wall
G1 F8766.769
G3 X169.8 Y169.009 I-.909 J1.569 E.06447
G1 X169.8 Y184.991 E.54572
G3 X167.991 Y186.8 I-1.818 J-.01 E.09687
G1 X161.991 Y186.8 E.20487
G2 X159.8 Y188.991 I.028 J2.219 E.11713
G1 X159.8 Y194.991 E.20487
G3 X157.991 Y196.8 I-1.818 J-.01 E.09687
G1 X142.009 Y196.8 E.54572
G3 X140.2 Y194.991 I.01 J-1.818 E.09687
G1 X140.2 Y188.991 E.20487
G2 X138.009 Y186.8 I-2.219 J.028 E.11713
G1 X132.009 Y186.8 E.20487
G3 X130.2 Y184.991 I.01 J-1.818 E.09687
G1 X130.2 Y169.009 E.54572
G3 X132.009 Y167.2 I1.818 J.01 E.09687
G1 X168.035 Y167.204 E1.23011
G3 X168.861 Y167.428 I-.048 J1.812 E.02953
SET_VELOCITY_LIMIT ACCEL=10000 ACCEL_TO_DECEL=5000
G1 E-.5 F900
G1 Z.6 F30000
G1 X167.736 Y185.906 Z.6
G1 Z.4
G1 E.5 F900
;TYPE:Sparse infill
G1 F8766.769
G1 X168.745 Y184.897 E.04873
G1 X168.745 Y183.454 E.04927
G1 X166.454 Y185.745 E.11065
G1 X165.011 Y185.745 E.04927
G1 X168.745 Y182.011 E.18032
G1 X168.745 Y180.568 E.04927
G1 X163.568 Y185.745 E.24999
G1 X162.126 Y185.745 E.04927
M73 P33 R20
G1 X168.745 Y179.126 E.31966
G1 X168.745 Y177.683 E.04927
G1 X160.664 Y185.764 E.39023
G1 X159.221 Y185.764 E.04927
G1 X168.745 Y176.24 E.4599
G1 X168.745 Y174.797 E.04927
G1 X157.779 Y185.764 E.52957
G1 X156.336 Y185.764 E.04927
G1 X168.745 Y173.354 E.59924
G1 X168.745 Y171.912 E.04927
G1 X154.893 Y185.764 E.66891
G1 X153.45 Y185.764 E.04927
G1 X168.745 Y170.469 E.73858
G2 X168.743 Y169.028 I-8.231 J-.707 E.04925
G1 X152.007 Y185.764 E.80814
G1 X150.565 Y185.764 E.04927
G1 X168.064 Y168.265 E.845
G2 X166.63 Y168.255 I-.771 J8.189 E.049
G1 X149.122 Y185.764 E.84545
G1 X147.679 Y185.764 E.04927
G1 X165.187 Y168.255 E.84546
G1 X163.745 Y168.255 E.04926
G1 X146.236 Y185.764 E.84546
G1 X144.793 Y185.764 E.04927
G1 X162.302 Y168.255 E.84546
G1 X160.859 Y168.255 E.04926
G1 X143.35 Y185.764 E.84546
G1 X141.908 Y185.764 E.04927
G1 X159.416 Y168.255 E.84546
G1 X157.973 Y168.255 E.04926
G1 X140.465 Y185.764 E.84547
G1 X139.022 Y185.764 E.04927
G1 X156.531 Y168.255 E.84547
G1 X155.088 Y168.255 E.04926
G1 X137.598 Y185.745 E.84457
G1 X136.155 Y185.745 E.04927
G1 X153.645 Y168.255 E.84458
G1 X152.202 Y168.255 E.04926
G1 X134.712 Y185.745 E.84458
G1 X133.269 Y185.745 E.04927
G1 X150.76 Y168.255 E.84458
G1 X149.317 Y168.255 E.04926
G1 X131.849 Y185.723 E.84351
G3 X131.255 Y184.874 I.173 J-.754 E.03876
G1 X147.874 Y168.255 E.80252
G1 X146.431 Y168.255 E.04926
G1 X131.255 Y183.432 E.73285
G1 X131.255 Y181.989 E.04927
G1 X144.988 Y168.255 E.66318
G1 X143.546 Y168.255 E.04926
G1 X131.255 Y180.546 E.59351
G1 X131.255 Y179.103 E.04927
G1 X142.103 Y168.255 E.52384
G1 X140.66 Y168.255 E.04926
G1 X131.255 Y177.66 E.45417
G1 X131.255 Y176.217 E.04927
G1 X139.217 Y168.255 E.38451
G1 X137.775 Y168.255 E.04926
G1 X131.255 Y174.775 E.31484
G1 X131.255 Y173.332 E.04927
G1 X136.332 Y168.255 E.24517
G1 X134.889 Y168.255 E.04926
G1 X131.255 Y171.889 E.1755
G1 X131.255 Y170.446 E.04927
G1 X133.446 Y168.255 E.10583
G2 X131.998 Y168.26 I-.696 J8.273 E.0495
G1 X131.094 Y169.164 E.04368
G1 E-.5 F900
G1 Z.6 F30000
G1 X141.506 Y196.619 Z.6
G1 Z.4
G1 E.5 F900
SET_VELOCITY_LIMIT ACCEL=2000 ACCEL_TO_DECEL=1000
;TYPE:Top surface
;WIDTH:0.481271
G1 F7141.388
G1 X140.848 Y195.961 E.03897
G3 X140.499 Y194.992 I1.161 J-.966 E.04408
G1 X142.008 Y196.501 E.08947
G1 X142.629 Y196.502 E.02603
G1 X140.498 Y194.371 E.12636
G1 X140.498 Y193.751 E.02598
G1 X143.249 Y196.502 E.1631
G1 X143.869 Y196.502 E.02598
G1 X140.498 Y193.131 E.19985
G1 X140.498 Y192.511 E.02598
G1 X144.489 Y196.502 E.2366
G1 X145.109 Y196.502 E.02598
G1 X140.498 Y191.891 E.27335
G1 X140.498 Y191.271 E.02598
G1 X145.729 Y196.502 E.3101
G1 X146.349 Y196.502 E.02598
G1 X140.498 Y190.651 E.34684
G1 X140.498 Y190.031 E.02598
G1 X146.969 Y196.502 E.38359
G1 X147.589 Y196.502 E.02598
G1 X140.498 Y189.411 E.42034
G2 X140.48 Y188.773 I-3.654 J-.217 E.02678
G1 X148.209 Y196.502 E.45815
G1 X148.829 Y196.502 E.02598
G1 X147.849 Y195.522 E.05808
G1 X148.469 Y195.522 E.02598
G1 X149.448 Y196.502 E.05808
G1 X150.068 Y196.502 E.02598
G1 X148.67 Y195.104 E.08287
G1 X148.67 Y194.484 E.02598
G1 X150.688 Y196.502 E.11962
G1 X151.308 Y196.502 E.02598
G1 X148.67 Y193.864 E.15637
G1 X148.67 Y193.244 E.02598
G1 X150.247 Y194.821 E.09343
G1 X150.359 Y195.416 E.0254
G1 X150.842 Y195.416 E.02025
G1 X151.928 Y196.502 E.06439
G1 X152.548 Y196.502 E.02598
G1 X151.462 Y195.416 E.06439
G1 X152.082 Y195.416 E.02598
G1 X153.168 Y196.502 E.06439
G1 X153.788 Y196.502 E.02598
G1 X152.702 Y195.416 E.06439
G1 X153.322 Y195.416 E.02598
G1 X154.408 Y196.502 E.06439
G1 X155.028 Y196.502 E.02598
G1 X153.942 Y195.416 E.06439
G1 X154.253 Y195.416 E.01305
G1 X154.253 Y195.107 E.01293
G1 X155.648 Y196.502 E.08268
G1 X156.268 Y196.502 E.02598
G1 X154.056 Y194.291 E.13109
SET_VELOCITY_LIMIT ACCEL=10000 ACCEL_TO_DECEL=5000
G1 E-.5 F900
G1 Z.6 F30000
G1 X152.439 Y193.913 Z.6
G1 Z.4
G1 E.5 F900
SET_VELOCITY_LIMIT ACCEL=2000 ACCEL_TO_DECEL=1000
G1 F7141.388
G1 X151.984 Y193.459 E.02693
G1 X152.172 Y193.479 E.00792
G1 X152.579 Y193.433 E.01715
G1 X152.862 Y193.716 E.01677
G1 X153.482 Y193.716 E.02598
G1 X153.073 Y193.308 E.02421
G2 X153.471 Y193.086 I-1.179 J-2.574 E.01911
G1 X156.888 Y196.502 E.20253
G1 X157.507 Y196.502 E.02598
G1 X153.819 Y192.814 E.21864
G1 X154.094 Y192.469 E.01849
G1 X158.115 Y196.49 E.23837
G2 X158.61 Y196.365 I-.117 J-1.499 E.02149
G1 X154.325 Y192.08 E.25399
G2 X154.472 Y191.607 I-1.819 J-.825 E.02081
G1 X158.989 Y196.124 E.26777
G2 X159.273 Y195.788 I-.812 J-.972 E.01853
G1 X154.322 Y190.837 E.29348
SET_VELOCITY_LIMIT ACCEL=10000 ACCEL_TO_DECEL=5000
G1 E-.5 F900
G1 Z.6 F30000
G1 X150.349 Y194.303 Z.6
G1 Z.4
G1 E.5 F900
SET_VELOCITY_LIMIT ACCEL=2000 ACCEL_TO_DECEL=1000
G1 F7141.388
G1 X148.67 Y192.624 E.09951
G1 X148.67 Y192.005 E.02598
G1 X149.958 Y193.293 E.07635
G1 X149.814 Y192.529 E.03259
G1 X148.67 Y191.385 E.06781
G1 X148.67 Y190.765 E.02598
G1 X149.67 Y191.765 E.05927
G1 X149.603 Y191.411 E.01509
G1 X149.898 Y191.372 E.01245
G1 X148.67 Y190.145 E.07277
G1 X148.67 Y189.525 E.02598
G1 X149.747 Y190.601 E.06381
SET_VELOCITY_LIMIT ACCEL=10000 ACCEL_TO_DECEL=5000
G1 X150.016 Y190.87 F30000
SET_VELOCITY_LIMIT ACCEL=2000 ACCEL_TO_DECEL=1000
G1 F7141.388
G1 X150.446 Y191.301 E.02554
G1 X150.995 Y191.23 E.02319
G1 X150.909 Y191.143 E.00513
G1 X151.228 Y191.17 E.01345
G1 X151.286 Y190.9 E.01156
G1 X152.187 Y191.801 E.05341
G2 X152.572 Y191.567 I-.083 J-.571 E.01943
G1 X151.408 Y190.403 E.06901
G3 X151.698 Y190.073 I.639 J.27 E.01873
G1 X152.745 Y191.12 E.06203
G2 X152.574 Y190.329 I-1.136 J-.168 E.03464
G1 X152.061 Y189.816 E.0304
SET_VELOCITY_LIMIT ACCEL=10000 ACCEL_TO_DECEL=5000
G1 E-.5 F900
G1 Z.6 F30000
G1 X145.661 Y193.335 Z.6
G1 Z.4
G1 E.5 F900
SET_VELOCITY_LIMIT ACCEL=2000 ACCEL_TO_DECEL=1000
G1 F7141.388
G1 X140.242 Y187.916 E.32126
G1 X140.165 Y187.75 E.00765
G2 X139.26 Y186.842 I-2.376 J1.463 E.05422
G1 X139.286 Y186.759 E.00364
G1 X139.706 Y186.759 E.01759
G1 X145.465 Y192.518 E.34139
G1 X145.465 Y192.059 E.01924
G1 X145.741 Y192.175 E.01254
G1 X140.325 Y186.759 E.32101
G1 X140.945 Y186.759 E.02598
G1 X146.883 Y192.697 E.35198
G1 X146.938 Y192.728 E.00265
G1 X146.938 Y192.132 E.02499
G1 X141.565 Y186.759 E.31849
G1 X142.185 Y186.759 E.02598
G1 X146.938 Y191.512 E.28174
G1 X146.938 Y190.892 E.02598
G1 X142.805 Y186.759 E.24499
G1 X143.425 Y186.759 E.02598
G1 X146.938 Y190.272 E.20825
G1 X146.938 Y189.652 E.02598
G1 X144.045 Y186.759 E.1715
G1 X144.665 Y186.759 E.02598
G1 X146.938 Y189.032 E.13475
G1 X146.938 Y188.502 E.02222
G1 X147.028 Y188.502 E.00376
G1 X145.285 Y186.759 E.10332
G1 X145.905 Y186.759 E.02598
G1 X147.844 Y188.699 E.11498
SET_VELOCITY_LIMIT ACCEL=10000 ACCEL_TO_DECEL=5000
G1 E-.5 F900
G1 Z.6 F30000
G1 X146.328 Y186.563 Z.6
G1 Z.4
G1 E.5 F900
SET_VELOCITY_LIMIT ACCEL=2000 ACCEL_TO_DECEL=1000
G1 F7141.388
G1 X148.268 Y188.502 E.11498
G1 X148.67 Y188.502 E.01688
G1 X148.67 Y188.905 E.01688
G1 X149.694 Y189.928 E.06065
G3 X149.891 Y189.505 I2.053 J.7 E.01959
G1 X147.145 Y186.759 E.16279
G1 X147.765 Y186.759 E.02598
G1 X150.163 Y189.158 E.14218
G3 X150.49 Y188.865 I.703 J.457 E.01862
G1 X148.384 Y186.759 E.12482
G1 X149.004 Y186.759 E.02598
G1 X150.875 Y188.63 E.1109
G3 X151.335 Y188.47 I1 J2.133 E.02045
G1 X149.624 Y186.759 E.10142
G1 X150.244 Y186.759 E.02598
G1 X152.092 Y188.607 E.10951
SET_VELOCITY_LIMIT ACCEL=10000 ACCEL_TO_DECEL=5000
G1 E-.5 F900
G1 Z.6 F30000
G1 X150.667 Y186.563 Z.6
G1 Z.4
G1 E.5 F900
SET_VELOCITY_LIMIT ACCEL=2000 ACCEL_TO_DECEL=1000
G1 F7141.388
G1 X152.574 Y188.47 E.11304
G3 X153.552 Y188.932 I-.321 J1.944 E.04593
G1 X153.95 Y189.307 E.02292
G3 X154.456 Y190.351 I-2.787 J1.995 E.04884
G1 X159.454 Y195.349 E.29628
G2 X159.502 Y194.777 I-2.353 J-.487 E.0241
G1 X151.484 Y186.759 E.4753
G1 X152.104 Y186.759 E.02598
G1 X159.502 Y194.157 E.43856
G1 X159.502 Y193.538 E.02598
G1 X152.724 Y186.759 E.40181
G1 X153.344 Y186.759 E.02598
G1 X159.502 Y192.918 E.36506
G1 X159.502 Y192.298 E.02598
G1 X153.964 Y186.759 E.32831
G1 X154.584 Y186.759 E.02598
G1 X159.502 Y191.678 E.29156
G1 X159.502 Y191.058 E.02598
G1 X155.204 Y186.759 E.25482
G1 X155.824 Y186.759 E.02598
G1 X159.502 Y190.438 E.21807
G1 X159.502 Y189.818 E.02598
G1 X156.443 Y186.759 E.18132
G1 X157.063 Y186.759 E.02598
G1 X159.502 Y189.198 E.14457
G3 X159.534 Y188.61 I3.375 J-.11 E.0247
G1 X157.683 Y186.759 E.10973
G1 X158.303 Y186.759 E.02598
G1 X159.663 Y188.119 E.08061
G1 X159.868 Y187.704 E.01941
G1 X158.923 Y186.759 E.05599
G1 X159.543 Y186.759 E.02598
G1 X160.131 Y187.347 E.03486
G1 X160.449 Y187.046 E.01838
G1 X159.966 Y186.563 E.02864
; stop printing object flowrate_15 id:0 copy 0
; printing object flowrate_20 id:0 copy 0
SET_VELOCITY_LIMIT ACCEL=10000 ACCEL_TO_DECEL=5000
G1 E-.5 F900
G1 Z.6 F30000
G1 X111.316 Y188.919 Z.6
G1 Z.4
G1 E.5 F900
SET_VELOCITY_LIMIT ACCEL=5000 ACCEL_TO_DECEL=2500
;TYPE:Outer wall
;WIDTH:0.4
G1 F8401.487
G2 X110.164 Y188.721 I-.896 J1.758 E.04232
G2 X109.179 Y189.097 I.061 J1.635 E.03824
G1 X108.857 Y189.398 E.01569
G2 X108.423 Y190.32 I5.04 J2.934 E.03637
G2 X108.226 Y191.958 I5.279 J1.466 E.05901
G2 X108.454 Y193.734 I6.394 J.08 E.06398
G2 X109.169 Y194.83 I2.449 J-.817 E.04716
G2 X111.703 Y194.735 I1.208 J-1.633 E.09756
G2 X112.465 Y193.057 I-2.106 J-1.968 E.06686
G2 X112.312 Y190.193 I-6.822 J-1.072 E.10292
G2 X111.599 Y189.095 I-2.451 J.811 E.04718
G2 X111.352 Y188.938 I-1.179 J1.583 E.01045
SET_VELOCITY_LIMIT ACCEL=10000 ACCEL_TO_DECEL=5000
G1 E-.5 F900
G1 Z.6 F30000
G1 X107.836 Y188.8 Z.6
G1 Z.4
G1 E.5 F900
SET_VELOCITY_LIMIT ACCEL=5000 ACCEL_TO_DECEL=2500
G1 F8401.487
G1 X103.464 Y188.8 E.15577
G2 X103.935 Y190.243 I2.107 J.111 E.05531
G2 X104.82 Y191.157 I6.034 J-4.959 E.04539
G3 X106.367 Y192.611 I-6.868 J8.859 E.07577
G3 X106.649 Y193.544 I-.929 J.79 E.03575
G3 X105.741 Y194.214 I-.858 J-.213 E.04361
G3 X104.785 Y193.425 I-.055 J-.906 E.0486
G1 X104.748 Y192.992 E.01549
G1 X103.577 Y193.112 E.04197
G2 X103.792 Y194.075 I3.684 J-.317 E.03528
G2 X104.26 Y194.732 I2.347 J-1.179 E.02887
G2 X105.758 Y195.225 I1.45 J-1.884 E.05725
G2 X106.745 Y195.03 I-.037 J-2.774 E.03605
G2 X107.261 Y194.694 I-1.516 J-2.898 E.02197
G2 X107.748 Y193.906 I-1.631 J-1.553 E.03324
G2 X107.29 Y191.964 I-2.036 J-.545 E.07406
G2 X106.282 Y190.963 I-8.635 J7.692 E.05065
G3 X105.085 Y189.908 I11.656 J-14.43 E.05688
G1 X107.836 Y189.908 E.09802
G1 X107.836 Y188.84 E.03805
SET_VELOCITY_LIMIT ACCEL=10000 ACCEL_TO_DECEL=5000
G1 E-.5 F900
G1 Z.6 F30000
G1 X126.518 Y168.103 Z.6
G1 Z.4
G1 E.5 F900
;TYPE:Inner wall
G1 F8401.487
G3 X127.043 Y169.042 I-.535 J.915 E.0402
G1 X127.043 Y184.958 E.56709
G3 X125.958 Y186.043 I-1.062 J.023 E.06107
G1 X119.958 Y186.043 E.21378
G1 X119.746 Y186.061 E.00758
G1 X96.254 Y186.061 E.83703
G1 X96.042 Y186.043 E.00758
G1 X90.042 Y186.043 E.21378
G3 X88.957 Y184.958 I-.023 J-1.062 E.06107
G1 X88.957 Y169.042 E.5671
G3 X90.042 Y167.957 I1.062 J-.023 E.06107
G1 X125.969 Y167.958 E1.28006
G3 X126.483 Y168.083 I.014 J1.06 E.01906
G1 X126.696 Y167.794 F30000
G1 F8401.487
G3 X127.4 Y169.026 I-.711 J1.223 E.05297
G1 X127.4 Y184.974 E.56821
G3 X125.974 Y186.4 I-1.418 J.008 E.07994
G1 X119.974 Y186.4 E.21378
G1 X119.762 Y186.419 E.00758
G1 X96.238 Y186.419 E.83814
G1 X96.026 Y186.4 E.00758
G1 X90.026 Y186.4 E.21378
G3 X88.6 Y184.974 I-.008 J-1.418 E.07994
G1 X88.6 Y169.026 E.56821
G3 X90.026 Y167.6 I1.418 J-.008 E.07994
G1 X126 Y167.602 E1.28172
G3 X126.662 Y167.774 I-.014 J1.415 E.0246
M73 P34 R20
SET_VELOCITY_LIMIT ACCEL=5000 ACCEL_TO_DECEL=2500
G1 X126.896 Y167.448 F30000
;TYPE:Outer wall
G1 F8401.487
G3 X127.8 Y169.009 I-.909 J1.569 E.06727
G1 X127.8 Y184.991 E.56945
G3 X125.991 Y186.8 I-1.818 J-.01 E.10108
G1 X119.991 Y186.8 E.21378
G2 X117.8 Y188.991 I.028 J2.219 E.12223
G1 X117.8 Y194.991 E.21378
G3 X115.991 Y196.8 I-1.818 J-.01 E.10108
G1 X100.009 Y196.8 E.56945
G3 X98.2 Y194.991 I.01 J-1.818 E.10108
G1 X98.2 Y188.991 E.21378
G2 X96.009 Y186.8 I-2.219 J.028 E.12223
G1 X90.009 Y186.8 E.21378
G3 X88.2 Y184.991 I.01 J-1.818 E.10108
G1 X88.2 Y169.009 E.56945
G3 X90.009 Y167.2 I1.818 J.01 E.10108
G1 X126.035 Y167.204 E1.28359
G3 X126.861 Y167.428 I-.048 J1.812 E.03081
SET_VELOCITY_LIMIT ACCEL=10000 ACCEL_TO_DECEL=5000
G1 E-.5 F900
G1 Z.6 F30000
G1 X125.736 Y185.906 Z.6
G1 Z.4
G1 E.5 F900
;TYPE:Sparse infill
G1 F8401.487
G1 X126.745 Y184.897 E.05085
G1 X126.745 Y183.454 E.05141
G1 X124.454 Y185.745 E.11546
G1 X123.011 Y185.745 E.05141
G1 X126.745 Y182.011 E.18816
G1 X126.745 Y180.568 E.05141
G1 X121.568 Y185.745 E.26086
G1 X120.126 Y185.745 E.05141
G1 X126.745 Y179.126 E.33356
G1 X126.745 Y177.683 E.05141
G1 X118.664 Y185.764 E.40719
G1 X117.221 Y185.764 E.05141
G1 X126.745 Y176.24 E.47989
G1 X126.745 Y174.797 E.05141
G1 X115.779 Y185.764 E.55259
G1 X114.336 Y185.764 E.05141
G1 X126.745 Y173.354 E.62529
G1 X126.745 Y171.912 E.05141
G1 X112.893 Y185.764 E.69799
G1 X111.45 Y185.764 E.05141
G1 X126.745 Y170.469 E.77069
G2 X126.743 Y169.028 I-8.233 J-.707 E.05139
G1 X110.007 Y185.764 E.84328
G1 X108.565 Y185.764 E.05141
G1 X126.064 Y168.265 E.88174
G2 X124.63 Y168.255 I-.771 J8.189 E.05114
G1 X107.122 Y185.764 E.88221
G1 X105.679 Y185.764 E.05141
G1 X123.187 Y168.255 E.88222
G1 X121.745 Y168.255 E.05141
G1 X104.236 Y185.764 E.88222
G1 X102.793 Y185.764 E.05141
G1 X120.302 Y168.255 E.88222
G1 X118.859 Y168.255 E.05141
G1 X101.35 Y185.764 E.88222
G1 X99.908 Y185.764 E.05141
G1 X117.416 Y168.255 E.88222
G1 X115.973 Y168.255 E.05141
G1 X98.465 Y185.764 E.88222
G1 X97.022 Y185.764 E.05141
G1 X114.531 Y168.255 E.88223
G1 X113.088 Y168.255 E.05141
G1 X95.598 Y185.745 E.88129
G1 X94.155 Y185.745 E.05141
G1 X111.645 Y168.255 E.8813
G1 X110.202 Y168.255 E.05141
G1 X92.712 Y185.745 E.8813
G1 X91.269 Y185.745 E.05141
G1 X108.76 Y168.255 E.8813
G1 X107.317 Y168.255 E.05141
G1 X89.849 Y185.723 E.88018
G3 X89.255 Y184.874 I.173 J-.754 E.04045
G1 X105.874 Y168.255 E.83741
G1 X104.431 Y168.255 E.05141
G1 X89.255 Y183.432 E.76472
G1 X89.255 Y181.989 E.05141
G1 X102.988 Y168.255 E.69202
G1 X101.546 Y168.255 E.05141
G1 X89.255 Y180.546 E.61932
G1 X89.255 Y179.103 E.05141
G1 X100.103 Y168.255 E.54662
G1 X98.66 Y168.255 E.05141
G1 X89.255 Y177.66 E.47392
G1 X89.255 Y176.217 E.05141
G1 X97.217 Y168.255 E.40122
G1 X95.775 Y168.255 E.05141
G1 X89.255 Y174.775 E.32852
G1 X89.255 Y173.332 E.05141
G1 X94.332 Y168.255 E.25583
G1 X92.889 Y168.255 E.05141
G1 X89.255 Y171.889 E.18313
G1 X89.255 Y170.446 E.05141
G1 X91.446 Y168.255 E.11043
G2 X89.998 Y168.26 I-.696 J8.273 E.05165
G1 X89.094 Y169.164 E.04558
G1 E-.5 F900
G1 Z.6 F30000
G1 X107.817 Y192.419 Z.6
G1 Z.4
G1 E.5 F900
;TYPE:Gap infill
;WIDTH:0.184415
G1 F15000
G1 X107.915 Y192.467 E.00154
;WIDTH:0.216246
G1 X107.946 Y192.484 E.00062
G1 X107.967 Y192.582 E.00172
;WIDTH:0.192399
G1 X107.987 Y192.679 E.00149
;WIDTH:0.150692
G1 X108.089 Y193.343 E.00722
;WIDTH:0.186224
G1 X108.103 Y193.521 E.00255
;WIDTH:0.223718
G1 X108.112 Y193.665 E.00261
G1 E-.5 F900
G1 Z.6 F30000
G1 X99.506 Y196.619 Z.6
G1 Z.4
G1 E.5 F900
SET_VELOCITY_LIMIT ACCEL=2000 ACCEL_TO_DECEL=1000
;TYPE:Top surface
;WIDTH:0.481271
G1 F6843.83
G1 X98.848 Y195.961 E.04066
G3 X98.499 Y194.992 I1.161 J-.966 E.04599
G1 X100.008 Y196.501 E.09336
G1 X100.629 Y196.502 E.02717
G1 X98.498 Y194.371 E.13185
G1 X98.498 Y193.751 E.02711
G1 X101.249 Y196.502 E.1702
G1 X101.869 Y196.502 E.02711
G1 X98.498 Y193.131 E.20854
G1 X98.498 Y192.511 E.02711
G1 X102.489 Y196.502 E.24689
G1 X103.109 Y196.502 E.02711
G1 X98.498 Y191.891 E.28523
G1 X98.498 Y191.271 E.02711
G1 X103.729 Y196.502 E.32358
G1 X104.349 Y196.502 E.02711
G1 X98.498 Y190.651 E.36192
G1 X98.498 Y190.031 E.02711
G1 X104.969 Y196.502 E.40027
G1 X105.589 Y196.502 E.02711
G1 X98.498 Y189.411 E.43862
G2 X98.48 Y188.773 I-3.654 J-.217 E.02794
G1 X103.366 Y193.66 E.30225
G2 X103.762 Y194.6 I2.071 J-.318 E.04508
G1 X104.061 Y194.958 E.02041
G2 X105.177 Y195.471 I1.68 J-2.188 E.05414
G1 X106.405 Y196.699 E.07598
SET_VELOCITY_LIMIT ACCEL=10000 ACCEL_TO_DECEL=5000
G1 E-.5 F900
G1 Z.6 F30000
G1 X105.645 Y195.319 Z.6
G1 Z.4
G1 E.5 F900
SET_VELOCITY_LIMIT ACCEL=2000 ACCEL_TO_DECEL=1000
G1 F6843.83
G1 X106.829 Y196.502 E.07322
G1 X107.448 Y196.502 E.02711
G1 X106.403 Y195.457 E.06468
G2 X106.867 Y195.301 I-.538 J-2.378 E.02146
G1 X108.068 Y196.502 E.0743
G1 X108.688 Y196.502 E.02711
G1 X107.25 Y195.064 E.08895
G2 X107.581 Y194.774 I-.348 J-.73 E.01946
G1 X109.308 Y196.502 E.10687
G1 X109.928 Y196.502 E.02711
G1 X107.847 Y194.421 E.12873
G2 X108.035 Y193.989 I-1.761 J-1.021 E.02066
G1 X110.548 Y196.502 E.15547
G1 X111.168 Y196.502 E.02711
G1 X110.173 Y195.508 E.06152
G2 X110.775 Y195.489 I.227 J-2.45 E.0264
G1 X111.788 Y196.502 E.06265
G1 X112.408 Y196.502 E.02711
G1 X111.262 Y195.356 E.07089
G2 X111.666 Y195.14 I-.402 J-1.239 E.02014
G1 X113.028 Y196.502 E.08423
G1 X113.648 Y196.502 E.02711
G1 X111.999 Y194.853 E.102
G2 X112.27 Y194.504 I-2.034 J-1.861 E.01934
G1 X114.268 Y196.502 E.12358
G1 X114.888 Y196.502 E.02711
G1 X112.482 Y194.096 E.14882
G2 X112.645 Y193.64 I-3.596 J-1.543 E.02123
G1 X115.507 Y196.502 E.17707
G2 X116.115 Y196.49 I.235 J-3.481 E.02663
G1 X112.754 Y193.129 E.20789
G2 X112.817 Y192.572 I-7.274 J-1.103 E.02453
G1 X116.61 Y196.365 E.23459
G2 X116.989 Y196.124 I-.718 J-1.553 E.01971
G1 X112.836 Y191.971 E.25691
G2 X112.813 Y191.328 I-12.838 J.14 E.02815
G1 X117.273 Y195.788 E.27588
G2 X117.454 Y195.349 I-1.422 J-.843 E.02084
G1 X112.454 Y190.349 E.30926
SET_VELOCITY_LIMIT ACCEL=10000 ACCEL_TO_DECEL=5000
G1 E-.5 F900
G1 Z.6 F30000
G1 X108.13 Y192.225 Z.6
G1 Z.4
G1 E.5 F900
SET_VELOCITY_LIMIT ACCEL=2000 ACCEL_TO_DECEL=1000
G1 F6843.83
G1 X106.111 Y190.206 E.12488
G1 X106.731 Y190.206 E.02711
G1 X107.943 Y191.418 E.07495
G3 X107.994 Y190.848 I5.417 J.197 E.025
G1 X107.351 Y190.206 E.03975
G1 X107.971 Y190.206 E.02711
G1 X108.107 Y190.342 E.00841
G3 X108.275 Y189.889 I2.23 J.568 E.02114
G1 X108.134 Y189.748 E.00872
G1 X108.134 Y189.128 E.02711
G1 X108.629 Y189.624 E.03065
SET_VELOCITY_LIMIT ACCEL=10000 ACCEL_TO_DECEL=5000
G1 E-.5 F900
G1 Z.6 F30000
G1 X104.877 Y193.31 Z.6
G1 Z.4
G1 E.5 F900
SET_VELOCITY_LIMIT ACCEL=2000 ACCEL_TO_DECEL=1000
G1 F6843.83
G1 X105.673 Y194.107 E.04924
SET_VELOCITY_LIMIT ACCEL=10000 ACCEL_TO_DECEL=5000
G1 E-.5 F900
G1 Z.6 F30000
G1 X103.481 Y193.155 Z.6
G1 Z.4
G1 E.5 F900
SET_VELOCITY_LIMIT ACCEL=2000 ACCEL_TO_DECEL=1000
G1 F6843.83
G1 X98.242 Y187.916 E.32408
G1 X98.165 Y187.75 E.00798
G2 X97.26 Y186.842 I-2.376 J1.463 E.05658
G1 X97.286 Y186.759 E.0038
G1 X97.706 Y186.759 E.01835
G1 X103.742 Y192.796 E.37339
G1 X104.304 Y192.738 E.02472
G1 X98.325 Y186.759 E.36982
G1 X98.945 Y186.759 E.02711
G1 X106.043 Y193.857 E.43901
G2 X106.343 Y193.537 I-.201 J-.489 E.01978
G1 X99.565 Y186.759 E.41922
G1 X100.185 Y186.759 E.02711
G1 X103.446 Y190.02 E.20169
G3 X103.176 Y189.13 I1.932 J-1.073 E.041
G1 X100.805 Y186.759 E.14663
G1 X101.425 Y186.759 E.02711
G1 X103.168 Y188.502 E.10781
G1 X103.788 Y188.502 E.02711
G1 X102.045 Y186.759 E.10781
G1 X102.665 Y186.759 E.02711
G1 X104.408 Y188.502 E.10781
G1 X105.028 Y188.502 E.02711
G1 X103.285 Y186.759 E.10781
G1 X103.905 Y186.759 E.02711
G1 X105.648 Y188.502 E.10781
G1 X106.268 Y188.502 E.02711
G1 X104.525 Y186.759 E.10781
G1 X105.145 Y186.759 E.02711
G1 X106.888 Y188.502 E.10781
G1 X107.507 Y188.502 E.02711
G1 X105.765 Y186.759 E.10781
G1 X106.384 Y186.759 E.02711
G1 X108.732 Y189.107 E.14521
G3 X109.06 Y188.815 I1.514 J1.368 E.01924
G1 X107.004 Y186.759 E.12714
G1 X107.624 Y186.759 E.02711
G1 X109.446 Y188.581 E.11266
G3 X109.932 Y188.447 I.91 J2.362 E.0221
G1 X108.244 Y186.759 E.1044
G1 X108.864 Y186.759 E.02711
G1 X110.729 Y188.624 E.11534
SET_VELOCITY_LIMIT ACCEL=10000 ACCEL_TO_DECEL=5000
G1 E-.5 F900
G1 Z.6 F30000
G1 X109.287 Y186.563 Z.6
G1 Z.4
G1 E.5 F900
SET_VELOCITY_LIMIT ACCEL=2000 ACCEL_TO_DECEL=1000
G1 F6843.83
G1 X117.502 Y194.777 E.50814
G1 X117.502 Y194.158 E.02711
G1 X110.104 Y186.759 E.45763
G1 X110.724 Y186.759 E.02711
G1 X117.502 Y193.538 E.41928
G1 X117.502 Y192.918 E.02711
G1 X111.344 Y186.759 E.38093
G1 X111.964 Y186.759 E.02711
G1 X117.502 Y192.298 E.34259
G1 X117.502 Y191.678 E.02711
G1 X112.584 Y186.759 E.30424
G1 X113.204 Y186.759 E.02711
G1 X117.502 Y191.058 E.2659
G1 X117.502 Y190.438 E.02711
G1 X113.823 Y186.759 E.22755
G1 X114.443 Y186.759 E.02711
G1 X117.502 Y189.818 E.1892
G1 X117.502 Y189.198 E.02711
G1 X115.063 Y186.759 E.15086
G1 X115.683 Y186.759 E.02711
G1 X117.534 Y188.61 E.1145
G1 X117.663 Y188.119 E.02221
G1 X116.303 Y186.759 E.08412
G1 X116.923 Y186.759 E.02711
G1 X117.868 Y187.704 E.05843
G1 X118.131 Y187.347 E.01939
G1 X117.543 Y186.759 E.03637
G1 X118.163 Y186.759 E.02711
G1 X118.591 Y187.187 E.02646
SET_VELOCITY_LIMIT ACCEL=10000 ACCEL_TO_DECEL=5000
G1 E-.5 F900
G1 Z.6 F30000
G1 X110.591 Y189.747 Z.6
G1 Z.4
G1 E.5 F900
SET_VELOCITY_LIMIT ACCEL=5000 ACCEL_TO_DECEL=2500
;TYPE:Outer wall
;WIDTH:0.4
G1 F8401.487
G3 X111.061 Y190.099 I-.222 J.787 E.02142
G3 X111.379 Y191.459 I-3.35 J1.501 E.05006
G1 X111.38 Y192.461 E.03569
G3 X111.062 Y193.822 I-3.663 J-.138 E.05013
G3 X109.938 Y194.082 I-.692 J-.433 E.04564
G3 X109.735 Y193.877 I.827 J-1.016 E.01031
G3 X109.388 Y192.478 I2.962 J-1.478 E.05176
G3 X109.425 Y190.977 I12.141 J-.452 E.05353
G3 X109.703 Y190.097 I3.645 J.667 E.03295
G3 X110.475 Y189.723 I.677 J.413 E.03232
G3 X110.552 Y189.737 I-.106 J.811 E.00279
SET_VELOCITY_LIMIT ACCEL=10000 ACCEL_TO_DECEL=5000
G1 E-.5 F900
G1 Z.6 F30000
G1 X109.626 Y193.316 Z.6
G1 Z.4
G1 E.5 F900
SET_VELOCITY_LIMIT ACCEL=2000 ACCEL_TO_DECEL=1000
;TYPE:Top surface
;WIDTH:0.539196
G1 F6045.023
G1 X110.19 Y193.88 E.03953
G2 X110.744 Y193.732 I.173 J-.464 E.03028
G1 X109.699 Y192.687 E.07317
G3 X109.681 Y191.967 I6.887 J-.538 E.0357
G1 X110.96 Y193.247 E.08962
G2 X111.065 Y192.65 I-2.108 J-.677 E.03012
G1 X109.698 Y191.282 E.09574
G3 X109.801 Y190.683 I2.227 J.073 E.0302
G1 X111.082 Y191.964 E.08972
G2 X111.062 Y191.243 I-4.308 J-.245 E.03577
G1 X110.013 Y190.194 E.07348
G3 X110.569 Y190.048 I.371 J.281 E.03068
G1 X111.152 Y190.631 E.04084
; stop printing object flowrate_20 id:0 copy 0
; printing object flowrate_5 id:0 copy 0
SET_VELOCITY_LIMIT ACCEL=10000 ACCEL_TO_DECEL=5000
G1 E-.5 F900
G1 Z.6 F30000
G1 X109.907 Y163.159 Z.6
G1 Z.4
G1 E.5 F900
SET_VELOCITY_LIMIT ACCEL=5000 ACCEL_TO_DECEL=2500
;TYPE:Outer wall
;WIDTH:0.4
G1 F9601.699
G1 X109.907 Y162.055 E.03442
G1 X107.476 Y162.055 E.07577
G1 X107.27 Y161.024 E.03279
G2 X109.273 Y160.869 I.863 J-1.869 E.06545
G1 X109.593 Y160.616 E.01271
G2 X110.111 Y159.699 I-1.794 J-1.619 E.03311
G2 X109.67 Y157.539 I-2.447 J-.625 E.07111
G2 X108.899 Y156.931 I-2.087 J1.853 E.03078
G2 X107.942 Y156.738 I-1.045 J2.711 E.03058
G1 X107.74 Y156.754 E.00631
G2 X106.802 Y157.024 I.044 J1.919 E.03078
G1 X106.469 Y157.245 E.01247
G2 X105.935 Y158.039 I1.765 J1.765 E.03
G2 X105.772 Y158.793 I4.34 J1.331 E.02409
G1 X106.943 Y158.892 E.03664
G3 X107.196 Y158.131 I1.802 J.176 E.02522
G3 X108.525 Y157.939 I.758 J.553 E.04665
G3 X109.007 Y159.01 I-.826 J1.015 E.03795
G3 X108.707 Y159.864 I-1.309 J.021 E.02883
G3 X106.923 Y159.574 I-.778 J-.851 E.0648
M73 P35 R20
G1 X105.906 Y159.706 E.03196
G1 X106.557 Y163.159 E.10954
G1 X109.867 Y163.159 E.10317
SET_VELOCITY_LIMIT ACCEL=10000 ACCEL_TO_DECEL=5000
G1 E-.5 F900
G1 Z.6 F30000
G1 X126.518 Y136.103 Z.6
G1 Z.4
G1 E.5 F900
;TYPE:Inner wall
G1 F9601.699
G3 X127.043 Y137.042 I-.535 J.915 E.03517
G1 X127.043 Y152.958 E.49621
G3 X125.958 Y154.043 I-1.062 J.023 E.05344
G1 X119.958 Y154.043 E.18705
G1 X119.746 Y154.061 E.00663
G1 X96.254 Y154.061 E.7324
G1 X96.042 Y154.043 E.00663
G1 X90.042 Y154.043 E.18705
G3 X88.957 Y152.958 I-.023 J-1.062 E.05344
G1 X88.957 Y137.042 E.49621
G3 X90.042 Y135.957 I1.062 J-.023 E.05344
G1 X125.969 Y135.958 E1.12005
G3 X126.483 Y136.083 I.014 J1.06 E.01668
G1 X126.696 Y135.794 F30000
G1 F9601.699
G3 X127.4 Y137.026 I-.711 J1.223 E.04634
G1 X127.4 Y152.974 E.49718
G3 X125.974 Y154.4 I-1.418 J.008 E.06995
G1 X119.974 Y154.4 E.18706
G1 X119.762 Y154.419 E.00663
G1 X96.238 Y154.419 E.73337
G1 X96.026 Y154.4 E.00663
G1 X90.026 Y154.4 E.18705
G3 X88.6 Y152.974 I-.008 J-1.418 E.06995
G1 X88.6 Y137.026 E.49718
G3 X90.026 Y135.6 I1.418 J-.008 E.06995
G1 X126 Y135.602 E1.12151
G3 X126.662 Y135.774 I-.014 J1.415 E.02153
SET_VELOCITY_LIMIT ACCEL=5000 ACCEL_TO_DECEL=2500
G1 X126.896 Y135.448 F30000
;TYPE:Outer wall
G1 F9601.699
G3 X127.8 Y137.009 I-.909 J1.569 E.05886
G1 X127.8 Y152.991 E.49827
G3 X125.991 Y154.8 I-1.818 J-.01 E.08845
G1 X119.991 Y154.8 E.18706
G2 X117.8 Y156.991 I.028 J2.219 E.10695
G1 X117.8 Y162.991 E.18705
G3 X115.991 Y164.8 I-1.818 J-.01 E.08845
G1 X100.009 Y164.8 E.49827
G3 X98.2 Y162.991 I.01 J-1.818 E.08845
G1 X98.2 Y156.991 E.18705
G2 X96.009 Y154.8 I-2.219 J.028 E.10695
G1 X90.009 Y154.8 E.18705
G3 X88.2 Y152.991 I.01 J-1.818 E.08845
G1 X88.2 Y137.009 E.49827
G3 X90.009 Y135.2 I1.818 J.01 E.08845
G1 X126.035 Y135.204 E1.12314
G3 X126.861 Y135.428 I-.048 J1.812 E.02696
SET_VELOCITY_LIMIT ACCEL=10000 ACCEL_TO_DECEL=5000
G1 E-.5 F900
G1 Z.6 F30000
G1 X125.736 Y153.906 Z.6
G1 Z.4
G1 E.5 F900
;TYPE:Sparse infill
G1 F9601.699
G1 X126.745 Y152.897 E.0445
G1 X126.745 Y151.454 E.04498
G1 X124.454 Y153.745 E.10102
G1 X123.011 Y153.745 E.04498
G1 X126.745 Y150.011 E.16464
G1 X126.745 Y148.568 E.04498
G1 X121.568 Y153.745 E.22825
G1 X120.126 Y153.745 E.04498
G1 X126.745 Y147.126 E.29186
G1 X126.745 Y145.683 E.04498
G1 X118.664 Y153.764 E.35629
G1 X117.221 Y153.764 E.04498
G1 X126.745 Y144.24 E.41991
G1 X126.745 Y142.797 E.04498
G1 X115.779 Y153.764 E.48352
G1 X114.336 Y153.764 E.04498
G1 X126.745 Y141.354 E.54713
G1 X126.745 Y139.912 E.04498
G1 X112.893 Y153.764 E.61074
G1 X111.45 Y153.764 E.04498
G1 X126.745 Y138.469 E.67436
G2 X126.743 Y137.028 I-8.235 J-.707 E.04497
G1 X110.007 Y153.764 E.73787
G1 X108.565 Y153.764 E.04498
G1 X126.064 Y136.265 E.77152
G2 X124.63 Y136.255 I-.771 J8.189 E.04474
G1 X107.122 Y153.764 E.77194
G1 X105.679 Y153.764 E.04498
G1 X123.187 Y136.255 E.77194
G1 X121.745 Y136.255 E.04498
G1 X104.236 Y153.764 E.77194
G1 X102.793 Y153.764 E.04498
G1 X120.302 Y136.255 E.77194
G1 X118.859 Y136.255 E.04498
G1 X101.35 Y153.764 E.77194
G1 X99.908 Y153.764 E.04498
G1 X117.416 Y136.255 E.77194
G1 X115.973 Y136.255 E.04498
G1 X98.465 Y153.764 E.77195
G1 X97.022 Y153.764 E.04498
G1 X114.531 Y136.255 E.77195
G1 X113.088 Y136.255 E.04498
G1 X95.598 Y153.745 E.77113
G1 X94.155 Y153.745 E.04498
G1 X111.645 Y136.255 E.77113
G1 X110.202 Y136.255 E.04498
G1 X92.712 Y153.745 E.77114
G1 X91.269 Y153.745 E.04498
G1 X108.76 Y136.255 E.77114
G1 X107.317 Y136.255 E.04498
G1 X89.849 Y153.723 E.77016
G3 X89.255 Y152.874 I.173 J-.754 E.03539
M73 P35 R19
G1 X105.874 Y136.255 E.73274
G1 X104.431 Y136.255 E.04498
G1 X89.255 Y151.432 E.66913
G1 X89.255 Y149.989 E.04498
G1 X102.988 Y136.255 E.60552
G1 X101.546 Y136.255 E.04498
G1 X89.255 Y148.546 E.5419
G1 X89.255 Y147.103 E.04498
G1 X100.103 Y136.255 E.47829
G1 X98.66 Y136.255 E.04498
G1 X89.255 Y145.66 E.41468
G1 X89.255 Y144.217 E.04498
G1 X97.217 Y136.255 E.35107
G1 X95.775 Y136.255 E.04498
G1 X89.255 Y142.775 E.28746
G1 X89.255 Y141.332 E.04498
G1 X94.332 Y136.255 E.22385
G1 X92.889 Y136.255 E.04498
G1 X89.255 Y139.889 E.16024
G1 X89.255 Y138.446 E.04498
G1 X91.446 Y136.255 E.09662
G2 X89.998 Y136.26 I-.696 J8.274 E.04519
G1 X89.094 Y137.164 E.03988
G1 E-.5 F900
G1 Z.6 F30000
G1 X98.381 Y163.494 Z.6
G1 Z.4
G1 E.5 F900
SET_VELOCITY_LIMIT ACCEL=2000 ACCEL_TO_DECEL=1000
;TYPE:Top surface
;WIDTH:0.481271
G1 F7821.52
G1 X99.039 Y164.152 E.03558
G2 X100.008 Y164.501 I.966 J-1.161 E.04024
G1 X98.499 Y162.992 E.08169
G1 X98.498 Y162.371 E.02377
G1 X100.629 Y164.502 E.11537
G1 X101.249 Y164.502 E.02373
G1 X98.498 Y161.751 E.14892
G1 X98.498 Y161.131 E.02373
G1 X101.869 Y164.502 E.18247
G1 X102.489 Y164.502 E.02373
G1 X98.498 Y160.511 E.21603
G1 X98.498 Y159.891 E.02373
G1 X103.109 Y164.502 E.24958
G1 X103.729 Y164.502 E.02373
G1 X98.498 Y159.271 E.28313
G1 X98.498 Y158.651 E.02373
G1 X104.349 Y164.502 E.31668
G1 X104.969 Y164.502 E.02373
G1 X98.498 Y158.031 E.35024
G1 X98.498 Y157.411 E.02373
G1 X105.589 Y164.502 E.38379
G1 X106.209 Y164.502 E.02373
G1 X98.48 Y156.773 E.41831
G1 X98.462 Y156.566 E.00797
G1 X98.349 Y156.145 E.01668
G1 X98.242 Y155.916 E.00969
G1 X106.829 Y164.502 E.46474
G1 X107.448 Y164.502 E.02373
G1 X97.706 Y154.759 E.52733
G1 X98.325 Y154.759 E.02373
G1 X106.145 Y162.579 E.42321
G1 X106.001 Y161.815 E.02975
G1 X98.945 Y154.759 E.38186
G1 X99.565 Y154.759 E.02373
G1 X105.857 Y161.051 E.34051
G1 X105.712 Y160.287 E.02975
G1 X100.185 Y154.759 E.29916
G1 X100.805 Y154.759 E.02373
G1 X105.568 Y159.523 E.25781
G1 X105.555 Y159.452 E.00276
G1 X106.053 Y159.387 E.0192
G1 X101.425 Y154.759 E.25046
G1 X102.045 Y154.759 E.02373
G1 X105.568 Y158.282 E.19067
G3 X105.709 Y157.803 I2.292 J.413 E.01915
G1 X102.665 Y154.759 E.16474
G1 X103.285 Y154.759 E.02373
G1 X105.937 Y157.412 E.14356
G3 X106.222 Y157.076 I2 J1.406 E.01686
G1 X103.905 Y154.759 E.1254
G1 X104.525 Y154.759 E.02373
G1 X106.58 Y156.814 E.11122
G3 X106.988 Y156.602 I1.264 J1.937 E.01763
G1 X105.145 Y154.759 E.09975
G1 X105.765 Y154.759 E.02373
G1 X107.484 Y156.478 E.09305
G3 X108.079 Y156.454 I.395 J2.338 E.02286
G1 X106.188 Y154.563 E.10235
SET_VELOCITY_LIMIT ACCEL=10000 ACCEL_TO_DECEL=5000
G1 E-.5 F900
G1 Z.6 F30000
G1 X106.218 Y158.932 Z.6
G1 Z.4
G1 E.5 F900
SET_VELOCITY_LIMIT ACCEL=2000 ACCEL_TO_DECEL=1000
G1 F7821.52
G1 X106.601 Y159.315 E.02074
G1 X107.056 Y159.256 E.01754
G2 X107.372 Y159.659 I2.29 J-1.474 E.01965
G2 X107.758 Y159.852 I.55 J-.618 E.01668
G1 X107.111 Y159.205 E.03501
G1 X107.18 Y159.211 E.00265
G1 X107.278 Y158.752 E.01796
G1 X108.308 Y159.782 E.05575
G2 X108.612 Y159.466 I-.271 J-.566 E.01714
G1 X107.444 Y158.298 E.06322
G3 X107.822 Y158.057 I.469 J.317 E.01766
G1 X108.896 Y159.131 E.05812
SET_VELOCITY_LIMIT ACCEL=10000 ACCEL_TO_DECEL=5000
G1 E-.5 F900
G1 Z.6 F30000
G1 X107.449 Y161.403 Z.6
G1 Z.4
G1 E.5 F900
SET_VELOCITY_LIMIT ACCEL=2000 ACCEL_TO_DECEL=1000
G1 F7821.52
G1 X107.803 Y161.757 E.01919
G1 X108.423 Y161.757 E.02373
G1 X108.179 Y161.514 E.01319
G2 X108.724 Y161.438 I-.137 J-3.001 E.02107
G1 X109.24 Y161.954 E.02791
SET_VELOCITY_LIMIT ACCEL=10000 ACCEL_TO_DECEL=5000
G1 E-.5 F900
G1 Z.6 F30000
G1 X106.826 Y163.26 Z.6
G1 Z.4
G1 E.5 F900
SET_VELOCITY_LIMIT ACCEL=2000 ACCEL_TO_DECEL=1000
G1 F7821.52
G1 X108.068 Y164.502 E.06722
G1 X108.688 Y164.502 E.02373
G1 X107.643 Y163.457 E.05658
G1 X108.263 Y163.457 E.02373
G1 X109.308 Y164.502 E.05658
G1 X109.928 Y164.502 E.02373
G1 X108.883 Y163.457 E.05658
G1 X109.503 Y163.457 E.02373
G1 X110.548 Y164.502 E.05658
G1 X111.168 Y164.502 E.02373
G1 X110.123 Y163.457 E.05658
G1 X110.204 Y163.457 E.00313
G1 X110.204 Y162.919 E.02059
G1 X111.788 Y164.502 E.0857
G1 X112.408 Y164.502 E.02373
G1 X110.204 Y162.299 E.11926
G1 X110.204 Y161.757 E.02072
G1 X109.663 Y161.757 E.02072
G1 X109.179 Y161.274 E.02618
G2 X109.553 Y161.027 I-1.085 J-2.051 E.01715
G1 X113.028 Y164.502 E.18808
G1 X113.648 Y164.502 E.02373
G1 X109.878 Y160.732 E.20403
G2 X110.139 Y160.373 I-1.766 J-1.558 E.01701
G1 X114.268 Y164.502 E.22346
G1 X114.888 Y164.502 E.02373
G1 X110.344 Y159.959 E.24592
G2 X110.453 Y159.448 I-2.366 J-.774 E.02002
G1 X115.507 Y164.502 E.27355
G2 X116.115 Y164.49 I.235 J-3.48 E.0233
G1 X110.248 Y158.623 E.31757
SET_VELOCITY_LIMIT ACCEL=10000 ACCEL_TO_DECEL=5000
G1 E-.5 F900
G1 Z.6 F30000
G1 X106.808 Y154.563 Z.6
G1 Z.4
G1 E.5 F900
SET_VELOCITY_LIMIT ACCEL=2000 ACCEL_TO_DECEL=1000
G1 F7821.52
G1 X108.836 Y156.591 E.1098
G3 X109.504 Y156.973 I-.688 J1.976 E.0296
G1 X109.902 Y157.348 E.02092
G3 X110.302 Y158.057 I-2.884 J2.096 E.03121
G1 X116.61 Y164.365 E.34142
G2 X116.989 Y164.124 I-.718 J-1.553 E.01724
G1 X107.624 Y154.759 E.50687
G1 X108.244 Y154.759 E.02373
G1 X117.273 Y163.788 E.48867
G2 X117.454 Y163.349 I-1.422 J-.843 E.01823
G1 X108.864 Y154.759 E.46491
G1 X109.484 Y154.759 E.02373
G1 X117.502 Y162.777 E.43397
G1 X117.502 Y162.157 E.02373
G1 X110.104 Y154.759 E.40042
G1 X110.724 Y154.759 E.02373
G1 X117.502 Y161.538 E.36687
G1 X117.502 Y160.918 E.02373
G1 X111.344 Y154.759 E.33332
G1 X111.964 Y154.759 E.02373
G1 X117.502 Y160.298 E.29976
G1 X117.502 Y159.678 E.02373
G1 X112.584 Y154.759 E.26621
G1 X113.204 Y154.759 E.02373
G1 X117.502 Y159.058 E.23266
G1 X117.502 Y158.438 E.02373
G1 X113.824 Y154.759 E.19911
G1 X114.443 Y154.759 E.02373
G1 X117.502 Y157.818 E.16555
G1 X117.502 Y157.198 E.02373
G1 X115.063 Y154.759 E.132
G1 X115.683 Y154.759 E.02373
G1 X117.534 Y156.61 E.10019
G1 X117.663 Y156.119 E.01943
G1 X116.303 Y154.759 E.0736
G1 X116.923 Y154.759 E.02373
G1 X117.868 Y155.704 E.05112
G1 X118.131 Y155.347 E.01696
G1 X117.543 Y154.759 E.03183
G1 X118.163 Y154.759 E.02373
G1 X118.591 Y155.187 E.02315
; stop printing object flowrate_5 id:0 copy 0
; printing object flowrate_m20 id:279172874362 copy 0
SET_VELOCITY_LIMIT ACCEL=10000 ACCEL_TO_DECEL=5000
G1 E-.5 F900
G1 Z.6 F30000
G1 X109.221 Y124.8 Z.6
G1 Z.4
G1 E.5 F900
SET_VELOCITY_LIMIT ACCEL=5000 ACCEL_TO_DECEL=2500
;TYPE:Outer wall
;WIDTH:0.4
G1 F12000
G1 X104.849 Y124.8 E.10384
G2 X105.32 Y126.243 I2.107 J.111 E.03687
G2 X106.205 Y127.157 I6.034 J-4.959 E.03026
G3 X107.753 Y128.611 I-6.869 J8.86 E.05052
G3 X108.035 Y129.544 I-.929 J.79 E.02383
G3 X107.126 Y130.214 I-.858 J-.213 E.02907
G3 X106.17 Y129.425 I-.055 J-.906 E.0324
G1 X106.134 Y128.992 E.01033
G1 X104.962 Y129.112 E.02798
G2 X105.177 Y130.075 I3.684 J-.317 E.02352
M73 P36 R19
G2 X105.646 Y130.732 I2.347 J-1.179 E.01924
G2 X107.143 Y131.225 I1.45 J-1.883 E.03816
G2 X108.13 Y131.03 I-.037 J-2.774 E.02403
G2 X108.646 Y130.694 I-1.515 J-2.897 E.01465
G2 X109.134 Y129.906 I-1.631 J-1.553 E.02216
G2 X108.676 Y127.964 I-2.036 J-.545 E.04938
G2 X107.667 Y126.963 I-8.637 J7.693 E.03377
G3 X106.47 Y125.908 I11.655 J-14.43 E.03792
G1 X109.221 Y125.908 E.06534
G1 X109.221 Y124.84 E.02537
SET_VELOCITY_LIMIT ACCEL=10000 ACCEL_TO_DECEL=5000
G1 E-.5 F900
G1 Z.6 F30000
G1 X102.076 Y126.601 Z.6
G1 Z.4
G1 E.5 F900
SET_VELOCITY_LIMIT ACCEL=5000 ACCEL_TO_DECEL=2500
G1 F12000
G1 X102.076 Y127.742 E.0271
G1 X104.74 Y127.742 E.06326
G1 X104.74 Y126.601 E.0271
G1 X102.116 Y126.601 E.06231
SET_VELOCITY_LIMIT ACCEL=10000 ACCEL_TO_DECEL=5000
G1 E-.5 F900
G1 Z.6 F30000
G1 X112.403 Y124.797 Z.6
G1 Z.4
G1 E.5 F900
SET_VELOCITY_LIMIT ACCEL=5000 ACCEL_TO_DECEL=2500
G1 F12000
G2 X111.549 Y124.721 I-.598 J1.881 E.02054
G2 X110.564 Y125.097 I.061 J1.635 E.0255
G1 X110.242 Y125.398 E.01046
G2 X109.808 Y126.32 I5.041 J2.935 E.02425
G2 X109.611 Y127.958 I5.279 J1.466 E.03934
G2 X109.839 Y129.733 I6.394 J.08 E.04265
G2 X110.555 Y130.83 I2.449 J-.817 E.03144
G2 X113.088 Y130.735 I1.208 J-1.633 E.06504
G2 X113.85 Y129.057 I-2.106 J-1.968 E.04457
G2 X113.698 Y126.193 I-6.822 J-1.072 E.06861
G2 X112.985 Y125.095 I-2.451 J.811 E.03145
G2 X112.441 Y124.809 I-1.179 J1.583 E.01464
SET_VELOCITY_LIMIT ACCEL=10000 ACCEL_TO_DECEL=5000
G1 E-.5 F900
G1 Z.6 F30000
G1 X126.518 Y104.103 Z.6
G1 Z.4
G1 E.5 F900
;TYPE:Inner wall
G1 F12602.23
G3 X127.043 Y105.042 I-.535 J.915 E.0268
G1 X127.043 Y120.958 E.37806
G3 X125.958 Y122.043 I-1.062 J.023 E.04071
G1 X119.958 Y122.043 E.14252
G1 X119.746 Y122.061 E.00505
G1 X96.254 Y122.061 E.55802
G1 X96.042 Y122.043 E.00505
G1 X90.042 Y122.043 E.14252
G3 X88.957 Y120.958 I-.023 J-1.062 E.04071
G1 X88.957 Y105.042 E.37806
G3 X90.042 Y103.957 I1.062 J-.023 E.04071
G1 X125.969 Y103.958 E.85337
G3 X126.483 Y104.083 I.014 J1.06 E.01271
G1 X126.696 Y103.794 F30000
G1 F12602.23
G3 X127.4 Y105.026 I-.711 J1.223 E.03531
G1 X127.4 Y120.974 E.3788
G3 X125.974 Y122.4 I-1.418 J.008 E.05329
G1 X119.974 Y122.4 E.14252
G1 X119.762 Y122.419 E.00505
G1 X96.238 Y122.419 E.55876
G1 X96.026 Y122.4 E.00505
G1 X90.026 Y122.4 E.14252
G3 X88.6 Y120.974 I-.008 J-1.418 E.05329
G1 X88.6 Y105.026 E.3788
G3 X90.026 Y103.6 I1.418 J-.008 E.05329
G1 X126 Y103.602 E.85448
G3 X126.662 Y103.774 I-.014 J1.415 E.0164
SET_VELOCITY_LIMIT ACCEL=5000 ACCEL_TO_DECEL=2500
G1 X126.896 Y103.448 F30000
;TYPE:Outer wall
G1 F12000
G3 X127.8 Y105.009 I-.909 J1.569 E.04485
G1 X127.8 Y120.991 E.37963
G3 X125.991 Y122.8 I-1.81 J-.001 E.06748
G1 X119.991 Y122.8 E.14252
G2 X117.8 Y124.991 I.028 J2.219 E.08148
G1 X117.8 Y130.991 E.14252
G3 X115.991 Y132.8 I-1.818 J-.01 E.06739
G1 X100.009 Y132.8 E.37963
G3 X98.2 Y130.991 I.01 J-1.818 E.06739
G1 X98.2 Y124.991 E.14252
G2 X96.009 Y122.8 I-2.219 J.028 E.08148
G1 X90.009 Y122.8 E.14252
G3 X88.2 Y120.991 I.01 J-1.818 E.06739
G1 X88.2 Y105.009 E.37963
G3 X90.009 Y103.2 I1.813 J.004 E.06744
G1 X126.035 Y103.204 E.85573
G3 X126.861 Y103.428 I-.048 J1.812 E.02054
SET_VELOCITY_LIMIT ACCEL=10000 ACCEL_TO_DECEL=5000
G1 E-.5 F900
G1 Z.6 F30000
G1 X125.736 Y121.906 Z.6
G1 Z.4
G1 E.5 F900
;TYPE:Sparse infill
G1 F12602.23
G1 X126.745 Y120.897 E.0339
G1 X126.745 Y119.454 E.03427
G1 X124.454 Y121.745 E.07697
G1 X123.011 Y121.745 E.03427
G1 X126.745 Y118.011 E.12544
G1 X126.745 Y116.568 E.03427
G1 X121.568 Y121.745 E.1739
G1 X120.126 Y121.745 E.03427
G1 X126.745 Y115.126 E.22237
G1 X126.745 Y113.683 E.03427
G1 X118.664 Y121.764 E.27146
G1 X117.221 Y121.764 E.03427
G1 X126.745 Y112.24 E.31993
G1 X126.745 Y110.797 E.03427
G1 X115.779 Y121.764 E.3684
G1 X114.336 Y121.764 E.03427
G1 X126.745 Y109.354 E.41686
G1 X126.745 Y107.912 E.03427
G1 X112.893 Y121.764 E.46533
G1 X111.45 Y121.764 E.03427
G1 X126.745 Y106.469 E.5138
G2 X126.743 Y105.028 I-8.234 J-.707 E.03426
G1 X110.007 Y121.764 E.56219
G1 X108.565 Y121.764 E.03427
G1 X126.064 Y104.265 E.58782
G2 X124.63 Y104.255 I-.771 J8.19 E.03409
G1 X107.122 Y121.764 E.58814
G1 X105.679 Y121.764 E.03427
G1 X123.187 Y104.255 E.58814
G1 X121.745 Y104.255 E.03427
G1 X104.236 Y121.764 E.58814
G1 X102.793 Y121.764 E.03427
G1 X120.302 Y104.255 E.58815
G1 X118.859 Y104.255 E.03427
G1 X101.35 Y121.764 E.58815
G1 X99.908 Y121.764 E.03427
G1 X117.416 Y104.255 E.58815
G1 X115.973 Y104.255 E.03427
G1 X98.465 Y121.764 E.58815
G1 X97.022 Y121.764 E.03427
G1 X114.531 Y104.255 E.58815
G1 X113.088 Y104.255 E.03427
G1 X95.598 Y121.745 E.58753
G1 X94.155 Y121.745 E.03427
G1 X111.645 Y104.255 E.58753
G1 X110.202 Y104.255 E.03427
G1 X92.712 Y121.745 E.58753
G1 X91.269 Y121.745 E.03427
G1 X108.76 Y104.255 E.58753
G1 X107.317 Y104.255 E.03427
G1 X89.849 Y121.723 E.58679
G3 X89.255 Y120.874 I.173 J-.754 E.02697
G1 X105.874 Y104.255 E.55828
G1 X104.431 Y104.255 E.03427
G1 X89.255 Y119.432 E.50981
G1 X89.255 Y117.989 E.03427
G1 X102.988 Y104.255 E.46134
G1 X101.546 Y104.255 E.03427
G1 X89.255 Y116.546 E.41288
G1 X89.255 Y115.103 E.03427
G1 X100.103 Y104.255 E.36441
G1 X98.66 Y104.255 E.03427
G1 X89.255 Y113.66 E.31595
G1 X89.255 Y112.217 E.03427
G1 X97.217 Y104.255 E.26748
G1 X95.775 Y104.255 E.03427
G1 X89.255 Y110.775 E.21902
G1 X89.255 Y109.332 E.03427
G1 X94.332 Y104.255 E.17055
G1 X92.889 Y104.255 E.03427
G1 X89.255 Y107.889 E.12208
G1 X89.255 Y106.446 E.03427
G1 X91.446 Y104.255 E.07362
G2 X89.998 Y104.26 I-.696 J8.275 E.03443
G1 X89.094 Y105.164 E.03039
G1 E-.5 F900
G1 Z.6 F30000
G1 X98.381 Y131.494 Z.6
G1 Z.4
G1 E.5 F900
SET_VELOCITY_LIMIT ACCEL=2000 ACCEL_TO_DECEL=1000
;TYPE:Top surface
;WIDTH:0.481271
G1 F8220
G1 X99.039 Y132.152 E.02711
G2 X100.008 Y132.501 I.966 J-1.161 E.03066
G1 X98.499 Y130.992 E.06224
G1 X98.498 Y130.371 E.01811
G1 X100.629 Y132.502 E.0879
G1 X101.249 Y132.502 E.01808
G1 X98.498 Y129.751 E.11346
G1 X98.498 Y129.131 E.01808
G1 X101.869 Y132.502 E.13903
G1 X102.489 Y132.502 E.01808
G1 X98.498 Y128.511 E.16459
G1 X98.498 Y127.891 E.01808
G1 X103.109 Y132.502 E.19016
G1 X103.729 Y132.502 E.01808
G1 X98.498 Y127.271 E.21572
G1 X98.498 Y126.651 E.01808
G1 X104.349 Y132.502 E.24128
G1 X104.969 Y132.502 E.01808
G1 X98.498 Y126.031 E.26685
G1 X98.498 Y125.411 E.01808
G1 X105.589 Y132.502 E.29241
G1 X106.209 Y132.502 E.01808
G1 X98.48 Y124.773 E.31871
G1 X98.462 Y124.566 E.00607
G1 X98.349 Y124.145 E.0127
G1 X98.242 Y123.916 E.00738
G1 X101.778 Y127.452 E.14584
G1 X101.778 Y128.039 E.01712
G1 X102.366 Y128.039 E.01712
G1 X106.829 Y132.502 E.18403
G1 X107.448 Y132.502 E.01808
G1 X106.377 Y131.431 E.04417
G3 X105.447 Y130.958 I.831 J-2.788 E.0306
G3 X104.823 Y129.974 I1.909 J-1.899 E.03425
G1 X104.79 Y129.844 E.00392
G1 X102.986 Y128.039 E.07441
G1 X103.606 Y128.039 E.01808
G1 X104.656 Y129.09 E.04333
G1 X104.616 Y128.848 E.00715
G1 X104.995 Y128.809 E.01112
G1 X104.226 Y128.039 E.03175
G1 X104.845 Y128.039 E.01808
G1 X105.737 Y128.931 E.03676
SET_VELOCITY_LIMIT ACCEL=10000 ACCEL_TO_DECEL=5000
G1 E-.5 F900
G1 Z.6 F30000
G1 X107.478 Y130.052 Z.6
G1 Z.4
G1 E.5 F900
SET_VELOCITY_LIMIT ACCEL=2000 ACCEL_TO_DECEL=1000
G1 F8220
G1 X105.037 Y127.611 E.10065
G1 X105.037 Y126.991 E.01808
G1 X107.683 Y129.637 E.1091
G2 X107.69 Y129.089 I-.528 J-.28 E.0166
G1 X107.621 Y128.955 E.00439
G1 X105.003 Y126.337 E.10795
SET_VELOCITY_LIMIT ACCEL=10000 ACCEL_TO_DECEL=5000
G1 E-.5 F900
G1 Z.6 F30000
G1 X106.874 Y131.308 Z.6
G1 Z.4
G1 E.5 F900
SET_VELOCITY_LIMIT ACCEL=2000 ACCEL_TO_DECEL=1000
G1 F8220
G1 X108.068 Y132.502 E.04927
G1 X108.688 Y132.502 E.01808
G1 X107.663 Y131.477 E.04229
G2 X108.15 Y131.344 I-.29 J-2.025 E.01476
G1 X109.308 Y132.502 E.04776
G1 X109.928 Y132.502 E.01808
G1 X108.55 Y131.124 E.05684
G1 X108.85 Y130.915 E.01067
G1 X108.9 Y130.854 E.00229
G1 X110.548 Y132.502 E.06795
G1 X111.168 Y132.502 E.01808
G1 X109.174 Y130.508 E.08224
G2 X109.383 Y130.097 I-1.413 J-.979 E.01348
G1 X111.788 Y132.502 E.09917
G1 X112.408 Y132.502 E.01808
G1 X111.4 Y131.495 E.04155
G2 X112.033 Y131.508 I.393 J-3.713 E.01848
G1 X113.028 Y132.502 E.04101
G1 X113.648 Y132.502 E.01808
G1 X112.542 Y131.396 E.04561
G2 X112.963 Y131.198 I-.706 J-2.045 E.01361
G1 X114.268 Y132.502 E.0538
G1 X114.888 Y132.502 E.01808
G1 X113.315 Y130.929 E.06486
G2 X113.597 Y130.592 I-1.655 J-1.67 E.01285
G1 X115.507 Y132.502 E.07879
G2 X116.115 Y132.49 I.235 J-3.48 E.01775
G1 X113.82 Y130.195 E.09465
G2 X113.997 Y129.752 I-3.49 J-1.653 E.01392
G1 X116.61 Y132.365 E.10774
G2 X116.989 Y132.124 I-.718 J-1.553 E.01314
G1 X114.117 Y129.252 E.11843
G2 X114.195 Y128.71 I-10.579 J-1.792 E.01597
G1 X117.273 Y131.788 E.12692
G2 X117.454 Y131.349 I-1.422 J-.843 E.01389
G1 X114.219 Y128.114 E.13339
G2 X114.21 Y127.485 I-16.503 J-.076 E.01835
G1 X117.502 Y130.777 E.13576
G1 X117.502 Y130.158 E.01808
G1 X113.886 Y126.541 E.14913
SET_VELOCITY_LIMIT ACCEL=10000 ACCEL_TO_DECEL=5000
G1 E-.5 F900
G1 Z.6 F30000
G1 X109.519 Y128.374 Z.6
G1 Z.4
G1 E.5 F900
SET_VELOCITY_LIMIT ACCEL=2000 ACCEL_TO_DECEL=1000
G1 F8220
G1 X107.351 Y126.206 E.08939
G1 X107.971 Y126.206 E.01808
G1 X109.324 Y127.559 E.0558
G3 X109.361 Y126.976 I4.594 J-.006 E.01706
G1 X108.591 Y126.206 E.03174
G1 X109.211 Y126.206 E.01808
G1 X109.46 Y126.455 E.01028
G3 X109.618 Y125.993 I2.269 J.517 E.01426
G1 X109.519 Y125.894 E.0041
G1 X109.519 Y125.274 E.01808
G1 X109.966 Y125.72 E.01842
SET_VELOCITY_LIMIT ACCEL=10000 ACCEL_TO_DECEL=5000
G1 E-.5 F900
G1 Z.6 F30000
G1 X101.975 Y127.029 Z.6
G1 Z.4
G1 E.5 F900
SET_VELOCITY_LIMIT ACCEL=2000 ACCEL_TO_DECEL=1000
G1 F8220
G1 X97.706 Y122.759 E.17607
G1 X98.325 Y122.759 E.01808
G1 X101.869 Y126.303 E.14614
G1 X102.489 Y126.303 E.01808
G1 X98.945 Y122.759 E.14614
G1 X99.565 Y122.759 E.01808
G1 X103.109 Y126.303 E.14614
G1 X103.729 Y126.303 E.01808
G1 X100.185 Y122.759 E.14614
G1 X100.805 Y122.759 E.01808
G1 X104.349 Y126.303 E.14614
G1 X104.969 Y126.303 E.01808
G1 X101.425 Y122.759 E.14614
G1 X102.045 Y122.759 E.01808
G1 X104.575 Y125.289 E.10433
G3 X104.547 Y124.641 I4.334 J-.514 E.01894
G1 X102.665 Y122.759 E.0776
G1 X103.285 Y122.759 E.01808
G1 X105.028 Y124.502 E.07187
G1 X105.648 Y124.502 E.01808
G1 X103.905 Y122.759 E.07187
G1 X104.525 Y122.759 E.01808
G1 X106.268 Y124.502 E.07187
G1 X106.888 Y124.502 E.01808
G1 X105.145 Y122.759 E.07187
G1 X105.765 Y122.759 E.01808
G1 X107.507 Y124.502 E.07187
G1 X108.127 Y124.502 E.01808
G1 X106.384 Y122.759 E.07187
G1 X107.004 Y122.759 E.01808
G1 X108.944 Y124.699 E.07999
SET_VELOCITY_LIMIT ACCEL=10000 ACCEL_TO_DECEL=5000
G1 E-.5 F900
G1 Z.6 F30000
G1 X110.181 Y125.316 Z.6
G1 Z.4
G1 E.5 F900
SET_VELOCITY_LIMIT ACCEL=2000 ACCEL_TO_DECEL=1000
G1 F8220
G1 X107.624 Y122.759 E.10544
G1 X108.244 Y122.759 E.01808
G1 X110.363 Y124.878 E.08737
G3 X110.734 Y124.629 I1.55 J1.911 E.01305
G1 X108.864 Y122.759 E.07711
G1 X109.484 Y122.759 E.01808
G1 X111.196 Y124.471 E.07059
G3 X111.744 Y124.399 I1.013 J5.62 E.01613
G1 X110.104 Y122.759 E.06763
G1 X110.724 Y122.759 E.01808
G1 X112.458 Y124.493 E.0715
G1 X112.498 Y124.501 E.00121
G3 X113.173 Y124.861 I-.983 J2.653 E.02236
G3 X113.925 Y125.96 I-1.853 J2.075 E.03922
G1 X117.502 Y129.538 E.14752
G1 X117.502 Y128.918 E.01808
G1 X111.344 Y122.759 E.25396
G1 X111.964 Y122.759 E.01808
G1 X117.502 Y128.298 E.22839
G1 X117.502 Y127.678 E.01808
G1 X112.584 Y122.759 E.20283
G1 X113.204 Y122.759 E.01808
G1 X117.502 Y127.058 E.17726
G1 X117.502 Y126.438 E.01808
G1 X113.823 Y122.759 E.1517
G1 X114.443 Y122.759 E.01808
G1 X117.502 Y125.818 E.12614
G1 X117.502 Y125.198 E.01808
G1 X115.063 Y122.759 E.10057
G1 X115.683 Y122.759 E.01808
G1 X117.534 Y124.61 E.07634
G1 X117.663 Y124.119 E.01481
G1 X116.303 Y122.759 E.05608
G1 X116.923 Y122.759 E.01808
G1 X117.868 Y123.704 E.03895
G1 X118.131 Y123.347 E.01293
G1 X117.543 Y122.759 E.02425
G1 X118.163 Y122.759 E.01808
G1 X118.591 Y123.187 E.01764
SET_VELOCITY_LIMIT ACCEL=10000 ACCEL_TO_DECEL=5000
G1 E-.5 F900
G1 Z.6 F30000
G1 X109.202 Y128.419 Z.6
G1 Z.4
G1 E.5 F900
;TYPE:Gap infill
;WIDTH:0.184442
G1 F15000
G1 X109.3 Y128.467 E.00103
;WIDTH:0.216252
G1 X109.331 Y128.484 E.00041
G1 X109.352 Y128.582 E.00115
;WIDTH:0.192401
G1 X109.373 Y128.679 E.00099
;WIDTH:0.150693
G1 X109.475 Y129.343 E.00481
;WIDTH:0.186224
G1 X109.488 Y129.521 E.0017
;WIDTH:0.223717
G1 X109.497 Y129.665 E.00174
G1 E-.5 F900
G1 Z.6 F30000
G1 X112.228 Y130.055 Z.6
M73 P37 R19
G1 Z.4
G1 E.5 F900
SET_VELOCITY_LIMIT ACCEL=5000 ACCEL_TO_DECEL=2500
;TYPE:Outer wall
;WIDTH:0.4
G1 F12000
G3 X111.323 Y130.082 I-.473 J-.665 E.02278
G3 X111.121 Y129.877 I.827 J-1.017 E.00687
G3 X110.773 Y128.478 I2.962 J-1.478 E.03451
G3 X110.81 Y126.977 I12.141 J-.452 E.03568
G3 X111.088 Y126.097 I3.645 J.667 E.02197
G3 X111.861 Y125.723 I.677 J.413 E.02155
G3 X112.447 Y126.099 I-.106 J.811 E.01709
G3 X112.765 Y127.459 I-3.35 J1.501 E.03337
G1 X112.765 Y128.461 E.02379
G3 X112.447 Y129.822 I-3.663 J-.138 E.03342
G3 X112.259 Y130.031 I-.692 J-.433 E.0067
SET_VELOCITY_LIMIT ACCEL=10000 ACCEL_TO_DECEL=5000
G1 E-.5 F900
G1 Z.6 F30000
G1 X111.011 Y129.316 Z.6
G1 Z.4
G1 E.5 F900
SET_VELOCITY_LIMIT ACCEL=2000 ACCEL_TO_DECEL=1000
;TYPE:Top surface
;WIDTH:0.539196
G1 F8220
G1 X111.576 Y129.88 E.02636
G2 X112.13 Y129.732 I.173 J-.464 E.02019
G1 X111.085 Y128.687 E.04878
G3 X111.066 Y127.967 I6.887 J-.538 E.0238
G1 X112.346 Y129.247 E.05975
G2 X112.45 Y128.65 I-2.108 J-.677 E.02008
G1 X111.083 Y127.282 E.06382
G3 X111.186 Y126.683 I2.227 J.073 E.02013
G1 X112.467 Y127.964 E.05981
G2 X112.448 Y127.243 I-4.309 J-.245 E.02385
G1 X111.399 Y126.194 E.04898
G3 X111.955 Y126.048 I.371 J.281 E.02045
G1 X112.538 Y126.631 E.02723
; stop printing object flowrate_m20 id:279172874362 copy 0
;LAYER_CHANGE
;Z:0.6
;HEIGHT:0.2
;BEFORE_LAYER_CHANGE
;0.6
G92 E0

G1 E-.5 F900
;AFTER_LAYER_CHANGE
;0.6
SET_PRINT_STATS_INFO CURRENT_LAYER=3
;_SET_FAN_SPEED_CHANGING_LAYER
; printing object flowrate_10 id:8318823020889268071 copy 0
SET_VELOCITY_LIMIT ACCEL=10000 ACCEL_TO_DECEL=5000
G1 Z.8 F30000
G1 X210.355 Y185.975 Z.8
G1 Z.6
G1 E.5 F900
;TYPE:Inner wall
;WIDTH:0.4
G1 F9165.258
G3 X209.958 Y186.043 I-.374 J-.994 E.01322
G1 X174.042 Y186.043 E1.17305
G3 X172.957 Y184.958 I-.023 J-1.062 E.05598
G1 X172.957 Y169.042 E.51984
G3 X174.042 Y167.957 I1.062 J-.023 E.05598
G1 X210.003 Y167.961 E1.17452
G3 X211.043 Y169.042 I-.015 J1.055 E.05447
G1 X211.043 Y184.958 E.51984
G3 X210.392 Y185.96 I-1.062 J.023 E.04145
G1 X210.477 Y186.311 F30000
G1 F9165.258
G3 X209.974 Y186.4 I-.495 J-1.329 E.01678
G1 X174.026 Y186.4 E1.17406
G3 X172.6 Y184.974 I-.008 J-1.418 E.07328
G1 X172.6 Y169.026 E.52086
G3 X174.026 Y167.6 I1.418 J-.008 E.07328
G1 X210.035 Y167.605 E1.17605
G3 X211.4 Y169.026 I-.045 J1.41 E.07125
G1 X211.4 Y184.974 E.52085
G3 X210.514 Y186.296 I-1.418 J.008 E.05519
SET_VELOCITY_LIMIT ACCEL=5000 ACCEL_TO_DECEL=2500
G1 X210.614 Y186.687 F30000
;TYPE:Outer wall
G1 F9165.258
G3 X209.991 Y186.8 I-.632 J-1.705 E.02077
G1 X174.009 Y186.8 E1.1752
G3 X172.2 Y184.991 I.01 J-1.818 E.09266
G1 X172.2 Y169.009 E.522
G3 X174.009 Y167.2 I1.818 J.01 E.09266
G1 X210.069 Y167.207 E1.17776
G3 X211.8 Y169.009 I-.079 J1.808 E.09006
G1 X211.8 Y184.991 E.522
G3 X210.651 Y186.672 I-1.818 J-.01 E.07058
SET_VELOCITY_LIMIT ACCEL=10000 ACCEL_TO_DECEL=5000
G1 E-.5 F900
G1 Z.8 F30000
G1 X210.906 Y169.164 Z.8
G1 Z.6
G1 E.5 F900
;TYPE:Sparse infill
G1 F9165.258
G1 X210.002 Y168.26 E.04178
G2 X208.558 Y168.258 I-.728 J8.262 E.04722
G1 X210.745 Y170.446 E.10105
G1 X210.745 Y171.889 E.04712
G1 X207.115 Y168.258 E.1677
G1 X205.672 Y168.258 E.04713
G1 X210.745 Y173.332 E.23435
G1 X210.745 Y174.775 E.04712
G1 X204.229 Y168.258 E.301
G1 X202.786 Y168.258 E.04713
G1 X210.745 Y176.217 E.36765
G1 X210.745 Y177.66 E.04712
G1 X201.343 Y168.258 E.4343
G1 X199.9 Y168.257 E.04713
G1 X210.745 Y179.103 E.50095
G1 X210.745 Y180.546 E.04712
G1 X198.457 Y168.257 E.5676
G1 X197.014 Y168.257 E.04713
G1 X210.745 Y181.989 E.63425
G1 X210.745 Y183.432 E.04712
G1 X195.571 Y168.257 E.7009
G1 X194.128 Y168.257 E.04713
G1 X210.745 Y184.874 E.76755
G3 X210.151 Y185.723 I-.767 J.095 E.03708
G1 X192.685 Y168.257 E.80676
G1 X191.242 Y168.256 E.04713
G1 X208.731 Y185.745 E.80779
G1 X207.288 Y185.745 E.04712
G1 X189.799 Y168.256 E.8078
G1 X188.356 Y168.256 E.04713
G1 X205.845 Y185.745 E.80781
G1 X204.402 Y185.745 E.04712
G1 X186.913 Y168.256 E.80781
G1 X185.47 Y168.256 E.04713
G1 X202.96 Y185.745 E.80782
G1 X201.517 Y185.745 E.04712
G1 X184.027 Y168.256 E.80783
G1 X182.584 Y168.256 E.04713
G1 X200.074 Y185.745 E.80784
G1 X198.631 Y185.745 E.04712
G1 X181.141 Y168.255 E.80784
G1 X179.698 Y168.255 E.04713
G1 X197.188 Y185.745 E.80785
G1 X195.745 Y185.745 E.04712
G1 X178.255 Y168.255 E.80786
G1 X176.812 Y168.255 E.04713
G1 X194.303 Y185.745 E.80787
G1 X192.86 Y185.745 E.04712
G1 X175.369 Y168.255 E.80787
G2 X173.936 Y168.265 I-.658 J8.183 E.04685
G1 X191.417 Y185.745 E.8074
G1 X189.974 Y185.745 E.04712
G1 X173.257 Y169.028 E.77215
G2 X173.255 Y170.469 I8.235 J.734 E.04711
G1 X188.531 Y185.745 E.70561
G1 X187.088 Y185.745 E.04712
G1 X173.255 Y171.912 E.63897
G1 X173.255 Y173.354 E.04712
G1 X185.646 Y185.745 E.57233
G1 X184.203 Y185.745 E.04712
G1 X173.255 Y174.797 E.50569
G1 X173.255 Y176.24 E.04712
G1 X182.76 Y185.745 E.43904
G1 X181.317 Y185.745 E.04712
G1 X173.255 Y177.683 E.3724
G1 X173.255 Y179.126 E.04712
G1 X179.874 Y185.745 E.30576
G1 X178.432 Y185.745 E.04712
G1 X173.255 Y180.568 E.23912
G1 X173.255 Y182.011 E.04712
G1 X176.989 Y185.745 E.17248
G1 X175.546 Y185.745 E.04712
G1 X173.255 Y183.454 E.10583
G1 X173.255 Y184.897 E.04712
G1 X174.264 Y185.906 E.04661
; stop printing object flowrate_10 id:8318823020889268071 copy 0
; printing object flowrate_m5 id:140666992080768 copy 0
G1 E-.5 F900
G1 Z.8 F30000
G1 X210.518 Y136.103 Z.8
G1 Z.6
G1 E.5 F900
;TYPE:Inner wall
G1 F10612.404
G3 X211.043 Y137.042 I-.53 J.913 E.03183
G1 X211.043 Y152.958 E.44895
G3 X209.958 Y154.043 I-1.062 J.023 E.04835
G1 X174.042 Y154.043 E1.01308
G3 X172.957 Y152.958 I-.023 J-1.062 E.04835
G1 X172.957 Y137.042 E.44895
G3 X174.042 Y135.957 I1.062 J-.023 E.04835
G1 X210.003 Y135.961 E1.01436
G3 X210.483 Y136.084 I-.015 J1.055 E.01409
G1 X210.696 Y135.794 F30000
G1 F10612.404
G3 X211.4 Y137.026 I-.707 J1.221 E.04193
G1 X211.4 Y152.974 E.44983
G3 X209.974 Y154.4 I-1.418 J.008 E.06329
G1 X174.026 Y154.4 E1.01396
G3 X172.6 Y152.974 I-.008 J-1.418 E.06329
G1 X172.6 Y137.026 E.44983
G3 X174.026 Y135.6 I1.418 J-.008 E.06328
G1 X210.035 Y135.605 E1.01568
G3 X210.661 Y135.775 I-.045 J1.41 E.01848
SET_VELOCITY_LIMIT ACCEL=5000 ACCEL_TO_DECEL=2500
G1 X210.896 Y135.448 F30000
;TYPE:Outer wall
G1 F10612.404
G3 X211.8 Y137.009 I-.906 J1.567 E.05326
G1 X211.8 Y152.991 E.45081
G3 X209.991 Y154.8 I-1.818 J-.01 E.08002
G1 X174.009 Y154.8 E1.01495
G3 X172.2 Y152.991 I.01 J-1.818 E.08002
G1 X172.2 Y137.009 E.45082
G3 X174.009 Y135.2 I1.818 J.01 E.08002
G1 X210.069 Y135.207 E1.01715
G3 X210.861 Y135.428 I-.079 J1.808 E.0234
SET_VELOCITY_LIMIT ACCEL=10000 ACCEL_TO_DECEL=5000
G1 E-.5 F900
G1 Z.8 F30000
G1 X210.906 Y137.164 Z.8
G1 Z.6
G1 E.5 F900
;TYPE:Sparse infill
G1 F10612.404
G1 X210.002 Y136.26 E.03608
G2 X208.558 Y136.258 I-.728 J8.263 E.04078
G1 X210.745 Y138.446 E.08727
G1 X210.745 Y139.889 E.0407
G1 X207.115 Y136.258 E.14483
G1 X205.672 Y136.258 E.0407
G1 X210.745 Y141.332 E.20239
G1 X210.745 Y142.775 E.0407
G1 X204.229 Y136.258 E.25996
G1 X202.786 Y136.258 E.0407
G1 X210.745 Y144.217 E.31752
G1 X210.745 Y145.66 E.0407
G1 X201.343 Y136.258 E.37508
G1 X199.9 Y136.257 E.0407
G1 X210.745 Y147.103 E.43264
G1 X210.745 Y148.546 E.0407
G1 X198.457 Y136.257 E.4902
G1 X197.014 Y136.257 E.0407
G1 X210.745 Y149.989 E.54776
G1 X210.745 Y151.432 E.0407
G1 X195.571 Y136.257 E.60532
G1 X194.128 Y136.257 E.0407
G1 X210.745 Y152.874 E.66288
G3 X210.151 Y153.723 I-.767 J.095 E.03202
G1 X192.685 Y136.257 E.69675
G1 X191.242 Y136.256 E.0407
G1 X208.731 Y153.745 E.69764
G1 X207.288 Y153.745 E.0407
G1 X189.799 Y136.256 E.69765
G1 X188.356 Y136.256 E.0407
G1 X205.845 Y153.745 E.69765
G1 X204.402 Y153.745 E.0407
G1 X186.913 Y136.256 E.69766
G1 X185.47 Y136.256 E.0407
G1 X202.96 Y153.745 E.69766
G1 X201.517 Y153.745 E.0407
G1 X184.027 Y136.256 E.69767
G1 X182.584 Y136.256 E.0407
G1 X200.074 Y153.745 E.69768
G1 X198.631 Y153.745 E.0407
G1 X181.141 Y136.255 E.69768
G1 X179.698 Y136.255 E.0407
G1 X197.188 Y153.745 E.69769
G1 X195.745 Y153.745 E.0407
G1 X178.255 Y136.255 E.6977
G1 X176.812 Y136.255 E.0407
G1 X194.303 Y153.745 E.6977
G1 X192.86 Y153.745 E.0407
G1 X175.369 Y136.255 E.69771
G2 X173.936 Y136.265 I-.658 J8.183 E.04046
G1 X191.417 Y153.745 E.6973
G1 X189.974 Y153.745 E.0407
G1 X173.257 Y137.028 E.66686
G2 X173.255 Y138.469 I8.233 J.734 E.04068
G1 X188.531 Y153.745 E.60939
G1 X187.088 Y153.745 E.0407
G1 X173.255 Y139.912 E.55184
G1 X173.255 Y141.354 E.0407
G1 X185.646 Y153.745 E.49428
G1 X184.203 Y153.745 E.0407
G1 X173.255 Y142.797 E.43673
G1 X173.255 Y144.24 E.0407
G1 X182.76 Y153.745 E.37918
G1 X181.317 Y153.745 E.0407
G1 X173.255 Y145.683 E.32162
G1 X173.255 Y147.126 E.0407
G1 X179.874 Y153.745 E.26407
G1 X178.432 Y153.745 E.0407
G1 X173.255 Y148.568 E.20651
G1 X173.255 Y150.011 E.0407
G1 X176.989 Y153.745 E.14896
G1 X175.546 Y153.745 E.0407
G1 X173.255 Y151.454 E.0914
G1 X173.255 Y152.897 E.0407
G1 X174.264 Y153.906 E.04026
; stop printing object flowrate_m5 id:140666992080768 copy 0
; printing object flowrate_m10 id:1069446856963 copy 0
G1 E-.5 F900
G1 Z.8 F30000
G1 X210.181 Y122.024 Z.8
G1 Z.6
G1 E.5 F900
;TYPE:Inner wall
G1 F11201.982
G3 X209.958 Y122.043 I-.2 J-1.043 E.00598
G1 X174.042 Y122.043 E.95976
G3 X172.957 Y120.958 I-.023 J-1.062 E.0458
G1 X172.957 Y105.042 E.42532
G3 X174.042 Y103.957 I1.062 J-.023 E.0458
M73 P38 R19
G1 X210.003 Y103.961 E.96097
G3 X211.043 Y105.042 I-.015 J1.055 E.04457
G1 X211.043 Y120.958 E.42532
G3 X210.22 Y122.016 I-1.062 J.023 E.03876
G1 X210.243 Y122.376 F30000
G1 F11201.982
G3 X209.974 Y122.4 I-.261 J-1.394 E.00722
G1 X174.026 Y122.4 E.9606
G3 X172.6 Y120.974 I-.008 J-1.418 E.05995
G1 X172.6 Y105.026 E.42616
G3 X174.026 Y103.6 I1.418 J-.008 E.05995
G1 X210.035 Y103.605 E.96222
G3 X211.4 Y105.026 I-.045 J1.41 E.0583
G1 X211.4 Y120.974 E.42615
G3 X210.282 Y122.368 I-1.418 J.008 E.05166
SET_VELOCITY_LIMIT ACCEL=5000 ACCEL_TO_DECEL=2500
G1 X210.312 Y122.77 F30000
;TYPE:Outer wall
G1 F11201.982
G3 X209.991 Y122.8 I-.33 J-1.788 E.00862
G1 X174.009 Y122.8 E.96153
G3 X172.2 Y120.991 I.01 J-1.818 E.07581
G1 X172.2 Y105.009 E.42709
G3 X174.009 Y103.2 I1.818 J.01 E.07581
G1 X210.069 Y103.207 E.96362
G3 X211.8 Y105.009 I-.079 J1.808 E.07369
G1 X211.8 Y120.991 E.42709
G3 X210.351 Y122.762 I-1.818 J-.01 E.06612
SET_VELOCITY_LIMIT ACCEL=10000 ACCEL_TO_DECEL=5000
G1 E-.5 F900
G1 Z.8 F30000
G1 X210.906 Y105.164 Z.8
G1 Z.6
G1 E.5 F900
;TYPE:Sparse infill
G1 F11201.982
G1 X210.002 Y104.26 E.03418
G2 X208.558 Y104.258 I-.728 J8.263 E.03863
G1 X210.745 Y106.446 E.08268
G1 X210.745 Y107.889 E.03856
G1 X207.115 Y104.258 E.13721
G1 X205.672 Y104.258 E.03856
G1 X210.745 Y109.332 E.19174
G1 X210.745 Y110.775 E.03856
G1 X204.229 Y104.258 E.24627
G1 X202.786 Y104.258 E.03856
G1 X210.745 Y112.217 E.30081
G1 X210.745 Y113.66 E.03856
G1 X201.343 Y104.258 E.35534
G1 X199.9 Y104.257 E.03856
G1 X210.745 Y115.103 E.40987
G1 X210.745 Y116.546 E.03856
G1 X198.457 Y104.257 E.4644
G1 X197.014 Y104.257 E.03856
G1 X210.745 Y117.989 E.51893
G1 X210.745 Y119.432 E.03856
G1 X195.571 Y104.257 E.57346
G1 X194.128 Y104.257 E.03856
G1 X210.745 Y120.874 E.62799
G3 X210.151 Y121.723 I-.767 J.095 E.03034
G1 X192.685 Y104.257 E.66008
G1 X191.242 Y104.256 E.03856
G1 X208.731 Y121.745 E.66092
G1 X207.288 Y121.745 E.03856
G1 X189.799 Y104.256 E.66093
G1 X188.356 Y104.256 E.03856
G1 X205.845 Y121.745 E.66093
G1 X204.402 Y121.745 E.03856
G1 X186.913 Y104.256 E.66094
G1 X185.47 Y104.256 E.03856
G1 X202.96 Y121.745 E.66095
G1 X201.517 Y121.745 E.03856
G1 X184.027 Y104.256 E.66095
G1 X182.584 Y104.256 E.03856
G1 X200.074 Y121.745 E.66096
G1 X198.631 Y121.745 E.03856
G1 X181.141 Y104.255 E.66096
G1 X179.698 Y104.255 E.03856
G1 X197.188 Y121.745 E.66097
G1 X195.745 Y121.745 E.03856
G1 X178.255 Y104.255 E.66098
G1 X176.812 Y104.255 E.03856
G1 X194.303 Y121.745 E.66098
G1 X192.86 Y121.745 E.03856
G1 X175.369 Y104.255 E.66099
G2 X173.936 Y104.265 I-.658 J8.183 E.03833
G1 X191.417 Y121.745 E.6606
G1 X189.974 Y121.745 E.03856
G1 X173.257 Y105.028 E.63176
G2 X173.255 Y106.469 I8.231 J.734 E.03854
G1 X188.531 Y121.745 E.57732
G1 X187.088 Y121.745 E.03856
G1 X173.255 Y107.912 E.52279
G1 X173.255 Y109.354 E.03856
G1 X185.646 Y121.745 E.46827
G1 X184.203 Y121.745 E.03856
G1 X173.255 Y110.797 E.41374
G1 X173.255 Y112.24 E.03856
G1 X182.76 Y121.745 E.35922
G1 X181.317 Y121.745 E.03856
G1 X173.255 Y113.683 E.30469
G1 X173.255 Y115.126 E.03856
G1 X179.874 Y121.745 E.25017
G1 X178.432 Y121.745 E.03856
G1 X173.255 Y116.568 E.19564
G1 X173.255 Y118.011 E.03856
G1 X176.989 Y121.745 E.14112
G1 X175.546 Y121.745 E.03856
G1 X173.255 Y119.454 E.08659
G1 X173.255 Y120.897 E.03856
G1 X174.264 Y121.906 E.03814
; stop printing object flowrate_m10 id:1069446856963 copy 0
; printing object flowrate_m15 id:1120986464517 copy 0
G1 E-.5 F900
G1 Z.8 F30000
G1 X168.518 Y104.103 Z.8
G1 Z.6
G1 E.5 F900
;TYPE:Inner wall
G1 F11860.923
G3 X169.043 Y105.042 I-.53 J.913 E.02848
G1 X169.043 Y120.958 E.40169
G3 X167.958 Y122.043 I-1.062 J.023 E.04326
G1 X132.042 Y122.043 E.90644
G3 X130.957 Y120.958 I-.023 J-1.062 E.04326
G1 X130.957 Y105.042 E.40169
G3 X132.042 Y103.957 I1.062 J-.023 E.04326
G1 X168.003 Y103.961 E.90759
G3 X168.483 Y104.084 I-.015 J1.055 E.0126
G1 X168.696 Y103.794 F30000
G1 F11860.923
G3 X169.4 Y105.026 I-.707 J1.221 E.03752
G1 X169.4 Y120.974 E.40248
G3 X167.974 Y122.4 I-1.418 J.008 E.05662
G1 X132.026 Y122.4 E.90723
G3 X130.6 Y120.974 I-.008 J-1.418 E.05662
G1 X130.6 Y105.026 E.40248
G3 X132.026 Y103.6 I1.418 J-.008 E.05662
G1 X168.035 Y103.605 E.90876
G3 X168.661 Y103.775 I-.045 J1.41 E.01653
SET_VELOCITY_LIMIT ACCEL=5000 ACCEL_TO_DECEL=2500
G1 X168.896 Y103.448 F30000
;TYPE:Outer wall
G1 F11860.923
G3 X169.8 Y105.009 I-.906 J1.567 E.04765
G1 X169.8 Y120.991 E.40336
G3 X167.991 Y122.8 I-1.818 J-.01 E.0716
G1 X132.009 Y122.8 E.90811
G3 X130.2 Y120.991 I.01 J-1.818 E.0716
G1 X130.2 Y105.009 E.40336
G3 X132.009 Y103.2 I1.818 J.01 E.0716
G1 X168.069 Y103.207 E.91008
G3 X168.861 Y103.428 I-.079 J1.808 E.02093
SET_VELOCITY_LIMIT ACCEL=10000 ACCEL_TO_DECEL=5000
G1 E-.5 F900
G1 Z.8 F30000
G1 X168.906 Y105.164 Z.8
G1 Z.6
G1 E.5 F900
;TYPE:Sparse infill
G1 F11860.923
G1 X168.002 Y104.26 E.03228
G2 X166.558 Y104.258 I-.728 J8.263 E.03649
G1 X168.745 Y106.446 E.07809
G1 X168.745 Y107.889 E.03641
G1 X165.115 Y104.258 E.12959
G1 X163.672 Y104.258 E.03642
G1 X168.745 Y109.332 E.18109
G1 X168.745 Y110.775 E.03641
G1 X162.229 Y104.258 E.23259
G1 X160.786 Y104.258 E.03642
G1 X168.745 Y112.217 E.28409
G1 X168.745 Y113.66 E.03641
G1 X159.343 Y104.258 E.3356
G1 X157.9 Y104.257 E.03642
G1 X168.745 Y115.103 E.3871
G1 X168.745 Y116.546 E.03641
G1 X156.457 Y104.257 E.4386
G1 X155.014 Y104.257 E.03642
G1 X168.745 Y117.989 E.4901
G1 X168.745 Y119.432 E.03641
G1 X153.571 Y104.257 E.5416
G1 X152.128 Y104.257 E.03642
G1 X168.745 Y120.874 E.5931
G3 X168.151 Y121.723 I-.767 J.095 E.02865
G1 X150.685 Y104.257 E.62341
G1 X149.242 Y104.256 E.03642
G1 X166.731 Y121.745 E.6242
G1 X165.288 Y121.745 E.03641
G1 X147.799 Y104.256 E.62421
G1 X146.356 Y104.256 E.03642
G1 X163.845 Y121.745 E.62421
G1 X162.402 Y121.745 E.03641
M73 P38 R18
G1 X144.913 Y104.256 E.62422
G1 X143.47 Y104.256 E.03642
G1 X160.96 Y121.745 E.62423
G1 X159.517 Y121.745 E.03641
G1 X142.027 Y104.256 E.62423
G1 X140.584 Y104.256 E.03642
G1 X158.074 Y121.745 E.62424
G1 X156.631 Y121.745 E.03641
G1 X139.141 Y104.255 E.62424
G1 X137.698 Y104.255 E.03642
G1 X155.188 Y121.745 E.62425
G1 X153.745 Y121.745 E.03641
G1 X136.255 Y104.255 E.62425
G1 X134.812 Y104.255 E.03642
G1 X152.303 Y121.745 E.62426
G1 X150.86 Y121.745 E.03641
G1 X133.369 Y104.255 E.62427
G2 X131.936 Y104.265 I-.658 J8.183 E.0362
G1 X149.417 Y121.745 E.6239
G1 X147.974 Y121.745 E.03641
G1 X131.257 Y105.028 E.59666
G2 X131.255 Y106.469 I8.231 J.734 E.0364
G1 X146.531 Y121.745 E.54525
G1 X145.088 Y121.745 E.03641
G1 X131.255 Y107.912 E.49375
G1 X131.255 Y109.354 E.03641
G1 X143.646 Y121.745 E.44225
G1 X142.203 Y121.745 E.03641
G1 X131.255 Y110.797 E.39076
G1 X131.255 Y112.24 E.03641
G1 X140.76 Y121.745 E.33926
G1 X139.317 Y121.745 E.03641
G1 X131.255 Y113.683 E.28777
G1 X131.255 Y115.126 E.03641
G1 X137.874 Y121.745 E.23627
G1 X136.432 Y121.745 E.03641
G1 X131.255 Y116.568 E.18477
G1 X131.255 Y118.011 E.03641
G1 X134.989 Y121.745 E.13328
G1 X133.546 Y121.745 E.03641
G1 X131.255 Y119.454 E.08178
G1 X131.255 Y120.897 E.03641
G1 X132.264 Y121.906 E.03602
; stop printing object flowrate_m15 id:1120986464517 copy 0
; printing object flowrate_0 id:24 copy 0
G1 E-.5 F900
G1 Z.8 F30000
G1 X168.518 Y136.103 Z.8
G1 Z.6
G1 E.5 F900
;TYPE:Inner wall
G1 F10081.784
G3 X169.043 Y137.042 I-.53 J.913 E.0335
G1 X169.043 Y152.958 E.47258
G3 X167.958 Y154.043 I-1.062 J.023 E.05089
G1 X132.042 Y154.043 E1.0664
G3 X130.957 Y152.958 I-.023 J-1.062 E.05089
G1 X130.957 Y137.042 E.47258
G3 X132.042 Y135.957 I1.062 J-.023 E.05089
G1 X168.003 Y135.961 E1.06775
G3 X168.483 Y136.084 I-.015 J1.055 E.01483
G1 X168.696 Y135.794 F30000
G1 F10081.784
G3 X169.4 Y137.026 I-.707 J1.221 E.04414
G1 X169.4 Y152.974 E.4735
G3 X167.974 Y154.4 I-1.418 J.008 E.06662
G1 X132.026 Y154.4 E1.06733
G3 X130.6 Y152.974 I-.008 J-1.418 E.06662
G1 X130.6 Y137.026 E.47351
G3 X132.026 Y135.6 I1.418 J-.008 E.06662
G1 X168.035 Y135.605 E1.06913
G3 X168.661 Y135.775 I-.045 J1.41 E.01945
SET_VELOCITY_LIMIT ACCEL=5000 ACCEL_TO_DECEL=2500
G1 X168.896 Y135.448 F30000
;TYPE:Outer wall
G1 F10081.784
G3 X169.8 Y137.009 I-.906 J1.567 E.05606
G1 X169.8 Y152.991 E.47454
G3 X167.991 Y154.8 I-1.818 J-.01 E.08424
G1 X132.009 Y154.8 E1.06837
G3 X130.2 Y152.991 I.01 J-1.818 E.08424
G1 X130.2 Y137.009 E.47454
G3 X132.009 Y135.2 I1.818 J.01 E.08424
G1 X168.069 Y135.207 E1.07069
G3 X168.861 Y135.428 I-.079 J1.808 E.02463
SET_VELOCITY_LIMIT ACCEL=10000 ACCEL_TO_DECEL=5000
G1 E-.5 F900
G1 Z.8 F30000
G1 X168.906 Y137.164 Z.8
G1 Z.6
G1 E.5 F900
;TYPE:Sparse infill
G1 F10081.784
G1 X168.002 Y136.26 E.03798
G2 X166.558 Y136.258 I-.728 J8.263 E.04293
G1 X168.745 Y138.446 E.09187
G1 X168.745 Y139.889 E.04284
G1 X165.115 Y136.258 E.15246
G1 X163.672 Y136.258 E.04284
G1 X168.745 Y141.332 E.21305
G1 X168.745 Y142.775 E.04284
G1 X162.229 Y136.258 E.27364
G1 X160.786 Y136.258 E.04284
G1 X168.745 Y144.217 E.33423
G1 X168.745 Y145.66 E.04284
G1 X159.343 Y136.258 E.39482
G1 X157.9 Y136.257 E.04284
G1 X168.745 Y147.103 E.45541
G1 X168.745 Y148.546 E.04284
G1 X156.457 Y136.257 E.516
G1 X155.014 Y136.257 E.04284
G1 X168.745 Y149.989 E.57659
M73 P39 R18
G1 X168.745 Y151.432 E.04284
G1 X153.571 Y136.257 E.63718
G1 X152.128 Y136.257 E.04284
G1 X168.745 Y152.874 E.69777
G3 X168.151 Y153.723 I-.767 J.095 E.03371
G1 X150.685 Y136.257 E.73342
G1 X149.242 Y136.256 E.04284
G1 X166.731 Y153.745 E.73436
G1 X165.288 Y153.745 E.04284
G1 X147.799 Y136.256 E.73436
G1 X146.356 Y136.256 E.04284
G1 X163.845 Y153.745 E.73437
G1 X162.402 Y153.745 E.04284
G1 X144.913 Y136.256 E.73438
G1 X143.47 Y136.256 E.04284
G1 X160.96 Y153.745 E.73438
G1 X159.517 Y153.745 E.04284
G1 X142.027 Y136.256 E.73439
G1 X140.584 Y136.256 E.04284
G1 X158.074 Y153.745 E.7344
G1 X156.631 Y153.745 E.04284
G1 X139.141 Y136.255 E.7344
G1 X137.698 Y136.255 E.04284
G1 X155.188 Y153.745 E.73441
G1 X153.745 Y153.745 E.04284
G1 X136.255 Y136.255 E.73442
G1 X134.812 Y136.255 E.04284
G1 X152.303 Y153.745 E.73442
G1 X150.86 Y153.745 E.04284
G1 X133.369 Y136.255 E.73443
G2 X131.936 Y136.265 I-.658 J8.183 E.04259
G1 X149.417 Y153.745 E.734
G1 X147.974 Y153.745 E.04284
G1 X131.257 Y137.028 E.70195
G2 X131.255 Y138.469 I8.23 J.734 E.04282
G1 X146.531 Y153.745 E.64147
G1 X145.088 Y153.745 E.04284
G1 X131.255 Y139.912 E.58088
G1 X131.255 Y141.354 E.04284
G1 X143.646 Y153.745 E.5203
G1 X142.203 Y153.745 E.04284
G1 X131.255 Y142.797 E.45972
G1 X131.255 Y144.24 E.04284
G1 X140.76 Y153.745 E.39913
G1 X139.317 Y153.745 E.04284
G1 X131.255 Y145.683 E.33855
G1 X131.255 Y147.126 E.04284
G1 X137.874 Y153.745 E.27796
G1 X136.432 Y153.745 E.04284
G1 X131.255 Y148.568 E.21738
G1 X131.255 Y150.011 E.04284
G1 X134.989 Y153.745 E.1568
G1 X133.546 Y153.745 E.04284
G1 X131.255 Y151.454 E.09621
G1 X131.255 Y152.897 E.04284
G1 X132.264 Y153.906 E.04238
; stop printing object flowrate_0 id:24 copy 0
; printing object flowrate_15 id:0 copy 0
G1 E-.5 F900
G1 Z.8 F30000
G1 X168.518 Y168.103 Z.8
G1 Z.6
G1 E.5 F900
;TYPE:Inner wall
G1 F8766.769
G3 X169.043 Y169.042 I-.53 J.913 E.03853
G1 X169.043 Y184.958 E.54347
G3 X167.958 Y186.043 I-1.062 J.023 E.05853
G1 X132.042 Y186.043 E1.22637
G3 X130.957 Y184.958 I-.023 J-1.062 E.05853
G1 X130.957 Y169.042 E.54347
G3 X132.042 Y167.957 I1.062 J-.023 E.05852
G1 X168.003 Y167.961 E1.22791
G3 X168.483 Y168.084 I-.015 J1.055 E.01705
G1 X168.696 Y167.794 F30000
G1 F8766.769
G3 X169.4 Y169.026 I-.707 J1.221 E.05076
G1 X169.4 Y184.974 E.54453
G3 X167.974 Y186.4 I-1.418 J.008 E.07661
G1 X132.026 Y186.4 E1.22743
G3 X130.6 Y184.974 I-.008 J-1.418 E.07661
G1 X130.6 Y169.026 E.54453
G3 X132.026 Y167.6 I1.418 J-.008 E.07661
G1 X168.035 Y167.605 E1.2295
G3 X168.661 Y167.775 I-.045 J1.41 E.02237
SET_VELOCITY_LIMIT ACCEL=5000 ACCEL_TO_DECEL=2500
G1 X168.896 Y167.448 F30000
;TYPE:Outer wall
G1 F8766.769
G3 X169.8 Y169.009 I-.906 J1.567 E.06447
G1 X169.8 Y184.991 E.54572
G3 X167.991 Y186.8 I-1.818 J-.01 E.09687
G1 X132.009 Y186.8 E1.22862
G3 X130.2 Y184.991 I.01 J-1.818 E.09687
G1 X130.2 Y169.009 E.54572
G3 X132.009 Y167.2 I1.818 J.01 E.09687
G1 X168.069 Y167.207 E1.23129
G3 X168.861 Y167.428 I-.079 J1.808 E.02832
SET_VELOCITY_LIMIT ACCEL=10000 ACCEL_TO_DECEL=5000
G1 E-.5 F900
G1 Z.8 F30000
G1 X168.906 Y169.164 Z.8
G1 Z.6
G1 E.5 F900
;TYPE:Sparse infill
G1 F8766.769
G1 X168.002 Y168.26 E.04368
G2 X166.558 Y168.258 I-.728 J8.262 E.04937
G1 X168.745 Y170.446 E.10565
G1 X168.745 Y171.889 E.04927
G1 X165.115 Y168.258 E.17533
G1 X163.672 Y168.258 E.04927
G1 X168.745 Y173.332 E.245
G1 X168.745 Y174.775 E.04927
G1 X162.229 Y168.258 E.31468
G1 X160.786 Y168.258 E.04927
G1 X168.745 Y176.217 E.38436
G1 X168.745 Y177.66 E.04927
G1 X159.343 Y168.258 E.45404
G1 X157.9 Y168.257 E.04927
G1 X168.745 Y179.103 E.52372
G1 X168.745 Y180.546 E.04927
G1 X156.457 Y168.257 E.5934
G1 X155.014 Y168.257 E.04927
G1 X168.745 Y181.989 E.66308
G1 X168.745 Y183.432 E.04927
G1 X153.571 Y168.257 E.73276
G1 X152.128 Y168.257 E.04927
G1 X168.745 Y184.874 E.80244
G3 X168.151 Y185.723 I-.767 J.095 E.03876
G1 X150.685 Y168.257 E.84343
G1 X149.242 Y168.256 E.04927
G1 X166.731 Y185.745 E.84451
G1 X165.288 Y185.745 E.04927
G1 X147.799 Y168.256 E.84452
G1 X146.356 Y168.256 E.04927
G1 X163.845 Y185.745 E.84453
G1 X162.402 Y185.745 E.04927
G1 X144.913 Y168.256 E.84453
G1 X143.47 Y168.256 E.04927
G1 X160.96 Y185.745 E.84454
G1 X159.517 Y185.745 E.04927
G1 X142.027 Y168.256 E.84455
G1 X140.584 Y168.256 E.04927
G1 X158.074 Y185.745 E.84456
G1 X156.631 Y185.745 E.04927
G1 X139.141 Y168.255 E.84456
G1 X137.698 Y168.255 E.04927
G1 X155.188 Y185.745 E.84457
G1 X153.745 Y185.745 E.04927
G1 X136.255 Y168.255 E.84458
G1 X134.812 Y168.255 E.04927
G1 X152.303 Y185.745 E.84459
G1 X150.86 Y185.745 E.04927
G1 X133.369 Y168.255 E.84459
G2 X131.936 Y168.265 I-.658 J8.183 E.04898
G1 X149.417 Y185.745 E.8441
G1 X147.974 Y185.745 E.04927
G1 X131.257 Y169.028 E.80725
G2 X131.255 Y170.469 I8.232 J.734 E.04925
G1 X146.531 Y185.745 E.73769
G1 X145.088 Y185.745 E.04927
G1 X131.255 Y171.912 E.66802
G1 X131.255 Y173.354 E.04927
G1 X143.646 Y185.745 E.59834
G1 X142.203 Y185.745 E.04927
G1 X131.255 Y174.797 E.52867
G1 X131.255 Y176.24 E.04927
G1 X140.76 Y185.745 E.459
G1 X139.317 Y185.745 E.04927
G1 X131.255 Y177.683 E.38933
G1 X131.255 Y179.126 E.04927
G1 X137.874 Y185.745 E.31966
G1 X136.432 Y185.745 E.04927
G1 X131.255 Y180.568 E.24999
G1 X131.255 Y182.011 E.04927
G1 X134.989 Y185.745 E.18032
G1 X133.546 Y185.745 E.04927
G1 X131.255 Y183.454 E.11065
G1 X131.255 Y184.897 E.04927
G1 X132.264 Y185.906 E.04873
; stop printing object flowrate_15 id:0 copy 0
; printing object flowrate_20 id:0 copy 0
G1 E-.5 F900
G1 Z.8 F30000
G1 X126.518 Y168.103 Z.8
G1 Z.6
G1 E.5 F900
;TYPE:Inner wall
G1 F8401.487
G3 X127.043 Y169.042 I-.53 J.913 E.0402
G1 X127.043 Y184.958 E.56709
G3 X125.958 Y186.043 I-1.062 J.023 E.06107
G1 X90.042 Y186.043 E1.27969
G3 X88.957 Y184.958 I-.023 J-1.062 E.06107
G1 X88.957 Y169.042 E.5671
G3 X90.042 Y167.957 I1.062 J-.023 E.06107
G1 X126.003 Y167.961 E1.2813
G3 X126.483 Y168.084 I-.015 J1.055 E.01779
G1 X126.696 Y167.794 F30000
G1 F8401.487
G3 X127.4 Y169.026 I-.707 J1.221 E.05297
G1 X127.4 Y184.974 E.5682
G3 X125.974 Y186.4 I-1.418 J.008 E.07994
G1 X90.026 Y186.4 E1.2808
G3 X88.6 Y184.974 I-.008 J-1.418 E.07994
G1 X88.6 Y169.026 E.56821
G3 X90.026 Y167.6 I1.418 J-.008 E.07994
G1 X126.035 Y167.605 E1.28296
G3 X126.661 Y167.775 I-.045 J1.41 E.02334
SET_VELOCITY_LIMIT ACCEL=5000 ACCEL_TO_DECEL=2500
G1 X126.896 Y167.448 F30000
;TYPE:Outer wall
G1 F8401.487
G3 X127.8 Y169.009 I-.906 J1.567 E.06727
G1 X127.8 Y184.991 E.56945
G3 X125.991 Y186.8 I-1.818 J-.01 E.10108
G1 X90.009 Y186.8 E1.28204
G3 X88.2 Y184.991 I.01 J-1.818 E.10108
G1 X88.2 Y169.009 E.56945
G3 X90.009 Y167.2 I1.818 J.01 E.10108
G1 X126.069 Y167.207 E1.28483
G3 X126.861 Y167.428 I-.079 J1.808 E.02955
SET_VELOCITY_LIMIT ACCEL=10000 ACCEL_TO_DECEL=5000
G1 E-.5 F900
G1 Z.8 F30000
G1 X126.906 Y169.164 Z.8
G1 Z.6
G1 E.5 F900
;TYPE:Sparse infill
G1 F8401.487
G1 X126.002 Y168.26 E.04558
G2 X124.558 Y168.258 I-.728 J8.267 E.05151
G1 X126.745 Y170.446 E.11024
G1 X126.745 Y171.889 E.05141
G1 X123.115 Y168.258 E.18295
G1 X121.672 Y168.258 E.05141
G1 X126.745 Y173.332 E.25566
G1 X126.745 Y174.775 E.05141
G1 X120.229 Y168.258 E.32836
G1 X118.786 Y168.258 E.05141
G1 X126.745 Y176.217 E.40107
G1 X126.745 Y177.66 E.05141
G1 X117.343 Y168.258 E.47378
G1 X115.9 Y168.257 E.05141
G1 X126.745 Y179.103 E.54649
G1 X126.745 Y180.546 E.05141
G1 X114.457 Y168.257 E.6192
G1 X113.014 Y168.257 E.05141
G1 X126.745 Y181.989 E.69191
G1 X126.745 Y183.432 E.05141
G1 X111.571 Y168.257 E.76462
G1 X110.128 Y168.257 E.05141
G1 X126.745 Y184.874 E.83732
G3 X126.151 Y185.723 I-.767 J.095 E.04045
G1 X108.685 Y168.257 E.8801
G1 X107.242 Y168.256 E.05141
G1 X124.731 Y185.745 E.88123
G1 X123.288 Y185.745 E.05141
G1 X105.799 Y168.256 E.88124
G1 X104.356 Y168.256 E.05141
M73 P40 R18
G1 X121.845 Y185.745 E.88124
G1 X120.402 Y185.745 E.05141
G1 X102.913 Y168.256 E.88125
G1 X101.47 Y168.256 E.05141
G1 X118.96 Y185.745 E.88126
G1 X117.517 Y185.745 E.05141
G1 X100.027 Y168.256 E.88127
G1 X98.584 Y168.256 E.05141
G1 X116.074 Y185.745 E.88128
G1 X114.631 Y185.745 E.05141
G1 X97.141 Y168.255 E.88128
G1 X95.698 Y168.255 E.05141
G1 X113.188 Y185.745 E.88129
G1 X111.745 Y185.745 E.05141
G1 X94.255 Y168.255 E.8813
G1 X92.812 Y168.255 E.05141
G1 X110.303 Y185.745 E.88131
G1 X108.86 Y185.745 E.05141
G1 X91.369 Y168.255 E.88132
G2 X89.936 Y168.265 I-.658 J8.183 E.05111
G1 X107.417 Y185.745 E.8808
G1 X105.974 Y185.745 E.05141
G1 X89.257 Y169.028 E.84234
G2 X89.255 Y170.469 I8.232 J.734 E.05139
G1 X104.531 Y185.745 E.76976
G1 X103.088 Y185.745 E.05141
G1 X89.255 Y171.912 E.69706
G1 X89.255 Y173.354 E.05141
G1 X101.646 Y185.745 E.62436
G1 X100.203 Y185.745 E.05141
G1 X89.255 Y174.797 E.55166
G1 X89.255 Y176.24 E.05141
G1 X98.76 Y185.745 E.47896
G1 X97.317 Y185.745 E.05141
G1 X89.255 Y177.683 E.40626
G1 X89.255 Y179.126 E.05141
G1 X95.874 Y185.745 E.33356
G1 X94.432 Y185.745 E.05141
G1 X89.255 Y180.568 E.26086
G1 X89.255 Y182.011 E.05141
G1 X92.989 Y185.745 E.18816
G1 X91.546 Y185.745 E.05141
G1 X89.255 Y183.454 E.11546
G1 X89.255 Y184.897 E.05141
G1 X90.264 Y185.906 E.05085
; stop printing object flowrate_20 id:0 copy 0
; printing object flowrate_5 id:0 copy 0
G1 E-.5 F900
G1 Z.8 F30000
G1 X126.518 Y136.103 Z.8
G1 Z.6
G1 E.5 F900
;TYPE:Inner wall
G1 F9601.699
G3 X127.043 Y137.042 I-.53 J.913 E.03518
G1 X127.043 Y152.958 E.49621
G3 X125.958 Y154.043 I-1.062 J.023 E.05344
G1 X90.042 Y154.043 E1.11972
G3 X88.957 Y152.958 I-.023 J-1.062 E.05344
G1 X88.957 Y137.042 E.49621
G3 X90.042 Y135.957 I1.062 J-.023 E.05344
G1 X126.003 Y135.961 E1.12113
G3 X126.483 Y136.084 I-.015 J1.055 E.01557
G1 X126.696 Y135.794 F30000
G1 F9601.699
G3 X127.4 Y137.026 I-.707 J1.221 E.04635
G1 X127.4 Y152.974 E.49718
G3 X125.974 Y154.4 I-1.414 J.012 E.07
G1 X90.026 Y154.4 E1.1207
G3 X88.6 Y152.974 I-.008 J-1.418 E.06995
G1 X88.6 Y137.026 E.49718
G3 X90.026 Y135.6 I1.418 J-.008 E.06995
G1 X126.035 Y135.605 E1.12259
G3 X126.661 Y135.775 I-.045 J1.41 E.02042
SET_VELOCITY_LIMIT ACCEL=5000 ACCEL_TO_DECEL=2500
G1 X126.896 Y135.448 F30000
;TYPE:Outer wall
G1 F9601.699
G3 X127.8 Y137.009 I-.906 J1.567 E.05886
G1 X127.8 Y152.991 E.49827
G3 X125.991 Y154.8 I-1.805 J.004 E.08863
G1 X90.009 Y154.8 E1.12179
G3 X88.2 Y152.991 I.01 J-1.818 E.08845
G1 X88.2 Y137.009 E.49827
G3 X90.009 Y135.2 I1.818 J.01 E.08845
G1 X126.069 Y135.207 E1.12422
G3 X126.861 Y135.428 I-.079 J1.808 E.02586
SET_VELOCITY_LIMIT ACCEL=10000 ACCEL_TO_DECEL=5000
G1 E-.5 F900
G1 Z.8 F30000
G1 X126.906 Y137.164 Z.8
G1 Z.6
G1 E.5 F900
;TYPE:Sparse infill
G1 F9601.699
G1 X126.002 Y136.26 E.03988
G2 X124.558 Y136.258 I-.728 J8.263 E.04507
G1 X126.745 Y138.446 E.09646
G1 X126.745 Y139.889 E.04498
G1 X123.115 Y136.258 E.16008
G1 X121.672 Y136.258 E.04499
G1 X126.745 Y141.332 E.2237
G1 X126.745 Y142.775 E.04498
G1 X120.229 Y136.258 E.28732
G1 X118.786 Y136.258 E.04499
G1 X126.745 Y144.217 E.35094
G1 X126.745 Y145.66 E.04498
G1 X117.343 Y136.258 E.41456
G1 X115.9 Y136.257 E.04499
G1 X126.745 Y147.103 E.47818
G1 X126.745 Y148.546 E.04498
G1 X114.457 Y136.257 E.5418
G1 X113.014 Y136.257 E.04499
G1 X126.745 Y149.989 E.60542
G1 X126.745 Y151.432 E.04498
G1 X111.571 Y136.257 E.66904
G1 X110.128 Y136.257 E.04499
G1 X126.745 Y152.874 E.73266
G3 X126.151 Y153.723 I-.767 J.095 E.03539
G1 X108.685 Y136.257 E.77009
G1 X107.242 Y136.256 E.04499
G1 X124.731 Y153.745 E.77107
G1 X123.288 Y153.745 E.04498
G1 X105.799 Y136.256 E.77108
G1 X104.356 Y136.256 E.04499
G1 X121.845 Y153.745 E.77109
G1 X120.402 Y153.745 E.04498
G1 X102.913 Y136.256 E.7711
G1 X101.47 Y136.256 E.04499
G1 X118.96 Y153.745 E.7711
G1 X117.517 Y153.745 E.04498
G1 X100.027 Y136.256 E.77111
G1 X98.584 Y136.256 E.04499
G1 X116.074 Y153.745 E.77112
G1 X114.631 Y153.745 E.04498
G1 X97.141 Y136.255 E.77112
G1 X95.698 Y136.255 E.04499
G1 X113.188 Y153.745 E.77113
G1 X111.745 Y153.745 E.04498
G1 X94.255 Y136.255 E.77114
G1 X92.812 Y136.255 E.04499
G1 X110.303 Y153.745 E.77114
G1 X108.86 Y153.745 E.04498
G1 X91.369 Y136.255 E.77115
G2 X89.936 Y136.265 I-.658 J8.183 E.04472
G1 X107.417 Y153.745 E.7707
G1 X105.974 Y153.745 E.04498
G1 X89.257 Y137.028 E.73705
G2 X89.255 Y138.469 I8.23 J.734 E.04497
G1 X104.531 Y153.745 E.67354
G1 X103.088 Y153.745 E.04498
G1 X89.255 Y139.912 E.60993
G1 X89.255 Y141.354 E.04498
G1 X101.646 Y153.745 E.54631
G1 X100.203 Y153.745 E.04498
G1 X89.255 Y142.797 E.4827
G1 X89.255 Y144.24 E.04498
G1 X98.76 Y153.745 E.41909
G1 X97.317 Y153.745 E.04498
G1 X89.255 Y145.683 E.35548
G1 X89.255 Y147.126 E.04498
G1 X95.874 Y153.745 E.29186
G1 X94.432 Y153.745 E.04498
G1 X89.255 Y148.568 E.22825
G1 X89.255 Y150.011 E.04498
G1 X92.989 Y153.745 E.16464
G1 X91.546 Y153.745 E.04498
G1 X89.255 Y151.454 E.10102
G1 X89.255 Y152.897 E.04498
G1 X90.264 Y153.906 E.0445
; stop printing object flowrate_5 id:0 copy 0
; printing object flowrate_m20 id:279172874362 copy 0
G1 E-.5 F900
G1 Z.8 F30000
G1 X126.518 Y104.103 Z.8
G1 Z.6
G1 E.5 F900
;TYPE:Inner wall
G1 F12602.23
G3 X127.043 Y105.042 I-.53 J.913 E.0268
G1 X127.043 Y120.958 E.37806
G3 X125.958 Y122.043 I-1.062 J.023 E.04071
G1 X90.042 Y122.043 E.85312
G3 X88.957 Y120.958 I-.023 J-1.062 E.04071
G1 X88.957 Y105.042 E.37806
G3 X90.042 Y103.957 I1.062 J-.023 E.04071
G1 X126.003 Y103.961 E.8542
G3 X126.483 Y104.084 I-.015 J1.055 E.01186
G1 X126.696 Y103.794 F30000
G1 F12602.23
G3 X127.4 Y105.026 I-.707 J1.221 E.03531
G1 X127.4 Y120.974 E.3788
G3 X125.974 Y122.4 I-1.418 J.008 E.05329
G1 X90.026 Y122.4 E.85386
G3 X88.6 Y120.974 I-.008 J-1.418 E.05329
G1 X88.6 Y105.026 E.3788
G3 X90.026 Y103.6 I1.418 J-.008 E.05329
G1 X126.035 Y103.605 E.85531
G3 X126.661 Y103.775 I-.045 J1.41 E.01556
SET_VELOCITY_LIMIT ACCEL=5000 ACCEL_TO_DECEL=2500
G1 X126.896 Y103.448 F30000
;TYPE:Outer wall
G1 F12000
G3 X127.8 Y105.009 I-.906 J1.567 E.04485
G1 X127.8 Y120.991 E.37963
G3 X125.991 Y122.8 I-1.818 J-.01 E.06739
G1 X90.009 Y122.8 E.85469
G3 X88.2 Y120.991 I.01 J-1.818 E.06739
G1 X88.2 Y105.009 E.37963
G3 X90.009 Y103.2 I1.818 J.01 E.06739
G1 X126.069 Y103.207 E.85655
G3 X126.861 Y103.428 I-.079 J1.808 E.0197
SET_VELOCITY_LIMIT ACCEL=10000 ACCEL_TO_DECEL=5000
G1 E-.5 F900
G1 Z.8 F30000
G1 X126.906 Y105.164 Z.8
G1 Z.6
G1 E.5 F900
;TYPE:Sparse infill
G1 F12602.23
G1 X126.002 Y104.26 E.03039
G2 X124.558 Y104.258 I-.728 J8.264 E.03434
G1 X126.745 Y106.446 E.07349
G1 X126.745 Y107.889 E.03427
G1 X123.115 Y104.258 E.12197
G1 X121.672 Y104.258 E.03428
G1 X126.745 Y109.332 E.17044
G1 X126.745 Y110.775 E.03427
G1 X120.229 Y104.258 E.21891
G1 X118.786 Y104.258 E.03428
G1 X126.745 Y112.217 E.26738
G1 X126.745 Y113.66 E.03427
G1 X117.343 Y104.258 E.31585
G1 X115.9 Y104.257 E.03428
G1 X126.745 Y115.103 E.36433
G1 X126.745 Y116.546 E.03427
G1 X114.457 Y104.257 E.4128
G1 X113.014 Y104.257 E.03428
G1 X126.745 Y117.989 E.46127
G1 X126.745 Y119.432 E.03427
G1 X111.571 Y104.257 E.50974
G1 X110.128 Y104.257 E.03428
G1 X126.745 Y120.874 E.55822
G3 X126.151 Y121.723 I-.767 J.095 E.02697
G1 X108.685 Y104.257 E.58674
G1 X107.242 Y104.256 E.03428
G1 X124.731 Y121.745 E.58749
G1 X123.288 Y121.745 E.03427
G1 X105.799 Y104.256 E.58749
G1 X104.356 Y104.256 E.03428
G1 X121.845 Y121.745 E.5875
G1 X120.402 Y121.745 E.03427
G1 X102.913 Y104.256 E.5875
G1 X101.47 Y104.256 E.03428
G1 X118.96 Y121.745 E.58751
G1 X117.517 Y121.745 E.03427
G1 X100.027 Y104.256 E.58751
G1 X98.584 Y104.256 E.03428
G1 X116.074 Y121.745 E.58752
G1 X114.631 Y121.745 E.03427
G1 X97.141 Y104.255 E.58752
G1 X95.698 Y104.255 E.03428
G1 X113.188 Y121.745 E.58753
G1 X111.745 Y121.745 E.03427
G1 X94.255 Y104.255 E.58753
G1 X92.812 Y104.255 E.03428
G1 X110.303 Y121.745 E.58754
G1 X108.86 Y121.745 E.03427
G1 X91.369 Y104.255 E.58754
G2 X89.936 Y104.265 I-.658 J8.183 E.03407
G1 X107.417 Y121.745 E.5872
G1 X105.974 Y121.745 E.03427
M73 P41 R18
G1 X89.257 Y105.028 E.56156
G2 X89.255 Y106.469 I8.231 J.734 E.03426
G1 X104.531 Y121.745 E.51317
G1 X103.088 Y121.745 E.03427
G1 X89.255 Y107.912 E.46471
G1 X89.255 Y109.354 E.03427
G1 X101.646 Y121.745 E.41624
G1 X100.203 Y121.745 E.03427
G1 X89.255 Y110.797 E.36777
G1 X89.255 Y112.24 E.03427
G1 X98.76 Y121.745 E.31931
G1 X97.317 Y121.745 E.03427
G1 X89.255 Y113.683 E.27084
G1 X89.255 Y115.126 E.03427
G1 X95.874 Y121.745 E.22237
G1 X94.432 Y121.745 E.03427
G1 X89.255 Y116.568 E.1739
G1 X89.255 Y118.011 E.03427
G1 X92.989 Y121.745 E.12544
G1 X91.546 Y121.745 E.03427
G1 X89.255 Y119.454 E.07697
G1 X89.255 Y120.897 E.03427
G1 X90.264 Y121.906 E.0339
; stop printing object flowrate_m20 id:279172874362 copy 0
;LAYER_CHANGE
;Z:0.8
;HEIGHT:0.2
;BEFORE_LAYER_CHANGE
;0.8
G92 E0

G1 E-.5 F900
;AFTER_LAYER_CHANGE
;0.8
SET_PRINT_STATS_INFO CURRENT_LAYER=4
;_SET_FAN_SPEED_CHANGING_LAYER
; printing object flowrate_10 id:8318823020889268071 copy 0
G1 Z1 F30000
G1 X210.355 Y185.975 Z1
G1 Z.8
G1 E.5 F900
;TYPE:Inner wall
G1 F9165.258
G3 X209.958 Y186.043 I-.374 J-.994 E.01322
G1 X174.042 Y186.043 E1.17305
G3 X172.957 Y184.958 I-.023 J-1.062 E.05598
G1 X172.957 Y169.042 E.51984
G3 X174.042 Y167.957 I1.062 J-.023 E.05598
G1 X210.038 Y167.964 E1.17566
G3 X211.043 Y169.042 I-.047 J1.051 E.05332
G1 X211.043 Y184.958 E.51984
G3 X210.392 Y185.96 I-1.062 J.023 E.04145
G1 X210.477 Y186.311 F30000
G1 F9165.258
G3 X209.974 Y186.4 I-.495 J-1.329 E.01678
G1 X174.026 Y186.4 E1.17406
G3 X172.6 Y184.974 I-.008 J-1.418 E.07328
G1 X172.6 Y169.026 E.52086
G3 X174.026 Y167.6 I1.418 J-.008 E.07328
G1 X210.069 Y167.608 E1.17718
G3 X211.4 Y169.026 I-.077 J1.406 E.07011
G1 X211.4 Y184.974 E.52085
G3 X210.514 Y186.296 I-1.418 J.008 E.05519
SET_VELOCITY_LIMIT ACCEL=5000 ACCEL_TO_DECEL=2500
G1 X210.614 Y186.687 F30000
;TYPE:Outer wall
G1 F9165.258
G3 X209.991 Y186.8 I-.632 J-1.705 E.02077
G1 X174.009 Y186.8 E1.1752
G3 X172.2 Y184.991 I.01 J-1.818 E.09266
G1 X172.2 Y169.009 E.522
G3 X174.009 Y167.2 I1.818 J.01 E.09266
G1 X210.104 Y167.21 E1.17889
G3 X211.8 Y169.009 I-.112 J1.804 E.08891
G1 X211.8 Y184.991 E.522
G3 X210.651 Y186.672 I-1.818 J-.01 E.07058
SET_VELOCITY_LIMIT ACCEL=10000 ACCEL_TO_DECEL=5000
G1 E-.5 F900
G1 Z1 F30000
G1 X209.736 Y185.906 Z1
G1 Z.8
G1 E.5 F900
;TYPE:Sparse infill
G1 F9165.258
G1 X210.745 Y184.897 E.04661
G1 X210.745 Y183.454 E.04712
G1 X208.454 Y185.745 E.10583
G1 X207.011 Y185.745 E.04712
G1 X210.745 Y182.011 E.17248
G1 X210.745 Y180.568 E.04712
G1 X205.568 Y185.745 E.23912
G1 X204.126 Y185.745 E.04712
G1 X210.745 Y179.126 E.30576
G1 X210.745 Y177.683 E.04712
G1 X202.683 Y185.745 E.3724
G1 X201.24 Y185.745 E.04712
G1 X210.745 Y176.24 E.43905
G1 X210.745 Y174.797 E.04712
G1 X199.797 Y185.745 E.50569
G1 X198.354 Y185.745 E.04712
G1 X210.745 Y173.354 E.57233
G1 X210.745 Y171.912 E.04712
G1 X196.912 Y185.745 E.63897
G1 X195.469 Y185.745 E.04712
G1 X210.745 Y170.469 E.70561
G2 X210.743 Y169.028 I-8.234 J-.707 E.04711
G1 X194.026 Y185.745 E.77215
G1 X192.583 Y185.745 E.04712
G1 X210.064 Y168.265 E.8074
G2 X208.624 Y168.261 I-.74 J8.242 E.04706
G1 X191.14 Y185.745 E.80757
G1 X189.697 Y185.745 E.04712
G1 X207.182 Y168.261 E.80758
G1 X205.739 Y168.261 E.04711
G1 X188.255 Y185.745 E.8076
G1 X186.812 Y185.745 E.04712
G1 X204.297 Y168.26 E.80761
G1 X202.854 Y168.26 E.04711
G1 X185.369 Y185.745 E.80762
G1 X183.926 Y185.745 E.04712
G1 X201.412 Y168.26 E.80763
G1 X199.969 Y168.26 E.04711
G1 X182.483 Y185.745 E.80765
G1 X181.04 Y185.745 E.04712
G1 X198.527 Y168.259 E.80766
G1 X197.084 Y168.259 E.04711
G1 X179.598 Y185.745 E.80767
G1 X178.155 Y185.745 E.04712
G1 X195.641 Y168.259 E.80769
G1 X194.199 Y168.259 E.04711
G1 X176.712 Y185.745 E.8077
G1 X175.269 Y185.745 E.04712
G1 X192.756 Y168.258 E.80771
G1 X191.314 Y168.258 E.04711
G1 X173.849 Y185.723 E.8067
G3 X173.255 Y184.874 I.173 J-.754 E.03708
G1 X189.871 Y168.258 E.76751
G1 X188.429 Y168.257 E.04711
G1 X173.255 Y183.432 E.70088
G1 X173.255 Y181.989 E.04712
G1 X186.986 Y168.257 E.63425
G1 X185.544 Y168.257 E.04711
G1 X173.255 Y180.546 E.56762
G1 X173.255 Y179.103 E.04712
G1 X184.101 Y168.257 E.50099
G1 X182.659 Y168.256 E.04711
G1 X173.255 Y177.66 E.43436
G1 X173.255 Y176.217 E.04712
G1 X181.216 Y168.256 E.36773
G1 X179.774 Y168.256 E.04711
G1 X173.255 Y174.775 E.3011
G1 X173.255 Y173.332 E.04712
G1 X178.331 Y168.255 E.23447
G1 X176.888 Y168.255 E.04711
G1 X173.255 Y171.889 E.16784
G1 X173.255 Y170.446 E.04712
G1 X175.446 Y168.255 E.10122
G2 X173.998 Y168.26 I-.697 J8.256 E.04734
G1 X173.094 Y169.164 E.04178
; stop printing object flowrate_10 id:8318823020889268071 copy 0
; printing object flowrate_m5 id:140666992080768 copy 0
G1 E-.5 F900
G1 Z1 F30000
G1 X210.517 Y136.104 Z1
G1 Z.8
G1 E.5 F900
;TYPE:Inner wall
G1 F10612.404
G3 X211.043 Y137.042 I-.526 J.911 E.03183
G1 X211.043 Y152.958 E.44895
G3 X209.958 Y154.043 I-1.062 J.023 E.04835
G1 X174.042 Y154.043 E1.01308
G3 X172.957 Y152.958 I-.023 J-1.062 E.04835
G1 X172.957 Y137.042 E.44895
G3 X174.042 Y135.957 I1.062 J-.023 E.04835
G1 X210.038 Y135.964 E1.01534
G3 X210.482 Y136.085 I-.047 J1.051 E.01309
G1 X210.696 Y135.795 F30000
G1 F10612.404
G3 X211.4 Y137.026 I-.704 J1.219 E.04194
G1 X211.4 Y152.974 E.44983
G3 X209.974 Y154.4 I-1.418 J.008 E.06329
G1 X174.026 Y154.4 E1.01396
G3 X172.6 Y152.974 I-.008 J-1.418 E.06329
G1 X172.6 Y137.026 E.44983
G3 X174.026 Y135.6 I1.418 J-.008 E.06329
G1 X210.069 Y135.608 E1.01666
G3 X210.661 Y135.775 I-.077 J1.406 E.01748
SET_VELOCITY_LIMIT ACCEL=5000 ACCEL_TO_DECEL=2500
G1 X210.896 Y135.448 F30000
;TYPE:Outer wall
G1 F10612.404
G3 X211.8 Y137.009 I-.903 J1.566 E.05326
G1 X211.8 Y152.991 E.45081
G3 X209.991 Y154.8 I-1.818 J-.01 E.08002
G1 X174.009 Y154.8 E1.01495
G3 X172.2 Y152.991 I.01 J-1.818 E.08002
G1 X172.2 Y137.009 E.45082
G3 X174.009 Y135.2 I1.818 J.01 E.08002
G1 X210.104 Y135.21 E1.01813
G3 X210.861 Y135.429 I-.112 J1.804 E.0224
SET_VELOCITY_LIMIT ACCEL=10000 ACCEL_TO_DECEL=5000
G1 E-.5 F900
G1 Z1 F30000
G1 X209.736 Y153.906 Z1
G1 Z.8
G1 E.5 F900
;TYPE:Sparse infill
G1 F10612.404
G1 X210.745 Y152.897 E.04026
G1 X210.745 Y151.454 E.0407
G1 X208.454 Y153.745 E.0914
G1 X207.011 Y153.745 E.0407
G1 X210.745 Y150.011 E.14896
G1 X210.745 Y148.568 E.0407
G1 X205.568 Y153.745 E.20651
G1 X204.126 Y153.745 E.0407
G1 X210.745 Y147.126 E.26407
G1 X210.745 Y145.683 E.0407
G1 X202.683 Y153.745 E.32162
G1 X201.24 Y153.745 E.0407
G1 X210.745 Y144.24 E.37918
G1 X210.745 Y142.797 E.0407
G1 X199.797 Y153.745 E.43673
G1 X198.354 Y153.745 E.0407
G1 X210.745 Y141.354 E.49428
G1 X210.745 Y139.912 E.0407
G1 X196.912 Y153.745 E.55184
G1 X195.469 Y153.745 E.0407
G1 X210.745 Y138.469 E.60939
G2 X210.743 Y137.028 I-8.231 J-.707 E.04068
G1 X194.026 Y153.745 E.66686
G1 X192.583 Y153.745 E.0407
G1 X210.064 Y136.265 E.6973
G2 X208.624 Y136.261 I-.74 J8.241 E.04065
G1 X191.14 Y153.745 E.69745
G1 X189.697 Y153.745 E.0407
G1 X207.182 Y136.261 E.69746
G1 X205.739 Y136.261 E.04069
G1 X188.255 Y153.745 E.69747
G1 X186.812 Y153.745 E.0407
G1 X204.297 Y136.26 E.69748
G1 X202.854 Y136.26 E.04069
G1 X185.369 Y153.745 E.69749
G1 X183.926 Y153.745 E.0407
G1 X201.412 Y136.26 E.6975
G1 X199.969 Y136.26 E.04069
G1 X182.483 Y153.745 E.69751
G1 X181.04 Y153.745 E.0407
G1 X198.527 Y136.259 E.69752
G1 X197.084 Y136.259 E.04069
G1 X179.598 Y153.745 E.69754
G1 X178.155 Y153.745 E.0407
M73 P41 R17
G1 X195.641 Y136.259 E.69755
G1 X194.199 Y136.259 E.04069
G1 X176.712 Y153.745 E.69756
G1 X175.269 Y153.745 E.0407
G1 X192.756 Y136.258 E.69757
G1 X191.314 Y136.258 E.04069
G1 X173.849 Y153.723 E.6967
G3 X173.255 Y152.874 I.173 J-.754 E.03202
G1 X189.871 Y136.258 E.66285
G1 X188.429 Y136.257 E.04069
G1 X173.255 Y151.432 E.6053
G1 X173.255 Y149.989 E.0407
G1 X186.986 Y136.257 E.54776
G1 X185.544 Y136.257 E.04069
G1 X173.255 Y148.546 E.49022
G1 X173.255 Y147.103 E.0407
G1 X184.101 Y136.257 E.43267
G1 X182.659 Y136.256 E.04069
G1 X173.255 Y145.66 E.37513
G1 X173.255 Y144.217 E.0407
G1 X181.216 Y136.256 E.31759
G1 X179.774 Y136.256 E.04069
G1 X173.255 Y142.775 E.26004
G1 X173.255 Y141.332 E.0407
G1 X178.331 Y136.255 E.2025
G1 X176.888 Y136.255 E.04069
G1 X173.255 Y139.889 E.14496
G1 X173.255 Y138.446 E.0407
G1 X175.446 Y136.255 E.08741
G2 X173.998 Y136.26 I-.697 J8.257 E.04088
G1 X173.094 Y137.164 E.03608
; stop printing object flowrate_m5 id:140666992080768 copy 0
; printing object flowrate_m10 id:1069446856963 copy 0
G1 E-.5 F900
G1 Z1 F30000
G1 X210.181 Y122.024 Z1
G1 Z.8
G1 E.5 F900
;TYPE:Inner wall
G1 F11201.982
G3 X209.958 Y122.043 I-.2 J-1.043 E.00598
G1 X174.042 Y122.043 E.95976
G3 X172.957 Y120.958 I-.023 J-1.062 E.0458
M73 P42 R17
G1 X172.957 Y105.042 E.42532
G3 X174.042 Y103.957 I1.062 J-.023 E.0458
G1 X210.038 Y103.964 E.9619
G3 X211.043 Y105.042 I-.047 J1.051 E.04362
G1 X211.043 Y120.958 E.42532
G3 X210.22 Y122.016 I-1.062 J.023 E.03876
G1 X210.243 Y122.376 F30000
G1 F11201.982
G3 X209.974 Y122.4 I-.261 J-1.394 E.00722
G1 X174.026 Y122.4 E.9606
G3 X172.6 Y120.974 I-.008 J-1.418 E.05995
G1 X172.6 Y105.026 E.42616
G3 X174.026 Y103.6 I1.418 J-.008 E.05995
G1 X210.069 Y103.608 E.96315
G3 X211.4 Y105.026 I-.077 J1.406 E.05736
G1 X211.4 Y120.974 E.42615
G3 X210.282 Y122.368 I-1.418 J.008 E.05166
SET_VELOCITY_LIMIT ACCEL=5000 ACCEL_TO_DECEL=2500
G1 X210.312 Y122.77 F30000
;TYPE:Outer wall
G1 F11201.982
G3 X209.991 Y122.8 I-.33 J-1.788 E.00862
G1 X174.009 Y122.8 E.96153
G3 X172.2 Y120.991 I.01 J-1.818 E.07581
G1 X172.2 Y105.009 E.42709
G3 X174.009 Y103.2 I1.818 J.01 E.07581
G1 X210.104 Y103.21 E.96455
G3 X211.8 Y105.009 I-.112 J1.804 E.07275
G1 X211.8 Y120.991 E.42709
G3 X210.351 Y122.762 I-1.818 J-.01 E.06612
SET_VELOCITY_LIMIT ACCEL=10000 ACCEL_TO_DECEL=5000
G1 E-.5 F900
G1 Z1 F30000
G1 X209.736 Y121.906 Z1
G1 Z.8
G1 E.5 F900
;TYPE:Sparse infill
G1 F11201.982
G1 X210.745 Y120.897 E.03814
G1 X210.745 Y119.454 E.03856
G1 X208.454 Y121.745 E.08659
G1 X207.011 Y121.745 E.03856
G1 X210.745 Y118.011 E.14112
G1 X210.745 Y116.568 E.03856
G1 X205.568 Y121.745 E.19564
G1 X204.126 Y121.745 E.03856
G1 X210.745 Y115.126 E.25017
G1 X210.745 Y113.683 E.03856
G1 X202.683 Y121.745 E.30469
G1 X201.24 Y121.745 E.03856
G1 X210.745 Y112.24 E.35922
G1 X210.745 Y110.797 E.03856
G1 X199.797 Y121.745 E.41374
G1 X198.354 Y121.745 E.03856
G1 X210.745 Y109.354 E.46827
G1 X210.745 Y107.912 E.03856
G1 X196.912 Y121.745 E.52279
G1 X195.469 Y121.745 E.03856
G1 X210.745 Y106.469 E.57732
G2 X210.743 Y105.028 I-8.234 J-.707 E.03854
G1 X194.026 Y121.745 E.63176
G1 X192.583 Y121.745 E.03856
G1 X210.064 Y104.265 E.6606
G2 X208.624 Y104.261 I-.74 J8.241 E.03851
G1 X191.14 Y121.745 E.66074
G1 X189.697 Y121.745 E.03856
G1 X207.182 Y104.261 E.66075
G1 X205.739 Y104.261 E.03855
G1 X188.255 Y121.745 E.66076
G1 X186.812 Y121.745 E.03856
G1 X204.297 Y104.26 E.66077
G1 X202.854 Y104.26 E.03855
G1 X185.369 Y121.745 E.66078
G1 X183.926 Y121.745 E.03856
G1 X201.412 Y104.26 E.66079
G1 X199.969 Y104.26 E.03855
G1 X182.483 Y121.745 E.6608
G1 X181.04 Y121.745 E.03856
G1 X198.527 Y104.259 E.66081
G1 X197.084 Y104.259 E.03855
G1 X179.598 Y121.745 E.66082
G1 X178.155 Y121.745 E.03856
G1 X195.641 Y104.259 E.66083
G1 X194.199 Y104.259 E.03855
G1 X176.712 Y121.745 E.66084
G1 X175.269 Y121.745 E.03856
G1 X192.756 Y104.258 E.66086
G1 X191.314 Y104.258 E.03855
G1 X173.849 Y121.723 E.66003
G3 X173.255 Y120.874 I.173 J-.754 E.03034
G1 X189.871 Y104.258 E.62796
G1 X188.429 Y104.257 E.03855
G1 X173.255 Y119.432 E.57345
G1 X173.255 Y117.989 E.03856
G1 X186.986 Y104.257 E.51893
G1 X185.544 Y104.257 E.03855
G1 X173.255 Y116.546 E.46442
G1 X173.255 Y115.103 E.03856
G1 X184.101 Y104.257 E.4099
G1 X182.659 Y104.256 E.03855
G1 X173.255 Y113.66 E.35539
G1 X173.255 Y112.217 E.03856
G1 X181.216 Y104.256 E.30087
G1 X179.774 Y104.256 E.03855
G1 X173.255 Y110.775 E.24636
G1 X173.255 Y109.332 E.03856
G1 X178.331 Y104.255 E.19184
G1 X176.888 Y104.255 E.03855
G1 X173.255 Y107.889 E.13733
G1 X173.255 Y106.446 E.03856
G1 X175.446 Y104.255 E.08281
G2 X173.998 Y104.26 I-.697 J8.258 E.03873
G1 X173.094 Y105.164 E.03418
; stop printing object flowrate_m10 id:1069446856963 copy 0
; printing object flowrate_m15 id:1120986464517 copy 0
G1 E-.5 F900
G1 Z1 F30000
G1 X168.517 Y104.104 Z1
G1 Z.8
G1 E.5 F900
;TYPE:Inner wall
G1 F11860.923
G3 X169.043 Y105.042 I-.526 J.911 E.02848
G1 X169.043 Y120.958 E.40169
G3 X167.958 Y122.043 I-1.062 J.023 E.04326
G1 X132.042 Y122.043 E.90644
G3 X130.957 Y120.958 I-.023 J-1.062 E.04326
G1 X130.957 Y105.042 E.40169
G3 X132.042 Y103.957 I1.062 J-.023 E.04326
G1 X168.038 Y103.964 E.90846
G3 X168.482 Y104.085 I-.047 J1.051 E.01171
G1 X168.696 Y103.795 F30000
G1 F11860.923
G3 X169.4 Y105.026 I-.704 J1.219 E.03752
G1 X169.4 Y120.974 E.40248
G3 X167.974 Y122.4 I-1.418 J.008 E.05662
G1 X132.026 Y122.4 E.90723
G3 X130.6 Y120.974 I-.008 J-1.418 E.05662
G1 X130.6 Y105.026 E.40248
G3 X132.026 Y103.6 I1.418 J-.008 E.05662
G1 X168.069 Y103.608 E.90964
G3 X168.661 Y103.775 I-.077 J1.406 E.01564
SET_VELOCITY_LIMIT ACCEL=5000 ACCEL_TO_DECEL=2500
G1 X168.896 Y103.448 F30000
;TYPE:Outer wall
G1 F11860.923
G3 X169.8 Y105.009 I-.903 J1.566 E.04765
G1 X169.8 Y120.991 E.40336
G3 X167.991 Y122.8 I-1.818 J-.01 E.0716
G1 X132.009 Y122.8 E.90811
G3 X130.2 Y120.991 I.01 J-1.818 E.0716
G1 X130.2 Y105.009 E.40336
G3 X132.009 Y103.2 I1.818 J.01 E.0716
G1 X168.104 Y103.21 E.91096
G3 X168.861 Y103.429 I-.112 J1.804 E.02005
SET_VELOCITY_LIMIT ACCEL=10000 ACCEL_TO_DECEL=5000
G1 E-.5 F900
G1 Z1 F30000
G1 X167.736 Y121.906 Z1
G1 Z.8
G1 E.5 F900
;TYPE:Sparse infill
G1 F11860.923
G1 X168.745 Y120.897 E.03602
G1 X168.745 Y119.454 E.03641
G1 X166.454 Y121.745 E.08178
G1 X165.011 Y121.745 E.03641
G1 X168.745 Y118.011 E.13328
G1 X168.745 Y116.568 E.03641
G1 X163.568 Y121.745 E.18477
G1 X162.126 Y121.745 E.03641
G1 X168.745 Y115.126 E.23627
G1 X168.745 Y113.683 E.03641
G1 X160.683 Y121.745 E.28777
G1 X159.24 Y121.745 E.03641
G1 X168.745 Y112.24 E.33926
G1 X168.745 Y110.797 E.03641
G1 X157.797 Y121.745 E.39076
G1 X156.354 Y121.745 E.03641
G1 X168.745 Y109.354 E.44225
G1 X168.745 Y107.912 E.03641
G1 X154.912 Y121.745 E.49375
G1 X153.469 Y121.745 E.03641
G1 X168.745 Y106.469 E.54525
G2 X168.743 Y105.028 I-8.234 J-.707 E.0364
G1 X152.026 Y121.745 E.59666
G1 X150.583 Y121.745 E.03641
G1 X168.064 Y104.265 E.6239
G2 X166.624 Y104.261 I-.74 J8.241 E.03637
G1 X149.14 Y121.745 E.62403
G1 X147.697 Y121.745 E.03641
G1 X165.182 Y104.261 E.62404
G1 X163.739 Y104.261 E.03641
G1 X146.255 Y121.745 E.62405
G1 X144.812 Y121.745 E.03641
G1 X162.297 Y104.26 E.62406
G1 X160.854 Y104.26 E.03641
G1 X143.369 Y121.745 E.62407
G1 X141.926 Y121.745 E.03641
G1 X159.412 Y104.26 E.62408
G1 X157.969 Y104.26 E.03641
G1 X140.483 Y121.745 E.62409
G1 X139.04 Y121.745 E.03641
G1 X156.527 Y104.259 E.6241
G1 X155.084 Y104.259 E.03641
G1 X137.598 Y121.745 E.62411
G1 X136.155 Y121.745 E.03641
G1 X153.641 Y104.259 E.62412
G1 X152.199 Y104.259 E.03641
G1 X134.712 Y121.745 E.62413
G1 X133.269 Y121.745 E.03641
G1 X150.756 Y104.258 E.62414
G1 X149.314 Y104.258 E.03641
G1 X131.849 Y121.723 E.62336
G3 X131.255 Y120.874 I.173 J-.754 E.02865
G1 X147.871 Y104.258 E.59307
G1 X146.429 Y104.257 E.03641
G1 X131.255 Y119.432 E.54159
G1 X131.255 Y117.989 E.03641
G1 X144.986 Y104.257 E.4901
G1 X143.544 Y104.257 E.03641
G1 X131.255 Y116.546 E.43861
G1 X131.255 Y115.103 E.03641
G1 X142.101 Y104.257 E.38713
G1 X140.659 Y104.256 E.03641
G1 X131.255 Y113.66 E.33564
G1 X131.255 Y112.217 E.03641
G1 X139.216 Y104.256 E.28416
G1 X137.774 Y104.256 E.03641
G1 X131.255 Y110.775 E.23267
G1 X131.255 Y109.332 E.03641
G1 X136.331 Y104.255 E.18118
G1 X134.888 Y104.255 E.03641
G1 X131.255 Y107.889 E.1297
G1 X131.255 Y106.446 E.03641
G1 X133.446 Y104.255 E.07821
G2 X131.998 Y104.26 I-.697 J8.258 E.03658
G1 X131.094 Y105.164 E.03228
; stop printing object flowrate_m15 id:1120986464517 copy 0
; printing object flowrate_0 id:24 copy 0
G1 E-.5 F900
G1 Z1 F30000
G1 X168.517 Y136.104 Z1
G1 Z.8
G1 E.5 F900
;TYPE:Inner wall
G1 F10081.784
G3 X169.043 Y137.042 I-.526 J.911 E.03351
G1 X169.043 Y152.958 E.47258
G3 X167.958 Y154.043 I-1.062 J.023 E.05089
G1 X132.042 Y154.043 E1.0664
G3 X130.957 Y152.958 I-.023 J-1.062 E.05089
G1 X130.957 Y137.042 E.47258
G3 X132.042 Y135.957 I1.057 J-.028 E.05096
G1 X168.038 Y135.964 E1.06878
G3 X168.482 Y136.085 I-.047 J1.051 E.01378
G1 X168.696 Y135.795 F30000
G1 F10081.784
G3 X169.4 Y137.026 I-.704 J1.219 E.04414
G1 X169.4 Y152.974 E.4735
G3 X167.974 Y154.4 I-1.418 J.008 E.06662
G1 X132.026 Y154.4 E1.06733
G3 X130.6 Y152.974 I-.008 J-1.418 E.06662
G1 X130.6 Y137.026 E.47351
G3 X130.642 Y136.69 I.974 J-.05 E.01011
G3 X132.026 Y135.6 I1.366 J.31 E.05659
G1 X168.069 Y135.608 E1.07017
G3 X168.661 Y135.775 I-.077 J1.406 E.0184
SET_VELOCITY_LIMIT ACCEL=5000 ACCEL_TO_DECEL=2500
G1 X168.896 Y135.448 F30000
;TYPE:Outer wall
G1 F10081.784
G3 X169.8 Y137.009 I-.903 J1.566 E.05606
G1 X169.8 Y152.991 E.47454
G3 X167.991 Y154.8 I-1.818 J-.01 E.08424
G1 X132.009 Y154.8 E1.06837
G3 X130.2 Y152.991 I.01 J-1.818 E.08424
G1 X130.2 Y137.009 E.47454
G3 X132.009 Y135.2 I1.805 J-.004 E.08441
G1 X168.104 Y135.21 E1.07172
G3 X168.861 Y135.429 I-.112 J1.804 E.02358
SET_VELOCITY_LIMIT ACCEL=10000 ACCEL_TO_DECEL=5000
G1 E-.5 F900
G1 Z1 F30000
G1 X167.736 Y153.906 Z1
G1 Z.8
G1 E.5 F900
;TYPE:Sparse infill
G1 F10081.784
G1 X168.745 Y152.897 E.04238
G1 X168.745 Y151.454 E.04284
G1 X166.454 Y153.745 E.09621
G1 X165.011 Y153.745 E.04284
G1 X168.745 Y150.011 E.1568
G1 X168.745 Y148.568 E.04284
G1 X163.568 Y153.745 E.21738
G1 X162.126 Y153.745 E.04284
G1 X168.745 Y147.126 E.27796
G1 X168.745 Y145.683 E.04284
G1 X160.683 Y153.745 E.33855
G1 X159.24 Y153.745 E.04284
G1 X168.745 Y144.24 E.39913
G1 X168.745 Y142.797 E.04284
G1 X157.797 Y153.745 E.45972
G1 X156.354 Y153.745 E.04284
M73 P43 R17
G1 X168.745 Y141.354 E.5203
G1 X168.745 Y139.912 E.04284
G1 X154.912 Y153.745 E.58088
G1 X153.469 Y153.745 E.04284
G1 X168.745 Y138.469 E.64147
G2 X168.743 Y137.028 I-8.231 J-.707 E.04282
G1 X152.026 Y153.745 E.70195
G1 X150.583 Y153.745 E.04284
G1 X168.064 Y136.265 E.734
G2 X166.624 Y136.261 I-.74 J8.241 E.04279
G1 X149.14 Y153.745 E.73415
G1 X147.697 Y153.745 E.04284
G1 X165.182 Y136.261 E.73417
G1 X163.739 Y136.261 E.04283
G1 X146.255 Y153.745 E.73418
G1 X144.812 Y153.745 E.04284
G1 X162.297 Y136.26 E.73419
G1 X160.854 Y136.26 E.04283
G1 X143.369 Y153.745 E.7342
G1 X141.926 Y153.745 E.04284
G1 X159.412 Y136.26 E.73421
G1 X157.969 Y136.26 E.04283
G1 X140.483 Y153.745 E.73422
G1 X139.04 Y153.745 E.04284
G1 X156.527 Y136.259 E.73424
G1 X155.084 Y136.259 E.04283
G1 X137.598 Y153.745 E.73425
G1 X136.155 Y153.745 E.04284
G1 X153.641 Y136.259 E.73426
G1 X152.199 Y136.259 E.04283
G1 X134.712 Y153.745 E.73427
G1 X133.269 Y153.745 E.04284
G1 X150.756 Y136.258 E.73428
G1 X149.314 Y136.258 E.04283
G1 X131.849 Y153.723 E.73336
G3 X131.255 Y152.874 I.173 J-.754 E.03371
G1 X147.871 Y136.258 E.69773
G1 X146.429 Y136.257 E.04283
G1 X131.255 Y151.432 E.63716
G1 X131.255 Y149.989 E.04284
G1 X144.986 Y136.257 E.57659
G1 X143.544 Y136.257 E.04283
G1 X131.255 Y148.546 E.51602
G1 X131.255 Y147.103 E.04284
G1 X142.101 Y136.257 E.45545
G1 X140.659 Y136.256 E.04283
G1 X131.255 Y145.66 E.39487
G1 X131.255 Y144.217 E.04284
G1 X139.216 Y136.256 E.3343
G1 X137.774 Y136.256 E.04283
G1 X131.255 Y142.775 E.27373
G1 X131.255 Y141.332 E.04284
G1 X136.331 Y136.255 E.21316
G1 X134.888 Y136.255 E.04283
G1 X131.255 Y139.889 E.15259
G1 X131.255 Y138.446 E.04284
G1 X133.446 Y136.255 E.09201
G2 X131.998 Y136.26 I-.697 J8.258 E.04303
G1 X131.094 Y137.164 E.03798
; stop printing object flowrate_0 id:24 copy 0
; printing object flowrate_15 id:0 copy 0
G1 E-.5 F900
G1 Z1 F30000
G1 X168.517 Y168.104 Z1
G1 Z.8
G1 E.5 F900
;TYPE:Inner wall
G1 F8766.769
G3 X169.043 Y169.042 I-.526 J.911 E.03853
G1 X169.043 Y184.958 E.54347
G3 X167.958 Y186.043 I-1.062 J.023 E.05853
G1 X132.042 Y186.043 E1.22637
G3 X130.957 Y184.958 I-.023 J-1.062 E.05853
G1 X130.957 Y169.042 E.54347
G3 X132.042 Y167.957 I1.057 J-.028 E.0586
G1 X168.038 Y167.964 E1.22909
G3 X168.482 Y168.085 I-.047 J1.051 E.01584
G1 X168.696 Y167.795 F30000
G1 F8766.769
G3 X169.4 Y169.026 I-.704 J1.219 E.05076
G1 X169.4 Y184.974 E.54453
G3 X167.974 Y186.4 I-1.418 J.008 E.07661
G1 X132.026 Y186.4 E1.22743
G3 X130.6 Y184.974 I-.008 J-1.418 E.07661
G1 X130.6 Y169.026 E.54453
G3 X132.026 Y167.6 I1.414 J-.012 E.07667
G1 X168.069 Y167.608 E1.23069
G3 X168.661 Y167.775 I-.077 J1.406 E.02116
SET_VELOCITY_LIMIT ACCEL=5000 ACCEL_TO_DECEL=2500
G1 X168.896 Y167.448 F30000
;TYPE:Outer wall
G1 F8766.769
G3 X169.8 Y169.009 I-.903 J1.566 E.06447
G1 X169.8 Y184.991 E.54572
G3 X167.991 Y186.8 I-1.818 J-.01 E.09687
G1 X132.009 Y186.8 E1.22862
G3 X130.2 Y184.991 I.01 J-1.818 E.09687
G1 X130.2 Y169.009 E.54572
G3 X132.009 Y167.2 I1.805 J-.004 E.09707
G1 X168.104 Y167.21 E1.23248
G3 X168.861 Y167.429 I-.112 J1.804 E.02712
SET_VELOCITY_LIMIT ACCEL=10000 ACCEL_TO_DECEL=5000
G1 E-.5 F900
G1 Z1 F30000
G1 X167.736 Y185.906 Z1
G1 Z.8
G1 E.5 F900
;TYPE:Sparse infill
G1 F8766.769
G1 X168.745 Y184.897 E.04873
G1 X168.745 Y183.454 E.04927
G1 X166.454 Y185.745 E.11065
G1 X165.011 Y185.745 E.04927
G1 X168.745 Y182.011 E.18032
G1 X168.745 Y180.568 E.04927
G1 X163.568 Y185.745 E.24999
G1 X162.126 Y185.745 E.04927
G1 X168.745 Y179.126 E.31966
G1 X168.745 Y177.683 E.04927
G1 X160.683 Y185.745 E.38933
G1 X159.24 Y185.745 E.04927
G1 X168.745 Y176.24 E.459
G1 X168.745 Y174.797 E.04927
G1 X157.797 Y185.745 E.52867
G1 X156.354 Y185.745 E.04927
G1 X168.745 Y173.354 E.59834
G1 X168.745 Y171.912 E.04927
G1 X154.912 Y185.745 E.66802
G1 X153.469 Y185.745 E.04927
G1 X168.745 Y170.469 E.73769
G2 X168.743 Y169.028 I-8.234 J-.707 E.04925
G1 X152.026 Y185.745 E.80725
G1 X150.583 Y185.745 E.04927
G1 X168.064 Y168.265 E.8441
G2 X166.624 Y168.261 I-.74 J8.242 E.0492
G1 X149.14 Y185.745 E.84428
G1 X147.697 Y185.745 E.04927
G1 X165.182 Y168.261 E.84429
G1 X163.739 Y168.261 E.04926
G1 X146.255 Y185.745 E.8443
G1 X144.812 Y185.745 E.04927
G1 X162.297 Y168.26 E.84432
G1 X160.854 Y168.26 E.04926
G1 X143.369 Y185.745 E.84433
G1 X141.926 Y185.745 E.04927
G1 X159.412 Y168.26 E.84435
G1 X157.969 Y168.26 E.04926
G1 X140.483 Y185.745 E.84436
G1 X139.04 Y185.745 E.04927
G1 X156.527 Y168.259 E.84437
G1 X155.084 Y168.259 E.04926
G1 X137.598 Y185.745 E.84439
G1 X136.155 Y185.745 E.04927
G1 X153.641 Y168.259 E.8444
G1 X152.199 Y168.259 E.04926
G1 X134.712 Y185.745 E.84441
G1 X133.269 Y185.745 E.04927
G1 X150.756 Y168.258 E.84443
G1 X149.314 Y168.258 E.04926
G1 X131.849 Y185.723 E.84337
G3 X131.255 Y184.874 I.173 J-.754 E.03876
G1 X147.871 Y168.258 E.80239
G1 X146.429 Y168.257 E.04926
G1 X131.255 Y183.432 E.73274
G1 X131.255 Y181.989 E.04927
G1 X144.986 Y168.257 E.66308
G1 X143.544 Y168.257 E.04926
G1 X131.255 Y180.546 E.59342
G1 X131.255 Y179.103 E.04927
G1 X142.101 Y168.257 E.52376
G1 X140.659 Y168.256 E.04926
G1 X131.255 Y177.66 E.4541
G1 X131.255 Y176.217 E.04927
G1 X139.216 Y168.256 E.38445
G1 X137.774 Y168.256 E.04926
G1 X131.255 Y174.775 E.31479
G1 X131.255 Y173.332 E.04927
G1 X136.331 Y168.255 E.24513
G1 X134.888 Y168.255 E.04926
G1 X131.255 Y171.889 E.17547
G1 X131.255 Y170.446 E.04927
G1 X133.446 Y168.255 E.10582
G2 X131.998 Y168.26 I-.697 J8.255 E.04949
G1 X131.094 Y169.164 E.04368
; stop printing object flowrate_15 id:0 copy 0
; printing object flowrate_20 id:0 copy 0
G1 E-.5 F900
G1 Z1 F30000
G1 X126.517 Y168.104 Z1
G1 Z.8
G1 E.5 F900
;TYPE:Inner wall
G1 F8401.487
G3 X127.043 Y169.042 I-.526 J.911 E.04021
G1 X127.043 Y184.958 E.56709
G3 X125.958 Y186.043 I-1.062 J.023 E.06107
G1 X90.042 Y186.043 E1.27969
G3 X88.957 Y184.958 I-.023 J-1.062 E.06107
G1 X88.957 Y169.042 E.5671
G3 X90.042 Y167.957 I1.057 J-.028 E.06115
G1 X126.038 Y167.964 E1.28253
G3 X126.482 Y168.085 I-.047 J1.051 E.01653
G1 X126.696 Y167.795 F30000
G1 F8401.487
G3 X127.4 Y169.026 I-.704 J1.219 E.05297
G1 X127.4 Y184.974 E.5682
G3 X125.974 Y186.4 I-1.418 J.008 E.07994
G1 X90.026 Y186.4 E1.2808
G3 X88.6 Y184.974 I-.008 J-1.418 E.07994
G1 X88.6 Y169.026 E.56821
G3 X90.026 Y167.6 I1.414 J-.012 E.08
G1 X126.069 Y167.608 E1.2842
G3 X126.661 Y167.775 I-.077 J1.406 E.02208
SET_VELOCITY_LIMIT ACCEL=5000 ACCEL_TO_DECEL=2500
G1 X126.896 Y167.448 F30000
;TYPE:Outer wall
G1 F8401.487
G3 X127.8 Y169.009 I-.903 J1.566 E.06727
G1 X127.8 Y184.991 E.56945
G3 X125.991 Y186.8 I-1.818 J-.01 E.10108
G1 X90.009 Y186.8 E1.28204
G3 X88.2 Y184.991 I.01 J-1.818 E.10108
G1 X88.2 Y169.009 E.56945
G3 X90.009 Y167.2 I1.805 J-.004 E.10129
G1 X126.104 Y167.21 E1.28606
G3 X126.861 Y167.429 I-.112 J1.804 E.0283
SET_VELOCITY_LIMIT ACCEL=10000 ACCEL_TO_DECEL=5000
G1 E-.5 F900
G1 Z1 F30000
G1 X125.736 Y185.906 Z1
G1 Z.8
G1 E.5 F900
;TYPE:Sparse infill
G1 F8401.487
G1 X126.745 Y184.897 E.05085
G1 X126.745 Y183.454 E.05141
G1 X124.454 Y185.745 E.11546
G1 X123.011 Y185.745 E.05141
G1 X126.745 Y182.011 E.18816
G1 X126.745 Y180.568 E.05141
G1 X121.568 Y185.745 E.26086
G1 X120.126 Y185.745 E.05141
G1 X126.745 Y179.126 E.33356
G1 X126.745 Y177.683 E.05141
G1 X118.683 Y185.745 E.40626
G1 X117.24 Y185.745 E.05141
G1 X126.745 Y176.24 E.47896
G1 X126.745 Y174.797 E.05141
G1 X115.797 Y185.745 E.55166
G1 X114.354 Y185.745 E.05141
G1 X126.745 Y173.354 E.62436
G1 X126.745 Y171.912 E.05141
G1 X112.912 Y185.745 E.69706
G1 X111.469 Y185.745 E.05141
G1 X126.745 Y170.469 E.76976
G2 X126.743 Y169.028 I-8.232 J-.707 E.05139
G1 X110.026 Y185.745 E.84234
G1 X108.583 Y185.745 E.05141
G1 X126.064 Y168.265 E.8808
G2 X124.624 Y168.261 I-.74 J8.242 E.05134
M73 P44 R17
G1 X107.14 Y185.745 E.88099
G1 X105.697 Y185.745 E.05141
G1 X123.182 Y168.261 E.881
G1 X121.739 Y168.261 E.0514
G1 X104.255 Y185.745 E.88101
G1 X102.812 Y185.745 E.05141
G1 X120.297 Y168.26 E.88103
G1 X118.854 Y168.26 E.0514
G1 X101.369 Y185.745 E.88104
G1 X99.926 Y185.745 E.05141
G1 X117.412 Y168.26 E.88106
G1 X115.969 Y168.26 E.0514
G1 X98.483 Y185.745 E.88107
G1 X97.04 Y185.745 E.05141
G1 X114.527 Y168.259 E.88108
G1 X113.084 Y168.259 E.0514
G1 X95.598 Y185.745 E.8811
G1 X94.155 Y185.745 E.05141
G1 X111.641 Y168.259 E.88111
G1 X110.199 Y168.259 E.0514
G1 X92.712 Y185.745 E.88113
G1 X91.269 Y185.745 E.05141
G1 X108.756 Y168.258 E.88114
G1 X107.314 Y168.258 E.0514
G1 X89.849 Y185.723 E.88004
G3 X89.255 Y184.874 I.173 J-.754 E.04045
G1 X105.871 Y168.258 E.83728
G1 X104.429 Y168.257 E.0514
G1 X89.255 Y183.432 E.76459
G1 X89.255 Y181.989 E.05141
G1 X102.986 Y168.257 E.69191
G1 X101.544 Y168.257 E.0514
G1 X89.255 Y180.546 E.61922
G1 X89.255 Y179.103 E.05141
G1 X100.101 Y168.257 E.54653
G1 X98.659 Y168.256 E.0514
G1 X89.255 Y177.66 E.47385
G1 X89.255 Y176.217 E.05141
G1 X97.216 Y168.256 E.40116
G1 X95.774 Y168.256 E.0514
G1 X89.255 Y174.775 E.32848
G1 X89.255 Y173.332 E.05141
G1 X94.331 Y168.255 E.25579
G1 X92.888 Y168.255 E.0514
G1 X89.255 Y171.889 E.1831
G1 X89.255 Y170.446 E.05141
G1 X91.446 Y168.255 E.11042
G2 X89.998 Y168.26 I-.697 J8.255 E.05164
G1 X89.094 Y169.164 E.04558
; stop printing object flowrate_20 id:0 copy 0
; printing object flowrate_5 id:0 copy 0
G1 E-.5 F900
G1 Z1 F30000
G1 X126.517 Y136.104 Z1
G1 Z.8
G1 E.5 F900
;TYPE:Inner wall
G1 F9601.699
G3 X127.043 Y137.042 I-.526 J.911 E.03518
G1 X127.043 Y152.958 E.49621
G3 X125.958 Y154.043 I-1.057 J.028 E.05351
G1 X90.042 Y154.043 E1.11972
G3 X88.957 Y152.958 I-.023 J-1.062 E.05344
G1 X88.957 Y137.042 E.49621
G3 X90.042 Y135.957 I1.057 J-.028 E.05351
G1 X126.038 Y135.964 E1.12222
G3 X126.482 Y136.085 I-.047 J1.051 E.01447
G1 X126.696 Y135.795 F30000
G1 F9601.699
G3 X127.4 Y137.026 I-.704 J1.219 E.04635
G1 X127.4 Y152.974 E.49718
G3 X127.358 Y153.31 I-.974 J.05 E.01061
G3 X125.974 Y154.4 I-1.366 J-.31 E.05942
G1 X90.026 Y154.4 E1.1207
G3 X88.6 Y152.974 I-.008 J-1.418 E.06995
G1 X88.6 Y137.026 E.49718
G3 X88.642 Y136.69 I.974 J-.05 E.01061
G3 X90.026 Y135.6 I1.366 J.31 E.05942
G1 X126.069 Y135.608 E1.12367
G3 X126.661 Y135.775 I-.077 J1.406 E.01932
SET_VELOCITY_LIMIT ACCEL=5000 ACCEL_TO_DECEL=2500
G1 X126.896 Y135.448 F30000
;TYPE:Outer wall
G1 F9601.699
G3 X127.8 Y137.009 I-.903 J1.566 E.05886
G1 X127.8 Y152.991 E.49827
G3 X125.991 Y154.8 I-1.805 J.004 E.08863
G1 X90.009 Y154.8 E1.12179
G3 X88.2 Y152.991 I.01 J-1.818 E.08845
G1 X88.2 Y137.009 E.49827
G3 X90.009 Y135.2 I1.805 J-.004 E.08863
G1 X126.104 Y135.21 E1.1253
G3 X126.861 Y135.429 I-.112 J1.804 E.02476
SET_VELOCITY_LIMIT ACCEL=10000 ACCEL_TO_DECEL=5000
G1 E-.5 F900
G1 Z1 F30000
G1 X125.736 Y153.906 Z1
G1 Z.8
G1 E.5 F900
;TYPE:Sparse infill
G1 F9601.699
G1 X126.745 Y152.897 E.0445
G1 X126.745 Y151.454 E.04498
G1 X124.454 Y153.745 E.10102
G1 X123.011 Y153.745 E.04498
G1 X126.745 Y150.011 E.16464
G1 X126.745 Y148.568 E.04498
G1 X121.568 Y153.745 E.22825
G1 X120.126 Y153.745 E.04498
G1 X126.745 Y147.126 E.29186
G1 X126.745 Y145.683 E.04498
G1 X118.683 Y153.745 E.35548
G1 X117.24 Y153.745 E.04498
G1 X126.745 Y144.24 E.41909
G1 X126.745 Y142.797 E.04498
G1 X115.797 Y153.745 E.4827
G1 X114.354 Y153.745 E.04498
G1 X126.745 Y141.354 E.54631
G1 X126.745 Y139.912 E.04498
G1 X112.912 Y153.745 E.60993
G1 X111.469 Y153.745 E.04498
G1 X126.745 Y138.469 E.67354
G2 X126.743 Y137.028 I-8.232 J-.707 E.04497
G1 X110.026 Y153.745 E.73705
G1 X108.583 Y153.745 E.04498
G1 X126.064 Y136.265 E.7707
G2 X124.624 Y136.261 I-.74 J8.242 E.04492
G1 X107.14 Y153.745 E.77086
G1 X105.697 Y153.745 E.04498
G1 X123.182 Y136.261 E.77087
G1 X121.739 Y136.261 E.04497
G1 X104.255 Y153.745 E.77089
G1 X102.812 Y153.745 E.04498
G1 X120.297 Y136.26 E.7709
G1 X118.854 Y136.26 E.04497
G1 X101.369 Y153.745 E.77091
G1 X99.926 Y153.745 E.04498
G1 X117.412 Y136.26 E.77092
G1 X115.969 Y136.26 E.04497
G1 X98.483 Y153.745 E.77094
G1 X97.04 Y153.745 E.04498
G1 X114.527 Y136.259 E.77095
G1 X113.084 Y136.259 E.04497
G1 X95.598 Y153.745 E.77096
G1 X94.155 Y153.745 E.04498
G1 X111.641 Y136.259 E.77097
G1 X110.199 Y136.259 E.04497
G1 X92.712 Y153.745 E.77099
G1 X91.269 Y153.745 E.04498
G1 X108.756 Y136.258 E.771
G1 X107.314 Y136.258 E.04497
G1 X89.849 Y153.723 E.77003
G3 X89.255 Y152.874 I.173 J-.754 E.03539
G1 X105.871 Y136.258 E.73262
G1 X104.429 Y136.257 E.04497
G1 X89.255 Y151.432 E.66902
G1 X89.255 Y149.989 E.04498
G1 X102.986 Y136.257 E.60542
G1 X101.544 Y136.257 E.04497
G1 X89.255 Y148.546 E.54182
G1 X89.255 Y147.103 E.04498
G1 X100.101 Y136.257 E.47822
G1 X98.659 Y136.256 E.04497
G1 X89.255 Y145.66 E.41462
G1 X89.255 Y144.217 E.04498
G1 X97.216 Y136.256 E.35102
G1 X95.774 Y136.256 E.04497
G1 X89.255 Y142.775 E.28742
G1 X89.255 Y141.332 E.04498
G1 X94.331 Y136.255 E.22382
G1 X92.888 Y136.255 E.04497
G1 X89.255 Y139.889 E.16021
G1 X89.255 Y138.446 E.04498
G1 X91.446 Y136.255 E.09661
G2 X89.998 Y136.26 I-.697 J8.258 E.04518
G1 X89.094 Y137.164 E.03988
; stop printing object flowrate_5 id:0 copy 0
; printing object flowrate_m20 id:279172874362 copy 0
G1 E-.5 F900
G1 Z1 F30000
G1 X126.517 Y104.104 Z1
G1 Z.8
G1 E.5 F900
;TYPE:Inner wall
G1 F12602.23
G3 X127.043 Y105.042 I-.526 J.911 E.02681
G1 X127.043 Y120.958 E.37806
G3 X125.958 Y122.043 I-1.062 J.023 E.04072
G1 X90.042 Y122.043 E.85312
G3 X88.957 Y120.958 I-.023 J-1.062 E.04071
G1 X88.957 Y105.042 E.37806
G3 X90.042 Y103.957 I1.062 J-.023 E.04071
G1 X126.038 Y103.964 E.85502
G3 X126.482 Y104.085 I-.047 J1.051 E.01102
G1 X126.696 Y103.795 F30000
G1 F12602.23
G3 X127.4 Y105.026 I-.704 J1.219 E.03531
G1 X127.4 Y120.974 E.3788
G3 X125.974 Y122.4 I-1.418 J.008 E.05329
G1 X90.026 Y122.4 E.85386
G3 X88.6 Y120.974 I-.008 J-1.418 E.05329
G1 X88.6 Y105.026 E.3788
G3 X90.026 Y103.6 I1.418 J-.008 E.05329
G1 X126.069 Y103.608 E.85613
G3 X126.661 Y103.775 I-.077 J1.406 E.01472
SET_VELOCITY_LIMIT ACCEL=5000 ACCEL_TO_DECEL=2500
G1 X126.896 Y103.448 F30000
;TYPE:Outer wall
G1 F12000
G3 X127.8 Y105.009 I-.903 J1.566 E.04485
G1 X127.8 Y120.991 E.37963
G3 X125.991 Y122.8 I-1.818 J-.01 E.06739
G1 X90.009 Y122.8 E.85469
G3 X88.2 Y120.991 I.01 J-1.818 E.06739
G1 X88.2 Y105.009 E.37963
G3 X90.009 Y103.2 I1.818 J.01 E.06739
G1 X126.104 Y103.21 E.85738
G3 X126.861 Y103.429 I-.112 J1.804 E.01887
SET_VELOCITY_LIMIT ACCEL=10000 ACCEL_TO_DECEL=5000
G1 E-.5 F900
G1 Z1 F30000
G1 X125.736 Y121.906 Z1
G1 Z.8
G1 E.5 F900
;TYPE:Sparse infill
G1 F12602.23
G1 X126.745 Y120.897 E.0339
G1 X126.745 Y119.454 E.03427
G1 X124.454 Y121.745 E.07697
G1 X123.011 Y121.745 E.03427
G1 X126.745 Y118.011 E.12544
G1 X126.745 Y116.568 E.03427
G1 X121.568 Y121.745 E.1739
G1 X120.126 Y121.745 E.03427
G1 X126.745 Y115.126 E.22237
G1 X126.745 Y113.683 E.03427
G1 X118.683 Y121.745 E.27084
G1 X117.24 Y121.745 E.03427
G1 X126.745 Y112.24 E.31931
G1 X126.745 Y110.797 E.03427
G1 X115.797 Y121.745 E.36777
G1 X114.354 Y121.745 E.03427
G1 X126.745 Y109.354 E.41624
G1 X126.745 Y107.912 E.03427
G1 X112.912 Y121.745 E.46471
G1 X111.469 Y121.745 E.03427
G1 X126.745 Y106.469 E.51317
G2 X126.743 Y105.028 I-8.233 J-.707 E.03426
G1 X110.026 Y121.745 E.56156
G1 X108.583 Y121.745 E.03427
G1 X126.064 Y104.265 E.5872
G2 X124.624 Y104.261 I-.74 J8.243 E.03423
G1 X107.14 Y121.745 E.58732
G1 X105.697 Y121.745 E.03427
G1 X123.182 Y104.261 E.58733
G1 X121.739 Y104.261 E.03426
G1 X104.255 Y121.745 E.58734
G1 X102.812 Y121.745 E.03427
G1 X120.297 Y104.26 E.58735
G1 X118.854 Y104.26 E.03426
G1 X101.369 Y121.745 E.58736
G1 X99.926 Y121.745 E.03427
G1 X117.412 Y104.26 E.58737
G1 X115.969 Y104.26 E.03426
G1 X98.483 Y121.745 E.58738
G1 X97.04 Y121.745 E.03427
G1 X114.527 Y104.259 E.58739
G1 X113.084 Y104.259 E.03426
G1 X95.598 Y121.745 E.5874
G1 X94.155 Y121.745 E.03427
G1 X111.641 Y104.259 E.58741
G1 X110.199 Y104.259 E.03426
G1 X92.712 Y121.745 E.58742
G1 X91.269 Y121.745 E.03427
M73 P45 R17
G1 X108.756 Y104.258 E.58743
G1 X107.314 Y104.258 E.03426
G1 X89.849 Y121.723 E.58669
G3 X89.255 Y120.874 I.173 J-.754 E.02697
G1 X105.871 Y104.258 E.55819
G1 X104.429 Y104.257 E.03426
G1 X89.255 Y119.432 E.50973
G1 X89.255 Y117.989 E.03427
G1 X102.986 Y104.257 E.46127
G1 X101.544 Y104.257 E.03426
G1 X89.255 Y116.546 E.41281
G1 X89.255 Y115.103 E.03427
G1 X100.101 Y104.257 E.36436
G1 X98.659 Y104.256 E.03426
G1 X89.255 Y113.66 E.3159
G1 X89.255 Y112.217 E.03427
G1 X97.216 Y104.256 E.26744
G1 X95.774 Y104.256 E.03426
G1 X89.255 Y110.775 E.21898
G1 X89.255 Y109.332 E.03427
G1 X94.331 Y104.255 E.17053
G1 X92.888 Y104.255 E.03426
G1 X89.255 Y107.889 E.12207
G1 X89.255 Y106.446 E.03427
G1 X91.446 Y104.255 E.07361
G2 X89.998 Y104.26 I-.697 J8.258 E.03443
G1 X89.094 Y105.164 E.03039
; stop printing object flowrate_m20 id:279172874362 copy 0
;LAYER_CHANGE
;Z:1
;HEIGHT:0.2
;BEFORE_LAYER_CHANGE
;1
G92 E0

G1 E-.5 F900
;AFTER_LAYER_CHANGE
;1
SET_PRINT_STATS_INFO CURRENT_LAYER=5
;_SET_FAN_SPEED_CHANGING_LAYER
; printing object flowrate_10 id:8318823020889268071 copy 0
G1 Z1.2 F30000
G1 X210.355 Y185.975 Z1.2
G1 Z1
M73 P45 R16
G1 E.5 F900
;TYPE:Inner wall
G1 F9165.258
G3 X209.958 Y186.043 I-.374 J-.994 E.01322
G1 X174.042 Y186.043 E1.17305
G3 X172.957 Y184.958 I-.023 J-1.062 E.05598
G1 X172.957 Y169.042 E.51984
G3 X174.042 Y167.957 I1.062 J-.023 E.05598
G1 X210.073 Y167.967 E1.17679
G3 X211.043 Y169.042 I-.079 J1.047 E.05217
G1 X211.043 Y184.958 E.51984
G3 X210.392 Y185.96 I-1.062 J.023 E.04145
G1 X210.477 Y186.311 F30000
G1 F9165.258
G3 X209.974 Y186.4 I-.495 J-1.329 E.01678
G1 X174.026 Y186.4 E1.17406
G3 X172.6 Y184.974 I-.008 J-1.418 E.07328
G1 X172.6 Y169.026 E.52086
G3 X174.026 Y167.6 I1.418 J-.008 E.07328
G1 X210.104 Y167.611 E1.17832
G3 X211.4 Y169.026 I-.11 J1.402 E.06896
G1 X211.4 Y184.974 E.52085
G3 X210.514 Y186.296 I-1.418 J.008 E.05519
SET_VELOCITY_LIMIT ACCEL=5000 ACCEL_TO_DECEL=2500
G1 X210.614 Y186.687 F30000
;TYPE:Outer wall
G1 F9165.258
G3 X209.991 Y186.8 I-.632 J-1.705 E.02077
G1 X174.009 Y186.8 E1.1752
G3 X172.2 Y184.991 I.01 J-1.818 E.09266
G1 X172.2 Y169.009 E.522
G3 X174.009 Y167.2 I1.818 J.01 E.09266
G1 X209.991 Y167.2 E1.17521
G1 X210.139 Y167.213 E.00484
G3 X211.8 Y169.009 I-.145 J1.8 E.08777
G1 X211.8 Y184.991 E.522
G3 X210.651 Y186.672 I-1.818 J-.01 E.07058
SET_VELOCITY_LIMIT ACCEL=10000 ACCEL_TO_DECEL=5000
G1 E-.5 F900
G1 Z1.2 F30000
G1 X210.469 Y170.17 Z1.2
G1 Z1
G1 E.5 F900
;TYPE:Sparse infill
G1 F9165.258
G1 X208.991 Y168.692 E.06827
G1 X207.548 Y168.692 E.04712
G1 X210.308 Y171.452 E.12749
G1 X210.308 Y172.895 E.04712
G1 X206.105 Y168.692 E.19413
G1 X204.662 Y168.692 E.04712
G1 X210.308 Y174.338 E.26078
G1 X210.308 Y175.78 E.04712
G1 X203.22 Y168.692 E.32742
G1 X201.777 Y168.692 E.04712
G1 X210.308 Y177.223 E.39406
G1 X210.308 Y178.666 E.04712
G1 X200.334 Y168.692 E.4607
G1 X198.891 Y168.692 E.04712
G1 X210.308 Y180.109 E.52734
G1 X210.308 Y181.552 E.04712
G1 X197.448 Y168.692 E.59399
G1 X196.006 Y168.692 E.04712
G1 X210.308 Y182.994 E.66063
G1 X210.308 Y184.437 E.04712
G1 X194.563 Y168.692 E.72727
G1 X193.12 Y168.692 E.04712
G1 X209.737 Y185.308 E.7675
G1 X208.294 Y185.308 E.04712
G1 X191.677 Y168.692 E.7675
G1 X190.234 Y168.692 E.04712
G1 X206.851 Y185.308 E.7675
G1 X205.408 Y185.308 E.04712
G1 X188.791 Y168.692 E.7675
G1 X187.349 Y168.692 E.04712
G1 X203.965 Y185.308 E.7675
G1 X202.522 Y185.308 E.04712
G1 X185.906 Y168.692 E.7675
G1 X184.463 Y168.692 E.04712
G1 X201.08 Y185.308 E.7675
G1 X199.637 Y185.308 E.04712
G1 X183.02 Y168.692 E.7675
G1 X181.577 Y168.692 E.04712
G1 X198.194 Y185.308 E.7675
G1 X196.751 Y185.308 E.04712
G1 X180.135 Y168.692 E.7675
G1 X178.692 Y168.692 E.04712
G1 X195.308 Y185.308 E.7675
G1 X193.866 Y185.308 E.04712
G1 X177.249 Y168.692 E.7675
G1 X175.806 Y168.692 E.04712
G1 X192.423 Y185.308 E.7675
G1 X190.98 Y185.308 E.04712
G1 X174.363 Y168.692 E.7675
G1 X174.084 Y168.692 E.00912
G2 X173.692 Y169.074 I-.049 J.342 E.02065
G1 X173.692 Y169.463 E.01271
G1 X189.537 Y185.308 E.73188
G1 X188.094 Y185.308 E.04712
G1 X173.692 Y170.906 E.66524
G1 X173.692 Y172.349 E.04712
G1 X186.651 Y185.308 E.59859
G1 X185.209 Y185.308 E.04712
G1 X173.692 Y173.791 E.53195
G1 X173.692 Y175.234 E.04712
G1 X183.766 Y185.308 E.46531
G1 X182.323 Y185.308 E.04712
G1 X173.692 Y176.677 E.39867
G1 X173.692 Y178.12 E.04712
G1 X180.88 Y185.308 E.33203
G1 X179.437 Y185.308 E.04712
G1 X173.692 Y179.563 E.26538
G1 X173.692 Y181.006 E.04712
G1 X177.994 Y185.308 E.19874
G1 X176.552 Y185.308 E.04712
G1 X173.692 Y182.448 E.1321
G1 X173.692 Y183.891 E.04712
G1 X175.27 Y185.469 E.07288
G1 X174.066 Y185.676 F30000
;TYPE:Internal solid infill
;WIDTH:0.41695
G1 F8220
G1 X209.942 Y185.676 E1.22735
G1 X210.335 Y185.579 E.01383
G1 X210.575 Y185.332 E.0118
G1 X210.676 Y184.934 E.01405
G1 X210.676 Y169.065 E.54289
G1 X210.575 Y168.668 E.01401
G1 X210.34 Y168.424 E.0116
G1 X209.934 Y168.329 E.01425
G1 X174.066 Y168.324 E1.22707
G1 X173.665 Y168.421 E.01409
G1 X173.425 Y168.668 E.01181
G1 X173.324 Y169.066 E.01405
G1 X173.324 Y184.942 E.54314
G1 X173.421 Y185.335 E.01382
G1 X173.668 Y185.575 E.01181
G1 X174.027 Y185.666 E.01268
; stop printing object flowrate_10 id:8318823020889268071 copy 0
; printing object flowrate_m5 id:140666992080768 copy 0
G1 E-.5 F900
G1 Z1.2 F30000
G1 X210.517 Y136.104 Z1.2
G1 Z1
G1 E.5 F900
;TYPE:Inner wall
;WIDTH:0.4
G1 F10612.404
G3 X211.043 Y137.042 I-.524 J.91 E.03183
G1 X211.043 Y152.958 E.44895
G3 X209.958 Y154.043 I-1.062 J.023 E.04835
G1 X174.042 Y154.043 E1.01308
G3 X172.957 Y152.958 I-.023 J-1.062 E.04835
G1 X172.957 Y137.042 E.44895
G3 X174.042 Y135.957 I1.062 J-.023 E.04835
G1 X210.073 Y135.967 E1.01632
G3 X210.482 Y136.085 I-.079 J1.047 E.0121
G1 X210.696 Y135.795 F30000
G1 F10612.404
G3 X211.4 Y137.026 I-.702 J1.219 E.04194
G1 X211.4 Y152.974 E.44983
G3 X209.974 Y154.4 I-1.418 J.008 E.06329
G1 X174.026 Y154.4 E1.01396
G3 X172.6 Y152.974 I-.008 J-1.418 E.06329
G1 X172.6 Y137.026 E.44983
G3 X174.026 Y135.6 I1.418 J-.008 E.06329
G1 X210.104 Y135.611 E1.01764
G3 X210.661 Y135.775 I-.11 J1.402 E.01649
SET_VELOCITY_LIMIT ACCEL=5000 ACCEL_TO_DECEL=2500
G1 X210.896 Y135.448 F30000
;TYPE:Outer wall
G1 F10612.404
G3 X211.8 Y137.009 I-.902 J1.565 E.05326
G1 X211.8 Y152.991 E.45081
G3 X209.991 Y154.8 I-1.818 J-.01 E.08002
G1 X174.009 Y154.8 E1.01495
G3 X172.2 Y152.991 I.01 J-1.818 E.08002
G1 X172.2 Y137.009 E.45082
G3 X174.009 Y135.2 I1.818 J.01 E.08002
G1 X209.991 Y135.2 E1.01495
G1 X210.139 Y135.213 E.00418
G3 X210.861 Y135.429 I-.145 J1.8 E.02142
SET_VELOCITY_LIMIT ACCEL=10000 ACCEL_TO_DECEL=5000
G1 E-.5 F900
G1 Z1.2 F30000
G1 X210.469 Y138.17 Z1.2
G1 Z1
G1 E.5 F900
;TYPE:Sparse infill
G1 F10612.404
G1 X208.991 Y136.692 E.05896
G1 X207.548 Y136.692 E.0407
G1 X210.308 Y139.452 E.11011
G1 X210.308 Y140.895 E.0407
G1 X206.105 Y136.692 E.16766
G1 X204.662 Y136.692 E.0407
G1 X210.308 Y142.338 E.22522
G1 X210.308 Y143.78 E.0407
G1 X203.22 Y136.692 E.28277
G1 X201.777 Y136.692 E.0407
G1 X210.308 Y145.223 E.34033
G1 X210.308 Y146.666 E.0407
G1 X200.334 Y136.692 E.39788
G1 X198.891 Y136.692 E.0407
G1 X210.308 Y148.109 E.45543
G1 X210.308 Y149.552 E.0407
G1 X197.448 Y136.692 E.51299
G1 X196.006 Y136.692 E.0407
G1 X210.308 Y150.994 E.57054
G1 X210.308 Y152.437 E.0407
G1 X194.563 Y136.692 E.6281
G1 X193.12 Y136.692 E.0407
G1 X209.737 Y153.308 E.66284
G1 X208.294 Y153.308 E.0407
G1 X191.677 Y136.692 E.66284
G1 X190.234 Y136.692 E.0407
G1 X206.851 Y153.308 E.66284
G1 X205.408 Y153.308 E.0407
G1 X188.791 Y136.692 E.66284
G1 X187.349 Y136.692 E.0407
G1 X203.965 Y153.308 E.66284
G1 X202.522 Y153.308 E.0407
G1 X185.906 Y136.692 E.66284
G1 X184.463 Y136.692 E.0407
G1 X201.08 Y153.308 E.66284
G1 X199.637 Y153.308 E.0407
G1 X183.02 Y136.692 E.66284
G1 X181.577 Y136.692 E.0407
G1 X198.194 Y153.308 E.66284
G1 X196.751 Y153.308 E.0407
G1 X180.135 Y136.692 E.66284
G1 X178.692 Y136.692 E.0407
G1 X195.308 Y153.308 E.66284
G1 X193.866 Y153.308 E.0407
G1 X177.249 Y136.692 E.66284
G1 X175.806 Y136.692 E.0407
G1 X192.423 Y153.308 E.66284
G1 X190.98 Y153.308 E.0407
G1 X174.363 Y136.692 E.66284
G1 X174.084 Y136.692 E.00788
G2 X173.692 Y137.074 I-.049 J.342 E.01783
G1 X173.692 Y137.463 E.01098
G1 X189.537 Y153.308 E.63208
G1 X188.094 Y153.308 E.0407
G1 X173.692 Y138.906 E.57452
G1 X173.692 Y140.349 E.0407
G1 X186.651 Y153.308 E.51697
G1 X185.209 Y153.308 E.0407
G1 X173.692 Y141.791 E.45941
G1 X173.692 Y143.234 E.0407
G1 X183.766 Y153.308 E.40186
G1 X182.323 Y153.308 E.0407
G1 X173.692 Y144.677 E.3443
G1 X173.692 Y146.12 E.0407
G1 X180.88 Y153.308 E.28675
G1 X179.437 Y153.308 E.0407
M73 P46 R16
G1 X173.692 Y147.563 E.22919
G1 X173.692 Y149.006 E.0407
G1 X177.994 Y153.308 E.17164
G1 X176.552 Y153.308 E.0407
G1 X173.692 Y150.448 E.11409
G1 X173.692 Y151.891 E.0407
G1 X175.27 Y153.469 E.06294
G1 X174.066 Y153.676 F30000
;TYPE:Internal solid infill
;WIDTH:0.41695
G1 F8220
G1 X209.942 Y153.676 E1.05998
G1 X210.335 Y153.579 E.01194
G1 X210.575 Y153.332 E.01019
G1 X210.676 Y152.934 E.01213
G1 X210.676 Y137.065 E.46886
G1 X210.575 Y136.668 E.0121
G1 X210.34 Y136.424 E.01001
G1 X209.934 Y136.329 E.01231
G1 X174.066 Y136.324 E1.05974
G1 X173.665 Y136.421 E.01217
G1 X173.425 Y136.668 E.0102
G1 X173.324 Y137.066 E.01213
G1 X173.324 Y152.942 E.46907
G1 X173.421 Y153.335 E.01193
G1 X173.668 Y153.575 E.0102
G1 X174.027 Y153.666 E.01095
; stop printing object flowrate_m5 id:140666992080768 copy 0
; printing object flowrate_m10 id:1069446856963 copy 0
G1 E-.5 F900
G1 Z1.2 F30000
G1 X210.181 Y122.024 Z1.2
G1 Z1
G1 E.5 F900
;TYPE:Inner wall
;WIDTH:0.4
G1 F11201.982
G3 X209.958 Y122.043 I-.2 J-1.043 E.00598
G1 X174.042 Y122.043 E.95976
G3 X172.957 Y120.958 I-.023 J-1.062 E.0458
G1 X172.957 Y105.042 E.42532
G3 X174.042 Y103.957 I1.062 J-.023 E.0458
G1 X210.073 Y103.967 E.96283
G3 X211.043 Y105.042 I-.079 J1.047 E.04269
G1 X211.043 Y120.958 E.42532
G3 X210.22 Y122.016 I-1.062 J.023 E.03876
G1 X210.243 Y122.376 F30000
G1 F11201.982
G3 X209.974 Y122.4 I-.261 J-1.394 E.00722
G1 X174.026 Y122.4 E.9606
G3 X172.6 Y120.974 I-.008 J-1.418 E.05995
G1 X172.6 Y105.026 E.42616
G3 X174.026 Y103.6 I1.418 J-.008 E.05995
G1 X210.104 Y103.611 E.96408
G3 X211.4 Y105.026 I-.11 J1.402 E.05642
G1 X211.4 Y120.974 E.42615
G3 X210.282 Y122.368 I-1.418 J.008 E.05166
SET_VELOCITY_LIMIT ACCEL=5000 ACCEL_TO_DECEL=2500
G1 X210.312 Y122.77 F30000
;TYPE:Outer wall
G1 F11201.982
G3 X209.991 Y122.8 I-.33 J-1.788 E.00862
G1 X174.009 Y122.8 E.96153
G3 X172.2 Y120.991 I.01 J-1.818 E.07581
G1 X172.2 Y105.009 E.42709
G3 X174.009 Y103.2 I1.818 J.01 E.07581
G1 X209.991 Y103.2 E.96153
G1 X210.139 Y103.213 E.00396
G3 X211.8 Y105.009 I-.145 J1.8 E.07181
G1 X211.8 Y120.991 E.42709
G3 X210.351 Y122.762 I-1.818 J-.01 E.06612
SET_VELOCITY_LIMIT ACCEL=10000 ACCEL_TO_DECEL=5000
G1 E-.5 F900
G1 Z1.2 F30000
G1 X210.469 Y106.17 Z1.2
G1 Z1
G1 E.5 F900
;TYPE:Sparse infill
G1 F11201.982
G1 X208.991 Y104.692 E.05586
G1 X207.548 Y104.692 E.03856
G1 X210.308 Y107.452 E.10431
G1 X210.308 Y108.895 E.03856
G1 X206.105 Y104.692 E.15884
G1 X204.662 Y104.692 E.03856
G1 X210.308 Y110.338 E.21336
G1 X210.308 Y111.78 E.03856
G1 X203.22 Y104.692 E.26789
G1 X201.777 Y104.692 E.03856
G1 X210.308 Y113.223 E.32241
G1 X210.308 Y114.666 E.03856
G1 X200.334 Y104.692 E.37694
G1 X198.891 Y104.692 E.03856
G1 X210.308 Y116.109 E.43146
G1 X210.308 Y117.552 E.03856
G1 X197.448 Y104.692 E.48599
G1 X196.006 Y104.692 E.03856
G1 X210.308 Y118.994 E.54051
G1 X210.308 Y120.437 E.03856
G1 X194.563 Y104.692 E.59504
G1 X193.12 Y104.692 E.03856
G1 X209.737 Y121.308 E.62796
G1 X208.294 Y121.308 E.03856
G1 X191.677 Y104.692 E.62796
G1 X190.234 Y104.692 E.03856
G1 X206.851 Y121.308 E.62796
G1 X205.408 Y121.308 E.03856
G1 X188.791 Y104.692 E.62796
G1 X187.349 Y104.692 E.03856
G1 X203.965 Y121.308 E.62796
G1 X202.522 Y121.308 E.03856
G1 X185.906 Y104.692 E.62796
G1 X184.463 Y104.692 E.03856
G1 X201.08 Y121.308 E.62796
G1 X199.637 Y121.308 E.03856
G1 X183.02 Y104.692 E.62796
G1 X181.577 Y104.692 E.03856
G1 X198.194 Y121.308 E.62796
G1 X196.751 Y121.308 E.03856
G1 X180.135 Y104.692 E.62796
G1 X178.692 Y104.692 E.03856
G1 X195.308 Y121.308 E.62796
G1 X193.866 Y121.308 E.03856
G1 X177.249 Y104.692 E.62796
G1 X175.806 Y104.692 E.03856
G1 X192.423 Y121.308 E.62796
G1 X190.98 Y121.308 E.03856
G1 X174.363 Y104.692 E.62796
G1 X174.084 Y104.692 E.00746
G2 X173.692 Y105.074 I-.049 J.342 E.01689
G1 X173.692 Y105.463 E.0104
G1 X189.537 Y121.308 E.59881
G1 X188.094 Y121.308 E.03856
G1 X173.692 Y106.906 E.54428
G1 X173.692 Y108.349 E.03856
G1 X186.651 Y121.308 E.48976
G1 X185.209 Y121.308 E.03856
G1 X173.692 Y109.791 E.43523
G1 X173.692 Y111.234 E.03856
G1 X183.766 Y121.308 E.38071
G1 X182.323 Y121.308 E.03856
G1 X173.692 Y112.677 E.32618
G1 X173.692 Y114.12 E.03856
G1 X180.88 Y121.308 E.27166
G1 X179.437 Y121.308 E.03856
G1 X173.692 Y115.563 E.21713
G1 X173.692 Y117.006 E.03856
G1 X177.994 Y121.308 E.16261
G1 X176.552 Y121.308 E.03856
G1 X173.692 Y118.448 E.10808
G1 X173.692 Y119.891 E.03856
G1 X175.27 Y121.469 E.05963
G1 X174.066 Y121.676 F30000
;TYPE:Internal solid infill
;WIDTH:0.41695
G1 F8220
G1 X209.942 Y121.676 E1.00419
G1 X210.335 Y121.579 E.01131
G1 X210.575 Y121.332 E.00965
G1 X210.676 Y120.934 E.01149
G1 X210.676 Y105.065 E.44418
G1 X210.575 Y104.668 E.01146
G1 X210.34 Y104.424 E.00949
G1 X209.934 Y104.329 E.01166
G1 X174.066 Y104.324 E1.00397
G1 X173.665 Y104.421 E.01153
G1 X173.425 Y104.668 E.00966
G1 X173.324 Y105.066 E.01149
G1 X173.324 Y120.942 E.44438
G1 X173.421 Y121.335 E.01131
G1 X173.668 Y121.575 E.00966
G1 X174.027 Y121.666 E.01037
; stop printing object flowrate_m10 id:1069446856963 copy 0
; printing object flowrate_m15 id:1120986464517 copy 0
G1 E-.5 F900
G1 Z1.2 F30000
G1 X168.517 Y104.104 Z1.2
G1 Z1
G1 E.5 F900
;TYPE:Inner wall
;WIDTH:0.4
G1 F11860.923
G3 X169.043 Y105.042 I-.524 J.91 E.02848
G1 X169.043 Y120.958 E.40169
G3 X167.958 Y122.043 I-1.062 J.023 E.04326
G1 X132.042 Y122.043 E.90644
G3 X130.957 Y120.958 I-.023 J-1.062 E.04326
G1 X130.957 Y105.042 E.40169
G3 X132.042 Y103.957 I1.057 J-.028 E.04331
G1 X168.073 Y103.967 E.90934
G3 X168.482 Y104.085 I-.079 J1.047 E.01082
G1 X168.696 Y103.795 F30000
G1 F11860.923
G3 X169.4 Y105.026 I-.702 J1.219 E.03752
G1 X169.4 Y120.974 E.40248
G3 X167.974 Y122.4 I-1.418 J.008 E.05662
G1 X132.026 Y122.4 E.90723
G3 X130.6 Y120.974 I-.008 J-1.418 E.05662
G1 X130.6 Y105.026 E.40248
G3 X132.026 Y103.6 I1.414 J-.012 E.05667
G1 X168.104 Y103.611 E.91052
G3 X168.661 Y103.775 I-.11 J1.402 E.01476
SET_VELOCITY_LIMIT ACCEL=5000 ACCEL_TO_DECEL=2500
G1 X168.896 Y103.448 F30000
;TYPE:Outer wall
G1 F11860.923
G3 X169.8 Y105.009 I-.902 J1.565 E.04765
G1 X169.8 Y120.991 E.40336
G3 X167.991 Y122.8 I-1.818 J-.01 E.0716
G1 X132.009 Y122.8 E.90811
G3 X130.2 Y120.991 I.01 J-1.818 E.0716
G1 X130.2 Y105.009 E.40336
G3 X132.009 Y103.2 I1.805 J-.004 E.07175
G1 X167.991 Y103.2 E.90811
G1 X168.139 Y103.213 E.00374
G3 X168.861 Y103.429 I-.145 J1.8 E.01916
SET_VELOCITY_LIMIT ACCEL=10000 ACCEL_TO_DECEL=5000
G1 E-.5 F900
G1 Z1.2 F30000
G1 X168.469 Y106.17 Z1.2
G1 Z1
G1 E.5 F900
;TYPE:Sparse infill
G1 F11860.923
G1 X166.991 Y104.692 E.05276
G1 X165.548 Y104.692 E.03641
G1 X168.308 Y107.452 E.09852
G1 X168.308 Y108.895 E.03641
G1 X164.105 Y104.692 E.15001
G1 X162.662 Y104.692 E.03641
G1 X168.308 Y110.338 E.20151
G1 X168.308 Y111.78 E.03641
G1 X161.22 Y104.692 E.25301
G1 X159.777 Y104.692 E.03641
G1 X168.308 Y113.223 E.3045
G1 X168.308 Y114.666 E.03641
G1 X158.334 Y104.692 E.356
G1 X156.891 Y104.692 E.03641
G1 X168.308 Y116.109 E.40749
G1 X168.308 Y117.552 E.03641
G1 X155.448 Y104.692 E.45899
G1 X154.006 Y104.692 E.03641
G1 X168.308 Y118.994 E.51049
G1 X168.308 Y120.437 E.03641
G1 X152.563 Y104.692 E.56198
G1 X151.12 Y104.692 E.03641
G1 X167.737 Y121.308 E.59307
G1 X166.294 Y121.308 E.03641
G1 X149.677 Y104.692 E.59307
G1 X148.234 Y104.692 E.03641
G1 X164.851 Y121.308 E.59307
G1 X163.408 Y121.308 E.03641
G1 X146.791 Y104.692 E.59307
G1 X145.349 Y104.692 E.03641
G1 X161.965 Y121.308 E.59307
G1 X160.522 Y121.308 E.03641
G1 X143.906 Y104.692 E.59307
G1 X142.463 Y104.692 E.03641
G1 X159.08 Y121.308 E.59307
G1 X157.637 Y121.308 E.03641
G1 X141.02 Y104.692 E.59307
G1 X139.577 Y104.692 E.03641
G1 X156.194 Y121.308 E.59307
G1 X154.751 Y121.308 E.03641
G1 X138.135 Y104.692 E.59307
G1 X136.692 Y104.692 E.03641
G1 X153.308 Y121.308 E.59307
G1 X151.866 Y121.308 E.03641
G1 X135.249 Y104.692 E.59307
G1 X133.806 Y104.692 E.03641
G1 X150.423 Y121.308 E.59307
G1 X148.98 Y121.308 E.03641
G1 X132.363 Y104.692 E.59307
G1 X132.084 Y104.692 E.00705
G2 X131.692 Y105.074 I-.049 J.342 E.01596
G1 X131.692 Y105.463 E.00982
G1 X147.537 Y121.308 E.56554
G1 X146.094 Y121.308 E.03641
G1 X131.692 Y106.906 E.51405
G1 X131.692 Y108.349 E.03641
G1 X144.651 Y121.308 E.46255
G1 X143.209 Y121.308 E.03641
G1 X131.692 Y109.791 E.41105
G1 X131.692 Y111.234 E.03641
G1 X141.766 Y121.308 E.35956
G1 X140.323 Y121.308 E.03641
G1 X131.692 Y112.677 E.30806
G1 X131.692 Y114.12 E.03641
G1 X138.88 Y121.308 E.25657
G1 X137.437 Y121.308 E.03641
G1 X131.692 Y115.563 E.20507
G1 X131.692 Y117.006 E.03641
G1 X135.994 Y121.308 E.15357
G1 X134.552 Y121.308 E.03641
G1 X131.692 Y118.448 E.10208
G1 X131.692 Y119.891 E.03641
G1 X133.27 Y121.469 E.05632
G1 X132.066 Y121.676 F30000
;TYPE:Internal solid infill
;WIDTH:0.41695
G1 F8220
G1 X167.942 Y121.676 E.9484
G1 X168.335 Y121.579 E.01068
G1 X168.575 Y121.332 E.00912
G1 X168.676 Y120.934 E.01085
G1 X168.676 Y105.065 E.41951
G1 X168.575 Y104.668 E.01082
G1 X168.34 Y104.424 E.00896
G1 X167.934 Y104.329 E.01101
G1 X132.066 Y104.324 E.94819
G1 X131.665 Y104.421 E.01089
G1 X131.425 Y104.668 E.00912
G1 X131.324 Y105.066 E.01085
G1 X131.324 Y120.942 E.4197
G1 X131.421 Y121.335 E.01068
G1 X131.668 Y121.575 E.00912
G1 X132.027 Y121.666 E.0098
; stop printing object flowrate_m15 id:1120986464517 copy 0
; printing object flowrate_0 id:24 copy 0
G1 E-.5 F900
G1 Z1.2 F30000
G1 X168.517 Y136.104 Z1.2
G1 Z1
G1 E.5 F900
;TYPE:Inner wall
;WIDTH:0.4
G1 F10081.784
G3 X169.043 Y137.042 I-.524 J.91 E.03351
G1 X169.043 Y152.958 E.47258
G3 X167.958 Y154.043 I-1.062 J.023 E.05089
G1 X132.042 Y154.043 E1.0664
G3 X130.957 Y152.958 I-.023 J-1.062 E.05089
G1 X130.957 Y137.042 E.47258
G3 X130.995 Y136.749 I.85 J-.038 E.00882
G3 X132.042 Y135.957 I1.017 J.257 E.04209
G1 X168.073 Y135.967 E1.06981
G3 X168.482 Y136.085 I-.079 J1.047 E.01273
M73 P47 R16
G1 X168.696 Y135.795 F30000
G1 F10081.784
G3 X169.4 Y137.026 I-.702 J1.219 E.04414
G1 X169.4 Y152.974 E.4735
G3 X167.974 Y154.4 I-1.418 J.008 E.06662
G1 X132.026 Y154.4 E1.06733
G3 X130.6 Y152.974 I-.008 J-1.418 E.06662
G1 X130.6 Y137.026 E.47351
G3 X132.026 Y135.6 I1.414 J-.012 E.06667
G1 X168.104 Y135.611 E1.0712
G3 X168.661 Y135.775 I-.11 J1.402 E.01736
SET_VELOCITY_LIMIT ACCEL=5000 ACCEL_TO_DECEL=2500
G1 X168.896 Y135.448 F30000
;TYPE:Outer wall
G1 F10081.784
G3 X169.8 Y137.009 I-.902 J1.565 E.05606
G1 X169.8 Y152.991 E.47454
G3 X167.991 Y154.8 I-1.818 J-.01 E.08424
G1 X132.009 Y154.8 E1.06837
G3 X130.2 Y152.991 I.01 J-1.818 E.08424
G1 X130.2 Y137.009 E.47454
G3 X132.009 Y135.2 I1.805 J-.004 E.08441
G1 X167.991 Y135.2 E1.06837
G1 X168.139 Y135.213 E.0044
G3 X168.861 Y135.429 I-.145 J1.8 E.02254
SET_VELOCITY_LIMIT ACCEL=10000 ACCEL_TO_DECEL=5000
G1 E-.5 F900
G1 Z1.2 F30000
G1 X168.469 Y138.17 Z1.2
G1 Z1
G1 E.5 F900
;TYPE:Sparse infill
G1 F10081.784
G1 X166.991 Y136.692 E.06207
G1 X165.548 Y136.692 E.04284
G1 X168.308 Y139.452 E.1159
G1 X168.308 Y140.895 E.04284
G1 X164.105 Y136.692 E.17649
G1 X162.662 Y136.692 E.04284
G1 X168.308 Y142.338 E.23707
G1 X168.308 Y143.78 E.04284
G1 X161.22 Y136.692 E.29765
G1 X159.777 Y136.692 E.04284
G1 X168.308 Y145.223 E.35824
G1 X168.308 Y146.666 E.04284
G1 X158.334 Y136.692 E.41882
G1 X156.891 Y136.692 E.04284
G1 X168.308 Y148.109 E.4794
G1 X168.308 Y149.552 E.04284
G1 X155.448 Y136.692 E.53999
G1 X154.006 Y136.692 E.04284
G1 X168.308 Y150.994 E.60057
G1 X168.308 Y152.437 E.04284
G1 X152.563 Y136.692 E.66116
G1 X151.12 Y136.692 E.04284
G1 X167.737 Y153.308 E.69773
G1 X166.294 Y153.308 E.04284
G1 X149.677 Y136.692 E.69773
G1 X148.234 Y136.692 E.04284
G1 X164.851 Y153.308 E.69773
G1 X163.408 Y153.308 E.04284
G1 X146.791 Y136.692 E.69773
G1 X145.349 Y136.692 E.04284
G1 X161.965 Y153.308 E.69773
G1 X160.522 Y153.308 E.04284
G1 X143.906 Y136.692 E.69773
G1 X142.463 Y136.692 E.04284
G1 X159.08 Y153.308 E.69773
G1 X157.637 Y153.308 E.04284
G1 X141.02 Y136.692 E.69773
G1 X139.577 Y136.692 E.04284
G1 X156.194 Y153.308 E.69773
G1 X154.751 Y153.308 E.04284
G1 X138.135 Y136.692 E.69773
G1 X136.692 Y136.692 E.04284
G1 X153.308 Y153.308 E.69773
G1 X151.866 Y153.308 E.04284
G1 X135.249 Y136.692 E.69773
G1 X133.806 Y136.692 E.04284
G1 X150.423 Y153.308 E.69773
G1 X148.98 Y153.308 E.04284
G1 X132.363 Y136.692 E.69773
G1 X132.084 Y136.692 E.00829
G2 X131.692 Y137.074 I-.049 J.342 E.01877
G1 X131.692 Y137.463 E.01155
G1 X147.537 Y153.308 E.66534
G1 X146.094 Y153.308 E.04284
G1 X131.692 Y138.906 E.60476
G1 X131.692 Y140.349 E.04284
G1 X144.651 Y153.308 E.54418
G1 X143.209 Y153.308 E.04284
G1 X131.692 Y141.791 E.48359
G1 X131.692 Y143.234 E.04284
G1 X141.766 Y153.308 E.42301
G1 X140.323 Y153.308 E.04284
G1 X131.692 Y144.677 E.36243
G1 X131.692 Y146.12 E.04284
G1 X138.88 Y153.308 E.30184
G1 X137.437 Y153.308 E.04284
G1 X131.692 Y147.563 E.24126
G1 X131.692 Y149.006 E.04284
G1 X135.994 Y153.308 E.18067
G1 X134.552 Y153.308 E.04284
G1 X131.692 Y150.448 E.12009
G1 X131.692 Y151.891 E.04284
G1 X133.27 Y153.469 E.06625
G1 X132.066 Y153.676 F30000
;TYPE:Internal solid infill
;WIDTH:0.41695
G1 F8220
G1 X167.942 Y153.676 E1.11577
G1 X168.335 Y153.579 E.01257
G1 X168.575 Y153.332 E.01073
G1 X168.676 Y152.934 E.01277
G1 X168.676 Y137.065 E.49354
G1 X168.575 Y136.668 E.01273
G1 X168.34 Y136.424 E.01054
G1 X167.934 Y136.329 E.01296
G1 X132.066 Y136.324 E1.11552
G1 X131.665 Y136.421 E.01281
G1 X131.425 Y136.668 E.01073
G1 X131.324 Y137.066 E.01277
G1 X131.324 Y152.942 E.49376
G1 X131.421 Y153.335 E.01256
G1 X131.668 Y153.575 E.01073
G1 X132.027 Y153.666 E.01153
; stop printing object flowrate_0 id:24 copy 0
; printing object flowrate_15 id:0 copy 0
G1 E-.5 F900
G1 Z1.2 F30000
G1 X168.517 Y168.104 Z1.2
G1 Z1
G1 E.5 F900
;TYPE:Inner wall
;WIDTH:0.4
G1 F8766.769
G3 X169.043 Y169.042 I-.524 J.91 E.03853
G1 X169.043 Y184.958 E.54347
G3 X167.958 Y186.043 I-1.062 J.023 E.05853
G1 X132.042 Y186.043 E1.22637
G3 X130.957 Y184.958 I-.023 J-1.062 E.05853
G1 X130.957 Y169.042 E.54347
G3 X132.042 Y167.957 I1.062 J-.023 E.05853
G1 X168.073 Y167.967 E1.23028
G3 X168.482 Y168.085 I-.079 J1.047 E.01465
G1 X168.696 Y167.795 F30000
G1 F8766.769
G3 X169.4 Y169.026 I-.702 J1.219 E.05077
G1 X169.4 Y184.974 E.54453
G3 X167.974 Y186.4 I-1.418 J.008 E.07661
G1 X132.026 Y186.4 E1.22743
G3 X130.6 Y184.974 I-.008 J-1.418 E.07661
G1 X130.6 Y169.026 E.54453
G3 X132.026 Y167.6 I1.418 J-.008 E.07661
G1 X168.104 Y167.611 E1.23188
G3 X168.661 Y167.775 I-.11 J1.402 E.01997
SET_VELOCITY_LIMIT ACCEL=5000 ACCEL_TO_DECEL=2500
G1 X168.896 Y167.448 F30000
;TYPE:Outer wall
G1 F8766.769
G3 X169.8 Y169.009 I-.902 J1.565 E.06447
G1 X169.8 Y184.991 E.54572
G3 X167.991 Y186.8 I-1.818 J-.01 E.09687
G1 X132.009 Y186.8 E1.22862
G3 X130.2 Y184.991 I.01 J-1.818 E.09687
G1 X130.2 Y169.009 E.54572
G3 X132.009 Y167.2 I1.818 J.01 E.09687
G1 X167.991 Y167.2 E1.22862
G1 X168.139 Y167.213 E.00506
G3 X168.861 Y167.429 I-.145 J1.8 E.02593
SET_VELOCITY_LIMIT ACCEL=10000 ACCEL_TO_DECEL=5000
G1 E-.5 F900
G1 Z1.2 F30000
G1 X168.469 Y170.17 Z1.2
G1 Z1
G1 E.5 F900
;TYPE:Sparse infill
G1 F8766.769
G1 X166.991 Y168.692 E.07138
G1 X165.548 Y168.692 E.04927
G1 X168.308 Y171.452 E.13329
G1 X168.308 Y172.895 E.04927
G1 X164.105 Y168.692 E.20296
G1 X162.662 Y168.692 E.04927
G1 X168.308 Y174.338 E.27263
G1 X168.308 Y175.78 E.04927
G1 X161.22 Y168.692 E.3423
G1 X159.777 Y168.692 E.04927
G1 X168.308 Y177.223 E.41197
G1 X168.308 Y178.666 E.04927
G1 X158.334 Y168.692 E.48164
G1 X156.891 Y168.692 E.04927
G1 X168.308 Y180.109 E.55132
G1 X168.308 Y181.552 E.04927
G1 X155.448 Y168.692 E.62099
G1 X154.006 Y168.692 E.04927
G1 X168.308 Y182.994 E.69066
G1 X168.308 Y184.437 E.04927
G1 X152.563 Y168.692 E.76033
G1 X151.12 Y168.692 E.04927
G1 X167.737 Y185.308 E.80239
G1 X166.294 Y185.308 E.04927
G1 X149.677 Y168.692 E.80239
G1 X148.234 Y168.692 E.04927
G1 X164.851 Y185.308 E.80239
G1 X163.408 Y185.308 E.04927
G1 X146.791 Y168.692 E.80239
G1 X145.349 Y168.692 E.04927
G1 X161.965 Y185.308 E.80239
G1 X160.522 Y185.308 E.04927
G1 X143.906 Y168.692 E.80239
G1 X142.463 Y168.692 E.04927
G1 X159.08 Y185.308 E.80239
G1 X157.637 Y185.308 E.04927
G1 X141.02 Y168.692 E.80239
G1 X139.577 Y168.692 E.04927
G1 X156.194 Y185.308 E.80239
G1 X154.751 Y185.308 E.04927
G1 X138.135 Y168.692 E.80239
G1 X136.692 Y168.692 E.04927
G1 X153.308 Y185.308 E.80239
G1 X151.866 Y185.308 E.04927
G1 X135.249 Y168.692 E.80239
G1 X133.806 Y168.692 E.04927
G1 X150.423 Y185.308 E.80239
G1 X148.98 Y185.308 E.04927
G1 X132.363 Y168.692 E.80239
G1 X132.084 Y168.692 E.00954
G2 X131.692 Y169.074 I-.049 J.342 E.02159
G1 X131.692 Y169.463 E.01329
G1 X147.537 Y185.308 E.76515
G1 X146.094 Y185.308 E.04927
G1 X131.692 Y170.906 E.69547
G1 X131.692 Y172.349 E.04927
G1 X144.651 Y185.308 E.6258
G1 X143.209 Y185.308 E.04927
G1 X131.692 Y173.791 E.55613
G1 X131.692 Y175.234 E.04927
G1 X141.766 Y185.308 E.48646
G1 X140.323 Y185.308 E.04927
G1 X131.692 Y176.677 E.41679
G1 X131.692 Y178.12 E.04927
G1 X138.88 Y185.308 E.34712
G1 X137.437 Y185.308 E.04927
G1 X131.692 Y179.563 E.27745
G1 X131.692 Y181.006 E.04927
G1 X135.994 Y185.308 E.20778
G1 X134.552 Y185.308 E.04927
G1 X131.692 Y182.448 E.1381
G1 X131.692 Y183.891 E.04927
G1 X133.27 Y185.469 E.07619
G1 X132.066 Y185.676 F30000
;TYPE:Internal solid infill
;WIDTH:0.41695
G1 F8220
G1 X167.942 Y185.676 E1.28314
G1 X168.335 Y185.579 E.01445
G1 X168.575 Y185.332 E.01234
G1 X168.676 Y184.934 E.01469
G1 X168.676 Y169.065 E.56757
G1 X168.575 Y168.668 E.01465
G1 X168.34 Y168.424 E.01212
G1 X167.934 Y168.329 E.0149
G1 X132.066 Y168.324 E1.28285
G1 X131.665 Y168.421 E.01473
G1 X131.425 Y168.668 E.01234
G1 X131.324 Y169.066 E.01468
G1 X131.324 Y184.942 E.56782
G1 X131.421 Y185.335 E.01445
G1 X131.668 Y185.575 E.01234
G1 X132.027 Y185.666 E.01325
; stop printing object flowrate_15 id:0 copy 0
; printing object flowrate_20 id:0 copy 0
G1 E-.5 F900
G1 Z1.2 F30000
G1 X126.517 Y168.104 Z1.2
G1 Z1
G1 E.5 F900
;TYPE:Inner wall
;WIDTH:0.4
G1 F8401.487
G3 X127.043 Y169.042 I-.524 J.91 E.04021
G1 X127.043 Y184.958 E.56709
G3 X125.958 Y186.043 I-1.062 J.023 E.06107
G1 X90.042 Y186.043 E1.27969
G3 X88.957 Y184.958 I-.023 J-1.062 E.06107
G1 X88.957 Y169.042 E.5671
G3 X90.042 Y167.957 I1.062 J-.023 E.06107
G1 X126.073 Y167.967 E1.28377
G3 X126.482 Y168.085 I-.079 J1.047 E.01528
G1 X126.696 Y167.795 F30000
G1 F8401.487
M73 P48 R16
G3 X127.4 Y169.026 I-.702 J1.219 E.05297
G1 X127.4 Y184.974 E.5682
G3 X125.974 Y186.4 I-1.418 J.008 E.07994
G1 X90.026 Y186.4 E1.2808
G3 X88.6 Y184.974 I-.008 J-1.418 E.07994
G1 X88.6 Y169.026 E.56821
G3 X90.026 Y167.6 I1.418 J-.008 E.07994
G1 X126.104 Y167.611 E1.28544
G3 X126.661 Y167.775 I-.11 J1.402 E.02083
SET_VELOCITY_LIMIT ACCEL=5000 ACCEL_TO_DECEL=2500
G1 X126.896 Y167.448 F30000
;TYPE:Outer wall
G1 F8401.487
G3 X127.8 Y169.009 I-.902 J1.565 E.06727
G1 X127.8 Y184.991 E.56945
G3 X125.991 Y186.8 I-1.818 J-.01 E.10108
G1 X90.009 Y186.8 E1.28204
G3 X88.2 Y184.991 I.01 J-1.818 E.10108
G1 X88.2 Y169.009 E.56945
G3 X90.009 Y167.2 I1.818 J.01 E.10108
G1 X125.991 Y167.2 E1.28204
G1 X126.139 Y167.213 E.00528
G3 X126.861 Y167.429 I-.145 J1.8 E.02705
SET_VELOCITY_LIMIT ACCEL=10000 ACCEL_TO_DECEL=5000
G1 E-.5 F900
G1 Z1.2 F30000
G1 X126.469 Y170.17 Z1.2
G1 Z1
G1 E.5 F900
;TYPE:Sparse infill
G1 F8401.487
G1 X124.991 Y168.692 E.07448
G1 X123.548 Y168.692 E.05141
G1 X126.308 Y171.452 E.13908
G1 X126.308 Y172.895 E.05141
G1 X122.105 Y168.692 E.21178
G1 X120.662 Y168.692 E.05141
G1 X126.308 Y174.338 E.28448
G1 X126.308 Y175.78 E.05141
G1 X119.22 Y168.692 E.35718
G1 X117.777 Y168.692 E.05141
G1 X126.308 Y177.223 E.42988
G1 X126.308 Y178.666 E.05141
G1 X116.334 Y168.692 E.50258
G1 X114.891 Y168.692 E.05141
G1 X126.308 Y180.109 E.57529
G1 X126.308 Y181.552 E.05141
G1 X113.448 Y168.692 E.64799
G1 X112.006 Y168.692 E.05141
G1 X126.308 Y182.994 E.72069
G1 X126.308 Y184.437 E.05141
G1 X110.563 Y168.692 E.79339
G1 X109.12 Y168.692 E.05141
G1 X125.737 Y185.308 E.83727
G1 X124.294 Y185.308 E.05141
G1 X107.677 Y168.692 E.83727
G1 X106.234 Y168.692 E.05141
G1 X122.851 Y185.308 E.83727
G1 X121.408 Y185.308 E.05141
G1 X104.791 Y168.692 E.83727
G1 X103.349 Y168.692 E.05141
G1 X119.965 Y185.308 E.83727
G1 X118.522 Y185.308 E.05141
G1 X101.906 Y168.692 E.83727
G1 X100.463 Y168.692 E.05141
G1 X117.08 Y185.308 E.83727
G1 X115.637 Y185.308 E.05141
G1 X99.02 Y168.692 E.83727
G1 X97.577 Y168.692 E.05141
G1 X114.194 Y185.308 E.83727
G1 X112.751 Y185.308 E.05141
G1 X96.135 Y168.692 E.83727
G1 X94.692 Y168.692 E.05141
G1 X111.308 Y185.308 E.83727
G1 X109.866 Y185.308 E.05141
G1 X93.249 Y168.692 E.83727
G1 X91.806 Y168.692 E.05141
G1 X108.423 Y185.308 E.83727
G1 X106.98 Y185.308 E.05141
G1 X90.363 Y168.692 E.83727
G1 X90.084 Y168.692 E.00995
M73 P48 R15
G2 X89.692 Y169.074 I-.049 J.342 E.02253
G1 X89.692 Y169.463 E.01386
G1 X105.537 Y185.308 E.79841
G1 X104.094 Y185.308 E.05141
G1 X89.692 Y170.906 E.72571
G1 X89.692 Y172.349 E.05141
G1 X102.651 Y185.308 E.65301
G1 X101.209 Y185.308 E.05141
G1 X89.692 Y173.791 E.58031
G1 X89.692 Y175.234 E.05141
G1 X99.766 Y185.308 E.50761
G1 X98.323 Y185.308 E.05141
G1 X89.692 Y176.677 E.43491
G1 X89.692 Y178.12 E.05141
G1 X96.88 Y185.308 E.36221
G1 X95.437 Y185.308 E.05141
G1 X89.692 Y179.563 E.28951
G1 X89.692 Y181.006 E.05141
G1 X93.994 Y185.308 E.21681
G1 X92.552 Y185.308 E.05141
G1 X89.692 Y182.448 E.14411
G1 X89.692 Y183.891 E.05141
G1 X91.27 Y185.469 E.0795
G1 X90.066 Y185.676 F30000
;TYPE:Internal solid infill
;WIDTH:0.41695
G1 F8020.758
G1 X125.942 Y185.676 E1.33892
G1 X126.335 Y185.579 E.01508
G1 X126.575 Y185.332 E.01287
G1 X126.676 Y184.934 E.01532
G1 X126.676 Y169.065 E.59224
G1 X126.575 Y168.668 E.01528
G1 X126.34 Y168.424 E.01265
G1 X125.934 Y168.329 E.01555
G1 X90.066 Y168.324 E1.33862
G1 X89.665 Y168.421 E.01537
G1 X89.425 Y168.668 E.01288
G1 X89.324 Y169.066 E.01532
G1 X89.324 Y184.942 E.59251
G1 X89.421 Y185.335 E.01507
G1 X89.668 Y185.575 E.01288
G1 X90.027 Y185.666 E.01383
; stop printing object flowrate_20 id:0 copy 0
; printing object flowrate_5 id:0 copy 0
G1 E-.5 F900
G1 Z1.2 F30000
G1 X126.517 Y136.104 Z1.2
G1 Z1
G1 E.5 F900
;TYPE:Inner wall
;WIDTH:0.4
G1 F9601.699
G3 X127.043 Y137.042 I-.524 J.91 E.03518
G1 X127.043 Y152.958 E.49621
G3 X127.005 Y153.251 I-.85 J.038 E.00926
G3 X125.958 Y154.043 I-1.017 J-.257 E.04419
G1 X90.042 Y154.043 E1.11972
G3 X88.957 Y152.958 I-.023 J-1.062 E.05344
G1 X88.957 Y137.042 E.49621
G3 X88.995 Y136.749 I.85 J-.038 E.00926
G3 X90.042 Y135.957 I1.017 J.257 E.04419
G1 X126.073 Y135.967 E1.1233
G3 X126.482 Y136.085 I-.079 J1.047 E.01337
G1 X126.696 Y135.795 F30000
G1 F9601.699
G3 X127.4 Y137.026 I-.702 J1.219 E.04635
G1 X127.4 Y152.974 E.49718
G3 X125.974 Y154.4 I-1.414 J.012 E.07
G1 X90.026 Y154.4 E1.1207
G3 X88.6 Y152.974 I-.008 J-1.418 E.06995
G1 X88.6 Y137.026 E.49718
G3 X90.026 Y135.6 I1.414 J-.012 E.07
G1 X126.104 Y135.611 E1.12476
G3 X126.661 Y135.775 I-.11 J1.402 E.01823
SET_VELOCITY_LIMIT ACCEL=5000 ACCEL_TO_DECEL=2500
G1 X126.896 Y135.448 F30000
;TYPE:Outer wall
G1 F9601.699
G3 X127.8 Y137.009 I-.902 J1.565 E.05886
G1 X127.8 Y152.991 E.49827
G3 X125.991 Y154.8 I-1.805 J.004 E.08863
G1 X90.009 Y154.8 E1.12179
G3 X88.2 Y152.991 I.01 J-1.818 E.08845
G1 X88.2 Y137.009 E.49827
G3 X90.009 Y135.2 I1.805 J-.004 E.08863
G1 X125.991 Y135.2 E1.12179
G1 X126.139 Y135.213 E.00462
G3 X126.861 Y135.429 I-.145 J1.8 E.02367
SET_VELOCITY_LIMIT ACCEL=10000 ACCEL_TO_DECEL=5000
G1 E-.5 F900
G1 Z1.2 F30000
G1 X126.469 Y138.17 Z1.2
G1 Z1
G1 E.5 F900
;TYPE:Sparse infill
G1 F9601.699
G1 X124.991 Y136.692 E.06517
G1 X123.548 Y136.692 E.04498
G1 X126.308 Y139.452 E.1217
G1 X126.308 Y140.895 E.04498
G1 X122.105 Y136.692 E.18531
G1 X120.662 Y136.692 E.04498
G1 X126.308 Y142.338 E.24892
G1 X126.308 Y143.78 E.04498
G1 X119.22 Y136.692 E.31254
G1 X117.777 Y136.692 E.04498
G1 X126.308 Y145.223 E.37615
G1 X126.308 Y146.666 E.04498
G1 X116.334 Y136.692 E.43976
G1 X114.891 Y136.692 E.04498
G1 X126.308 Y148.109 E.50337
G1 X126.308 Y149.552 E.04498
G1 X113.448 Y136.692 E.56699
G1 X112.006 Y136.692 E.04498
G1 X126.308 Y150.994 E.6306
G1 X126.308 Y152.437 E.04498
G1 X110.563 Y136.692 E.69421
G1 X109.12 Y136.692 E.04498
G1 X125.737 Y153.308 E.73262
G1 X124.294 Y153.308 E.04498
G1 X107.677 Y136.692 E.73262
G1 X106.234 Y136.692 E.04498
G1 X122.851 Y153.308 E.73262
G1 X121.408 Y153.308 E.04498
G1 X104.791 Y136.692 E.73262
G1 X103.349 Y136.692 E.04498
G1 X119.965 Y153.308 E.73262
G1 X118.522 Y153.308 E.04498
G1 X101.906 Y136.692 E.73262
G1 X100.463 Y136.692 E.04498
G1 X117.08 Y153.308 E.73262
G1 X115.637 Y153.308 E.04498
G1 X99.02 Y136.692 E.73262
G1 X97.577 Y136.692 E.04498
G1 X114.194 Y153.308 E.73262
G1 X112.751 Y153.308 E.04498
G1 X96.135 Y136.692 E.73262
G1 X94.692 Y136.692 E.04498
G1 X111.308 Y153.308 E.73262
G1 X109.866 Y153.308 E.04498
G1 X93.249 Y136.692 E.73262
G1 X91.806 Y136.692 E.04498
G1 X108.423 Y153.308 E.73262
G1 X106.98 Y153.308 E.04498
G1 X90.363 Y136.692 E.73262
G1 X90.084 Y136.692 E.00871
G2 X89.692 Y137.074 I-.049 J.342 E.01971
G1 X89.692 Y137.463 E.01213
G1 X105.537 Y153.308 E.69861
G1 X104.094 Y153.308 E.04498
G1 X89.692 Y138.906 E.635
G1 X89.692 Y140.349 E.04498
G1 X102.651 Y153.308 E.57139
G1 X101.209 Y153.308 E.04498
G1 X89.692 Y141.791 E.50777
G1 X89.692 Y143.234 E.04498
G1 X99.766 Y153.308 E.44416
G1 X98.323 Y153.308 E.04498
G1 X89.692 Y144.677 E.38055
G1 X89.692 Y146.12 E.04498
G1 X96.88 Y153.308 E.31693
G1 X95.437 Y153.308 E.04498
G1 X89.692 Y147.563 E.25332
G1 X89.692 Y149.006 E.04498
G1 X93.994 Y153.308 E.18971
G1 X92.552 Y153.308 E.04498
G1 X89.692 Y150.448 E.12609
G1 X89.692 Y151.891 E.04498
G1 X91.27 Y153.469 E.06957
G1 X90.066 Y153.676 F30000
;TYPE:Internal solid infill
;WIDTH:0.41695
G1 F8220
G1 X125.942 Y153.676 E1.17156
G1 X126.335 Y153.579 E.0132
G1 X126.575 Y153.332 E.01126
G1 X126.676 Y152.934 E.01341
G1 X126.676 Y137.065 E.51821
G1 X126.575 Y136.668 E.01337
G1 X126.34 Y136.424 E.01107
G1 X125.934 Y136.329 E.0136
G1 X90.066 Y136.324 E1.17129
G1 X89.665 Y136.421 E.01345
G1 X89.425 Y136.668 E.01127
G1 X89.324 Y137.066 E.01341
G1 X89.324 Y152.942 E.51845
G1 X89.421 Y153.335 E.01319
G1 X89.668 Y153.575 E.01127
G1 X90.027 Y153.666 E.0121
; stop printing object flowrate_5 id:0 copy 0
; printing object flowrate_m20 id:279172874362 copy 0
G1 E-.5 F900
G1 Z1.2 F30000
G1 X126.517 Y104.104 Z1.2
G1 Z1
G1 E.5 F900
;TYPE:Inner wall
;WIDTH:0.4
G1 F12602.23
G3 X127.043 Y105.042 I-.524 J.91 E.02681
G1 X127.043 Y120.958 E.37806
G3 X125.958 Y122.043 I-1.057 J.028 E.04077
G1 X90.042 Y122.043 E.85312
G3 X88.957 Y120.958 I-.023 J-1.062 E.04071
G1 X88.957 Y105.042 E.37806
G3 X90.042 Y103.957 I1.057 J-.028 E.04077
G1 X126.073 Y103.967 E.85585
G3 X126.482 Y104.085 I-.079 J1.047 E.01019
M73 P49 R15
G1 X126.696 Y103.795 F30000
G1 F12602.23
G3 X127.4 Y105.026 I-.702 J1.219 E.03532
G1 X127.4 Y120.974 E.3788
G3 X127.349 Y121.344 I-1.074 J.042 E.00891
G3 X125.974 Y122.4 I-1.356 J-.342 E.04444
G1 X90.026 Y122.4 E.85386
G3 X88.6 Y120.974 I-.008 J-1.418 E.05329
G1 X88.6 Y105.026 E.3788
G3 X90.026 Y103.6 I1.414 J-.012 E.05333
G1 X126.104 Y103.611 E.85696
G3 X126.661 Y103.775 I-.11 J1.402 E.01389
SET_VELOCITY_LIMIT ACCEL=5000 ACCEL_TO_DECEL=2500
G1 X126.896 Y103.448 F30000
;TYPE:Outer wall
G1 F12000
G3 X127.8 Y105.009 I-.902 J1.565 E.04485
G1 X127.8 Y120.991 E.37963
G3 X125.991 Y122.8 I-1.805 J.004 E.06753
G1 X90.009 Y122.8 E.85469
G3 X88.2 Y120.991 I.01 J-1.818 E.06739
G1 X88.2 Y105.009 E.37963
G3 X90.009 Y103.2 I1.805 J-.004 E.06753
G1 X125.991 Y103.2 E.85469
G1 X126.139 Y103.213 E.00352
G3 X126.861 Y103.429 I-.145 J1.8 E.01804
SET_VELOCITY_LIMIT ACCEL=10000 ACCEL_TO_DECEL=5000
G1 E-.5 F900
G1 Z1.2 F30000
G1 X126.469 Y106.17 Z1.2
G1 Z1
G1 E.5 F900
;TYPE:Sparse infill
G1 F12602.23
G1 X124.991 Y104.692 E.04965
G1 X123.548 Y104.692 E.03427
G1 X126.308 Y107.452 E.09272
G1 X126.308 Y108.895 E.03427
G1 X122.105 Y104.692 E.14119
G1 X120.662 Y104.692 E.03427
G1 X126.308 Y110.338 E.18966
G1 X126.308 Y111.78 E.03427
G1 X119.22 Y104.692 E.23812
G1 X117.777 Y104.692 E.03427
G1 X126.308 Y113.223 E.28659
G1 X126.308 Y114.666 E.03427
G1 X116.334 Y104.692 E.33506
G1 X114.891 Y104.692 E.03427
G1 X126.308 Y116.109 E.38352
G1 X126.308 Y117.552 E.03427
G1 X113.448 Y104.692 E.43199
G1 X112.006 Y104.692 E.03427
G1 X126.308 Y118.994 E.48046
G1 X126.308 Y120.437 E.03427
G1 X110.563 Y104.692 E.52892
G1 X109.12 Y104.692 E.03427
G1 X125.737 Y121.308 E.55818
G1 X124.294 Y121.308 E.03427
G1 X107.677 Y104.692 E.55818
G1 X106.234 Y104.692 E.03427
G1 X122.851 Y121.308 E.55818
G1 X121.408 Y121.308 E.03427
G1 X104.791 Y104.692 E.55818
G1 X103.349 Y104.692 E.03427
G1 X119.965 Y121.308 E.55818
G1 X118.522 Y121.308 E.03427
G1 X101.906 Y104.692 E.55818
G1 X100.463 Y104.692 E.03427
G1 X117.08 Y121.308 E.55818
G1 X115.637 Y121.308 E.03427
G1 X99.02 Y104.692 E.55818
G1 X97.577 Y104.692 E.03427
G1 X114.194 Y121.308 E.55818
G1 X112.751 Y121.308 E.03427
G1 X96.135 Y104.692 E.55818
G1 X94.692 Y104.692 E.03427
G1 X111.308 Y121.308 E.55818
G1 X109.866 Y121.308 E.03427
G1 X93.249 Y104.692 E.55818
G1 X91.806 Y104.692 E.03427
G1 X108.423 Y121.308 E.55818
G1 X106.98 Y121.308 E.03427
G1 X90.363 Y104.692 E.55818
G1 X90.084 Y104.692 E.00663
G2 X89.692 Y105.074 I-.049 J.342 E.01502
G1 X89.692 Y105.463 E.00924
G1 X105.537 Y121.308 E.53228
G1 X104.094 Y121.308 E.03427
G1 X89.692 Y106.906 E.48381
G1 X89.692 Y108.349 E.03427
G1 X102.651 Y121.308 E.43534
G1 X101.209 Y121.308 E.03427
G1 X89.692 Y109.791 E.38687
G1 X89.692 Y111.234 E.03427
G1 X99.766 Y121.308 E.33841
G1 X98.323 Y121.308 E.03427
G1 X89.692 Y112.677 E.28994
G1 X89.692 Y114.12 E.03427
G1 X96.88 Y121.308 E.24147
G1 X95.437 Y121.308 E.03427
G1 X89.692 Y115.563 E.19301
G1 X89.692 Y117.006 E.03427
G1 X93.994 Y121.308 E.14454
G1 X92.552 Y121.308 E.03427
G1 X89.692 Y118.448 E.09607
G1 X89.692 Y119.891 E.03427
G1 X91.27 Y121.469 E.053
G1 X90.066 Y121.676 F30000
;TYPE:Internal solid infill
;WIDTH:0.41695
G1 F8220
G1 X125.942 Y121.676 E.89262
G1 X126.335 Y121.579 E.01006
G1 X126.575 Y121.332 E.00858
G1 X126.676 Y120.934 E.01022
G1 X126.676 Y105.065 E.39483
G1 X126.575 Y104.668 E.01019
G1 X126.34 Y104.424 E.00843
G1 X125.934 Y104.329 E.01036
G1 X90.066 Y104.324 E.89242
G1 X89.665 Y104.421 E.01025
G1 X89.425 Y104.668 E.00859
G1 X89.324 Y105.066 E.01021
G1 X89.324 Y120.942 E.39501
G1 X89.421 Y121.335 E.01005
G1 X89.668 Y121.575 E.00859
G1 X90.027 Y121.666 E.00922
; stop printing object flowrate_m20 id:279172874362 copy 0
;LAYER_CHANGE
;Z:1.2
;HEIGHT:0.2
;BEFORE_LAYER_CHANGE
;1.2
G92 E0

G1 E-.5 F900
;AFTER_LAYER_CHANGE
;1.2
SET_PRINT_STATS_INFO CURRENT_LAYER=6
;_SET_FAN_SPEED_CHANGING_LAYER
; printing object flowrate_10 id:8318823020889268071 copy 0
G1 Z1.4 F30000
G1 X210.355 Y185.975 Z1.4
G1 Z1.2
G1 E.5 F900
;TYPE:Inner wall
;WIDTH:0.4
G1 F9165.258
G3 X209.958 Y186.043 I-.374 J-.994 E.01322
G1 X174.042 Y186.043 E1.17305
G3 X172.957 Y184.958 I-.023 J-1.062 E.05598
G1 X172.957 Y169.042 E.51984
G3 X174.042 Y167.957 I1.062 J-.023 E.05598
G1 X209.958 Y167.957 E1.17305
G1 X210.108 Y167.97 E.0049
G3 X211.043 Y169.042 I-.115 J1.044 E.05104
G1 X211.043 Y184.958 E.51984
G3 X210.392 Y185.96 I-1.062 J.023 E.04145
G1 X210.477 Y186.311 F30000
G1 F9165.258
G3 X209.974 Y186.4 I-.495 J-1.329 E.01678
G1 X174.026 Y186.4 E1.17406
G3 X172.6 Y184.974 I-.008 J-1.418 E.07328
G1 X172.6 Y169.026 E.52086
G3 X174.026 Y167.6 I1.418 J-.008 E.07328
G1 X209.974 Y167.6 E1.17406
G1 X210.139 Y167.614 E.00541
G3 X211.4 Y169.026 I-.145 J1.399 E.06782
G1 X211.4 Y184.974 E.52085
G3 X210.514 Y186.296 I-1.418 J.008 E.05519
SET_VELOCITY_LIMIT ACCEL=5000 ACCEL_TO_DECEL=2500
G1 X210.614 Y186.687 F30000
;TYPE:Outer wall
G1 F9165.258
G3 X209.991 Y186.8 I-.632 J-1.705 E.02077
G1 X174.009 Y186.8 E1.1752
G3 X172.2 Y184.991 I.01 J-1.818 E.09266
G1 X172.2 Y169.009 E.522
G3 X174.009 Y167.2 I1.818 J.01 E.09266
G1 X209.991 Y167.2 E1.1752
G1 X210.174 Y167.216 E.00598
G3 X211.8 Y169.009 I-.18 J1.797 E.08663
G1 X211.8 Y184.991 E.522
G3 X210.651 Y186.672 I-1.818 J-.01 E.07058
SET_VELOCITY_LIMIT ACCEL=10000 ACCEL_TO_DECEL=5000
G1 X210.071 Y185.896 F30000
SET_VELOCITY_LIMIT ACCEL=2500 ACCEL_TO_DECEL=1250
;TYPE:Internal Bridge
G1 F4500
G1 X210.681 Y185.286 E.02815
G2 X210.745 Y184.716 I-1.466 J-.455 E.01884
G1 X209.716 Y185.745 E.04753
G1 X209.211 Y185.745 E.01649
G1 X210.745 Y184.211 E.07085
G1 X210.745 Y183.706 E.01649
G1 X208.706 Y185.745 E.09418
G1 X208.201 Y185.745 E.01649
G1 X210.745 Y183.201 E.1175
G1 X210.745 Y182.696 E.01649
G1 X207.696 Y185.745 E.14083
G1 X207.191 Y185.745 E.01649
G1 X210.745 Y182.191 E.16415
G1 X210.745 Y181.687 E.01649
G1 X206.687 Y185.745 E.18748
G1 X206.182 Y185.745 E.01649
G1 X210.745 Y181.182 E.2108
G1 X210.745 Y180.677 E.01649
G1 X205.677 Y185.745 E.23413
G1 X205.172 Y185.745 E.01649
G1 X210.745 Y180.172 E.25745
G1 X210.745 Y179.667 E.01649
G1 X204.667 Y185.745 E.28077
G1 X204.162 Y185.745 E.01649
G1 X210.745 Y179.162 E.3041
G1 X210.745 Y178.657 E.01649
G1 X203.657 Y185.745 E.32742
G1 X203.152 Y185.745 E.01649
G1 X210.745 Y178.152 E.35075
G1 X210.745 Y177.647 E.01649
G1 X202.647 Y185.745 E.37407
G1 X202.142 Y185.745 E.01649
G1 X210.745 Y177.142 E.3974
G1 X210.745 Y176.637 E.01649
G1 X201.637 Y185.745 E.42072
G1 X201.132 Y185.745 E.01649
G1 X210.745 Y176.132 E.44405
G1 X210.745 Y175.627 E.01649
G1 X200.627 Y185.745 E.46737
G1 X200.122 Y185.745 E.01649
G1 X210.745 Y175.122 E.4907
G1 X210.745 Y174.617 E.01649
G1 X199.617 Y185.745 E.51402
G1 X199.112 Y185.745 E.01649
G1 X210.745 Y174.112 E.53735
G1 X210.745 Y173.607 E.01649
G1 X198.607 Y185.745 E.56067
G1 X198.102 Y185.745 E.01649
G1 X210.745 Y173.102 E.584
G1 X210.745 Y172.597 E.01649
G1 X197.597 Y185.745 E.60732
G1 X197.092 Y185.745 E.01649
G1 X210.745 Y172.092 E.63064
G1 X210.745 Y171.587 E.01649
G1 X196.587 Y185.745 E.65397
G1 X196.082 Y185.745 E.01649
G1 X210.745 Y171.082 E.67729
G1 X210.745 Y170.577 E.01649
G1 X195.577 Y185.745 E.70062
G1 X195.072 Y185.745 E.01649
G1 X210.745 Y170.072 E.72394
G1 X210.745 Y169.567 E.01649
G1 X194.567 Y185.745 E.74727
G1 X194.062 Y185.745 E.01649
G1 X210.745 Y169.062 E.77059
G2 X210.651 Y168.651 I-.929 J-.004 E.01389
G1 X193.557 Y185.745 E.78957
G1 X193.052 Y185.745 E.01649
G1 X210.411 Y168.387 E.80177
G2 X210.03 Y168.262 I-.434 J.682 E.01321
G1 X192.547 Y185.745 E.80754
G1 X192.042 Y185.745 E.01649
G1 X209.533 Y168.255 E.80788
G1 X209.028 Y168.255 E.01649
G1 X191.537 Y185.745 E.80788
G1 X191.032 Y185.745 E.01649
M73 P50 R15
G1 X208.523 Y168.255 E.80788
G1 X208.018 Y168.255 E.01649
G1 X190.527 Y185.745 E.80788
G1 X190.022 Y185.745 E.01649
G1 X207.513 Y168.255 E.80788
G1 X207.008 Y168.255 E.01649
G1 X189.517 Y185.745 E.80788
G1 X189.012 Y185.745 E.01649
G1 X206.503 Y168.255 E.80788
G1 X205.998 Y168.255 E.01649
G1 X188.507 Y185.745 E.80788
G1 X188.002 Y185.745 E.01649
G1 X205.493 Y168.255 E.80788
G1 X204.988 Y168.255 E.01649
G1 X187.497 Y185.745 E.80788
G1 X186.992 Y185.745 E.01649
G1 X204.483 Y168.255 E.80788
G1 X203.978 Y168.255 E.01649
G1 X186.487 Y185.745 E.80788
G1 X185.982 Y185.745 E.01649
G1 X203.473 Y168.255 E.80788
G1 X202.968 Y168.255 E.01649
G1 X185.477 Y185.745 E.80788
G1 X184.972 Y185.745 E.01649
G1 X202.463 Y168.255 E.80788
G1 X201.958 Y168.255 E.01649
G1 X184.467 Y185.745 E.80788
G1 X183.962 Y185.745 E.01649
G1 X201.453 Y168.255 E.80788
G1 X200.948 Y168.255 E.01649
G1 X183.457 Y185.745 E.80788
G1 X182.952 Y185.745 E.01649
G1 X200.443 Y168.255 E.80788
G1 X199.938 Y168.255 E.01649
G1 X182.447 Y185.745 E.80788
G1 X181.942 Y185.745 E.01649
G1 X199.433 Y168.255 E.80788
G1 X198.928 Y168.255 E.01649
G1 X181.437 Y185.745 E.80788
G1 X180.932 Y185.745 E.01649
G1 X198.423 Y168.255 E.80788
G1 X197.918 Y168.255 E.01649
G1 X180.427 Y185.745 E.80788
G1 X179.922 Y185.745 E.01649
G1 X197.413 Y168.255 E.80788
G1 X196.908 Y168.255 E.01649
G1 X179.417 Y185.745 E.80788
G1 X178.912 Y185.745 E.01649
G1 X196.403 Y168.255 E.80788
G1 X195.898 Y168.255 E.01649
G1 X178.407 Y185.745 E.80788
G1 X177.902 Y185.745 E.01649
G1 X195.393 Y168.255 E.80788
G1 X194.888 Y168.255 E.01649
G1 X177.397 Y185.745 E.80788
G1 X176.892 Y185.745 E.01649
G1 X194.383 Y168.255 E.80788
G1 X193.878 Y168.255 E.01649
G1 X176.387 Y185.745 E.80788
G1 X175.882 Y185.745 E.01649
G1 X193.373 Y168.255 E.80788
G1 X192.868 Y168.255 E.01649
G1 X175.377 Y185.745 E.80788
G1 X174.872 Y185.745 E.01649
G1 X192.363 Y168.255 E.80788
G1 X191.858 Y168.255 E.01649
G1 X174.367 Y185.745 E.80788
G3 X173.878 Y185.73 I-.156 J-2.805 E.01602
G1 X191.353 Y168.255 E.80717
G1 X190.848 Y168.255 E.01649
G1 X173.531 Y185.572 E.79987
G3 X173.317 Y185.281 I1.013 J-.968 E.01183
G1 X190.343 Y168.255 E.78643
G1 X189.838 Y168.255 E.01649
G1 X173.255 Y184.838 E.76598
G1 X173.255 Y184.333 E.01649
G1 X189.333 Y168.255 E.74266
G1 X188.828 Y168.255 E.01649
G1 X173.255 Y183.828 E.71933
G1 X173.255 Y183.323 E.01649
G1 X188.323 Y168.255 E.69601
G1 X187.818 Y168.255 E.01649
G1 X173.255 Y182.818 E.67268
G1 X173.255 Y182.313 E.01649
G1 X187.313 Y168.255 E.64936
G1 X186.808 Y168.255 E.01649
G1 X173.255 Y181.808 E.62603
G1 X173.255 Y181.303 E.01649
G1 X186.303 Y168.255 E.60271
G1 X185.798 Y168.255 E.01649
G1 X173.255 Y180.798 E.57938
G1 X173.255 Y180.293 E.01649
G1 X185.293 Y168.255 E.55606
G1 X184.788 Y168.255 E.01649
G1 X173.255 Y179.788 E.53273
G1 X173.255 Y179.283 E.01649
G1 X184.283 Y168.255 E.50941
G1 X183.778 Y168.255 E.01649
G1 X173.255 Y178.778 E.48608
G1 X173.255 Y178.273 E.01649
G1 X183.273 Y168.255 E.46276
G1 X182.768 Y168.255 E.01649
G1 X173.255 Y177.768 E.43943
G1 X173.255 Y177.263 E.01649
G1 X182.263 Y168.255 E.41611
G1 X181.758 Y168.255 E.01649
M73 P51 R15
G1 X173.255 Y176.758 E.39278
G1 X173.255 Y176.254 E.01649
G1 X181.254 Y168.255 E.36946
G1 X180.749 Y168.255 E.01649
G1 X173.255 Y175.749 E.34614
G1 X173.255 Y175.244 E.01649
G1 X180.244 Y168.255 E.32281
G1 X179.739 Y168.255 E.01649
G1 X173.255 Y174.739 E.29949
G1 X173.255 Y174.234 E.01649
G1 X179.234 Y168.255 E.27616
G1 X178.729 Y168.255 E.01649
G1 X173.255 Y173.729 E.25284
G1 X173.255 Y173.224 E.01649
G1 X178.224 Y168.255 E.22951
G1 X177.719 Y168.255 E.01649
G1 X173.255 Y172.719 E.20619
G1 X173.255 Y172.214 E.01649
G1 X177.214 Y168.255 E.18286
G1 X176.709 Y168.255 E.01649
G1 X173.255 Y171.709 E.15954
G1 X173.255 Y171.204 E.01649
G1 X176.204 Y168.255 E.13621
G1 X175.699 Y168.255 E.01649
G1 X173.255 Y170.699 E.11289
G1 X173.255 Y170.194 E.01649
G1 X175.194 Y168.255 E.08956
G1 X174.689 Y168.255 E.01649
G1 X173.255 Y169.689 E.06624
G1 X173.255 Y169.184 E.01649
G1 X174.344 Y168.094 E.05034
; stop printing object flowrate_10 id:8318823020889268071 copy 0
; printing object flowrate_m5 id:140666992080768 copy 0
SET_VELOCITY_LIMIT ACCEL=10000 ACCEL_TO_DECEL=5000
G1 E-.5 F900
G1 Z1.4 F30000
G1 X210.517 Y136.104 Z1.4
G1 Z1.2
G1 E.5 F900
;TYPE:Inner wall
G1 F10612.404
M106 S255
G3 X211.043 Y137.042 I-.524 J.91 E.03183
G1 X211.043 Y152.958 E.44895
G3 X209.958 Y154.043 I-1.062 J.023 E.04835
G1 X174.042 Y154.043 E1.01308
G3 X172.957 Y152.958 I-.023 J-1.062 E.04835
G1 X172.957 Y137.042 E.44895
G3 X174.042 Y135.957 I1.062 J-.023 E.04835
G1 X209.958 Y135.957 E1.01309
G1 X210.108 Y135.97 E.00423
G3 X210.482 Y136.085 I-.115 J1.044 E.01112
G1 X210.696 Y135.795 F30000
G1 F10612.404
G3 X211.4 Y137.026 I-.702 J1.219 E.04194
G1 X211.4 Y152.974 E.44983
G3 X209.974 Y154.4 I-1.418 J.008 E.06329
G1 X174.026 Y154.4 E1.01396
G3 X172.6 Y152.974 I-.008 J-1.418 E.06329
G1 X172.6 Y137.026 E.44983
G3 X174.026 Y135.6 I1.418 J-.008 E.06329
G1 X209.974 Y135.6 E1.01396
G1 X210.139 Y135.614 E.00467
G3 X210.661 Y135.775 I-.145 J1.399 E.01551
SET_VELOCITY_LIMIT ACCEL=5000 ACCEL_TO_DECEL=2500
G1 X210.896 Y135.448 F30000
;TYPE:Outer wall
G1 F10612.404
G3 X211.8 Y137.009 I-.902 J1.565 E.05326
G1 X211.8 Y152.991 E.45081
G3 X209.991 Y154.8 I-1.818 J-.01 E.08002
G1 X174.009 Y154.8 E1.01495
G3 X172.2 Y152.991 I.01 J-1.818 E.08002
G1 X172.2 Y137.009 E.45082
G3 X174.009 Y135.2 I1.818 J.01 E.08002
G1 X209.991 Y135.2 E1.01495
G1 X210.174 Y135.216 E.00516
G3 X210.861 Y135.429 I-.18 J1.798 E.02043
SET_VELOCITY_LIMIT ACCEL=10000 ACCEL_TO_DECEL=5000
G1 E-.5 F900
G1 Z1.4 F30000
G1 X210.071 Y153.896 Z1.4
G1 Z1.2
G1 E.5 F900
SET_VELOCITY_LIMIT ACCEL=2500 ACCEL_TO_DECEL=1250
;TYPE:Internal Bridge
G1 F4500
G1 X210.681 Y153.286 E.02431
G2 X210.745 Y152.716 I-1.467 J-.455 E.01627
G1 X209.716 Y153.745 E.04105
G1 X209.211 Y153.745 E.01424
G1 X210.745 Y152.211 E.06119
G1 X210.745 Y151.706 E.01424
G1 X208.706 Y153.745 E.08133
G1 X208.201 Y153.745 E.01424
G1 X210.745 Y151.201 E.10148
G1 X210.745 Y150.696 E.01424
G1 X207.696 Y153.745 E.12162
G1 X207.191 Y153.745 E.01424
G1 X210.745 Y150.191 E.14177
G1 X210.745 Y149.687 E.01424
G1 X206.687 Y153.745 E.16191
G1 X206.182 Y153.745 E.01424
G1 X210.745 Y149.182 E.18205
G1 X210.745 Y148.677 E.01424
G1 X205.677 Y153.745 E.2022
G1 X205.172 Y153.745 E.01424
G1 X210.745 Y148.172 E.22234
G1 X210.745 Y147.667 E.01424
G1 X204.667 Y153.745 E.24249
G1 X204.162 Y153.745 E.01424
G1 X210.745 Y147.162 E.26263
G1 X210.745 Y146.657 E.01424
G1 X203.657 Y153.745 E.28278
G1 X203.152 Y153.745 E.01424
G1 X210.745 Y146.152 E.30292
G1 X210.745 Y145.647 E.01424
G1 X202.647 Y153.745 E.32306
G1 X202.142 Y153.745 E.01424
G1 X210.745 Y145.142 E.34321
G1 X210.745 Y144.637 E.01424
G1 X201.637 Y153.745 E.36335
G1 X201.132 Y153.745 E.01424
G1 X210.745 Y144.132 E.3835
G1 X210.745 Y143.627 E.01424
G1 X200.627 Y153.745 E.40364
G1 X200.122 Y153.745 E.01424
G1 X210.745 Y143.122 E.42378
G1 X210.745 Y142.617 E.01424
G1 X199.617 Y153.745 E.44393
G1 X199.112 Y153.745 E.01424
G1 X210.745 Y142.112 E.46407
G1 X210.745 Y141.607 E.01424
G1 X198.607 Y153.745 E.48422
G1 X198.102 Y153.745 E.01424
G1 X210.745 Y141.102 E.50436
G1 X210.745 Y140.597 E.01424
G1 X197.597 Y153.745 E.5245
G1 X197.092 Y153.745 E.01424
G1 X210.745 Y140.092 E.54465
G1 X210.745 Y139.587 E.01424
G1 X196.587 Y153.745 E.56479
G1 X196.082 Y153.745 E.01424
G1 X210.745 Y139.082 E.58494
G1 X210.745 Y138.577 E.01424
M73 P51 R14
G1 X195.577 Y153.745 E.60508
G1 X195.072 Y153.745 E.01424
G1 X210.745 Y138.072 E.62522
G1 X210.745 Y137.567 E.01424
G1 X194.567 Y153.745 E.64537
G1 X194.062 Y153.745 E.01424
G1 X210.745 Y137.062 E.66551
G2 X210.651 Y136.651 I-.929 J-.004 E.01199
G1 X193.557 Y153.745 E.6819
G1 X193.052 Y153.745 E.01424
G1 X210.411 Y136.387 E.69244
G2 X210.03 Y136.262 I-.434 J.682 E.01141
G1 X192.547 Y153.745 E.69742
G1 X192.042 Y153.745 E.01424
G1 X209.533 Y136.255 E.69771
G1 X209.028 Y136.255 E.01424
G1 X191.537 Y153.745 E.69771
G1 X191.032 Y153.745 E.01424
G1 X208.523 Y136.255 E.69771
G1 X208.018 Y136.255 E.01424
G1 X190.527 Y153.745 E.69771
G1 X190.022 Y153.745 E.01424
G1 X207.513 Y136.255 E.69771
G1 X207.008 Y136.255 E.01424
G1 X189.517 Y153.745 E.69771
G1 X189.012 Y153.745 E.01424
G1 X206.503 Y136.255 E.69771
G1 X205.998 Y136.255 E.01424
G1 X188.507 Y153.745 E.69771
G1 X188.002 Y153.745 E.01424
G1 X205.493 Y136.255 E.69771
G1 X204.988 Y136.255 E.01424
G1 X187.497 Y153.745 E.69771
G1 X186.992 Y153.745 E.01424
G1 X204.483 Y136.255 E.69771
G1 X203.978 Y136.255 E.01424
G1 X186.487 Y153.745 E.69771
G1 X185.982 Y153.745 E.01424
G1 X203.473 Y136.255 E.69771
G1 X202.968 Y136.255 E.01424
G1 X185.477 Y153.745 E.69771
G1 X184.972 Y153.745 E.01424
G1 X202.463 Y136.255 E.69771
G1 X201.958 Y136.255 E.01424
M73 P52 R14
G1 X184.467 Y153.745 E.69771
G1 X183.962 Y153.745 E.01424
G1 X201.453 Y136.255 E.69771
G1 X200.948 Y136.255 E.01424
G1 X183.457 Y153.745 E.69771
G1 X182.952 Y153.745 E.01424
G1 X200.443 Y136.255 E.69771
G1 X199.938 Y136.255 E.01424
G1 X182.447 Y153.745 E.69771
G1 X181.942 Y153.745 E.01424
G1 X199.433 Y136.255 E.69771
G1 X198.928 Y136.255 E.01424
G1 X181.437 Y153.745 E.69771
G1 X180.932 Y153.745 E.01424
G1 X198.423 Y136.255 E.69771
G1 X197.918 Y136.255 E.01424
G1 X180.427 Y153.745 E.69771
G1 X179.922 Y153.745 E.01424
G1 X197.413 Y136.255 E.69771
G1 X196.908 Y136.255 E.01424
G1 X179.417 Y153.745 E.69771
G1 X178.912 Y153.745 E.01424
G1 X196.403 Y136.255 E.69771
G1 X195.898 Y136.255 E.01424
G1 X178.407 Y153.745 E.69771
G1 X177.902 Y153.745 E.01424
G1 X195.393 Y136.255 E.69771
G1 X194.888 Y136.255 E.01424
G1 X177.397 Y153.745 E.69771
G1 X176.892 Y153.745 E.01424
G1 X194.383 Y136.255 E.69771
G1 X193.878 Y136.255 E.01424
G1 X176.387 Y153.745 E.69771
G1 X175.882 Y153.745 E.01424
G1 X193.373 Y136.255 E.69771
G1 X192.868 Y136.255 E.01424
G1 X175.377 Y153.745 E.69771
G1 X174.872 Y153.745 E.01424
G1 X192.363 Y136.255 E.69771
G1 X191.858 Y136.255 E.01424
G1 X174.367 Y153.745 E.69771
G3 X173.878 Y153.73 I-.156 J-2.805 E.01383
G1 X191.353 Y136.255 E.6971
G1 X190.848 Y136.255 E.01424
G1 X173.531 Y153.572 E.6908
G3 X173.317 Y153.281 I1.013 J-.968 E.01022
G1 X190.343 Y136.255 E.67919
G1 X189.838 Y136.255 E.01424
G1 X173.255 Y152.838 E.66153
G1 X173.255 Y152.333 E.01424
G1 X189.333 Y136.255 E.64138
G1 X188.828 Y136.255 E.01424
G1 X173.255 Y151.828 E.62124
G1 X173.255 Y151.323 E.01424
G1 X188.323 Y136.255 E.6011
G1 X187.818 Y136.255 E.01424
G1 X173.255 Y150.818 E.58095
G1 X173.255 Y150.313 E.01424
G1 X187.313 Y136.255 E.56081
G1 X186.808 Y136.255 E.01424
G1 X173.255 Y149.808 E.54066
G1 X173.255 Y149.303 E.01424
G1 X186.303 Y136.255 E.52052
G1 X185.798 Y136.255 E.01424
G1 X173.255 Y148.798 E.50038
G1 X173.255 Y148.293 E.01424
G1 X185.293 Y136.255 E.48023
G1 X184.788 Y136.255 E.01424
G1 X173.255 Y147.788 E.46009
G1 X173.255 Y147.283 E.01424
G1 X184.283 Y136.255 E.43994
G1 X183.778 Y136.255 E.01424
G1 X173.255 Y146.778 E.4198
G1 X173.255 Y146.273 E.01424
G1 X183.273 Y136.255 E.39966
G1 X182.768 Y136.255 E.01424
G1 X173.255 Y145.768 E.37951
G1 X173.255 Y145.263 E.01424
G1 X182.263 Y136.255 E.35937
G1 X181.758 Y136.255 E.01424
G1 X173.255 Y144.758 E.33922
G1 X173.255 Y144.254 E.01424
G1 X181.254 Y136.255 E.31908
G1 X180.749 Y136.255 E.01424
G1 X173.255 Y143.749 E.29894
G1 X173.255 Y143.244 E.01424
G1 X180.244 Y136.255 E.27879
G1 X179.739 Y136.255 E.01424
G1 X173.255 Y142.739 E.25865
G1 X173.255 Y142.234 E.01424
G1 X179.234 Y136.255 E.2385
G1 X178.729 Y136.255 E.01424
G1 X173.255 Y141.729 E.21836
G1 X173.255 Y141.224 E.01424
G1 X178.224 Y136.255 E.19821
G1 X177.719 Y136.255 E.01424
G1 X173.255 Y140.719 E.17807
G1 X173.255 Y140.214 E.01424
G1 X177.214 Y136.255 E.15793
G1 X176.709 Y136.255 E.01424
G1 X173.255 Y139.709 E.13778
G1 X173.255 Y139.204 E.01424
G1 X176.204 Y136.255 E.11764
G1 X175.699 Y136.255 E.01424
G1 X173.255 Y138.699 E.09749
G1 X173.255 Y138.194 E.01424
G1 X175.194 Y136.255 E.07735
G1 X174.689 Y136.255 E.01424
G1 X173.255 Y137.689 E.05721
G1 X173.255 Y137.184 E.01424
G1 X174.344 Y136.094 E.04347
; stop printing object flowrate_m5 id:140666992080768 copy 0
; printing object flowrate_m10 id:1069446856963 copy 0
SET_VELOCITY_LIMIT ACCEL=10000 ACCEL_TO_DECEL=5000
G1 E-.5 F900
G1 Z1.4 F30000
G1 X210.181 Y122.024 Z1.4
G1 Z1.2
G1 E.5 F900
;TYPE:Inner wall
G1 F11201.982
M106 S255
G3 X209.958 Y122.043 I-.2 J-1.043 E.00598
G1 X174.042 Y122.043 E.95976
G3 X172.957 Y120.958 I-.023 J-1.062 E.0458
G1 X172.957 Y105.042 E.42532
G3 X174.042 Y103.957 I1.062 J-.023 E.0458
G1 X209.958 Y103.957 E.95977
G1 X210.108 Y103.97 E.00401
G3 X211.043 Y105.042 I-.115 J1.044 E.04176
G1 X211.043 Y120.958 E.42532
G3 X210.22 Y122.016 I-1.062 J.023 E.03876
G1 X210.243 Y122.376 F30000
G1 F11201.982
G3 X209.974 Y122.4 I-.261 J-1.394 E.00722
G1 X174.026 Y122.4 E.9606
G3 X172.6 Y120.974 I-.008 J-1.418 E.05995
G1 X172.6 Y105.026 E.42616
G3 X174.026 Y103.6 I1.418 J-.008 E.05995
G1 X209.974 Y103.6 E.9606
G1 X210.139 Y103.614 E.00442
G3 X211.4 Y105.026 I-.145 J1.399 E.05549
G1 X211.4 Y120.974 E.42615
G3 X210.282 Y122.368 I-1.418 J.008 E.05166
SET_VELOCITY_LIMIT ACCEL=5000 ACCEL_TO_DECEL=2500
G1 X210.312 Y122.77 F30000
;TYPE:Outer wall
G1 F11201.982
G3 X209.991 Y122.8 I-.33 J-1.788 E.00862
G1 X174.009 Y122.8 E.96153
G3 X172.2 Y120.991 I.01 J-1.818 E.07581
G1 X172.2 Y105.009 E.42709
G3 X174.009 Y103.2 I1.818 J.01 E.07581
G1 X209.991 Y103.2 E.96153
G1 X210.174 Y103.216 E.00489
G3 X211.8 Y105.009 I-.18 J1.797 E.07088
G1 X211.8 Y120.991 E.42709
G3 X210.351 Y122.762 I-1.818 J-.01 E.06612
SET_VELOCITY_LIMIT ACCEL=10000 ACCEL_TO_DECEL=5000
G1 X210.071 Y121.896 F30000
SET_VELOCITY_LIMIT ACCEL=2500 ACCEL_TO_DECEL=1250
;TYPE:Internal Bridge
G1 F4500
G1 X210.681 Y121.286 E.02303
G2 X210.745 Y120.716 I-1.467 J-.455 E.01541
G1 X209.716 Y121.745 E.03889
G1 X209.211 Y121.745 E.01349
G1 X210.745 Y120.211 E.05797
G1 X210.745 Y119.706 E.01349
G1 X208.706 Y121.745 E.07705
G1 X208.201 Y121.745 E.01349
M73 P53 R14
G1 X210.745 Y119.201 E.09614
G1 X210.745 Y118.696 E.01349
G1 X207.696 Y121.745 E.11522
G1 X207.191 Y121.745 E.01349
G1 X210.745 Y118.191 E.13431
G1 X210.745 Y117.687 E.01349
G1 X206.687 Y121.745 E.15339
G1 X206.182 Y121.745 E.01349
G1 X210.745 Y117.182 E.17247
G1 X210.745 Y116.677 E.01349
G1 X205.677 Y121.745 E.19156
G1 X205.172 Y121.745 E.01349
G1 X210.745 Y116.172 E.21064
G1 X210.745 Y115.667 E.01349
G1 X204.667 Y121.745 E.22972
G1 X204.162 Y121.745 E.01349
G1 X210.745 Y115.162 E.24881
G1 X210.745 Y114.657 E.01349
G1 X203.657 Y121.745 E.26789
G1 X203.152 Y121.745 E.01349
G1 X210.745 Y114.152 E.28698
G1 X210.745 Y113.647 E.01349
G1 X202.647 Y121.745 E.30606
G1 X202.142 Y121.745 E.01349
G1 X210.745 Y113.142 E.32514
G1 X210.745 Y112.637 E.01349
G1 X201.637 Y121.745 E.34423
G1 X201.132 Y121.745 E.01349
G1 X210.745 Y112.132 E.36331
G1 X210.745 Y111.627 E.01349
G1 X200.627 Y121.745 E.3824
G1 X200.122 Y121.745 E.01349
G1 X210.745 Y111.122 E.40148
G1 X210.745 Y110.617 E.01349
G1 X199.617 Y121.745 E.42056
G1 X199.112 Y121.745 E.01349
G1 X210.745 Y110.112 E.43965
G1 X210.745 Y109.607 E.01349
G1 X198.607 Y121.745 E.45873
G1 X198.102 Y121.745 E.01349
G1 X210.745 Y109.102 E.47781
G1 X210.745 Y108.597 E.01349
G1 X197.597 Y121.745 E.4969
G1 X197.092 Y121.745 E.01349
G1 X210.745 Y108.092 E.51598
G1 X210.745 Y107.587 E.01349
G1 X196.587 Y121.745 E.53507
G1 X196.082 Y121.745 E.01349
G1 X210.745 Y107.082 E.55415
G1 X210.745 Y106.577 E.01349
G1 X195.577 Y121.745 E.57323
G1 X195.072 Y121.745 E.01349
G1 X210.745 Y106.072 E.59232
G1 X210.745 Y105.567 E.01349
G1 X194.567 Y121.745 E.6114
G1 X194.062 Y121.745 E.01349
G1 X210.745 Y105.062 E.63049
G2 X210.651 Y104.651 I-.929 J-.004 E.01136
G1 X193.557 Y121.745 E.64601
G1 X193.052 Y121.745 E.01349
G1 X210.411 Y104.387 E.656
G2 X210.03 Y104.262 I-.434 J.682 E.01081
G1 X192.547 Y121.745 E.66071
G1 X192.042 Y121.745 E.01349
G1 X209.533 Y104.255 E.66099
G1 X209.028 Y104.255 E.01349
G1 X191.537 Y121.745 E.66099
G1 X191.032 Y121.745 E.01349
G1 X208.523 Y104.255 E.66099
G1 X208.018 Y104.255 E.01349
G1 X190.527 Y121.745 E.66099
G1 X190.022 Y121.745 E.01349
G1 X207.513 Y104.255 E.66099
G1 X207.008 Y104.255 E.01349
G1 X189.517 Y121.745 E.66099
G1 X189.012 Y121.745 E.01349
G1 X206.503 Y104.255 E.66099
G1 X205.998 Y104.255 E.01349
G1 X188.507 Y121.745 E.66099
G1 X188.002 Y121.745 E.01349
G1 X205.493 Y104.255 E.66099
G1 X204.988 Y104.255 E.01349
G1 X187.497 Y121.745 E.66099
G1 X186.992 Y121.745 E.01349
G1 X204.483 Y104.255 E.66099
G1 X203.978 Y104.255 E.01349
G1 X186.487 Y121.745 E.66099
G1 X185.982 Y121.745 E.01349
G1 X203.473 Y104.255 E.66099
G1 X202.968 Y104.255 E.01349
G1 X185.477 Y121.745 E.66099
G1 X184.972 Y121.745 E.01349
G1 X202.463 Y104.255 E.66099
G1 X201.958 Y104.255 E.01349
G1 X184.467 Y121.745 E.66099
G1 X183.962 Y121.745 E.01349
G1 X201.453 Y104.255 E.66099
G1 X200.948 Y104.255 E.01349
G1 X183.457 Y121.745 E.66099
G1 X182.952 Y121.745 E.01349
G1 X200.443 Y104.255 E.66099
G1 X199.938 Y104.255 E.01349
G1 X182.447 Y121.745 E.66099
G1 X181.942 Y121.745 E.01349
G1 X199.433 Y104.255 E.66099
G1 X198.928 Y104.255 E.01349
G1 X181.437 Y121.745 E.66099
G1 X180.932 Y121.745 E.01349
G1 X198.423 Y104.255 E.66099
G1 X197.918 Y104.255 E.01349
G1 X180.427 Y121.745 E.66099
G1 X179.922 Y121.745 E.01349
G1 X197.413 Y104.255 E.66099
G1 X196.908 Y104.255 E.01349
G1 X179.417 Y121.745 E.66099
G1 X178.912 Y121.745 E.01349
G1 X196.403 Y104.255 E.66099
G1 X195.898 Y104.255 E.01349
G1 X178.407 Y121.745 E.66099
G1 X177.902 Y121.745 E.01349
G1 X195.393 Y104.255 E.66099
G1 X194.888 Y104.255 E.01349
G1 X177.397 Y121.745 E.66099
G1 X176.892 Y121.745 E.01349
M73 P54 R14
G1 X194.383 Y104.255 E.66099
G1 X193.878 Y104.255 E.01349
G1 X176.387 Y121.745 E.66099
G1 X175.882 Y121.745 E.01349
G1 X193.373 Y104.255 E.66099
G1 X192.868 Y104.255 E.01349
G1 X175.377 Y121.745 E.66099
G1 X174.872 Y121.745 E.01349
G1 X192.363 Y104.255 E.66099
G1 X191.858 Y104.255 E.01349
G1 X174.367 Y121.745 E.66099
G3 X173.878 Y121.73 I-.156 J-2.805 E.0131
G1 X191.353 Y104.255 E.66041
G1 X190.848 Y104.255 E.01349
G1 X173.531 Y121.572 E.65444
G3 X173.317 Y121.281 I1.013 J-.968 E.00968
G1 X190.343 Y104.255 E.64344
G1 X189.838 Y104.255 E.01349
G1 X173.255 Y120.838 E.62671
G1 X173.255 Y120.333 E.01349
G1 X189.333 Y104.255 E.60763
G1 X188.828 Y104.255 E.01349
G1 X173.255 Y119.828 E.58854
G1 X173.255 Y119.323 E.01349
G1 X188.323 Y104.255 E.56946
G1 X187.818 Y104.255 E.01349
G1 X173.255 Y118.818 E.55038
G1 X173.255 Y118.313 E.01349
G1 X187.313 Y104.255 E.53129
G1 X186.808 Y104.255 E.01349
G1 X173.255 Y117.808 E.51221
G1 X173.255 Y117.303 E.01349
G1 X186.303 Y104.255 E.49312
G1 X185.798 Y104.255 E.01349
G1 X173.255 Y116.798 E.47404
G1 X173.255 Y116.293 E.01349
G1 X185.293 Y104.255 E.45496
G1 X184.788 Y104.255 E.01349
G1 X173.255 Y115.788 E.43587
G1 X173.255 Y115.283 E.01349
G1 X184.283 Y104.255 E.41679
G1 X183.778 Y104.255 E.01349
G1 X173.255 Y114.778 E.3977
G1 X173.255 Y114.273 E.01349
G1 X183.273 Y104.255 E.37862
G1 X182.768 Y104.255 E.01349
G1 X173.255 Y113.768 E.35954
G1 X173.255 Y113.263 E.01349
G1 X182.263 Y104.255 E.34045
G1 X181.758 Y104.255 E.01349
G1 X173.255 Y112.758 E.32137
G1 X173.255 Y112.254 E.01349
G1 X181.254 Y104.255 E.30229
G1 X180.749 Y104.255 E.01349
G1 X173.255 Y111.749 E.2832
G1 X173.255 Y111.244 E.01349
G1 X180.244 Y104.255 E.26412
G1 X179.739 Y104.255 E.01349
G1 X173.255 Y110.739 E.24503
G1 X173.255 Y110.234 E.01349
G1 X179.234 Y104.255 E.22595
G1 X178.729 Y104.255 E.01349
G1 X173.255 Y109.729 E.20687
G1 X173.255 Y109.224 E.01349
G1 X178.224 Y104.255 E.18778
G1 X177.719 Y104.255 E.01349
G1 X173.255 Y108.719 E.1687
G1 X173.255 Y108.214 E.01349
G1 X177.214 Y104.255 E.14961
G1 X176.709 Y104.255 E.01349
G1 X173.255 Y107.709 E.13053
G1 X173.255 Y107.204 E.01349
G1 X176.204 Y104.255 E.11145
G1 X175.699 Y104.255 E.01349
G1 X173.255 Y106.699 E.09236
G1 X173.255 Y106.194 E.01349
G1 X175.194 Y104.255 E.07328
G1 X174.689 Y104.255 E.01349
G1 X173.255 Y105.689 E.0542
G1 X173.255 Y105.184 E.01349
G1 X174.344 Y104.094 E.04118
; stop printing object flowrate_m10 id:1069446856963 copy 0
; printing object flowrate_m15 id:1120986464517 copy 0
SET_VELOCITY_LIMIT ACCEL=10000 ACCEL_TO_DECEL=5000
G1 E-.5 F900
G1 Z1.4 F30000
G1 X168.517 Y104.104 Z1.4
G1 Z1.2
G1 E.5 F900
;TYPE:Inner wall
G1 F11860.923
M106 S255
G3 X169.043 Y105.042 I-.524 J.91 E.02848
G1 X169.043 Y120.958 E.40169
G3 X167.958 Y122.043 I-1.062 J.023 E.04326
G1 X132.042 Y122.043 E.90644
G3 X130.957 Y120.958 I-.023 J-1.062 E.04326
G1 X130.957 Y105.042 E.40169
G3 X132.042 Y103.957 I1.062 J-.023 E.04326
G1 X167.958 Y103.957 E.90645
G1 X168.108 Y103.97 E.00378
G3 X168.482 Y104.085 I-.115 J1.044 E.00995
G1 X168.696 Y103.795 F30000
G1 F11860.923
G3 X169.4 Y105.026 I-.702 J1.219 E.03752
G1 X169.4 Y120.974 E.40248
G3 X167.974 Y122.4 I-1.418 J.008 E.05662
G1 X132.026 Y122.4 E.90723
G3 X130.6 Y120.974 I-.008 J-1.418 E.05662
G1 X130.6 Y105.026 E.40248
G3 X132.026 Y103.6 I1.418 J-.008 E.05662
G1 X167.974 Y103.6 E.90723
G1 X168.139 Y103.614 E.00418
G3 X168.661 Y103.775 I-.145 J1.399 E.01388
SET_VELOCITY_LIMIT ACCEL=5000 ACCEL_TO_DECEL=2500
G1 X168.896 Y103.448 F30000
;TYPE:Outer wall
G1 F11860.923
G3 X169.8 Y105.009 I-.902 J1.565 E.04765
G1 X169.8 Y120.991 E.40336
G3 X167.991 Y122.8 I-1.818 J-.01 E.0716
G1 X132.009 Y122.8 E.90811
G3 X130.2 Y120.991 I.01 J-1.818 E.0716
G1 X130.2 Y105.009 E.40336
G3 X132.009 Y103.2 I1.818 J.01 E.0716
G1 X167.991 Y103.2 E.90811
G1 X168.174 Y103.216 E.00462
G3 X168.861 Y103.429 I-.18 J1.797 E.01828
SET_VELOCITY_LIMIT ACCEL=10000 ACCEL_TO_DECEL=5000
G1 E-.5 F900
G1 Z1.4 F30000
G1 X168.071 Y121.896 Z1.4
G1 Z1.2
G1 E.5 F900
SET_VELOCITY_LIMIT ACCEL=2500 ACCEL_TO_DECEL=1250
;TYPE:Internal Bridge
G1 F4500
G1 X168.681 Y121.286 E.02175
G2 X168.745 Y120.716 I-1.467 J-.455 E.01456
G1 X167.716 Y121.745 E.03673
G1 X167.211 Y121.745 E.01274
G1 X168.745 Y120.211 E.05475
G1 X168.745 Y119.706 E.01274
G1 X166.706 Y121.745 E.07277
G1 X166.201 Y121.745 E.01274
G1 X168.745 Y119.201 E.0908
G1 X168.745 Y118.696 E.01274
G1 X165.696 Y121.745 E.10882
G1 X165.191 Y121.745 E.01274
G1 X168.745 Y118.191 E.12684
G1 X168.745 Y117.687 E.01274
G1 X164.687 Y121.745 E.14487
G1 X164.182 Y121.745 E.01274
G1 X168.745 Y117.182 E.16289
G1 X168.745 Y116.677 E.01274
G1 X163.677 Y121.745 E.18091
G1 X163.172 Y121.745 E.01274
G1 X168.745 Y116.172 E.19894
G1 X168.745 Y115.667 E.01274
G1 X162.667 Y121.745 E.21696
G1 X162.162 Y121.745 E.01274
G1 X168.745 Y115.162 E.23499
G1 X168.745 Y114.657 E.01274
G1 X161.657 Y121.745 E.25301
G1 X161.152 Y121.745 E.01274
G1 X168.745 Y114.152 E.27103
G1 X168.745 Y113.647 E.01274
M73 P54 R13
G1 X160.647 Y121.745 E.28906
G1 X160.142 Y121.745 E.01274
G1 X168.745 Y113.142 E.30708
G1 X168.745 Y112.637 E.01274
G1 X159.637 Y121.745 E.3251
G1 X159.132 Y121.745 E.01274
G1 X168.745 Y112.132 E.34313
G1 X168.745 Y111.627 E.01274
G1 X158.627 Y121.745 E.36115
G1 X158.122 Y121.745 E.01274
G1 X168.745 Y111.122 E.37917
G1 X168.745 Y110.617 E.01274
G1 X157.617 Y121.745 E.3972
G1 X157.112 Y121.745 E.01274
G1 X168.745 Y110.112 E.41522
G1 X168.745 Y109.607 E.01274
G1 X156.607 Y121.745 E.43325
G1 X156.102 Y121.745 E.01274
G1 X168.745 Y109.102 E.45127
G1 X168.745 Y108.597 E.01274
G1 X155.597 Y121.745 E.46929
G1 X155.092 Y121.745 E.01274
G1 X168.745 Y108.092 E.48732
G1 X168.745 Y107.587 E.01274
G1 X154.587 Y121.745 E.50534
G1 X154.082 Y121.745 E.01274
G1 X168.745 Y107.082 E.52336
G1 X168.745 Y106.577 E.01274
G1 X153.577 Y121.745 E.54139
G1 X153.072 Y121.745 E.01274
M73 P55 R13
G1 X168.745 Y106.072 E.55941
G1 X168.745 Y105.567 E.01274
G1 X152.567 Y121.745 E.57743
G1 X152.062 Y121.745 E.01274
G1 X168.745 Y105.062 E.59546
G2 X168.651 Y104.651 I-.929 J-.004 E.01073
G1 X151.557 Y121.745 E.61012
G1 X151.052 Y121.745 E.01274
G1 X168.411 Y104.387 E.61955
G2 X168.03 Y104.262 I-.434 J.682 E.01021
G1 X150.547 Y121.745 E.62401
G1 X150.042 Y121.745 E.01274
G1 X167.533 Y104.255 E.62427
G1 X167.028 Y104.255 E.01274
G1 X149.537 Y121.745 E.62427
G1 X149.032 Y121.745 E.01274
G1 X166.523 Y104.255 E.62427
G1 X166.018 Y104.255 E.01274
G1 X148.527 Y121.745 E.62427
G1 X148.022 Y121.745 E.01274
G1 X165.513 Y104.255 E.62427
G1 X165.008 Y104.255 E.01274
G1 X147.517 Y121.745 E.62427
G1 X147.012 Y121.745 E.01274
G1 X164.503 Y104.255 E.62427
G1 X163.998 Y104.255 E.01274
G1 X146.507 Y121.745 E.62427
G1 X146.002 Y121.745 E.01274
G1 X163.493 Y104.255 E.62427
G1 X162.988 Y104.255 E.01274
G1 X145.497 Y121.745 E.62427
G1 X144.992 Y121.745 E.01274
G1 X162.483 Y104.255 E.62427
G1 X161.978 Y104.255 E.01274
G1 X144.487 Y121.745 E.62427
G1 X143.982 Y121.745 E.01274
G1 X161.473 Y104.255 E.62427
G1 X160.968 Y104.255 E.01274
G1 X143.477 Y121.745 E.62427
G1 X142.972 Y121.745 E.01274
G1 X160.463 Y104.255 E.62427
G1 X159.958 Y104.255 E.01274
G1 X142.467 Y121.745 E.62427
G1 X141.962 Y121.745 E.01274
G1 X159.453 Y104.255 E.62427
G1 X158.948 Y104.255 E.01274
G1 X141.457 Y121.745 E.62427
G1 X140.952 Y121.745 E.01274
G1 X158.443 Y104.255 E.62427
G1 X157.938 Y104.255 E.01274
G1 X140.447 Y121.745 E.62427
G1 X139.942 Y121.745 E.01274
G1 X157.433 Y104.255 E.62427
G1 X156.928 Y104.255 E.01274
G1 X139.437 Y121.745 E.62427
G1 X138.932 Y121.745 E.01274
G1 X156.423 Y104.255 E.62427
G1 X155.918 Y104.255 E.01274
G1 X138.427 Y121.745 E.62427
G1 X137.922 Y121.745 E.01274
G1 X155.413 Y104.255 E.62427
G1 X154.908 Y104.255 E.01274
G1 X137.417 Y121.745 E.62427
G1 X136.912 Y121.745 E.01274
G1 X154.403 Y104.255 E.62427
G1 X153.898 Y104.255 E.01274
G1 X136.407 Y121.745 E.62427
G1 X135.902 Y121.745 E.01274
G1 X153.393 Y104.255 E.62427
G1 X152.888 Y104.255 E.01274
G1 X135.397 Y121.745 E.62427
G1 X134.892 Y121.745 E.01274
G1 X152.383 Y104.255 E.62427
G1 X151.878 Y104.255 E.01274
G1 X134.387 Y121.745 E.62427
G1 X133.882 Y121.745 E.01274
G1 X151.373 Y104.255 E.62427
G1 X150.868 Y104.255 E.01274
G1 X133.377 Y121.745 E.62427
G1 X132.872 Y121.745 E.01274
G1 X150.363 Y104.255 E.62427
G1 X149.858 Y104.255 E.01274
G1 X132.367 Y121.745 E.62427
G3 X131.878 Y121.73 I-.156 J-2.805 E.01238
G1 X149.353 Y104.255 E.62372
G1 X148.848 Y104.255 E.01274
G1 X131.531 Y121.572 E.61809
G3 X131.317 Y121.281 I1.013 J-.968 E.00914
G1 X148.343 Y104.255 E.60769
G1 X147.838 Y104.255 E.01274
G1 X131.255 Y120.838 E.59189
G1 X131.255 Y120.333 E.01274
G1 X147.333 Y104.255 E.57387
G1 X146.828 Y104.255 E.01274
G1 X131.255 Y119.828 E.55585
G1 X131.255 Y119.323 E.01274
G1 X146.323 Y104.255 E.53782
G1 X145.818 Y104.255 E.01274
G1 X131.255 Y118.818 E.5198
G1 X131.255 Y118.313 E.01274
G1 X145.313 Y104.255 E.50178
G1 X144.808 Y104.255 E.01274
M73 P56 R13
G1 X131.255 Y117.808 E.48375
G1 X131.255 Y117.303 E.01274
G1 X144.303 Y104.255 E.46573
G1 X143.798 Y104.255 E.01274
G1 X131.255 Y116.798 E.4477
G1 X131.255 Y116.293 E.01274
G1 X143.293 Y104.255 E.42968
G1 X142.788 Y104.255 E.01274
G1 X131.255 Y115.788 E.41166
G1 X131.255 Y115.283 E.01274
G1 X142.283 Y104.255 E.39363
G1 X141.778 Y104.255 E.01274
G1 X131.255 Y114.778 E.37561
G1 X131.255 Y114.273 E.01274
G1 X141.273 Y104.255 E.35759
G1 X140.768 Y104.255 E.01274
G1 X131.255 Y113.768 E.33956
G1 X131.255 Y113.263 E.01274
G1 X140.263 Y104.255 E.32154
G1 X139.758 Y104.255 E.01274
G1 X131.255 Y112.758 E.30352
G1 X131.255 Y112.254 E.01274
G1 X139.254 Y104.255 E.28549
G1 X138.749 Y104.255 E.01274
G1 X131.255 Y111.749 E.26747
G1 X131.255 Y111.244 E.01274
G1 X138.244 Y104.255 E.24944
G1 X137.739 Y104.255 E.01274
G1 X131.255 Y110.739 E.23142
G1 X131.255 Y110.234 E.01274
G1 X137.234 Y104.255 E.2134
G1 X136.729 Y104.255 E.01274
G1 X131.255 Y109.729 E.19537
G1 X131.255 Y109.224 E.01274
G1 X136.224 Y104.255 E.17735
G1 X135.719 Y104.255 E.01274
G1 X131.255 Y108.719 E.15933
G1 X131.255 Y108.214 E.01274
G1 X135.214 Y104.255 E.1413
G1 X134.709 Y104.255 E.01274
G1 X131.255 Y107.709 E.12328
G1 X131.255 Y107.204 E.01274
G1 X134.204 Y104.255 E.10526
G1 X133.699 Y104.255 E.01274
G1 X131.255 Y106.699 E.08723
G1 X131.255 Y106.194 E.01274
G1 X133.194 Y104.255 E.06921
G1 X132.689 Y104.255 E.01274
G1 X131.255 Y105.689 E.05118
G1 X131.255 Y105.184 E.01274
G1 X132.344 Y104.094 E.0389
; stop printing object flowrate_m15 id:1120986464517 copy 0
; printing object flowrate_0 id:24 copy 0
SET_VELOCITY_LIMIT ACCEL=10000 ACCEL_TO_DECEL=5000
G1 E-.5 F900
G1 Z1.4 F30000
G1 X168.517 Y136.104 Z1.4
G1 Z1.2
G1 E.5 F900
;TYPE:Inner wall
G1 F10081.784
M106 S255
G3 X169.043 Y137.042 I-.524 J.91 E.03351
G1 X169.043 Y152.958 E.47258
G3 X167.958 Y154.043 I-1.062 J.023 E.05089
G1 X132.042 Y154.043 E1.0664
G3 X130.957 Y152.958 I-.023 J-1.062 E.05089
G1 X130.957 Y137.042 E.47258
G3 X132.042 Y135.957 I1.062 J-.023 E.05089
G1 X167.958 Y135.957 E1.06641
G1 X168.108 Y135.97 E.00445
G3 X168.482 Y136.085 I-.115 J1.044 E.0117
G1 X168.696 Y135.795 F30000
G1 F10081.784
G3 X169.4 Y137.026 I-.702 J1.219 E.04414
G1 X169.4 Y152.974 E.4735
G3 X167.974 Y154.4 I-1.418 J.008 E.06662
G1 X132.026 Y154.4 E1.06733
G3 X130.6 Y152.974 I-.008 J-1.418 E.06662
G1 X130.6 Y137.026 E.47351
G3 X132.026 Y135.6 I1.418 J-.008 E.06662
G1 X167.974 Y135.6 E1.06733
G1 X168.139 Y135.614 E.00491
G3 X168.661 Y135.775 I-.145 J1.399 E.01633
SET_VELOCITY_LIMIT ACCEL=5000 ACCEL_TO_DECEL=2500
G1 X168.896 Y135.448 F30000
;TYPE:Outer wall
G1 F10081.784
G3 X169.8 Y137.009 I-.902 J1.565 E.05606
G1 X169.8 Y152.991 E.47454
G3 X167.991 Y154.8 I-1.818 J-.01 E.08424
G1 X132.009 Y154.8 E1.06837
G3 X130.2 Y152.991 I.01 J-1.818 E.08424
G1 X130.2 Y137.009 E.47454
G3 X132.009 Y135.2 I1.818 J.01 E.08424
G1 X167.991 Y135.2 E1.06837
G1 X168.174 Y135.216 E.00543
G3 X168.861 Y135.429 I-.18 J1.798 E.02151
SET_VELOCITY_LIMIT ACCEL=10000 ACCEL_TO_DECEL=5000
G1 E-.5 F900
G1 Z1.4 F30000
G1 X168.071 Y153.896 Z1.4
G1 Z1.2
G1 E.5 F900
SET_VELOCITY_LIMIT ACCEL=2500 ACCEL_TO_DECEL=1250
;TYPE:Internal Bridge
G1 F4500
G1 X168.681 Y153.286 E.02559
G2 X168.745 Y152.716 I-1.467 J-.455 E.01713
G1 X167.716 Y153.745 E.04321
G1 X167.211 Y153.745 E.01499
G1 X168.745 Y152.211 E.06441
G1 X168.745 Y151.706 E.01499
G1 X166.706 Y153.745 E.08562
G1 X166.201 Y153.745 E.01499
G1 X168.745 Y151.201 E.10682
G1 X168.745 Y150.696 E.01499
G1 X165.696 Y153.745 E.12802
G1 X165.191 Y153.745 E.01499
G1 X168.745 Y150.191 E.14923
G1 X168.745 Y149.687 E.01499
G1 X164.687 Y153.745 E.17043
G1 X164.182 Y153.745 E.01499
G1 X168.745 Y149.182 E.19164
G1 X168.745 Y148.677 E.01499
G1 X163.677 Y153.745 E.21284
G1 X163.172 Y153.745 E.01499
G1 X168.745 Y148.172 E.23405
G1 X168.745 Y147.667 E.01499
G1 X162.667 Y153.745 E.25525
G1 X162.162 Y153.745 E.01499
G1 X168.745 Y147.162 E.27645
G1 X168.745 Y146.657 E.01499
G1 X161.657 Y153.745 E.29766
G1 X161.152 Y153.745 E.01499
G1 X168.745 Y146.152 E.31886
G1 X168.745 Y145.647 E.01499
G1 X160.647 Y153.745 E.34007
G1 X160.142 Y153.745 E.01499
G1 X168.745 Y145.142 E.36127
G1 X168.745 Y144.637 E.01499
G1 X159.637 Y153.745 E.38248
G1 X159.132 Y153.745 E.01499
G1 X168.745 Y144.132 E.40368
G1 X168.745 Y143.627 E.01499
G1 X158.627 Y153.745 E.42488
G1 X158.122 Y153.745 E.01499
G1 X168.745 Y143.122 E.44609
G1 X168.745 Y142.617 E.01499
G1 X157.617 Y153.745 E.46729
G1 X157.112 Y153.745 E.01499
G1 X168.745 Y142.112 E.4885
G1 X168.745 Y141.607 E.01499
G1 X156.607 Y153.745 E.5097
G1 X156.102 Y153.745 E.01499
G1 X168.745 Y141.102 E.53091
G1 X168.745 Y140.597 E.01499
G1 X155.597 Y153.745 E.55211
G1 X155.092 Y153.745 E.01499
G1 X168.745 Y140.092 E.57331
G1 X168.745 Y139.587 E.01499
G1 X154.587 Y153.745 E.59452
G1 X154.082 Y153.745 E.01499
G1 X168.745 Y139.082 E.61572
G1 X168.745 Y138.577 E.01499
G1 X153.577 Y153.745 E.63693
G1 X153.072 Y153.745 E.01499
G1 X168.745 Y138.072 E.65813
G1 X168.745 Y137.567 E.01499
G1 X152.567 Y153.745 E.67933
G1 X152.062 Y153.745 E.01499
G1 X168.745 Y137.062 E.70054
G2 X168.651 Y136.651 I-.929 J-.004 E.01263
G1 X151.557 Y153.745 E.71779
G1 X151.052 Y153.745 E.01499
G1 X168.411 Y136.387 E.72889
G2 X168.03 Y136.262 I-.434 J.682 E.01201
G1 X150.547 Y153.745 E.73412
G1 X150.042 Y153.745 E.01499
G1 X167.533 Y136.255 E.73444
G1 X167.028 Y136.255 E.01499
G1 X149.537 Y153.745 E.73444
G1 X149.032 Y153.745 E.01499
G1 X166.523 Y136.255 E.73444
G1 X166.018 Y136.255 E.01499
G1 X148.527 Y153.745 E.73444
G1 X148.022 Y153.745 E.01499
G1 X165.513 Y136.255 E.73444
G1 X165.008 Y136.255 E.01499
G1 X147.517 Y153.745 E.73444
G1 X147.012 Y153.745 E.01499
G1 X164.503 Y136.255 E.73444
G1 X163.998 Y136.255 E.01499
G1 X146.507 Y153.745 E.73444
G1 X146.002 Y153.745 E.01499
M73 P57 R13
G1 X163.493 Y136.255 E.73444
G1 X162.988 Y136.255 E.01499
G1 X145.497 Y153.745 E.73444
G1 X144.992 Y153.745 E.01499
G1 X162.483 Y136.255 E.73444
G1 X161.978 Y136.255 E.01499
G1 X144.487 Y153.745 E.73444
G1 X143.982 Y153.745 E.01499
G1 X161.473 Y136.255 E.73444
G1 X160.968 Y136.255 E.01499
G1 X143.477 Y153.745 E.73444
G1 X142.972 Y153.745 E.01499
G1 X160.463 Y136.255 E.73444
G1 X159.958 Y136.255 E.01499
G1 X142.467 Y153.745 E.73444
G1 X141.962 Y153.745 E.01499
G1 X159.453 Y136.255 E.73444
G1 X158.948 Y136.255 E.01499
G1 X141.457 Y153.745 E.73444
G1 X140.952 Y153.745 E.01499
G1 X158.443 Y136.255 E.73444
G1 X157.938 Y136.255 E.01499
G1 X140.447 Y153.745 E.73444
G1 X139.942 Y153.745 E.01499
G1 X157.433 Y136.255 E.73444
G1 X156.928 Y136.255 E.01499
G1 X139.437 Y153.745 E.73444
G1 X138.932 Y153.745 E.01499
G1 X156.423 Y136.255 E.73444
G1 X155.918 Y136.255 E.01499
G1 X138.427 Y153.745 E.73444
G1 X137.922 Y153.745 E.01499
G1 X155.413 Y136.255 E.73444
G1 X154.908 Y136.255 E.01499
G1 X137.417 Y153.745 E.73444
G1 X136.912 Y153.745 E.01499
G1 X154.403 Y136.255 E.73444
G1 X153.898 Y136.255 E.01499
G1 X136.407 Y153.745 E.73444
G1 X135.902 Y153.745 E.01499
G1 X153.393 Y136.255 E.73444
G1 X152.888 Y136.255 E.01499
G1 X135.397 Y153.745 E.73444
G1 X134.892 Y153.745 E.01499
G1 X152.383 Y136.255 E.73444
G1 X151.878 Y136.255 E.01499
G1 X134.387 Y153.745 E.73444
G1 X133.882 Y153.745 E.01499
G1 X151.373 Y136.255 E.73444
G1 X150.868 Y136.255 E.01499
G1 X133.377 Y153.745 E.73444
G1 X132.872 Y153.745 E.01499
G1 X150.363 Y136.255 E.73444
G1 X149.858 Y136.255 E.01499
G1 X132.367 Y153.745 E.73444
G3 X131.878 Y153.73 I-.156 J-2.805 E.01456
G1 X149.353 Y136.255 E.73379
G1 X148.848 Y136.255 E.01499
G1 X131.531 Y153.572 E.72716
G3 X131.317 Y153.281 I1.013 J-.968 E.01076
G1 X148.343 Y136.255 E.71493
G1 X147.838 Y136.255 E.01499
G1 X131.255 Y152.838 E.69635
G1 X131.255 Y152.333 E.01499
G1 X147.333 Y136.255 E.67514
G1 X146.828 Y136.255 E.01499
G1 X131.255 Y151.828 E.65394
G1 X131.255 Y151.323 E.01499
G1 X146.323 Y136.255 E.63273
G1 X145.818 Y136.255 E.01499
G1 X131.255 Y150.818 E.61153
G1 X131.255 Y150.313 E.01499
G1 X145.313 Y136.255 E.59032
G1 X144.808 Y136.255 E.01499
G1 X131.255 Y149.808 E.56912
G1 X131.255 Y149.303 E.01499
G1 X144.303 Y136.255 E.54792
G1 X143.798 Y136.255 E.01499
G1 X131.255 Y148.798 E.52671
G1 X131.255 Y148.293 E.01499
G1 X143.293 Y136.255 E.50551
G1 X142.788 Y136.255 E.01499
G1 X131.255 Y147.788 E.4843
G1 X131.255 Y147.283 E.01499
G1 X142.283 Y136.255 E.4631
G1 X141.778 Y136.255 E.01499
G1 X131.255 Y146.778 E.44189
G1 X131.255 Y146.273 E.01499
G1 X141.273 Y136.255 E.42069
G1 X140.768 Y136.255 E.01499
G1 X131.255 Y145.768 E.39949
G1 X131.255 Y145.263 E.01499
G1 X140.263 Y136.255 E.37828
G1 X139.758 Y136.255 E.01499
G1 X131.255 Y144.758 E.35708
G1 X131.255 Y144.254 E.01499
G1 X139.254 Y136.255 E.33587
G1 X138.749 Y136.255 E.01499
G1 X131.255 Y143.749 E.31467
G1 X131.255 Y143.244 E.01499
G1 X138.244 Y136.255 E.29346
G1 X137.739 Y136.255 E.01499
G1 X131.255 Y142.739 E.27226
G1 X131.255 Y142.234 E.01499
G1 X137.234 Y136.255 E.25106
G1 X136.729 Y136.255 E.01499
G1 X131.255 Y141.729 E.22985
G1 X131.255 Y141.224 E.01499
G1 X136.224 Y136.255 E.20865
G1 X135.719 Y136.255 E.01499
G1 X131.255 Y140.719 E.18744
G1 X131.255 Y140.214 E.01499
G1 X135.214 Y136.255 E.16624
G1 X134.709 Y136.255 E.01499
G1 X131.255 Y139.709 E.14503
G1 X131.255 Y139.204 E.01499
G1 X134.204 Y136.255 E.12383
G1 X133.699 Y136.255 E.01499
G1 X131.255 Y138.699 E.10263
G1 X131.255 Y138.194 E.01499
G1 X133.194 Y136.255 E.08142
G1 X132.689 Y136.255 E.01499
G1 X131.255 Y137.689 E.06022
G1 X131.255 Y137.184 E.01499
G1 X132.344 Y136.094 E.04576
; stop printing object flowrate_0 id:24 copy 0
; printing object flowrate_15 id:0 copy 0
SET_VELOCITY_LIMIT ACCEL=10000 ACCEL_TO_DECEL=5000
G1 E-.5 F900
G1 Z1.4 F30000
G1 X168.517 Y168.104 Z1.4
G1 Z1.2
M73 P58 R13
G1 E.5 F900
;TYPE:Inner wall
G1 F8766.769
M106 S255
G3 X169.043 Y169.042 I-.524 J.91 E.03853
G1 X169.043 Y184.958 E.54347
G3 X167.958 Y186.043 I-1.062 J.023 E.05853
G1 X132.042 Y186.043 E1.22637
G3 X130.957 Y184.958 I-.023 J-1.062 E.05853
M73 P58 R12
G1 X130.957 Y169.042 E.54347
G3 X132.042 Y167.957 I1.062 J-.023 E.05852
G1 X167.958 Y167.957 E1.22637
G1 X168.108 Y167.97 E.00512
G3 X168.482 Y168.085 I-.115 J1.044 E.01346
G1 X168.696 Y167.795 F30000
G1 F8766.769
G3 X169.4 Y169.026 I-.702 J1.219 E.05077
G1 X169.4 Y184.974 E.54453
G3 X167.974 Y186.4 I-1.418 J.008 E.07661
G1 X132.026 Y186.4 E1.22743
G3 X130.6 Y184.974 I-.008 J-1.418 E.07661
G1 X130.6 Y169.026 E.54453
G3 X132.026 Y167.6 I1.418 J-.008 E.07661
G1 X167.974 Y167.6 E1.22743
G1 X168.139 Y167.614 E.00565
G3 X168.661 Y167.775 I-.145 J1.399 E.01878
SET_VELOCITY_LIMIT ACCEL=5000 ACCEL_TO_DECEL=2500
G1 X168.896 Y167.448 F30000
;TYPE:Outer wall
G1 F8766.769
G3 X169.8 Y169.009 I-.902 J1.565 E.06447
G1 X169.8 Y184.991 E.54572
G3 X167.991 Y186.8 I-1.818 J-.01 E.09687
G1 X132.009 Y186.8 E1.22862
G3 X130.2 Y184.991 I.01 J-1.818 E.09687
G1 X130.2 Y169.009 E.54572
G3 X132.009 Y167.2 I1.818 J.01 E.09687
G1 X167.991 Y167.2 E1.22862
G1 X168.174 Y167.216 E.00625
G3 X168.861 Y167.429 I-.18 J1.797 E.02474
SET_VELOCITY_LIMIT ACCEL=10000 ACCEL_TO_DECEL=5000
G1 E-.5 F900
G1 Z1.4 F30000
G1 X168.071 Y185.896 Z1.4
G1 Z1.2
G1 E.5 F900
SET_VELOCITY_LIMIT ACCEL=2500 ACCEL_TO_DECEL=1250
;TYPE:Internal Bridge
G1 F4500
G1 X168.681 Y185.286 E.02943
G2 X168.745 Y184.716 I-1.466 J-.455 E.0197
G1 X167.716 Y185.745 E.04969
G1 X167.211 Y185.745 E.01724
G1 X168.745 Y184.211 E.07407
G1 X168.745 Y183.706 E.01724
G1 X166.706 Y185.745 E.09846
G1 X166.201 Y185.745 E.01724
G1 X168.745 Y183.201 E.12284
G1 X168.745 Y182.696 E.01724
G1 X165.696 Y185.745 E.14723
G1 X165.191 Y185.745 E.01724
G1 X168.745 Y182.191 E.17161
G1 X168.745 Y181.687 E.01724
G1 X164.687 Y185.745 E.196
G1 X164.182 Y185.745 E.01724
G1 X168.745 Y181.182 E.22038
G1 X168.745 Y180.677 E.01724
G1 X163.677 Y185.745 E.24477
G1 X163.172 Y185.745 E.01724
G1 X168.745 Y180.172 E.26915
G1 X168.745 Y179.667 E.01724
G1 X162.667 Y185.745 E.29354
G1 X162.162 Y185.745 E.01724
G1 X168.745 Y179.162 E.31792
G1 X168.745 Y178.657 E.01724
G1 X161.657 Y185.745 E.34231
G1 X161.152 Y185.745 E.01724
G1 X168.745 Y178.152 E.36669
G1 X168.745 Y177.647 E.01724
G1 X160.647 Y185.745 E.39108
G1 X160.142 Y185.745 E.01724
G1 X168.745 Y177.142 E.41546
G1 X168.745 Y176.637 E.01724
G1 X159.637 Y185.745 E.43985
G1 X159.132 Y185.745 E.01724
G1 X168.745 Y176.132 E.46423
G1 X168.745 Y175.627 E.01724
G1 X158.627 Y185.745 E.48862
G1 X158.122 Y185.745 E.01724
G1 X168.745 Y175.122 E.513
G1 X168.745 Y174.617 E.01724
G1 X157.617 Y185.745 E.53739
G1 X157.112 Y185.745 E.01724
G1 X168.745 Y174.112 E.56177
G1 X168.745 Y173.607 E.01724
G1 X156.607 Y185.745 E.58616
G1 X156.102 Y185.745 E.01724
G1 X168.745 Y173.102 E.61054
G1 X168.745 Y172.597 E.01724
G1 X155.597 Y185.745 E.63493
G1 X155.092 Y185.745 E.01724
G1 X168.745 Y172.092 E.65931
G1 X168.745 Y171.587 E.01724
G1 X154.587 Y185.745 E.6837
G1 X154.082 Y185.745 E.01724
G1 X168.745 Y171.082 E.70808
G1 X168.745 Y170.577 E.01724
G1 X153.577 Y185.745 E.73247
G1 X153.072 Y185.745 E.01724
G1 X168.745 Y170.072 E.75685
G1 X168.745 Y169.567 E.01724
G1 X152.567 Y185.745 E.78124
G1 X152.062 Y185.745 E.01724
G1 X168.745 Y169.062 E.80562
G2 X168.651 Y168.651 I-.929 J-.004 E.01452
G1 X151.557 Y185.745 E.82546
G1 X151.052 Y185.745 E.01724
G1 X168.411 Y168.387 E.83822
G2 X168.03 Y168.262 I-.434 J.682 E.01381
G1 X150.547 Y185.745 E.84424
G1 X150.042 Y185.745 E.01724
G1 X167.533 Y168.255 E.8446
G1 X167.028 Y168.255 E.01724
G1 X149.537 Y185.745 E.8446
G1 X149.032 Y185.745 E.01724
G1 X166.523 Y168.255 E.8446
G1 X166.018 Y168.255 E.01724
G1 X148.527 Y185.745 E.8446
G1 X148.022 Y185.745 E.01724
G1 X165.513 Y168.255 E.8446
G1 X165.008 Y168.255 E.01724
G1 X147.517 Y185.745 E.8446
G1 X147.012 Y185.745 E.01724
G1 X164.503 Y168.255 E.8446
G1 X163.998 Y168.255 E.01724
G1 X146.507 Y185.745 E.8446
G1 X146.002 Y185.745 E.01724
G1 X163.493 Y168.255 E.8446
G1 X162.988 Y168.255 E.01724
G1 X145.497 Y185.745 E.8446
G1 X144.992 Y185.745 E.01724
G1 X162.483 Y168.255 E.8446
G1 X161.978 Y168.255 E.01724
G1 X144.487 Y185.745 E.8446
G1 X143.982 Y185.745 E.01724
G1 X161.473 Y168.255 E.8446
G1 X160.968 Y168.255 E.01724
G1 X143.477 Y185.745 E.8446
G1 X142.972 Y185.745 E.01724
G1 X160.463 Y168.255 E.8446
G1 X159.958 Y168.255 E.01724
G1 X142.467 Y185.745 E.8446
G1 X141.962 Y185.745 E.01724
G1 X159.453 Y168.255 E.8446
G1 X158.948 Y168.255 E.01724
G1 X141.457 Y185.745 E.8446
G1 X140.952 Y185.745 E.01724
G1 X158.443 Y168.255 E.8446
G1 X157.938 Y168.255 E.01724
G1 X140.447 Y185.745 E.8446
G1 X139.942 Y185.745 E.01724
M73 P59 R12
G1 X157.433 Y168.255 E.8446
G1 X156.928 Y168.255 E.01724
G1 X139.437 Y185.745 E.8446
G1 X138.932 Y185.745 E.01724
G1 X156.423 Y168.255 E.8446
G1 X155.918 Y168.255 E.01724
G1 X138.427 Y185.745 E.8446
G1 X137.922 Y185.745 E.01724
G1 X155.413 Y168.255 E.8446
G1 X154.908 Y168.255 E.01724
G1 X137.417 Y185.745 E.8446
G1 X136.912 Y185.745 E.01724
G1 X154.403 Y168.255 E.8446
G1 X153.898 Y168.255 E.01724
G1 X136.407 Y185.745 E.8446
G1 X135.902 Y185.745 E.01724
G1 X153.393 Y168.255 E.8446
G1 X152.888 Y168.255 E.01724
G1 X135.397 Y185.745 E.8446
G1 X134.892 Y185.745 E.01724
G1 X152.383 Y168.255 E.8446
G1 X151.878 Y168.255 E.01724
G1 X134.387 Y185.745 E.8446
G1 X133.882 Y185.745 E.01724
G1 X151.373 Y168.255 E.8446
G1 X150.868 Y168.255 E.01724
G1 X133.377 Y185.745 E.8446
G1 X132.872 Y185.745 E.01724
G1 X150.363 Y168.255 E.8446
G1 X149.858 Y168.255 E.01724
G1 X132.367 Y185.745 E.8446
G3 X131.878 Y185.73 I-.156 J-2.805 E.01674
G1 X149.353 Y168.255 E.84385
G1 X148.848 Y168.255 E.01724
G1 X131.531 Y185.572 E.83623
G3 X131.317 Y185.281 I1.013 J-.968 E.01237
G1 X148.343 Y168.255 E.82217
G1 X147.838 Y168.255 E.01724
G1 X131.255 Y184.838 E.8008
G1 X131.255 Y184.333 E.01724
G1 X147.333 Y168.255 E.77641
G1 X146.828 Y168.255 E.01724
G1 X131.255 Y183.828 E.75203
G1 X131.255 Y183.323 E.01724
G1 X146.323 Y168.255 E.72764
G1 X145.818 Y168.255 E.01724
G1 X131.255 Y182.818 E.70326
G1 X131.255 Y182.313 E.01724
G1 X145.313 Y168.255 E.67887
G1 X144.808 Y168.255 E.01724
G1 X131.255 Y181.808 E.65449
G1 X131.255 Y181.303 E.01724
G1 X144.303 Y168.255 E.6301
G1 X143.798 Y168.255 E.01724
G1 X131.255 Y180.798 E.60572
G1 X131.255 Y180.293 E.01724
G1 X143.293 Y168.255 E.58133
G1 X142.788 Y168.255 E.01724
G1 X131.255 Y179.788 E.55695
G1 X131.255 Y179.283 E.01724
G1 X142.283 Y168.255 E.53256
G1 X141.778 Y168.255 E.01724
G1 X131.255 Y178.778 E.50818
G1 X131.255 Y178.273 E.01724
G1 X141.273 Y168.255 E.48379
G1 X140.768 Y168.255 E.01724
G1 X131.255 Y177.768 E.45941
G1 X131.255 Y177.263 E.01724
G1 X140.263 Y168.255 E.43502
G1 X139.758 Y168.255 E.01724
G1 X131.255 Y176.758 E.41064
G1 X131.255 Y176.254 E.01724
G1 X139.254 Y168.255 E.38625
G1 X138.749 Y168.255 E.01724
G1 X131.255 Y175.749 E.36187
G1 X131.255 Y175.244 E.01724
G1 X138.244 Y168.255 E.33748
G1 X137.739 Y168.255 E.01724
G1 X131.255 Y174.739 E.3131
G1 X131.255 Y174.234 E.01724
G1 X137.234 Y168.255 E.28871
G1 X136.729 Y168.255 E.01724
G1 X131.255 Y173.729 E.26433
G1 X131.255 Y173.224 E.01724
G1 X136.224 Y168.255 E.23994
G1 X135.719 Y168.255 E.01724
G1 X131.255 Y172.719 E.21556
G1 X131.255 Y172.214 E.01724
G1 X135.214 Y168.255 E.19117
G1 X134.709 Y168.255 E.01724
G1 X131.255 Y171.709 E.16679
G1 X131.255 Y171.204 E.01724
G1 X134.204 Y168.255 E.1424
G1 X133.699 Y168.255 E.01724
G1 X131.255 Y170.699 E.11802
G1 X131.255 Y170.194 E.01724
G1 X133.194 Y168.255 E.09363
G1 X132.689 Y168.255 E.01724
G1 X131.255 Y169.689 E.06925
G1 X131.255 Y169.184 E.01724
G1 X132.344 Y168.094 E.05262
; stop printing object flowrate_15 id:0 copy 0
; printing object flowrate_20 id:0 copy 0
SET_VELOCITY_LIMIT ACCEL=10000 ACCEL_TO_DECEL=5000
G1 E-.5 F900
G1 Z1.4 F30000
G1 X126.517 Y168.104 Z1.4
G1 Z1.2
G1 E.5 F900
;TYPE:Inner wall
G1 F8401.487
M106 S255
G3 X127.043 Y169.042 I-.524 J.91 E.04021
G1 X127.043 Y184.958 E.56709
G3 X125.958 Y186.043 I-1.062 J.023 E.06107
G1 X90.042 Y186.043 E1.27969
G3 X88.957 Y184.958 I-.023 J-1.062 E.06107
G1 X88.957 Y169.042 E.5671
G3 X90.042 Y167.957 I1.062 J-.023 E.06107
G1 X125.958 Y167.957 E1.27969
G1 X126.108 Y167.97 E.00534
G3 X126.482 Y168.085 I-.115 J1.044 E.01404
G1 X126.696 Y167.795 F30000
G1 F8401.487
G3 X127.4 Y169.026 I-.702 J1.219 E.05297
G1 X127.4 Y184.974 E.5682
G3 X125.974 Y186.4 I-1.418 J.008 E.07994
G1 X90.026 Y186.4 E1.2808
G3 X88.6 Y184.974 I-.008 J-1.418 E.07994
G1 X88.6 Y169.026 E.56821
G3 X90.026 Y167.6 I1.418 J-.008 E.07994
G1 X125.974 Y167.6 E1.2808
G1 X126.139 Y167.614 E.0059
G3 X126.661 Y167.775 I-.145 J1.399 E.01959
SET_VELOCITY_LIMIT ACCEL=5000 ACCEL_TO_DECEL=2500
G1 X126.896 Y167.448 F30000
;TYPE:Outer wall
G1 F8401.487
G3 X127.8 Y169.009 I-.902 J1.565 E.06727
G1 X127.8 Y184.991 E.56945
G3 X125.991 Y186.8 I-1.818 J-.01 E.10108
G1 X90.009 Y186.8 E1.28204
G3 X88.2 Y184.991 I.01 J-1.818 E.10108
G1 X88.2 Y169.009 E.56945
G3 X90.009 Y167.2 I1.818 J.01 E.10108
G1 X125.991 Y167.2 E1.28204
G1 X126.174 Y167.216 E.00652
G3 X126.861 Y167.429 I-.18 J1.797 E.02581
SET_VELOCITY_LIMIT ACCEL=10000 ACCEL_TO_DECEL=5000
G1 E-.5 F900
G1 Z1.4 F30000
G1 X126.071 Y185.896 Z1.4
G1 Z1.2
G1 E.5 F900
SET_VELOCITY_LIMIT ACCEL=2500 ACCEL_TO_DECEL=1250
;TYPE:Internal Bridge
G1 F4500
G1 X126.681 Y185.286 E.03071
G2 X126.745 Y184.716 I-1.467 J-.455 E.02055
G1 X125.716 Y185.745 E.05185
G1 X125.211 Y185.745 E.01799
G1 X126.745 Y184.211 E.07729
G1 X126.745 Y183.706 E.01799
G1 X124.706 Y185.745 E.10274
G1 X124.201 Y185.745 E.01799
G1 X126.745 Y183.201 E.12818
G1 X126.745 Y182.696 E.01799
G1 X123.696 Y185.745 E.15363
G1 X123.191 Y185.745 E.01799
G1 X126.745 Y182.191 E.17907
G1 X126.745 Y181.687 E.01799
G1 X122.687 Y185.745 E.20452
G1 X122.182 Y185.745 E.01799
G1 X126.745 Y181.182 E.22996
G1 X126.745 Y180.677 E.01799
G1 X121.677 Y185.745 E.25541
G1 X121.172 Y185.745 E.01799
G1 X126.745 Y180.172 E.28085
G1 X126.745 Y179.667 E.01799
G1 X120.667 Y185.745 E.3063
G1 X120.162 Y185.745 E.01799
G1 X126.745 Y179.162 E.33174
G1 X126.745 Y178.657 E.01799
M73 P60 R12
G1 X119.657 Y185.745 E.35719
G1 X119.152 Y185.745 E.01799
G1 X126.745 Y178.152 E.38263
G1 X126.745 Y177.647 E.01799
G1 X118.647 Y185.745 E.40808
G1 X118.142 Y185.745 E.01799
G1 X126.745 Y177.142 E.43352
G1 X126.745 Y176.637 E.01799
G1 X117.637 Y185.745 E.45897
G1 X117.132 Y185.745 E.01799
G1 X126.745 Y176.132 E.48442
G1 X126.745 Y175.627 E.01799
G1 X116.627 Y185.745 E.50986
G1 X116.122 Y185.745 E.01799
G1 X126.745 Y175.122 E.53531
G1 X126.745 Y174.617 E.01799
G1 X115.617 Y185.745 E.56075
G1 X115.112 Y185.745 E.01799
G1 X126.745 Y174.112 E.5862
G1 X126.745 Y173.607 E.01799
G1 X114.607 Y185.745 E.61164
G1 X114.102 Y185.745 E.01799
G1 X126.745 Y173.102 E.63709
G1 X126.745 Y172.597 E.01799
G1 X113.597 Y185.745 E.66253
G1 X113.092 Y185.745 E.01799
G1 X126.745 Y172.092 E.68798
G1 X126.745 Y171.587 E.01799
G1 X112.587 Y185.745 E.71342
G1 X112.082 Y185.745 E.01799
G1 X126.745 Y171.082 E.73887
G1 X126.745 Y170.577 E.01799
G1 X111.577 Y185.745 E.76431
G1 X111.072 Y185.745 E.01799
G1 X126.745 Y170.072 E.78976
G1 X126.745 Y169.567 E.01799
G1 X110.567 Y185.745 E.8152
G1 X110.062 Y185.745 E.01799
G1 X126.745 Y169.062 E.84065
G2 X126.651 Y168.651 I-.929 J-.004 E.01515
G1 X109.557 Y185.745 E.86135
G1 X109.052 Y185.745 E.01799
G1 X126.411 Y168.387 E.87466
G2 X126.03 Y168.262 I-.434 J.682 E.01441
G1 X108.547 Y185.745 E.88095
G1 X108.042 Y185.745 E.01799
G1 X125.533 Y168.255 E.88132
G1 X125.028 Y168.255 E.01799
G1 X107.537 Y185.745 E.88132
G1 X107.032 Y185.745 E.01799
G1 X124.523 Y168.255 E.88132
G1 X124.018 Y168.255 E.01799
G1 X106.527 Y185.745 E.88132
G1 X106.022 Y185.745 E.01799
G1 X123.513 Y168.255 E.88132
G1 X123.008 Y168.255 E.01799
G1 X105.517 Y185.745 E.88132
G1 X105.012 Y185.745 E.01799
G1 X122.503 Y168.255 E.88132
G1 X121.998 Y168.255 E.01799
G1 X104.507 Y185.745 E.88132
G1 X104.002 Y185.745 E.01799
G1 X121.493 Y168.255 E.88132
G1 X120.988 Y168.255 E.01799
G1 X103.497 Y185.745 E.88132
G1 X102.992 Y185.745 E.01799
G1 X120.483 Y168.255 E.88132
G1 X119.978 Y168.255 E.01799
G1 X102.487 Y185.745 E.88132
G1 X101.982 Y185.745 E.01799
G1 X119.473 Y168.255 E.88132
G1 X118.968 Y168.255 E.01799
G1 X101.477 Y185.745 E.88132
G1 X100.972 Y185.745 E.01799
G1 X118.463 Y168.255 E.88132
G1 X117.958 Y168.255 E.01799
G1 X100.467 Y185.745 E.88132
G1 X99.962 Y185.745 E.01799
G1 X117.453 Y168.255 E.88132
G1 X116.948 Y168.255 E.01799
G1 X99.457 Y185.745 E.88132
G1 X98.952 Y185.745 E.01799
G1 X116.443 Y168.255 E.88132
G1 X115.938 Y168.255 E.01799
G1 X98.447 Y185.745 E.88132
G1 X97.942 Y185.745 E.01799
G1 X115.433 Y168.255 E.88132
G1 X114.928 Y168.255 E.01799
G1 X97.437 Y185.745 E.88132
G1 X96.932 Y185.745 E.01799
G1 X114.423 Y168.255 E.88132
G1 X113.918 Y168.255 E.01799
G1 X96.427 Y185.745 E.88132
G1 X95.922 Y185.745 E.01799
G1 X113.413 Y168.255 E.88132
G1 X112.908 Y168.255 E.01799
G1 X95.417 Y185.745 E.88132
G1 X94.912 Y185.745 E.01799
G1 X112.403 Y168.255 E.88132
G1 X111.898 Y168.255 E.01799
G1 X94.407 Y185.745 E.88132
G1 X93.902 Y185.745 E.01799
G1 X111.393 Y168.255 E.88132
G1 X110.888 Y168.255 E.01799
G1 X93.397 Y185.745 E.88132
G1 X92.892 Y185.745 E.01799
G1 X110.383 Y168.255 E.88132
G1 X109.878 Y168.255 E.01799
G1 X92.387 Y185.745 E.88132
G1 X91.882 Y185.745 E.01799
M73 P61 R12
G1 X109.373 Y168.255 E.88132
G1 X108.868 Y168.255 E.01799
G1 X91.377 Y185.745 E.88132
G1 X90.872 Y185.745 E.01799
G1 X108.363 Y168.255 E.88132
G1 X107.858 Y168.255 E.01799
G1 X90.367 Y185.745 E.88132
G3 X89.878 Y185.73 I-.156 J-2.805 E.01747
G1 X107.353 Y168.255 E.88054
G1 X106.848 Y168.255 E.01799
G1 X89.531 Y185.572 E.87259
G3 X89.317 Y185.281 I1.013 J-.968 E.01291
G1 X106.343 Y168.255 E.85792
G1 X105.838 Y168.255 E.01799
G1 X89.255 Y184.838 E.83561
G1 X89.255 Y184.333 E.01799
G1 X105.333 Y168.255 E.81017
G1 X104.828 Y168.255 E.01799
G1 X89.255 Y183.828 E.78472
G1 X89.255 Y183.323 E.01799
G1 X104.323 Y168.255 E.75928
G1 X103.818 Y168.255 E.01799
G1 X89.255 Y182.818 E.73383
G1 X89.255 Y182.313 E.01799
G1 X103.313 Y168.255 E.70839
G1 X102.808 Y168.255 E.01799
G1 X89.255 Y181.808 E.68294
G1 X89.255 Y181.303 E.01799
M73 P61 R11
G1 X102.303 Y168.255 E.6575
G1 X101.798 Y168.255 E.01799
G1 X89.255 Y180.798 E.63205
G1 X89.255 Y180.293 E.01799
G1 X101.293 Y168.255 E.60661
G1 X100.788 Y168.255 E.01799
G1 X89.255 Y179.788 E.58116
G1 X89.255 Y179.283 E.01799
G1 X100.283 Y168.255 E.55572
G1 X99.778 Y168.255 E.01799
G1 X89.255 Y178.778 E.53027
G1 X89.255 Y178.273 E.01799
G1 X99.273 Y168.255 E.50483
G1 X98.768 Y168.255 E.01799
G1 X89.255 Y177.768 E.47938
G1 X89.255 Y177.263 E.01799
G1 X98.263 Y168.255 E.45394
G1 X97.758 Y168.255 E.01799
G1 X89.255 Y176.758 E.42849
G1 X89.255 Y176.254 E.01799
G1 X97.254 Y168.255 E.40305
G1 X96.749 Y168.255 E.01799
G1 X89.255 Y175.749 E.3776
G1 X89.255 Y175.244 E.01799
G1 X96.244 Y168.255 E.35216
G1 X95.739 Y168.255 E.01799
G1 X89.255 Y174.739 E.32671
G1 X89.255 Y174.234 E.01799
G1 X95.234 Y168.255 E.30127
G1 X94.729 Y168.255 E.01799
G1 X89.255 Y173.729 E.27582
G1 X89.255 Y173.224 E.01799
G1 X94.224 Y168.255 E.25038
G1 X93.719 Y168.255 E.01799
G1 X89.255 Y172.719 E.22493
G1 X89.255 Y172.214 E.01799
G1 X93.214 Y168.255 E.19949
G1 X92.709 Y168.255 E.01799
G1 X89.255 Y171.709 E.17404
G1 X89.255 Y171.204 E.01799
G1 X92.204 Y168.255 E.1486
G1 X91.699 Y168.255 E.01799
G1 X89.255 Y170.699 E.12315
G1 X89.255 Y170.194 E.01799
G1 X91.194 Y168.255 E.09771
G1 X90.689 Y168.255 E.01799
G1 X89.255 Y169.689 E.07226
G1 X89.255 Y169.184 E.01799
G1 X90.344 Y168.094 E.05491
; stop printing object flowrate_20 id:0 copy 0
; printing object flowrate_5 id:0 copy 0
SET_VELOCITY_LIMIT ACCEL=10000 ACCEL_TO_DECEL=5000
G1 E-.5 F900
G1 Z1.4 F30000
G1 X126.517 Y136.104 Z1.4
G1 Z1.2
G1 E.5 F900
;TYPE:Inner wall
G1 F9601.699
M106 S255
G3 X127.043 Y137.042 I-.524 J.91 E.03518
G1 X127.043 Y152.958 E.49621
G3 X125.958 Y154.043 I-1.062 J.023 E.05344
G1 X90.042 Y154.043 E1.11972
G3 X88.957 Y152.958 I-.023 J-1.062 E.05344
G1 X88.957 Y137.042 E.49621
G3 X90.042 Y135.957 I1.062 J-.023 E.05344
G1 X125.958 Y135.957 E1.11973
G1 X126.108 Y135.97 E.00467
G3 X126.482 Y136.085 I-.115 J1.044 E.01229
G1 X126.696 Y135.795 F30000
G1 F9601.699
G3 X127.4 Y137.026 I-.702 J1.219 E.04635
G1 X127.4 Y152.974 E.49718
G3 X125.974 Y154.4 I-1.418 J.008 E.06995
G1 X90.026 Y154.4 E1.1207
G3 X88.6 Y152.974 I-.008 J-1.418 E.06995
G1 X88.6 Y137.026 E.49718
G3 X90.026 Y135.6 I1.418 J-.008 E.06995
G1 X125.974 Y135.6 E1.1207
G1 X126.139 Y135.614 E.00516
G3 X126.661 Y135.775 I-.145 J1.399 E.01714
SET_VELOCITY_LIMIT ACCEL=5000 ACCEL_TO_DECEL=2500
G1 X126.896 Y135.448 F30000
;TYPE:Outer wall
G1 F9601.699
G3 X127.8 Y137.009 I-.902 J1.565 E.05886
G1 X127.8 Y152.991 E.49827
G3 X125.991 Y154.8 I-1.818 J-.01 E.08845
G1 X90.009 Y154.8 E1.12179
G3 X88.2 Y152.991 I.01 J-1.818 E.08845
G1 X88.2 Y137.009 E.49827
G3 X90.009 Y135.2 I1.818 J.01 E.08845
G1 X125.991 Y135.2 E1.12179
G1 X126.174 Y135.216 E.00571
G3 X126.861 Y135.429 I-.18 J1.798 E.02259
SET_VELOCITY_LIMIT ACCEL=10000 ACCEL_TO_DECEL=5000
G1 E-.5 F900
G1 Z1.4 F30000
G1 X126.071 Y153.896 Z1.4
G1 Z1.2
G1 E.5 F900
SET_VELOCITY_LIMIT ACCEL=2500 ACCEL_TO_DECEL=1250
;TYPE:Internal Bridge
G1 F4500
G1 X126.681 Y153.286 E.02687
G2 X126.745 Y152.716 I-1.467 J-.455 E.01798
G1 X125.716 Y153.745 E.04537
G1 X125.211 Y153.745 E.01574
G1 X126.745 Y152.211 E.06763
G1 X126.745 Y151.706 E.01574
G1 X124.706 Y153.745 E.0899
G1 X124.201 Y153.745 E.01574
G1 X126.745 Y151.201 E.11216
G1 X126.745 Y150.696 E.01574
G1 X123.696 Y153.745 E.13443
G1 X123.191 Y153.745 E.01574
G1 X126.745 Y150.191 E.15669
G1 X126.745 Y149.687 E.01574
G1 X122.687 Y153.745 E.17895
G1 X122.182 Y153.745 E.01574
G1 X126.745 Y149.182 E.20122
G1 X126.745 Y148.677 E.01574
G1 X121.677 Y153.745 E.22348
G1 X121.172 Y153.745 E.01574
G1 X126.745 Y148.172 E.24575
G1 X126.745 Y147.667 E.01574
G1 X120.667 Y153.745 E.26801
G1 X120.162 Y153.745 E.01574
G1 X126.745 Y147.162 E.29028
G1 X126.745 Y146.657 E.01574
G1 X119.657 Y153.745 E.31254
G1 X119.152 Y153.745 E.01574
G1 X126.745 Y146.152 E.33481
G1 X126.745 Y145.647 E.01574
G1 X118.647 Y153.745 E.35707
G1 X118.142 Y153.745 E.01574
G1 X126.745 Y145.142 E.37933
G1 X126.745 Y144.637 E.01574
G1 X117.637 Y153.745 E.4016
G1 X117.132 Y153.745 E.01574
G1 X126.745 Y144.132 E.42386
G1 X126.745 Y143.627 E.01574
G1 X116.627 Y153.745 E.44613
G1 X116.122 Y153.745 E.01574
G1 X126.745 Y143.122 E.46839
G1 X126.745 Y142.617 E.01574
G1 X115.617 Y153.745 E.49066
G1 X115.112 Y153.745 E.01574
G1 X126.745 Y142.112 E.51292
G1 X126.745 Y141.607 E.01574
G1 X114.607 Y153.745 E.53519
G1 X114.102 Y153.745 E.01574
G1 X126.745 Y141.102 E.55745
G1 X126.745 Y140.597 E.01574
G1 X113.597 Y153.745 E.57971
G1 X113.092 Y153.745 E.01574
G1 X126.745 Y140.092 E.60198
G1 X126.745 Y139.587 E.01574
G1 X112.587 Y153.745 E.62424
G1 X112.082 Y153.745 E.01574
G1 X126.745 Y139.082 E.64651
G1 X126.745 Y138.577 E.01574
G1 X111.577 Y153.745 E.66877
G1 X111.072 Y153.745 E.01574
G1 X126.745 Y138.072 E.69104
G1 X126.745 Y137.567 E.01574
G1 X110.567 Y153.745 E.7133
M73 P62 R11
G1 X110.062 Y153.745 E.01574
G1 X126.745 Y137.062 E.73557
G2 X126.651 Y136.651 I-.929 J-.004 E.01326
G1 X109.557 Y153.745 E.75368
G1 X109.052 Y153.745 E.01574
G1 X126.411 Y136.387 E.76533
G2 X126.03 Y136.262 I-.434 J.682 E.01261
G1 X108.547 Y153.745 E.77083
G1 X108.042 Y153.745 E.01574
G1 X125.533 Y136.255 E.77116
G1 X125.028 Y136.255 E.01574
G1 X107.537 Y153.745 E.77116
G1 X107.032 Y153.745 E.01574
G1 X124.523 Y136.255 E.77116
G1 X124.018 Y136.255 E.01574
G1 X106.527 Y153.745 E.77116
G1 X106.022 Y153.745 E.01574
G1 X123.513 Y136.255 E.77116
G1 X123.008 Y136.255 E.01574
G1 X105.517 Y153.745 E.77116
G1 X105.012 Y153.745 E.01574
G1 X122.503 Y136.255 E.77116
G1 X121.998 Y136.255 E.01574
G1 X104.507 Y153.745 E.77116
G1 X104.002 Y153.745 E.01574
G1 X121.493 Y136.255 E.77116
G1 X120.988 Y136.255 E.01574
G1 X103.497 Y153.745 E.77116
G1 X102.992 Y153.745 E.01574
G1 X120.483 Y136.255 E.77116
G1 X119.978 Y136.255 E.01574
G1 X102.487 Y153.745 E.77116
G1 X101.982 Y153.745 E.01574
G1 X119.473 Y136.255 E.77116
G1 X118.968 Y136.255 E.01574
G1 X101.477 Y153.745 E.77116
G1 X100.972 Y153.745 E.01574
G1 X118.463 Y136.255 E.77116
G1 X117.958 Y136.255 E.01574
G1 X100.467 Y153.745 E.77116
G1 X99.962 Y153.745 E.01574
G1 X117.453 Y136.255 E.77116
G1 X116.948 Y136.255 E.01574
G1 X99.457 Y153.745 E.77116
G1 X98.952 Y153.745 E.01574
G1 X116.443 Y136.255 E.77116
G1 X115.938 Y136.255 E.01574
G1 X98.447 Y153.745 E.77116
G1 X97.942 Y153.745 E.01574
G1 X115.433 Y136.255 E.77116
G1 X114.928 Y136.255 E.01574
G1 X97.437 Y153.745 E.77116
G1 X96.932 Y153.745 E.01574
G1 X114.423 Y136.255 E.77116
G1 X113.918 Y136.255 E.01574
G1 X96.427 Y153.745 E.77116
G1 X95.922 Y153.745 E.01574
G1 X113.413 Y136.255 E.77116
G1 X112.908 Y136.255 E.01574
G1 X95.417 Y153.745 E.77116
G1 X94.912 Y153.745 E.01574
G1 X112.403 Y136.255 E.77116
G1 X111.898 Y136.255 E.01574
G1 X94.407 Y153.745 E.77116
G1 X93.902 Y153.745 E.01574
G1 X111.393 Y136.255 E.77116
G1 X110.888 Y136.255 E.01574
G1 X93.397 Y153.745 E.77116
G1 X92.892 Y153.745 E.01574
G1 X110.383 Y136.255 E.77116
G1 X109.878 Y136.255 E.01574
G1 X92.387 Y153.745 E.77116
G1 X91.882 Y153.745 E.01574
G1 X109.373 Y136.255 E.77116
G1 X108.868 Y136.255 E.01574
G1 X91.377 Y153.745 E.77116
G1 X90.872 Y153.745 E.01574
G1 X108.363 Y136.255 E.77116
G1 X107.858 Y136.255 E.01574
G1 X90.367 Y153.745 E.77116
G3 X89.878 Y153.73 I-.156 J-2.805 E.01529
G1 X107.353 Y136.255 E.77048
G1 X106.848 Y136.255 E.01574
G1 X89.531 Y153.572 E.76352
G3 X89.317 Y153.281 I1.013 J-.968 E.01129
G1 X106.343 Y136.255 E.75068
G1 X105.838 Y136.255 E.01574
G1 X89.255 Y152.838 E.73116
G1 X89.255 Y152.333 E.01574
G1 X105.333 Y136.255 E.7089
G1 X104.828 Y136.255 E.01574
G1 X89.255 Y151.828 E.68663
G1 X89.255 Y151.323 E.01574
G1 X104.323 Y136.255 E.66437
G1 X103.818 Y136.255 E.01574
G1 X89.255 Y150.818 E.6421
G1 X89.255 Y150.313 E.01574
G1 X103.313 Y136.255 E.61984
G1 X102.808 Y136.255 E.01574
G1 X89.255 Y149.808 E.59758
G1 X89.255 Y149.303 E.01574
M73 P63 R11
G1 X102.303 Y136.255 E.57531
G1 X101.798 Y136.255 E.01574
G1 X89.255 Y148.798 E.55305
G1 X89.255 Y148.293 E.01574
G1 X101.293 Y136.255 E.53078
G1 X100.788 Y136.255 E.01574
G1 X89.255 Y147.788 E.50852
G1 X89.255 Y147.283 E.01574
G1 X100.283 Y136.255 E.48625
G1 X99.778 Y136.255 E.01574
G1 X89.255 Y146.778 E.46399
G1 X89.255 Y146.273 E.01574
G1 X99.273 Y136.255 E.44172
G1 X98.768 Y136.255 E.01574
G1 X89.255 Y145.768 E.41946
G1 X89.255 Y145.263 E.01574
G1 X98.263 Y136.255 E.3972
G1 X97.758 Y136.255 E.01574
G1 X89.255 Y144.758 E.37493
G1 X89.255 Y144.254 E.01574
G1 X97.254 Y136.255 E.35267
G1 X96.749 Y136.255 E.01574
G1 X89.255 Y143.749 E.3304
G1 X89.255 Y143.244 E.01574
G1 X96.244 Y136.255 E.30814
G1 X95.739 Y136.255 E.01574
G1 X89.255 Y142.739 E.28587
G1 X89.255 Y142.234 E.01574
G1 X95.234 Y136.255 E.26361
G1 X94.729 Y136.255 E.01574
G1 X89.255 Y141.729 E.24134
G1 X89.255 Y141.224 E.01574
G1 X94.224 Y136.255 E.21908
G1 X93.719 Y136.255 E.01574
G1 X89.255 Y140.719 E.19682
G1 X89.255 Y140.214 E.01574
G1 X93.214 Y136.255 E.17455
G1 X92.709 Y136.255 E.01574
G1 X89.255 Y139.709 E.15229
G1 X89.255 Y139.204 E.01574
G1 X92.204 Y136.255 E.13002
G1 X91.699 Y136.255 E.01574
G1 X89.255 Y138.699 E.10776
G1 X89.255 Y138.194 E.01574
G1 X91.194 Y136.255 E.08549
G1 X90.689 Y136.255 E.01574
G1 X89.255 Y137.689 E.06323
G1 X89.255 Y137.184 E.01574
G1 X90.344 Y136.094 E.04805
; stop printing object flowrate_5 id:0 copy 0
; printing object flowrate_m20 id:279172874362 copy 0
SET_VELOCITY_LIMIT ACCEL=10000 ACCEL_TO_DECEL=5000
G1 E-.5 F900
G1 Z1.4 F30000
G1 X126.517 Y104.104 Z1.4
G1 Z1.2
G1 E.5 F900
;TYPE:Inner wall
G1 F12602.23
M106 S255
G3 X127.043 Y105.042 I-.524 J.91 E.02681
G1 X127.043 Y120.958 E.37806
G3 X125.958 Y122.043 I-1.062 J.023 E.04071
G1 X90.042 Y122.043 E.85312
G3 X88.957 Y120.958 I-.023 J-1.062 E.04071
G1 X88.957 Y105.042 E.37806
G3 X90.042 Y103.957 I1.062 J-.023 E.04071
G1 X125.958 Y103.957 E.85312
G1 X126.108 Y103.97 E.00356
G3 X126.482 Y104.085 I-.115 J1.044 E.00936
G1 X126.696 Y103.795 F30000
G1 F12602.23
G3 X127.4 Y105.026 I-.702 J1.219 E.03532
G1 X127.4 Y120.974 E.3788
G3 X125.974 Y122.4 I-1.418 J.008 E.05329
G1 X90.026 Y122.4 E.85386
G3 X88.6 Y120.974 I-.008 J-1.418 E.05329
G1 X88.6 Y105.026 E.3788
G3 X90.026 Y103.6 I1.418 J-.008 E.05329
G1 X125.974 Y103.6 E.85387
G1 X126.139 Y103.614 E.00393
G3 X126.661 Y103.775 I-.145 J1.399 E.01306
SET_VELOCITY_LIMIT ACCEL=5000 ACCEL_TO_DECEL=2500
G1 X126.896 Y103.448 F30000
;TYPE:Outer wall
G1 F12000
G3 X127.8 Y105.009 I-.902 J1.565 E.04485
G1 X127.8 Y120.991 E.37963
G3 X125.991 Y122.8 I-1.818 J-.01 E.06739
G1 X90.009 Y122.8 E.85469
G3 X88.2 Y120.991 I.01 J-1.818 E.06739
G1 X88.2 Y105.009 E.37963
G3 X90.009 Y103.2 I1.818 J.01 E.06739
G1 X125.991 Y103.2 E.85469
G1 X126.174 Y103.216 E.00435
G3 X126.861 Y103.429 I-.18 J1.797 E.01721
SET_VELOCITY_LIMIT ACCEL=10000 ACCEL_TO_DECEL=5000
G1 E-.5 F900
G1 Z1.4 F30000
G1 X126.071 Y121.896 Z1.4
G1 Z1.2
G1 E.5 F900
SET_VELOCITY_LIMIT ACCEL=2500 ACCEL_TO_DECEL=1250
;TYPE:Internal Bridge
G1 F4500
G1 X126.681 Y121.286 E.02047
G2 X126.745 Y120.716 I-1.467 J-.455 E.0137
G1 X125.716 Y121.745 E.03457
G1 X125.211 Y121.745 E.01199
G1 X126.745 Y120.211 E.05153
G1 X126.745 Y119.706 E.01199
G1 X124.706 Y121.745 E.06849
G1 X124.201 Y121.745 E.01199
G1 X126.745 Y119.201 E.08546
G1 X126.745 Y118.696 E.01199
G1 X123.696 Y121.745 E.10242
G1 X123.191 Y121.745 E.01199
G1 X126.745 Y118.191 E.11938
G1 X126.745 Y117.687 E.01199
G1 X122.687 Y121.745 E.13635
G1 X122.182 Y121.745 E.01199
G1 X126.745 Y117.182 E.15331
G1 X126.745 Y116.677 E.01199
G1 X121.677 Y121.745 E.17027
G1 X121.172 Y121.745 E.01199
G1 X126.745 Y116.172 E.18724
G1 X126.745 Y115.667 E.01199
G1 X120.667 Y121.745 E.2042
G1 X120.162 Y121.745 E.01199
G1 X126.745 Y115.162 E.22116
G1 X126.745 Y114.657 E.01199
G1 X119.657 Y121.745 E.23813
G1 X119.152 Y121.745 E.01199
G1 X126.745 Y114.152 E.25509
G1 X126.745 Y113.647 E.01199
G1 X118.647 Y121.745 E.27205
G1 X118.142 Y121.745 E.01199
G1 X126.745 Y113.142 E.28902
G1 X126.745 Y112.637 E.01199
G1 X117.637 Y121.745 E.30598
G1 X117.132 Y121.745 E.01199
G1 X126.745 Y112.132 E.32294
G1 X126.745 Y111.627 E.01199
G1 X116.627 Y121.745 E.33991
G1 X116.122 Y121.745 E.01199
G1 X126.745 Y111.122 E.35687
G1 X126.745 Y110.617 E.01199
G1 X115.617 Y121.745 E.37383
G1 X115.112 Y121.745 E.01199
G1 X126.745 Y110.112 E.3908
G1 X126.745 Y109.607 E.01199
G1 X114.607 Y121.745 E.40776
G1 X114.102 Y121.745 E.01199
G1 X126.745 Y109.102 E.42472
G1 X126.745 Y108.597 E.01199
G1 X113.597 Y121.745 E.44169
G1 X113.092 Y121.745 E.01199
G1 X126.745 Y108.092 E.45865
G1 X126.745 Y107.587 E.01199
G1 X112.587 Y121.745 E.47561
G1 X112.082 Y121.745 E.01199
G1 X126.745 Y107.082 E.49258
G1 X126.745 Y106.577 E.01199
G1 X111.577 Y121.745 E.50954
G1 X111.072 Y121.745 E.01199
G1 X126.745 Y106.072 E.5265
G1 X126.745 Y105.567 E.01199
G1 X110.567 Y121.745 E.54347
G1 X110.062 Y121.745 E.01199
G1 X126.745 Y105.062 E.56043
G2 X126.651 Y104.651 I-.929 J-.004 E.0101
G1 X109.557 Y121.745 E.57423
G1 X109.052 Y121.745 E.01199
G1 X126.411 Y104.387 E.58311
G2 X126.03 Y104.262 I-.434 J.682 E.00961
G1 X108.547 Y121.745 E.5873
G1 X108.042 Y121.745 E.01199
G1 X125.533 Y104.255 E.58755
G1 X125.028 Y104.255 E.01199
G1 X107.537 Y121.745 E.58755
G1 X107.032 Y121.745 E.01199
G1 X124.523 Y104.255 E.58755
G1 X124.018 Y104.255 E.01199
G1 X106.527 Y121.745 E.58755
G1 X106.022 Y121.745 E.01199
G1 X123.513 Y104.255 E.58755
G1 X123.008 Y104.255 E.01199
G1 X105.517 Y121.745 E.58755
G1 X105.012 Y121.745 E.01199
G1 X122.503 Y104.255 E.58755
G1 X121.998 Y104.255 E.01199
G1 X104.507 Y121.745 E.58755
G1 X104.002 Y121.745 E.01199
G1 X121.493 Y104.255 E.58755
G1 X120.988 Y104.255 E.01199
G1 X103.497 Y121.745 E.58755
G1 X102.992 Y121.745 E.01199
M73 P64 R11
G1 X120.483 Y104.255 E.58755
G1 X119.978 Y104.255 E.01199
G1 X102.487 Y121.745 E.58755
G1 X101.982 Y121.745 E.01199
G1 X119.473 Y104.255 E.58755
G1 X118.968 Y104.255 E.01199
G1 X101.477 Y121.745 E.58755
G1 X100.972 Y121.745 E.01199
G1 X118.463 Y104.255 E.58755
G1 X117.958 Y104.255 E.01199
G1 X100.467 Y121.745 E.58755
G1 X99.962 Y121.745 E.01199
G1 X117.453 Y104.255 E.58755
G1 X116.948 Y104.255 E.01199
G1 X99.457 Y121.745 E.58755
G1 X98.952 Y121.745 E.01199
G1 X116.443 Y104.255 E.58755
G1 X115.938 Y104.255 E.01199
G1 X98.447 Y121.745 E.58755
G1 X97.942 Y121.745 E.01199
G1 X115.433 Y104.255 E.58755
G1 X114.928 Y104.255 E.01199
G1 X97.437 Y121.745 E.58755
G1 X96.932 Y121.745 E.01199
G1 X114.423 Y104.255 E.58755
G1 X113.918 Y104.255 E.01199
G1 X96.427 Y121.745 E.58755
G1 X95.922 Y121.745 E.01199
G1 X113.413 Y104.255 E.58755
G1 X112.908 Y104.255 E.01199
G1 X95.417 Y121.745 E.58755
G1 X94.912 Y121.745 E.01199
G1 X112.403 Y104.255 E.58755
G1 X111.898 Y104.255 E.01199
G1 X94.407 Y121.745 E.58755
G1 X93.902 Y121.745 E.01199
G1 X111.393 Y104.255 E.58755
G1 X110.888 Y104.255 E.01199
G1 X93.397 Y121.745 E.58755
G1 X92.892 Y121.745 E.01199
G1 X110.383 Y104.255 E.58755
G1 X109.878 Y104.255 E.01199
G1 X92.387 Y121.745 E.58755
G1 X91.882 Y121.745 E.01199
G1 X109.373 Y104.255 E.58755
G1 X108.868 Y104.255 E.01199
G1 X91.377 Y121.745 E.58755
G1 X90.872 Y121.745 E.01199
M73 P64 R10
G1 X108.363 Y104.255 E.58755
G1 X107.858 Y104.255 E.01199
G1 X90.367 Y121.745 E.58755
G3 X89.878 Y121.73 I-.156 J-2.805 E.01165
G1 X107.353 Y104.255 E.58703
G1 X106.848 Y104.255 E.01199
G1 X89.531 Y121.572 E.58173
G3 X89.317 Y121.281 I1.013 J-.968 E.0086
G1 X106.343 Y104.255 E.57195
G1 X105.838 Y104.255 E.01199
G1 X89.255 Y120.838 E.55708
G1 X89.255 Y120.333 E.01199
G1 X105.333 Y104.255 E.54011
G1 X104.828 Y104.255 E.01199
G1 X89.255 Y119.828 E.52315
G1 X89.255 Y119.323 E.01199
G1 X104.323 Y104.255 E.50619
G1 X103.818 Y104.255 E.01199
G1 X89.255 Y118.818 E.48922
G1 X89.255 Y118.313 E.01199
G1 X103.313 Y104.255 E.47226
G1 X102.808 Y104.255 E.01199
G1 X89.255 Y117.808 E.4553
G1 X89.255 Y117.303 E.01199
G1 X102.303 Y104.255 E.43833
G1 X101.798 Y104.255 E.01199
G1 X89.255 Y116.798 E.42137
G1 X89.255 Y116.293 E.01199
G1 X101.293 Y104.255 E.40441
G1 X100.788 Y104.255 E.01199
G1 X89.255 Y115.788 E.38744
G1 X89.255 Y115.283 E.01199
G1 X100.283 Y104.255 E.37048
G1 X99.778 Y104.255 E.01199
G1 X89.255 Y114.778 E.35352
G1 X89.255 Y114.273 E.01199
G1 X99.273 Y104.255 E.33655
G1 X98.768 Y104.255 E.01199
G1 X89.255 Y113.768 E.31959
G1 X89.255 Y113.263 E.01199
G1 X98.263 Y104.255 E.30263
G1 X97.758 Y104.255 E.01199
G1 X89.255 Y112.758 E.28566
G1 X89.255 Y112.254 E.01199
G1 X97.254 Y104.255 E.2687
G1 X96.749 Y104.255 E.01199
G1 X89.255 Y111.749 E.25173
G1 X89.255 Y111.244 E.01199
G1 X96.244 Y104.255 E.23477
G1 X95.739 Y104.255 E.01199
G1 X89.255 Y110.739 E.21781
G1 X89.255 Y110.234 E.01199
G1 X95.234 Y104.255 E.20084
G1 X94.729 Y104.255 E.01199
G1 X89.255 Y109.729 E.18388
G1 X89.255 Y109.224 E.01199
G1 X94.224 Y104.255 E.16692
G1 X93.719 Y104.255 E.01199
G1 X89.255 Y108.719 E.14995
G1 X89.255 Y108.214 E.01199
G1 X93.214 Y104.255 E.13299
G1 X92.709 Y104.255 E.01199
G1 X89.255 Y107.709 E.11603
G1 X89.255 Y107.204 E.01199
G1 X92.204 Y104.255 E.09906
G1 X91.699 Y104.255 E.01199
G1 X89.255 Y106.699 E.0821
G1 X89.255 Y106.194 E.01199
G1 X91.194 Y104.255 E.06514
G1 X90.689 Y104.255 E.01199
G1 X89.255 Y105.689 E.04817
G1 X89.255 Y105.184 E.01199
G1 X90.344 Y104.094 E.03661
; stop printing object flowrate_m20 id:279172874362 copy 0
;LAYER_CHANGE
;Z:1.4
;HEIGHT:0.2
;BEFORE_LAYER_CHANGE
;1.4
G92 E0

G1 E-.5 F900
;AFTER_LAYER_CHANGE
;1.4
SET_PRINT_STATS_INFO CURRENT_LAYER=7
;_SET_FAN_SPEED_CHANGING_LAYER
; printing object flowrate_10 id:8318823020889268071 copy 0
SET_VELOCITY_LIMIT ACCEL=10000 ACCEL_TO_DECEL=5000
G1 Z1.6 F30000
G1 X210.355 Y185.975 Z1.6
G1 Z1.4
G1 E.5 F900
;TYPE:Inner wall
G1 F9165.258
M106 S255
G3 X209.958 Y186.043 I-.374 J-.994 E.01322
G1 X174.042 Y186.043 E1.17305
G3 X172.957 Y184.958 I-.023 J-1.062 E.05598
G1 X172.957 Y169.042 E.51984
G3 X174.042 Y167.957 I1.062 J-.023 E.05598
M73 P65 R10
G1 X209.958 Y167.957 E1.17305
G1 X210.142 Y167.973 E.00604
G3 X211.043 Y169.042 I-.152 J1.042 E.04991
G1 X211.043 Y184.958 E.51984
G3 X210.392 Y185.96 I-1.062 J.023 E.04145
G1 X210.477 Y186.311 F30000
G1 F9165.258
G3 X209.974 Y186.4 I-.495 J-1.329 E.01678
G1 X174.026 Y186.4 E1.17406
G3 X172.6 Y184.974 I-.008 J-1.418 E.07328
G1 X172.6 Y169.026 E.52086
G3 X174.026 Y167.6 I1.418 J-.008 E.07328
G1 X209.974 Y167.6 E1.17406
G1 X210.173 Y167.617 E.00655
G3 X211.4 Y169.026 I-.182 J1.397 E.06669
G1 X211.4 Y184.974 E.52085
G3 X210.514 Y186.296 I-1.418 J.008 E.05519
SET_VELOCITY_LIMIT ACCEL=5000 ACCEL_TO_DECEL=2500
G1 X210.614 Y186.687 F30000
;TYPE:Outer wall
G1 F9165.258
G3 X209.991 Y186.8 I-.632 J-1.705 E.02077
G1 X174.009 Y186.8 E1.1752
G3 X172.2 Y184.991 I.01 J-1.818 E.09266
G1 X172.2 Y169.009 E.522
G3 X174.009 Y167.2 I1.818 J.01 E.09266
G1 X209.991 Y167.2 E1.1752
G1 X210.208 Y167.219 E.00712
G3 X211.8 Y169.009 I-.216 J1.795 E.0855
G1 X211.8 Y184.991 E.522
G3 X210.651 Y186.672 I-1.818 J-.01 E.07058
SET_VELOCITY_LIMIT ACCEL=10000 ACCEL_TO_DECEL=5000
G1 E-.5 F900
G1 Z1.6 F30000
G1 X209.388 Y185.575 Z1.6
G1 Z1.4
G1 E.5 F900
;TYPE:Internal solid infill
;WIDTH:0.624487
G1 F5627.436
G1 X209.948 Y185.574 E.02977
G1 X210.283 Y185.49 E.0184
G1 X210.458 Y185.318 E.01305
G2 X210.573 Y184.909 I-.656 J-.405 E.02288
G1 X210.573 Y184.393 E.02748
G3 X209.416 Y185.547 I-243.238 J-242.664 E.08692
G1 X208.651 Y185.902 F30000
;WIDTH:0.479999
G1 F7487.724
G1 X210.705 Y183.848 E.11612
G1 X210.705 Y183.23 E.02471
G1 X208.23 Y185.705 E.13995
G1 X207.612 Y185.705 E.02471
G1 X210.705 Y182.612 E.1749
G1 X210.705 Y181.994 E.02471
G1 X206.994 Y185.705 E.20984
G1 X206.376 Y185.705 E.02471
G1 X210.705 Y181.376 E.24479
G1 X210.705 Y180.758 E.02471
G1 X205.758 Y185.705 E.27974
G1 X205.139 Y185.705 E.02471
G1 X210.705 Y180.139 E.31468
G1 X210.705 Y179.521 E.02471
G1 X204.521 Y185.705 E.34963
G1 X203.903 Y185.705 E.02471
G1 X210.705 Y178.903 E.38458
G1 X210.705 Y178.285 E.02471
G1 X203.285 Y185.705 E.41952
G1 X202.667 Y185.705 E.02471
G1 X210.705 Y177.667 E.45447
G1 X210.705 Y177.049 E.02471
G1 X202.049 Y185.705 E.48942
G1 X201.431 Y185.705 E.02471
G1 X210.705 Y176.431 E.52436
G1 X210.705 Y175.813 E.02471
G1 X200.813 Y185.705 E.55931
G1 X200.194 Y185.705 E.02471
G1 X210.705 Y175.194 E.59426
G1 X210.705 Y174.576 E.02471
G1 X199.576 Y185.705 E.6292
G1 X198.958 Y185.705 E.02471
G1 X210.705 Y173.958 E.66415
G1 X210.705 Y173.34 E.02471
G1 X198.34 Y185.705 E.6991
G1 X197.722 Y185.705 E.02471
G1 X210.705 Y172.722 E.73404
G1 X210.705 Y172.104 E.02471
G1 X197.104 Y185.705 E.76899
G1 X196.486 Y185.705 E.02471
G1 X210.705 Y171.486 E.80394
G1 X210.705 Y170.868 E.02471
G1 X195.868 Y185.705 E.83888
G1 X195.249 Y185.705 E.02471
G1 X210.705 Y170.249 E.87383
G1 X210.705 Y169.631 E.02471
G1 X194.631 Y185.705 E.90878
G1 X194.013 Y185.705 E.02471
G1 X210.702 Y169.017 E.94353
G2 X210.542 Y168.558 I-.925 J.065 E.01964
G1 X193.395 Y185.705 E.96946
G1 X192.777 Y185.705 E.02471
G1 X210.159 Y168.324 E.9827
G2 X209.57 Y168.295 I-.395 J2.007 E.02366
G1 X192.159 Y185.705 E.98435
G1 X191.541 Y185.705 E.02471
G1 X208.952 Y168.295 E.98435
G1 X208.333 Y168.295 E.02471
G1 X190.923 Y185.705 E.98435
G1 X190.304 Y185.705 E.02471
G1 X207.715 Y168.295 E.98435
G1 X207.097 Y168.295 E.02471
G1 X189.686 Y185.705 E.98435
G1 X189.068 Y185.705 E.02471
G1 X206.479 Y168.295 E.98435
G1 X205.861 Y168.295 E.02471
G1 X188.45 Y185.705 E.98435
G1 X187.832 Y185.705 E.02471
G1 X205.243 Y168.295 E.98435
G1 X204.625 Y168.295 E.02471
G1 X187.214 Y185.705 E.98435
G1 X186.596 Y185.705 E.02471
G1 X204.007 Y168.295 E.98435
G1 X203.388 Y168.295 E.02471
G1 X185.978 Y185.705 E.98435
G1 X185.359 Y185.705 E.02471
G1 X202.77 Y168.295 E.98435
G1 X202.152 Y168.295 E.02471
G1 X184.741 Y185.705 E.98435
G1 X184.123 Y185.705 E.02471
G1 X201.534 Y168.295 E.98435
G1 X200.916 Y168.295 E.02471
G1 X183.505 Y185.705 E.98435
G1 X182.887 Y185.705 E.02471
G1 X200.298 Y168.295 E.98435
G1 X199.68 Y168.295 E.02471
G1 X182.269 Y185.705 E.98435
G1 X181.651 Y185.705 E.02471
G1 X199.062 Y168.295 E.98435
G1 X198.443 Y168.295 E.02471
G1 X181.033 Y185.705 E.98435
G1 X180.415 Y185.705 E.02471
G1 X197.825 Y168.295 E.98435
G1 X197.207 Y168.295 E.02471
G1 X179.796 Y185.705 E.98435
G1 X179.178 Y185.705 E.02471
G1 X196.589 Y168.295 E.98435
G1 X195.971 Y168.295 E.02471
G1 X178.56 Y185.705 E.98435
G1 X177.942 Y185.705 E.02471
G1 X195.353 Y168.295 E.98435
G1 X194.735 Y168.295 E.02471
G1 X177.324 Y185.705 E.98435
G1 X176.706 Y185.705 E.02471
G1 X194.117 Y168.295 E.98435
G1 X193.498 Y168.295 E.02471
G1 X176.088 Y185.705 E.98435
G1 X175.47 Y185.705 E.02471
G1 X192.88 Y168.295 E.98435
G1 X192.262 Y168.295 E.02471
G1 X174.851 Y185.705 E.98435
G1 X174.233 Y185.705 E.02471
G1 X191.644 Y168.295 E.98435
G1 X191.026 Y168.295 E.02471
G1 X173.694 Y185.627 E.97992
G3 X173.38 Y185.322 I.311 J-.633 E.01777
G1 X190.408 Y168.295 E.96268
G1 X189.79 Y168.295 E.02471
G1 X173.295 Y184.79 E.93258
G1 X173.295 Y184.172 E.02471
G1 X189.172 Y168.295 E.89764
G1 X188.553 Y168.295 E.02471
G1 X173.295 Y183.553 E.86269
G1 X173.295 Y182.935 E.02471
G1 X187.935 Y168.295 E.82774
G1 X187.317 Y168.295 E.02471
G1 X173.295 Y182.317 E.79279
G1 X173.295 Y181.699 E.02471
G1 X186.699 Y168.295 E.75785
G1 X186.081 Y168.295 E.02471
G1 X173.295 Y181.081 E.7229
G1 X173.295 Y180.463 E.02471
G1 X185.463 Y168.295 E.68795
G1 X184.845 Y168.295 E.02471
G1 X173.295 Y179.845 E.65301
G1 X173.295 Y179.227 E.02471
G1 X184.227 Y168.295 E.61806
G1 X183.608 Y168.295 E.02471
G1 X173.295 Y178.608 E.58311
G1 X173.295 Y177.99 E.02471
G1 X182.99 Y168.295 E.54817
G1 X182.372 Y168.295 E.02471
G1 X173.295 Y177.372 E.51322
G1 X173.295 Y176.754 E.02471
G1 X181.754 Y168.295 E.47827
G1 X181.136 Y168.295 E.02471
G1 X173.295 Y176.136 E.44333
G1 X173.295 Y175.518 E.02471
G1 X180.518 Y168.295 E.40838
G1 X179.9 Y168.295 E.02471
G1 X173.295 Y174.9 E.37343
G1 X173.295 Y174.282 E.02471
G1 X179.282 Y168.295 E.33849
G1 X178.663 Y168.295 E.02471
G1 X173.295 Y173.663 E.30354
G1 X173.295 Y173.045 E.02471
G1 X178.045 Y168.295 E.26859
G1 X177.427 Y168.295 E.02471
G1 X173.295 Y172.427 E.23365
G1 X173.295 Y171.809 E.02471
G1 X176.809 Y168.295 E.1987
G1 X176.191 Y168.295 E.02471
G1 X173.295 Y171.191 E.16375
G1 X173.295 Y170.573 E.02471
G1 X175.573 Y168.295 E.12881
G1 X174.955 Y168.295 E.02471
G1 X173.295 Y169.955 E.09386
G1 X173.295 Y169.337 E.02471
G1 X174.533 Y168.098 E.07003
; stop printing object flowrate_10 id:8318823020889268071 copy 0
; printing object flowrate_m5 id:140666992080768 copy 0
G1 E-.5 F900
G1 Z1.6 F30000
G1 X210.517 Y136.104 Z1.6
G1 Z1.4
G1 E.5 F900
;TYPE:Inner wall
;WIDTH:0.4
G1 F10612.404
G3 X211.043 Y137.042 I-.527 J.912 E.03183
G1 X211.043 Y152.958 E.44895
G3 X209.958 Y154.043 I-1.062 J.023 E.04835
G1 X174.042 Y154.043 E1.01308
G3 X172.957 Y152.958 I-.023 J-1.062 E.04835
G1 X172.957 Y137.042 E.44895
G3 X174.042 Y135.957 I1.062 J-.023 E.04835
G1 X209.958 Y135.957 E1.01309
G1 X210.142 Y135.973 E.00521
G3 X210.482 Y136.084 I-.152 J1.042 E.01014
G1 X210.696 Y135.795 F30000
G1 F10612.404
G3 X211.4 Y137.026 I-.705 J1.22 E.04193
G1 X211.4 Y152.974 E.44983
G3 X209.974 Y154.4 I-1.418 J.008 E.06329
G1 X174.026 Y154.4 E1.01396
G3 X172.6 Y152.974 I-.008 J-1.418 E.06329
G1 X172.6 Y137.026 E.44983
G3 X174.026 Y135.6 I1.418 J-.008 E.06329
G1 X209.974 Y135.6 E1.01396
G1 X210.173 Y135.617 E.00565
G3 X210.661 Y135.775 I-.182 J1.397 E.01454
SET_VELOCITY_LIMIT ACCEL=5000 ACCEL_TO_DECEL=2500
G1 X210.896 Y135.448 F30000
;TYPE:Outer wall
G1 F10612.404
G3 X211.8 Y137.009 I-.904 J1.566 E.05326
G1 X211.8 Y152.991 E.45081
G3 X209.991 Y154.8 I-1.818 J-.01 E.08002
M73 P66 R10
G1 X174.009 Y154.8 E1.01495
G3 X172.2 Y152.991 I.01 J-1.818 E.08002
G1 X172.2 Y137.009 E.45082
G3 X174.009 Y135.2 I1.818 J.01 E.08002
G1 X209.991 Y135.2 E1.01495
G1 X210.208 Y135.219 E.00615
G3 X210.861 Y135.429 I-.216 J1.795 E.01946
SET_VELOCITY_LIMIT ACCEL=10000 ACCEL_TO_DECEL=5000
G1 E-.5 F900
G1 Z1.6 F30000
G1 X209.388 Y153.575 Z1.6
G1 Z1.4
G1 E.5 F900
;TYPE:Internal solid infill
;WIDTH:0.624487
G1 F6515.975
G1 X209.947 Y153.574 E.02571
G1 X210.283 Y153.49 E.01589
G1 X210.458 Y153.318 E.01127
G2 X210.573 Y152.909 I-.656 J-.405 E.01976
G1 X210.573 Y152.393 E.02373
G3 X209.416 Y153.547 I-243.148 J-242.573 E.07506
G1 X208.651 Y153.902 F30000
;WIDTH:0.479999
G1 F8220
G1 X210.705 Y151.848 E.10029
G1 X210.705 Y151.23 E.02134
G1 X208.23 Y153.705 E.12087
G1 X207.612 Y153.705 E.02134
G1 X210.705 Y150.612 E.15105
G1 X210.705 Y149.994 E.02134
G1 X206.994 Y153.705 E.18123
G1 X206.376 Y153.705 E.02134
G1 X210.705 Y149.376 E.21141
G1 X210.705 Y148.758 E.02134
G1 X205.758 Y153.705 E.24159
G1 X205.139 Y153.705 E.02134
G1 X210.705 Y148.139 E.27177
G1 X210.705 Y147.521 E.02134
G1 X204.521 Y153.705 E.30195
G1 X203.903 Y153.705 E.02134
G1 X210.705 Y146.903 E.33213
G1 X210.705 Y146.285 E.02134
G1 X203.285 Y153.705 E.36232
G1 X202.667 Y153.705 E.02134
G1 X210.705 Y145.667 E.3925
G1 X210.705 Y145.049 E.02134
G1 X202.049 Y153.705 E.42268
G1 X201.431 Y153.705 E.02134
G1 X210.705 Y144.431 E.45286
G1 X210.705 Y143.813 E.02134
G1 X200.813 Y153.705 E.48304
G1 X200.194 Y153.705 E.02134
G1 X210.705 Y143.194 E.51322
G1 X210.705 Y142.576 E.02134
G1 X199.576 Y153.705 E.5434
G1 X198.958 Y153.705 E.02134
G1 X210.705 Y141.958 E.57358
G1 X210.705 Y141.34 E.02134
G1 X198.34 Y153.705 E.60377
G1 X197.722 Y153.705 E.02134
G1 X210.705 Y140.722 E.63395
G1 X210.705 Y140.104 E.02134
G1 X197.104 Y153.705 E.66413
G1 X196.486 Y153.705 E.02134
G1 X210.705 Y139.486 E.69431
G1 X210.705 Y138.868 E.02134
G1 X195.868 Y153.705 E.72449
G1 X195.249 Y153.705 E.02134
G1 X210.705 Y138.249 E.75467
G1 X210.705 Y137.631 E.02134
G1 X194.631 Y153.705 E.78485
G1 X194.013 Y153.705 E.02134
G1 X210.702 Y137.017 E.81486
G2 X210.542 Y136.558 I-.925 J.065 E.01696
G1 X193.395 Y153.705 E.83726
G1 X192.777 Y153.705 E.02134
G1 X210.159 Y136.324 E.8487
G2 X209.57 Y136.295 I-.395 J2.007 E.02043
G1 X192.159 Y153.705 E.85012
G1 X191.541 Y153.705 E.02134
G1 X208.952 Y136.295 E.85012
G1 X208.333 Y136.295 E.02134
G1 X190.923 Y153.705 E.85012
G1 X190.304 Y153.705 E.02134
G1 X207.715 Y136.295 E.85012
G1 X207.097 Y136.295 E.02134
G1 X189.686 Y153.705 E.85012
G1 X189.068 Y153.705 E.02134
G1 X206.479 Y136.295 E.85012
G1 X205.861 Y136.295 E.02134
G1 X188.45 Y153.705 E.85012
G1 X187.832 Y153.705 E.02134
G1 X205.243 Y136.295 E.85012
G1 X204.625 Y136.295 E.02134
G1 X187.214 Y153.705 E.85012
G1 X186.596 Y153.705 E.02134
G1 X204.007 Y136.295 E.85012
G1 X203.388 Y136.295 E.02134
G1 X185.978 Y153.705 E.85012
G1 X185.359 Y153.705 E.02134
G1 X202.77 Y136.295 E.85012
G1 X202.152 Y136.295 E.02134
G1 X184.741 Y153.705 E.85012
G1 X184.123 Y153.705 E.02134
G1 X201.534 Y136.295 E.85012
G1 X200.916 Y136.295 E.02134
G1 X183.505 Y153.705 E.85012
G1 X182.887 Y153.705 E.02134
G1 X200.298 Y136.295 E.85012
G1 X199.68 Y136.295 E.02134
G1 X182.269 Y153.705 E.85012
G1 X181.651 Y153.705 E.02134
G1 X199.062 Y136.295 E.85012
G1 X198.443 Y136.295 E.02134
G1 X181.033 Y153.705 E.85012
G1 X180.415 Y153.705 E.02134
G1 X197.825 Y136.295 E.85012
G1 X197.207 Y136.295 E.02134
G1 X179.796 Y153.705 E.85012
G1 X179.178 Y153.705 E.02134
G1 X196.589 Y136.295 E.85012
G1 X195.971 Y136.295 E.02134
G1 X178.56 Y153.705 E.85012
G1 X177.942 Y153.705 E.02134
G1 X195.353 Y136.295 E.85012
G1 X194.735 Y136.295 E.02134
G1 X177.324 Y153.705 E.85012
G1 X176.706 Y153.705 E.02134
G1 X194.117 Y136.295 E.85012
G1 X193.498 Y136.295 E.02134
G1 X176.088 Y153.705 E.85012
G1 X175.47 Y153.705 E.02134
G1 X192.88 Y136.295 E.85012
G1 X192.262 Y136.295 E.02134
G1 X174.851 Y153.705 E.85012
G1 X174.233 Y153.705 E.02134
G1 X191.644 Y136.295 E.85012
G1 X191.026 Y136.295 E.02134
G1 X173.694 Y153.627 E.8463
G3 X173.38 Y153.322 I.311 J-.633 E.01534
G1 X190.408 Y136.295 E.83141
G1 X189.79 Y136.295 E.02134
G1 X173.295 Y152.79 E.80541
G1 X173.295 Y152.172 E.02134
G1 X189.172 Y136.295 E.77523
G1 X188.553 Y136.295 E.02134
G1 X173.295 Y151.553 E.74505
G1 X173.295 Y150.935 E.02134
G1 X187.935 Y136.295 E.71487
G1 X187.317 Y136.295 E.02134
G1 X173.295 Y150.317 E.68469
G1 X173.295 Y149.699 E.02134
G1 X186.699 Y136.295 E.65451
G1 X186.081 Y136.295 E.02134
G1 X173.295 Y149.081 E.62432
G1 X173.295 Y148.463 E.02134
G1 X185.463 Y136.295 E.59414
G1 X184.845 Y136.295 E.02134
G1 X173.295 Y147.845 E.56396
G1 X173.295 Y147.227 E.02134
G1 X184.227 Y136.295 E.53378
G1 X183.608 Y136.295 E.02134
G1 X173.295 Y146.608 E.5036
G1 X173.295 Y145.99 E.02134
G1 X182.99 Y136.295 E.47342
G1 X182.372 Y136.295 E.02134
G1 X173.295 Y145.372 E.44324
G1 X173.295 Y144.754 E.02134
G1 X181.754 Y136.295 E.41306
G1 X181.136 Y136.295 E.02134
G1 X173.295 Y144.136 E.38287
G1 X173.295 Y143.518 E.02134
G1 X180.518 Y136.295 E.35269
G1 X179.9 Y136.295 E.02134
G1 X173.295 Y142.9 E.32251
G1 X173.295 Y142.282 E.02134
G1 X179.282 Y136.295 E.29233
G1 X178.663 Y136.295 E.02134
G1 X173.295 Y141.663 E.26215
G1 X173.295 Y141.045 E.02134
G1 X178.045 Y136.295 E.23197
G1 X177.427 Y136.295 E.02134
G1 X173.295 Y140.427 E.20179
G1 X173.295 Y139.809 E.02134
G1 X176.809 Y136.295 E.1716
G1 X176.191 Y136.295 E.02134
G1 X173.295 Y139.191 E.14142
G1 X173.295 Y138.573 E.02134
G1 X175.573 Y136.295 E.11124
G1 X174.955 Y136.295 E.02134
G1 X173.295 Y137.955 E.08106
G1 X173.295 Y137.337 E.02134
G1 X174.533 Y136.098 E.06048
; stop printing object flowrate_m5 id:140666992080768 copy 0
; printing object flowrate_m10 id:1069446856963 copy 0
G1 E-.5 F900
G1 Z1.6 F30000
G1 X210.181 Y122.024 Z1.6
G1 Z1.4
G1 E.5 F900
;TYPE:Inner wall
;WIDTH:0.4
G1 F11201.982
G3 X209.958 Y122.043 I-.2 J-1.043 E.00598
G1 X174.042 Y122.043 E.95976
G3 X172.957 Y120.958 I-.023 J-1.062 E.0458
G1 X172.957 Y105.042 E.42532
G3 X174.042 Y103.957 I1.062 J-.023 E.0458
G1 X209.958 Y103.957 E.95977
G1 X210.142 Y103.973 E.00494
G3 X211.043 Y105.042 I-.152 J1.042 E.04083
G1 X211.043 Y120.958 E.42532
G3 X210.22 Y122.016 I-1.062 J.023 E.03876
G1 X210.243 Y122.376 F30000
G1 F11201.982
G3 X209.974 Y122.4 I-.261 J-1.394 E.00722
G1 X174.026 Y122.4 E.9606
G3 X172.6 Y120.974 I-.008 J-1.418 E.05996
G1 X172.6 Y105.026 E.42616
G3 X174.026 Y103.6 I1.418 J-.008 E.05995
G1 X209.974 Y103.6 E.9606
G1 X210.173 Y103.617 E.00536
G3 X211.4 Y105.026 I-.182 J1.397 E.05457
G1 X211.4 Y120.974 E.42615
G3 X210.282 Y122.368 I-1.418 J.008 E.05166
SET_VELOCITY_LIMIT ACCEL=5000 ACCEL_TO_DECEL=2500
G1 X210.312 Y122.77 F30000
;TYPE:Outer wall
G1 F11201.982
G3 X209.991 Y122.8 I-.33 J-1.788 E.00862
G1 X174.009 Y122.8 E.96153
G3 X172.2 Y120.991 I.01 J-1.818 E.07581
G1 X172.2 Y105.009 E.42709
G3 X174.009 Y103.2 I1.818 J.01 E.07581
G1 X209.991 Y103.2 E.96153
G1 X210.208 Y103.219 E.00582
G3 X211.8 Y105.009 I-.216 J1.795 E.06995
G1 X211.8 Y120.991 E.42709
G3 X210.351 Y122.762 I-1.818 J-.01 E.06612
SET_VELOCITY_LIMIT ACCEL=10000 ACCEL_TO_DECEL=5000
G1 E-.5 F900
G1 Z1.6 F30000
G1 X209.388 Y121.575 Z1.6
G1 Z1.4
G1 E.5 F900
;TYPE:Internal solid infill
;WIDTH:0.624486
G1 F6877.986
G1 X209.947 Y121.574 E.02436
G1 X210.283 Y121.49 E.01506
G1 X210.458 Y121.318 E.01068
G2 X210.573 Y120.909 I-.656 J-.406 E.01872
G1 X210.573 Y120.393 E.02248
G3 X209.416 Y121.547 I-243.323 J-242.749 E.07111
G1 X208.651 Y121.902 F30000
;WIDTH:0.479999
G1 F8220
G1 X210.705 Y119.848 E.09501
G1 X210.705 Y119.23 E.02022
G1 X208.23 Y121.705 E.1145
G1 X207.612 Y121.705 E.02022
G1 X210.705 Y118.612 E.1431
G1 X210.705 Y117.994 E.02022
G1 X206.994 Y121.705 E.17169
G1 X206.376 Y121.705 E.02022
G1 X210.705 Y117.376 E.20028
G1 X210.705 Y116.758 E.02022
G1 X205.758 Y121.705 E.22888
G1 X205.139 Y121.705 E.02022
G1 X210.705 Y116.139 E.25747
G1 X210.705 Y115.521 E.02022
G1 X204.521 Y121.705 E.28606
G1 X203.903 Y121.705 E.02022
G1 X210.705 Y114.903 E.31465
G1 X210.705 Y114.285 E.02022
G1 X203.285 Y121.705 E.34325
G1 X202.667 Y121.705 E.02022
G1 X210.705 Y113.667 E.37184
G1 X210.705 Y113.049 E.02022
G1 X202.049 Y121.705 E.40043
G1 X201.431 Y121.705 E.02022
G1 X210.705 Y112.431 E.42902
G1 X210.705 Y111.813 E.02022
G1 X200.813 Y121.705 E.45762
G1 X200.194 Y121.705 E.02022
G1 X210.705 Y111.194 E.48621
G1 X210.705 Y110.576 E.02022
G1 X199.576 Y121.705 E.5148
G1 X198.958 Y121.705 E.02022
G1 X210.705 Y109.958 E.5434
G1 X210.705 Y109.34 E.02022
M73 P67 R10
G1 X198.34 Y121.705 E.57199
G1 X197.722 Y121.705 E.02022
G1 X210.705 Y108.722 E.60058
G1 X210.705 Y108.104 E.02022
G1 X197.104 Y121.705 E.62917
G1 X196.486 Y121.705 E.02022
G1 X210.705 Y107.486 E.65777
G1 X210.705 Y106.868 E.02022
G1 X195.868 Y121.705 E.68636
G1 X195.249 Y121.705 E.02022
G1 X210.705 Y106.249 E.71495
G1 X210.705 Y105.631 E.02022
G1 X194.631 Y121.705 E.74355
G1 X194.013 Y121.705 E.02022
G1 X210.702 Y105.017 E.77198
G2 X210.542 Y104.558 I-.925 J.065 E.01607
G1 X193.395 Y121.705 E.79319
G1 X192.777 Y121.705 E.02022
G1 X210.159 Y104.324 E.80403
G2 X209.57 Y104.295 I-.395 J2.007 E.01935
G1 X192.159 Y121.705 E.80538
G1 X191.541 Y121.705 E.02022
G1 X208.952 Y104.295 E.80538
G1 X208.333 Y104.295 E.02022
G1 X190.923 Y121.705 E.80538
G1 X190.304 Y121.705 E.02022
G1 X207.715 Y104.295 E.80538
G1 X207.097 Y104.295 E.02022
G1 X189.686 Y121.705 E.80538
G1 X189.068 Y121.705 E.02022
G1 X206.479 Y104.295 E.80538
G1 X205.861 Y104.295 E.02022
G1 X188.45 Y121.705 E.80538
G1 X187.832 Y121.705 E.02022
G1 X205.243 Y104.295 E.80538
G1 X204.625 Y104.295 E.02022
G1 X187.214 Y121.705 E.80538
G1 X186.596 Y121.705 E.02022
G1 X204.007 Y104.295 E.80538
G1 X203.388 Y104.295 E.02022
G1 X185.978 Y121.705 E.80538
G1 X185.359 Y121.705 E.02022
G1 X202.77 Y104.295 E.80538
G1 X202.152 Y104.295 E.02022
G1 X184.741 Y121.705 E.80538
G1 X184.123 Y121.705 E.02022
G1 X201.534 Y104.295 E.80538
G1 X200.916 Y104.295 E.02022
G1 X183.505 Y121.705 E.80538
G1 X182.887 Y121.705 E.02022
G1 X200.298 Y104.295 E.80538
G1 X199.68 Y104.295 E.02022
G1 X182.269 Y121.705 E.80538
G1 X181.651 Y121.705 E.02022
G1 X199.062 Y104.295 E.80538
G1 X198.443 Y104.295 E.02022
G1 X181.033 Y121.705 E.80538
G1 X180.415 Y121.705 E.02022
G1 X197.825 Y104.295 E.80538
G1 X197.207 Y104.295 E.02022
G1 X179.796 Y121.705 E.80538
G1 X179.178 Y121.705 E.02022
G1 X196.589 Y104.295 E.80538
G1 X195.971 Y104.295 E.02022
G1 X178.56 Y121.705 E.80538
G1 X177.942 Y121.705 E.02022
G1 X195.353 Y104.295 E.80538
G1 X194.735 Y104.295 E.02022
G1 X177.324 Y121.705 E.80538
G1 X176.706 Y121.705 E.02022
G1 X194.117 Y104.295 E.80538
G1 X193.498 Y104.295 E.02022
G1 X176.088 Y121.705 E.80538
G1 X175.47 Y121.705 E.02022
G1 X192.88 Y104.295 E.80538
G1 X192.262 Y104.295 E.02022
G1 X174.851 Y121.705 E.80538
G1 X174.233 Y121.705 E.02022
G1 X191.644 Y104.295 E.80538
G1 X191.026 Y104.295 E.02022
G1 X173.694 Y121.627 E.80175
G3 X173.38 Y121.322 I.311 J-.633 E.01454
G1 X190.408 Y104.295 E.78765
G1 X189.79 Y104.295 E.02022
G1 X173.295 Y120.79 E.76302
G1 X173.295 Y120.172 E.02022
G1 X189.172 Y104.295 E.73443
G1 X188.553 Y104.295 E.02022
G1 X173.295 Y119.553 E.70584
G1 X173.295 Y118.935 E.02022
G1 X187.935 Y104.295 E.67724
G1 X187.317 Y104.295 E.02022
G1 X173.295 Y118.317 E.64865
G1 X173.295 Y117.699 E.02022
G1 X186.699 Y104.295 E.62006
G1 X186.081 Y104.295 E.02022
G1 X173.295 Y117.081 E.59146
G1 X173.295 Y116.463 E.02022
G1 X185.463 Y104.295 E.56287
G1 X184.845 Y104.295 E.02022
G1 X173.295 Y115.845 E.53428
G1 X173.295 Y115.227 E.02022
G1 X184.227 Y104.295 E.50569
G1 X183.608 Y104.295 E.02022
G1 X173.295 Y114.608 E.47709
G1 X173.295 Y113.99 E.02022
G1 X182.99 Y104.295 E.4485
G1 X182.372 Y104.295 E.02022
G1 X173.295 Y113.372 E.41991
G1 X173.295 Y112.754 E.02022
G1 X181.754 Y104.295 E.39132
G1 X181.136 Y104.295 E.02022
G1 X173.295 Y112.136 E.36272
G1 X173.295 Y111.518 E.02022
G1 X180.518 Y104.295 E.33413
G1 X179.9 Y104.295 E.02022
G1 X173.295 Y110.9 E.30554
G1 X173.295 Y110.282 E.02022
G1 X179.282 Y104.295 E.27694
G1 X178.664 Y104.295 E.02022
G1 X173.295 Y109.663 E.24835
G1 X173.295 Y109.045 E.02022
G1 X178.045 Y104.295 E.21976
G1 X177.427 Y104.295 E.02022
G1 X173.295 Y108.427 E.19117
G1 X173.295 Y107.809 E.02022
G1 X176.809 Y104.295 E.16257
G1 X176.191 Y104.295 E.02022
G1 X173.295 Y107.191 E.13398
G1 X173.295 Y106.573 E.02022
G1 X175.573 Y104.295 E.10539
G1 X174.955 Y104.295 E.02022
G1 X173.295 Y105.955 E.07679
G1 X173.295 Y105.337 E.02022
G1 X174.533 Y104.098 E.0573
; stop printing object flowrate_m10 id:1069446856963 copy 0
; printing object flowrate_m15 id:1120986464517 copy 0
G1 E-.5 F900
G1 Z1.6 F30000
G1 X168.517 Y104.104 Z1.6
G1 Z1.4
G1 E.5 F900
;TYPE:Inner wall
;WIDTH:0.4
G1 F11860.923
G3 X169.043 Y105.042 I-.527 J.912 E.02848
G1 X169.043 Y120.958 E.40169
G3 X167.958 Y122.043 I-1.062 J.023 E.04326
G1 X132.042 Y122.043 E.90644
G3 X130.957 Y120.958 I-.023 J-1.062 E.04326
G1 X130.957 Y105.042 E.40169
G3 X132.042 Y103.957 I1.062 J-.023 E.04326
G1 X167.958 Y103.957 E.90645
G1 X168.142 Y103.973 E.00466
G3 X168.482 Y104.084 I-.152 J1.042 E.00908
G1 X168.696 Y103.795 F30000
G1 F11860.923
G3 X169.4 Y105.026 I-.705 J1.22 E.03752
G1 X169.4 Y120.974 E.40248
G3 X167.974 Y122.4 I-1.418 J.008 E.05662
G1 X132.026 Y122.4 E.90723
G3 X130.6 Y120.974 I-.008 J-1.418 E.05662
G1 X130.6 Y105.026 E.40248
G3 X132.026 Y103.6 I1.418 J-.008 E.05662
G1 X167.974 Y103.6 E.90723
G1 X168.173 Y103.617 E.00506
G3 X168.661 Y103.775 I-.182 J1.397 E.01301
SET_VELOCITY_LIMIT ACCEL=5000 ACCEL_TO_DECEL=2500
G1 X168.896 Y103.448 F30000
;TYPE:Outer wall
G1 F11860.923
G3 X169.8 Y105.009 I-.904 J1.566 E.04765
G1 X169.8 Y120.991 E.40336
G3 X167.991 Y122.8 I-1.818 J-.01 E.0716
M73 P67 R9
G1 X132.009 Y122.8 E.90811
G3 X130.2 Y120.991 I.01 J-1.818 E.0716
G1 X130.2 Y105.009 E.40336
G3 X132.009 Y103.2 I1.818 J.01 E.0716
G1 X167.991 Y103.2 E.90811
G1 X168.208 Y103.219 E.0055
G3 X168.861 Y103.429 I-.216 J1.795 E.01741
SET_VELOCITY_LIMIT ACCEL=10000 ACCEL_TO_DECEL=5000
G1 E-.5 F900
G1 Z1.6 F30000
G1 X167.388 Y121.575 Z1.6
G1 Z1.4
G1 E.5 F900
;TYPE:Internal solid infill
;WIDTH:0.624487
G1 F7282.564
G1 X167.947 Y121.574 E.023
G1 X168.283 Y121.49 E.01422
G1 X168.458 Y121.318 E.01008
G2 X168.573 Y120.909 I-.656 J-.406 E.01768
G1 X168.573 Y120.393 E.02123
G3 X167.416 Y121.547 I-243.237 J-242.663 E.06716
G1 X166.651 Y121.902 F30000
;WIDTH:0.479999
G1 F8220
G1 X168.705 Y119.848 E.08973
G1 X168.705 Y119.23 E.01909
G1 X166.23 Y121.705 E.10814
G1 X165.612 Y121.705 E.01909
G1 X168.705 Y118.612 E.13515
G1 X168.705 Y117.994 E.01909
G1 X164.994 Y121.705 E.16215
G1 X164.376 Y121.705 E.01909
G1 X168.705 Y117.376 E.18916
G1 X168.705 Y116.758 E.01909
G1 X163.758 Y121.705 E.21616
G1 X163.139 Y121.705 E.01909
G1 X168.705 Y116.139 E.24316
G1 X168.705 Y115.521 E.01909
G1 X162.521 Y121.705 E.27017
G1 X161.903 Y121.705 E.01909
G1 X168.705 Y114.903 E.29717
G1 X168.705 Y114.285 E.01909
G1 X161.285 Y121.705 E.32418
G1 X160.667 Y121.705 E.01909
G1 X168.705 Y113.667 E.35118
G1 X168.705 Y113.049 E.01909
G1 X160.049 Y121.705 E.37819
G1 X159.431 Y121.705 E.01909
G1 X168.705 Y112.431 E.40519
G1 X168.705 Y111.813 E.01909
G1 X158.813 Y121.705 E.43219
G1 X158.194 Y121.705 E.01909
G1 X168.705 Y111.194 E.4592
G1 X168.705 Y110.576 E.01909
G1 X157.576 Y121.705 E.4862
G1 X156.958 Y121.705 E.01909
G1 X168.705 Y109.958 E.51321
G1 X168.705 Y109.34 E.01909
G1 X156.34 Y121.705 E.54021
G1 X155.722 Y121.705 E.01909
G1 X168.705 Y108.722 E.56722
G1 X168.705 Y108.104 E.01909
G1 X155.104 Y121.705 E.59422
G1 X154.486 Y121.705 E.01909
G1 X168.705 Y107.486 E.62122
G1 X168.705 Y106.868 E.01909
G1 X153.868 Y121.705 E.64823
G1 X153.249 Y121.705 E.01909
G1 X168.705 Y106.249 E.67523
G1 X168.705 Y105.631 E.01909
G1 X152.631 Y121.705 E.70224
G1 X152.013 Y121.705 E.01909
G1 X168.702 Y105.017 E.72909
G2 X168.542 Y104.558 I-.925 J.065 E.01518
G1 X151.395 Y121.705 E.74913
G1 X150.777 Y121.705 E.01909
G1 X168.159 Y104.324 E.75936
G2 X167.57 Y104.295 I-.395 J2.007 E.01828
G1 X150.159 Y121.705 E.76064
G1 X149.541 Y121.705 E.01909
G1 X166.952 Y104.295 E.76064
G1 X166.333 Y104.295 E.01909
G1 X148.923 Y121.705 E.76064
G1 X148.304 Y121.705 E.01909
G1 X165.715 Y104.295 E.76064
G1 X165.097 Y104.295 E.01909
M73 P68 R9
G1 X147.686 Y121.705 E.76064
G1 X147.068 Y121.705 E.01909
G1 X164.479 Y104.295 E.76064
G1 X163.861 Y104.295 E.01909
G1 X146.45 Y121.705 E.76064
G1 X145.832 Y121.705 E.01909
G1 X163.243 Y104.295 E.76064
G1 X162.625 Y104.295 E.01909
G1 X145.214 Y121.705 E.76064
G1 X144.596 Y121.705 E.01909
G1 X162.007 Y104.295 E.76064
G1 X161.388 Y104.295 E.01909
G1 X143.978 Y121.705 E.76064
G1 X143.359 Y121.705 E.01909
G1 X160.77 Y104.295 E.76064
G1 X160.152 Y104.295 E.01909
G1 X142.741 Y121.705 E.76064
G1 X142.123 Y121.705 E.01909
G1 X159.534 Y104.295 E.76064
G1 X158.916 Y104.295 E.01909
G1 X141.505 Y121.705 E.76064
G1 X140.887 Y121.705 E.01909
G1 X158.298 Y104.295 E.76064
G1 X157.68 Y104.295 E.01909
G1 X140.269 Y121.705 E.76064
G1 X139.651 Y121.705 E.01909
G1 X157.062 Y104.295 E.76064
G1 X156.443 Y104.295 E.01909
G1 X139.033 Y121.705 E.76064
G1 X138.415 Y121.705 E.01909
G1 X155.825 Y104.295 E.76064
G1 X155.207 Y104.295 E.01909
G1 X137.796 Y121.705 E.76064
G1 X137.178 Y121.705 E.01909
G1 X154.589 Y104.295 E.76064
G1 X153.971 Y104.295 E.01909
G1 X136.56 Y121.705 E.76064
G1 X135.942 Y121.705 E.01909
G1 X153.353 Y104.295 E.76064
G1 X152.735 Y104.295 E.01909
G1 X135.324 Y121.705 E.76064
G1 X134.706 Y121.705 E.01909
G1 X152.117 Y104.295 E.76064
G1 X151.498 Y104.295 E.01909
G1 X134.088 Y121.705 E.76064
G1 X133.47 Y121.705 E.01909
G1 X150.88 Y104.295 E.76064
G1 X150.262 Y104.295 E.01909
G1 X132.851 Y121.705 E.76064
G1 X132.233 Y121.705 E.01909
G1 X149.644 Y104.295 E.76064
G1 X149.026 Y104.295 E.01909
G1 X131.694 Y121.627 E.75721
G3 X131.38 Y121.322 I.311 J-.633 E.01373
G1 X148.408 Y104.295 E.74389
G1 X147.79 Y104.295 E.01909
G1 X131.295 Y120.79 E.72063
G1 X131.295 Y120.172 E.01909
G1 X147.172 Y104.295 E.69363
G1 X146.553 Y104.295 E.01909
G1 X131.295 Y119.553 E.66662
G1 X131.295 Y118.935 E.01909
G1 X145.935 Y104.295 E.63962
G1 X145.317 Y104.295 E.01909
G1 X131.295 Y118.317 E.61261
G1 X131.295 Y117.699 E.01909
G1 X144.699 Y104.295 E.58561
G1 X144.081 Y104.295 E.01909
G1 X131.295 Y117.081 E.55861
G1 X131.295 Y116.463 E.01909
G1 X143.463 Y104.295 E.5316
G1 X142.845 Y104.295 E.01909
G1 X131.295 Y115.845 E.5046
G1 X131.295 Y115.227 E.01909
G1 X142.227 Y104.295 E.47759
G1 X141.608 Y104.295 E.01909
G1 X131.295 Y114.608 E.45059
G1 X131.295 Y113.99 E.01909
G1 X140.99 Y104.295 E.42358
G1 X140.372 Y104.295 E.01909
G1 X131.295 Y113.372 E.39658
G1 X131.295 Y112.754 E.01909
G1 X139.754 Y104.295 E.36958
G1 X139.136 Y104.295 E.01909
G1 X131.295 Y112.136 E.34257
G1 X131.295 Y111.518 E.01909
G1 X138.518 Y104.295 E.31557
G1 X137.9 Y104.295 E.01909
G1 X131.295 Y110.9 E.28856
G1 X131.295 Y110.282 E.01909
G1 X137.282 Y104.295 E.26156
G1 X136.663 Y104.295 E.01909
G1 X131.295 Y109.663 E.23455
G1 X131.295 Y109.045 E.01909
G1 X136.045 Y104.295 E.20755
G1 X135.427 Y104.295 E.01909
G1 X131.295 Y108.427 E.18055
G1 X131.295 Y107.809 E.01909
G1 X134.809 Y104.295 E.15354
G1 X134.191 Y104.295 E.01909
G1 X131.295 Y107.191 E.12654
G1 X131.295 Y106.573 E.01909
G1 X133.573 Y104.295 E.09953
G1 X132.955 Y104.295 E.01909
G1 X131.295 Y105.955 E.07253
G1 X131.295 Y105.337 E.01909
G1 X132.533 Y104.098 E.05412
; stop printing object flowrate_m15 id:1120986464517 copy 0
; printing object flowrate_0 id:24 copy 0
G1 E-.5 F900
G1 Z1.6 F30000
G1 X168.517 Y136.104 Z1.6
G1 Z1.4
G1 E.5 F900
;TYPE:Inner wall
;WIDTH:0.4
G1 F10081.784
G3 X169.043 Y137.042 I-.527 J.912 E.0335
G1 X169.043 Y152.958 E.47258
G3 X167.958 Y154.043 I-1.062 J.023 E.05089
G1 X132.042 Y154.043 E1.0664
G3 X130.957 Y152.958 I-.023 J-1.062 E.05089
G1 X130.957 Y137.042 E.47258
G3 X132.042 Y135.957 I1.062 J-.023 E.05089
G1 X167.958 Y135.957 E1.06641
G1 X168.142 Y135.973 E.00549
G3 X168.482 Y136.084 I-.152 J1.042 E.01068
G1 X168.696 Y135.795 F30000
G1 F10081.784
G3 X169.4 Y137.026 I-.705 J1.22 E.04414
G1 X169.4 Y152.974 E.4735
G3 X167.974 Y154.4 I-1.418 J.008 E.06662
G1 X132.026 Y154.4 E1.06733
G3 X130.6 Y152.974 I-.008 J-1.418 E.06662
G1 X130.6 Y137.026 E.47351
G3 X132.026 Y135.6 I1.418 J-.008 E.06662
G1 X167.974 Y135.6 E1.06733
G1 X168.173 Y135.617 E.00595
G3 X168.661 Y135.775 I-.182 J1.397 E.0153
SET_VELOCITY_LIMIT ACCEL=5000 ACCEL_TO_DECEL=2500
G1 X168.896 Y135.448 F30000
;TYPE:Outer wall
G1 F10081.784
G3 X169.8 Y137.009 I-.904 J1.566 E.05606
G1 X169.8 Y152.991 E.47454
G3 X167.991 Y154.8 I-1.818 J-.01 E.08424
G1 X132.009 Y154.8 E1.06837
G3 X130.2 Y152.991 I.01 J-1.818 E.08424
G1 X130.2 Y137.009 E.47454
G3 X132.009 Y135.2 I1.818 J.01 E.08424
G1 X167.991 Y135.2 E1.06837
G1 X168.208 Y135.219 E.00647
G3 X168.861 Y135.429 I-.216 J1.795 E.02048
SET_VELOCITY_LIMIT ACCEL=10000 ACCEL_TO_DECEL=5000
G1 E-.5 F900
G1 Z1.6 F30000
G1 X167.388 Y153.575 Z1.6
G1 Z1.4
G1 E.5 F900
;TYPE:Internal solid infill
;WIDTH:0.624487
G1 F6190.176
G1 X167.947 Y153.574 E.02706
G1 X168.283 Y153.49 E.01673
G1 X168.458 Y153.318 E.01186
G2 X168.573 Y152.909 I-.656 J-.405 E.0208
G1 X168.573 Y152.393 E.02498
G3 X167.416 Y153.547 I-243.148 J-242.573 E.07902
G1 X166.651 Y153.902 F30000
;WIDTH:0.479999
G1 F8220
G1 X168.705 Y151.848 E.10557
G1 X168.705 Y151.23 E.02246
G1 X166.23 Y153.705 E.12723
G1 X165.612 Y153.705 E.02246
G1 X168.705 Y150.612 E.159
G1 X168.705 Y149.994 E.02246
G1 X164.994 Y153.705 E.19077
G1 X164.376 Y153.705 E.02246
G1 X168.705 Y149.376 E.22254
G1 X168.705 Y148.758 E.02246
G1 X163.758 Y153.705 E.25431
G1 X163.139 Y153.705 E.02246
G1 X168.705 Y148.139 E.28608
G1 X168.705 Y147.521 E.02246
G1 X162.521 Y153.705 E.31785
G1 X161.903 Y153.705 E.02246
G1 X168.705 Y146.903 E.34962
G1 X168.705 Y146.285 E.02246
G1 X161.285 Y153.705 E.38138
G1 X160.667 Y153.705 E.02246
G1 X168.705 Y145.667 E.41315
G1 X168.705 Y145.049 E.02246
G1 X160.049 Y153.705 E.44492
G1 X159.431 Y153.705 E.02246
G1 X168.705 Y144.431 E.47669
G1 X168.705 Y143.813 E.02246
G1 X158.813 Y153.705 E.50846
G1 X158.194 Y153.705 E.02246
G1 X168.705 Y143.194 E.54023
G1 X168.705 Y142.576 E.02246
G1 X157.576 Y153.705 E.572
G1 X156.958 Y153.705 E.02246
G1 X168.705 Y141.958 E.60377
G1 X168.705 Y141.34 E.02246
G1 X156.34 Y153.705 E.63554
G1 X155.722 Y153.705 E.02246
G1 X168.705 Y140.722 E.66731
G1 X168.705 Y140.104 E.02246
G1 X155.104 Y153.705 E.69908
G1 X154.486 Y153.705 E.02246
G1 X168.705 Y139.486 E.73085
G1 X168.705 Y138.868 E.02246
G1 X153.868 Y153.705 E.76262
G1 X153.249 Y153.705 E.02246
G1 X168.705 Y138.249 E.79439
G1 X168.705 Y137.631 E.02246
G1 X152.631 Y153.705 E.82616
G1 X152.013 Y153.705 E.02246
G1 X168.702 Y137.017 E.85775
G2 X168.542 Y136.558 I-.925 J.065 E.01786
G1 X151.395 Y153.705 E.88132
G1 X150.777 Y153.705 E.02246
G1 X168.159 Y136.324 E.89337
G2 X167.57 Y136.295 I-.395 J2.007 E.02151
G1 X150.159 Y153.705 E.89487
G1 X149.541 Y153.705 E.02246
G1 X166.952 Y136.295 E.89487
G1 X166.333 Y136.295 E.02246
G1 X148.923 Y153.705 E.89487
G1 X148.304 Y153.705 E.02246
G1 X165.715 Y136.295 E.89487
G1 X165.097 Y136.295 E.02246
G1 X147.686 Y153.705 E.89487
G1 X147.068 Y153.705 E.02246
G1 X164.479 Y136.295 E.89487
G1 X163.861 Y136.295 E.02246
G1 X146.45 Y153.705 E.89487
G1 X145.832 Y153.705 E.02246
G1 X163.243 Y136.295 E.89487
G1 X162.625 Y136.295 E.02246
G1 X145.214 Y153.705 E.89487
G1 X144.596 Y153.705 E.02246
G1 X162.007 Y136.295 E.89487
G1 X161.388 Y136.295 E.02246
G1 X143.978 Y153.705 E.89487
G1 X143.359 Y153.705 E.02246
G1 X160.77 Y136.295 E.89487
G1 X160.152 Y136.295 E.02246
G1 X142.741 Y153.705 E.89487
G1 X142.123 Y153.705 E.02246
G1 X159.534 Y136.295 E.89487
G1 X158.916 Y136.295 E.02246
G1 X141.505 Y153.705 E.89487
G1 X140.887 Y153.705 E.02246
G1 X158.298 Y136.295 E.89487
G1 X157.68 Y136.295 E.02246
M73 P69 R9
G1 X140.269 Y153.705 E.89487
G1 X139.651 Y153.705 E.02246
G1 X157.062 Y136.295 E.89487
G1 X156.443 Y136.295 E.02246
G1 X139.033 Y153.705 E.89487
G1 X138.415 Y153.705 E.02246
G1 X155.825 Y136.295 E.89487
G1 X155.207 Y136.295 E.02246
G1 X137.796 Y153.705 E.89487
G1 X137.178 Y153.705 E.02246
G1 X154.589 Y136.295 E.89487
G1 X153.971 Y136.295 E.02246
G1 X136.56 Y153.705 E.89487
G1 X135.942 Y153.705 E.02246
G1 X153.353 Y136.295 E.89487
G1 X152.735 Y136.295 E.02246
G1 X135.324 Y153.705 E.89487
G1 X134.706 Y153.705 E.02246
G1 X152.117 Y136.295 E.89487
G1 X151.498 Y136.295 E.02246
G1 X134.088 Y153.705 E.89487
G1 X133.47 Y153.705 E.02246
G1 X150.88 Y136.295 E.89487
G1 X150.262 Y136.295 E.02246
G1 X132.851 Y153.705 E.89487
G1 X132.233 Y153.705 E.02246
G1 X149.644 Y136.295 E.89487
G1 X149.026 Y136.295 E.02246
G1 X131.694 Y153.627 E.89084
G3 X131.38 Y153.322 I.311 J-.633 E.01615
G1 X148.408 Y136.295 E.87517
G1 X147.79 Y136.295 E.02246
G1 X131.295 Y152.79 E.8478
G1 X131.295 Y152.172 E.02246
G1 X147.172 Y136.295 E.81603
G1 X146.553 Y136.295 E.02246
G1 X131.295 Y151.553 E.78426
G1 X131.295 Y150.935 E.02246
G1 X145.935 Y136.295 E.75249
G1 X145.317 Y136.295 E.02246
G1 X131.295 Y150.317 E.72072
G1 X131.295 Y149.699 E.02246
G1 X144.699 Y136.295 E.68895
G1 X144.081 Y136.295 E.02246
G1 X131.295 Y149.081 E.65718
G1 X131.295 Y148.463 E.02246
G1 X143.463 Y136.295 E.62541
G1 X142.845 Y136.295 E.02246
G1 X131.295 Y147.845 E.59364
G1 X131.295 Y147.227 E.02246
G1 X142.227 Y136.295 E.56187
G1 X141.608 Y136.295 E.02246
G1 X131.295 Y146.608 E.5301
G1 X131.295 Y145.99 E.02246
G1 X140.99 Y136.295 E.49833
G1 X140.372 Y136.295 E.02246
G1 X131.295 Y145.372 E.46656
G1 X131.295 Y144.754 E.02246
G1 X139.754 Y136.295 E.43479
G1 X139.136 Y136.295 E.02246
G1 X131.295 Y144.136 E.40303
G1 X131.295 Y143.518 E.02246
G1 X138.518 Y136.295 E.37126
G1 X137.9 Y136.295 E.02246
G1 X131.295 Y142.9 E.33949
G1 X131.295 Y142.282 E.02246
G1 X137.282 Y136.295 E.30772
G1 X136.663 Y136.295 E.02246
G1 X131.295 Y141.663 E.27595
G1 X131.295 Y141.045 E.02246
G1 X136.045 Y136.295 E.24418
G1 X135.427 Y136.295 E.02246
G1 X131.295 Y140.427 E.21241
G1 X131.295 Y139.809 E.02246
G1 X134.809 Y136.295 E.18064
G1 X134.191 Y136.295 E.02246
G1 X131.295 Y139.191 E.14887
G1 X131.295 Y138.573 E.02246
G1 X133.573 Y136.295 E.1171
G1 X132.955 Y136.295 E.02246
G1 X131.295 Y137.955 E.08533
G1 X131.295 Y137.337 E.02246
G1 X132.533 Y136.098 E.06367
; stop printing object flowrate_0 id:24 copy 0
; printing object flowrate_15 id:0 copy 0
G1 E-.5 F900
G1 Z1.6 F30000
G1 X168.517 Y168.104 Z1.6
G1 Z1.4
G1 E.5 F900
;TYPE:Inner wall
;WIDTH:0.4
G1 F8766.769
G3 X169.043 Y169.042 I-.527 J.912 E.03853
G1 X169.043 Y184.958 E.54347
G3 X167.958 Y186.043 I-1.062 J.023 E.05853
G1 X132.042 Y186.043 E1.22637
G3 X130.957 Y184.958 I-.023 J-1.062 E.05853
G1 X130.957 Y169.042 E.54347
G3 X132.042 Y167.957 I1.057 J-.028 E.0586
G1 X167.958 Y167.957 E1.22637
G1 X168.142 Y167.973 E.00631
G3 X168.482 Y168.084 I-.152 J1.042 E.01228
G1 X168.696 Y167.795 F30000
G1 F8766.769
G3 X169.4 Y169.026 I-.705 J1.22 E.05076
G1 X169.4 Y184.974 E.54453
G3 X167.974 Y186.4 I-1.418 J.008 E.07661
G1 X132.026 Y186.4 E1.22743
G3 X130.6 Y184.974 I-.008 J-1.418 E.07661
G1 X130.6 Y169.026 E.54453
G3 X130.669 Y168.589 I1.274 J-.024 E.01518
G3 X132.026 Y167.6 I1.345 J.42 E.06144
G1 X167.974 Y167.6 E1.22743
G1 X168.173 Y167.617 E.00684
G3 X168.661 Y167.775 I-.182 J1.397 E.0176
SET_VELOCITY_LIMIT ACCEL=5000 ACCEL_TO_DECEL=2500
G1 X168.896 Y167.448 F30000
;TYPE:Outer wall
G1 F8766.769
G3 X169.8 Y169.009 I-.904 J1.566 E.06447
G1 X169.8 Y184.991 E.54572
G3 X167.991 Y186.8 I-1.818 J-.01 E.09687
G1 X132.009 Y186.8 E1.22862
G3 X130.2 Y184.991 I.01 J-1.818 E.09687
G1 X130.2 Y169.009 E.54572
G3 X132.009 Y167.2 I1.805 J-.004 E.09707
G1 X167.991 Y167.2 E1.22862
G1 X168.208 Y167.219 E.00744
G3 X168.861 Y167.429 I-.216 J1.795 E.02355
SET_VELOCITY_LIMIT ACCEL=10000 ACCEL_TO_DECEL=5000
G1 E-.5 F900
G1 Z1.6 F30000
G1 X167.388 Y185.575 Z1.6
G1 Z1.4
G1 E.5 F900
;TYPE:Internal solid infill
;WIDTH:0.624486
G1 F5382.771
G1 X167.948 Y185.574 E.03112
G1 X168.283 Y185.49 E.01924
G1 X168.458 Y185.318 E.01364
G2 X168.573 Y184.909 I-.656 J-.406 E.02392
G1 X168.573 Y184.393 E.02873
G3 X167.416 Y185.547 I-243.06 J-242.485 E.09087
G1 X166.651 Y185.902 F30000
;WIDTH:0.479999
G1 F7162.171
G1 X168.705 Y183.848 E.1214
G1 X168.705 Y183.23 E.02583
G1 X166.23 Y185.705 E.14631
G1 X165.612 Y185.705 E.02583
G1 X168.705 Y182.612 E.18285
G1 X168.705 Y181.994 E.02583
G1 X164.994 Y185.705 E.21938
G1 X164.376 Y185.705 E.02583
G1 X168.705 Y181.376 E.25592
G1 X168.705 Y180.758 E.02583
G1 X163.758 Y185.705 E.29245
G1 X163.139 Y185.705 E.02583
G1 X168.705 Y180.139 E.32899
G1 X168.705 Y179.521 E.02583
G1 X162.521 Y185.705 E.36552
G1 X161.903 Y185.705 E.02583
G1 X168.705 Y178.903 E.40206
G1 X168.705 Y178.285 E.02583
G1 X161.285 Y185.705 E.43859
G1 X160.667 Y185.705 E.02583
G1 X168.705 Y177.667 E.47513
G1 X168.705 Y177.049 E.02583
G1 X160.049 Y185.705 E.51166
G1 X159.431 Y185.705 E.02583
G1 X168.705 Y176.431 E.5482
G1 X168.705 Y175.813 E.02583
G1 X158.813 Y185.705 E.58473
G1 X158.194 Y185.705 E.02583
G1 X168.705 Y175.194 E.62127
G1 X168.705 Y174.576 E.02583
G1 X157.576 Y185.705 E.6578
G1 X156.958 Y185.705 E.02583
G1 X168.705 Y173.958 E.69434
G1 X168.705 Y173.34 E.02583
G1 X156.34 Y185.705 E.73087
G1 X155.722 Y185.705 E.02583
G1 X168.705 Y172.722 E.76741
G1 X168.705 Y172.104 E.02583
G1 X155.104 Y185.705 E.80394
G1 X154.486 Y185.705 E.02583
G1 X168.705 Y171.486 E.84048
G1 X168.705 Y170.868 E.02583
G1 X153.868 Y185.705 E.87701
G1 X153.249 Y185.705 E.02583
G1 X168.705 Y170.249 E.91355
G1 X168.705 Y169.631 E.02583
G1 X152.631 Y185.705 E.95009
G1 X152.013 Y185.705 E.02583
G1 X168.702 Y169.017 E.98641
G2 X168.542 Y168.558 I-.925 J.065 E.02053
G1 X151.395 Y185.705 E1.01352
G1 X150.777 Y185.705 E.02583
G1 X168.159 Y168.324 E1.02737
G2 X167.57 Y168.295 I-.395 J2.007 E.02473
G1 X150.159 Y185.705 E1.0291
G1 X149.541 Y185.705 E.02583
G1 X166.952 Y168.295 E1.0291
G1 X166.333 Y168.295 E.02583
G1 X148.923 Y185.705 E1.0291
G1 X148.304 Y185.705 E.02583
G1 X165.715 Y168.295 E1.0291
G1 X165.097 Y168.295 E.02583
G1 X147.686 Y185.705 E1.0291
G1 X147.068 Y185.705 E.02583
G1 X164.479 Y168.295 E1.0291
G1 X163.861 Y168.295 E.02583
G1 X146.45 Y185.705 E1.0291
G1 X145.832 Y185.705 E.02583
G1 X163.243 Y168.295 E1.0291
G1 X162.625 Y168.295 E.02583
G1 X145.214 Y185.705 E1.0291
G1 X144.596 Y185.705 E.02583
G1 X162.007 Y168.295 E1.0291
G1 X161.388 Y168.295 E.02583
G1 X143.978 Y185.705 E1.0291
G1 X143.359 Y185.705 E.02583
G1 X160.77 Y168.295 E1.0291
G1 X160.152 Y168.295 E.02583
G1 X142.741 Y185.705 E1.0291
G1 X142.123 Y185.705 E.02583
G1 X159.534 Y168.295 E1.0291
G1 X158.916 Y168.295 E.02583
G1 X141.505 Y185.705 E1.0291
G1 X140.887 Y185.705 E.02583
G1 X158.298 Y168.295 E1.0291
G1 X157.68 Y168.295 E.02583
G1 X140.269 Y185.705 E1.0291
G1 X139.651 Y185.705 E.02583
G1 X157.062 Y168.295 E1.0291
G1 X156.443 Y168.295 E.02583
G1 X139.033 Y185.705 E1.0291
G1 X138.415 Y185.705 E.02583
G1 X155.825 Y168.295 E1.0291
G1 X155.207 Y168.295 E.02583
G1 X137.796 Y185.705 E1.0291
G1 X137.178 Y185.705 E.02583
G1 X154.589 Y168.295 E1.0291
G1 X153.971 Y168.295 E.02583
M73 P70 R9
G1 X136.56 Y185.705 E1.0291
G1 X135.942 Y185.705 E.02583
G1 X153.353 Y168.295 E1.0291
G1 X152.735 Y168.295 E.02583
G1 X135.324 Y185.705 E1.0291
G1 X134.706 Y185.705 E.02583
G1 X152.117 Y168.295 E1.0291
G1 X151.498 Y168.295 E.02583
G1 X134.088 Y185.705 E1.0291
G1 X133.47 Y185.705 E.02583
G1 X150.88 Y168.295 E1.0291
G1 X150.262 Y168.295 E.02583
G1 X132.851 Y185.705 E1.0291
G1 X132.233 Y185.705 E.02583
G1 X149.644 Y168.295 E1.0291
G1 X149.026 Y168.295 E.02583
G1 X131.694 Y185.627 E1.02446
G3 X131.38 Y185.322 I.311 J-.633 E.01857
G1 X148.408 Y168.295 E1.00644
G1 X147.79 Y168.295 E.02583
G1 X131.295 Y184.79 E.97497
G1 X131.295 Y184.172 E.02583
G1 X147.172 Y168.295 E.93844
G1 X146.553 Y168.295 E.02583
G1 X131.295 Y183.553 E.9019
G1 X131.295 Y182.935 E.02583
G1 X145.935 Y168.295 E.86537
G1 X145.317 Y168.295 E.02583
G1 X131.295 Y182.317 E.82883
G1 X131.295 Y181.699 E.02583
G1 X144.699 Y168.295 E.7923
G1 X144.081 Y168.295 E.02583
G1 X131.295 Y181.081 E.75576
G1 X131.295 Y180.463 E.02583
G1 X143.463 Y168.295 E.71923
G1 X142.845 Y168.295 E.02583
G1 X131.295 Y179.845 E.68269
G1 X131.295 Y179.227 E.02583
G1 X142.227 Y168.295 E.64616
G1 X141.608 Y168.295 E.02583
G1 X131.295 Y178.608 E.60962
G1 X131.295 Y177.99 E.02583
G1 X140.99 Y168.295 E.57308
G1 X140.372 Y168.295 E.02583
G1 X131.295 Y177.372 E.53655
G1 X131.295 Y176.754 E.02583
G1 X139.754 Y168.295 E.50001
G1 X139.136 Y168.295 E.02583
G1 X131.295 Y176.136 E.46348
G1 X131.295 Y175.518 E.02583
G1 X138.518 Y168.295 E.42694
G1 X137.9 Y168.295 E.02583
G1 X131.295 Y174.9 E.39041
G1 X131.295 Y174.282 E.02583
G1 X137.282 Y168.295 E.35387
G1 X136.664 Y168.295 E.02583
G1 X131.295 Y173.663 E.31734
G1 X131.295 Y173.045 E.02583
G1 X136.045 Y168.295 E.2808
G1 X135.427 Y168.295 E.02583
G1 X131.295 Y172.427 E.24427
G1 X131.295 Y171.809 E.02583
G1 X134.809 Y168.295 E.20773
G1 X134.191 Y168.295 E.02583
G1 X131.295 Y171.191 E.1712
G1 X131.295 Y170.573 E.02583
G1 X133.573 Y168.295 E.13466
G1 X132.955 Y168.295 E.02583
G1 X131.295 Y169.955 E.09813
G1 X131.295 Y169.337 E.02583
G1 X132.533 Y168.098 E.07322
; stop printing object flowrate_15 id:0 copy 0
; printing object flowrate_20 id:0 copy 0
G1 E-.5 F900
G1 Z1.6 F30000
G1 X126.517 Y168.104 Z1.6
G1 Z1.4
G1 E.5 F900
;TYPE:Inner wall
;WIDTH:0.4
G1 F8401.487
G3 X127.043 Y169.042 I-.527 J.912 E.04021
G1 X127.043 Y184.958 E.56709
G3 X125.958 Y186.043 I-1.062 J.023 E.06107
G1 X90.042 Y186.043 E1.27969
G3 X88.957 Y184.958 I-.023 J-1.062 E.06107
G1 X88.957 Y169.042 E.5671
G3 X90.042 Y167.957 I1.057 J-.028 E.06115
G1 X125.958 Y167.957 E1.27969
G1 X126.142 Y167.973 E.00658
G3 X126.482 Y168.084 I-.152 J1.042 E.01281
G1 X126.696 Y167.795 F30000
G1 F8401.487
G3 X127.4 Y169.026 I-.705 J1.22 E.05297
G1 X127.4 Y184.974 E.5682
G3 X125.974 Y186.4 I-1.418 J.008 E.07994
G1 X90.026 Y186.4 E1.2808
G3 X88.6 Y184.974 I-.008 J-1.418 E.07994
G1 X88.6 Y169.026 E.56821
G3 X88.669 Y168.589 I1.274 J-.024 E.01584
G3 X90.026 Y167.6 I1.345 J.42 E.06411
G1 X125.974 Y167.6 E1.2808
G1 X126.173 Y167.617 E.00714
G3 X126.661 Y167.775 I-.182 J1.397 E.01836
SET_VELOCITY_LIMIT ACCEL=5000 ACCEL_TO_DECEL=2500
G1 X126.896 Y167.448 F30000
;TYPE:Outer wall
G1 F8401.487
G3 X127.8 Y169.009 I-.904 J1.566 E.06727
G1 X127.8 Y184.991 E.56945
G3 X125.991 Y186.8 I-1.818 J-.01 E.10108
G1 X90.009 Y186.8 E1.28204
G3 X88.2 Y184.991 I.01 J-1.818 E.10108
G1 X88.2 Y169.009 E.56945
G3 X90.009 Y167.2 I1.805 J-.004 E.10129
G1 X125.991 Y167.2 E1.28204
G1 X126.208 Y167.219 E.00776
G3 X126.861 Y167.429 I-.216 J1.795 E.02458
SET_VELOCITY_LIMIT ACCEL=10000 ACCEL_TO_DECEL=5000
G1 E-.5 F900
G1 Z1.6 F30000
G1 X125.388 Y185.575 Z1.6
G1 Z1.4
G1 E.5 F900
;TYPE:Internal solid infill
;WIDTH:0.624486
G1 F5158.492
G1 X125.948 Y185.574 E.03248
G1 X126.283 Y185.49 E.02007
G1 X126.458 Y185.318 E.01424
G2 X126.573 Y184.909 I-.656 J-.405 E.02497
G1 X126.573 Y184.393 E.02998
G3 X125.416 Y185.547 I-243.064 J-242.489 E.09482
G1 X124.651 Y185.902 F30000
;WIDTH:0.479999
G1 F6863.747
G1 X126.705 Y183.848 E.12668
G1 X126.705 Y183.23 E.02696
G1 X124.23 Y185.705 E.15267
G1 X123.612 Y185.705 E.02696
G1 X126.705 Y182.612 E.1908
G1 X126.705 Y181.994 E.02696
G1 X122.994 Y185.705 E.22892
G1 X122.376 Y185.705 E.02696
G1 X126.705 Y181.376 E.26704
G1 X126.705 Y180.758 E.02696
G1 X121.758 Y185.705 E.30517
G1 X121.139 Y185.705 E.02696
G1 X126.705 Y180.139 E.34329
G1 X126.705 Y179.521 E.02696
G1 X120.521 Y185.705 E.38141
G1 X119.903 Y185.705 E.02696
G1 X126.705 Y178.903 E.41954
G1 X126.705 Y178.285 E.02696
G1 X119.285 Y185.705 E.45766
G1 X118.667 Y185.705 E.02696
G1 X126.705 Y177.667 E.49579
G1 X126.705 Y177.049 E.02696
G1 X118.049 Y185.705 E.53391
G1 X117.431 Y185.705 E.02696
G1 X126.705 Y176.431 E.57203
G1 X126.705 Y175.813 E.02696
G1 X116.813 Y185.705 E.61016
G1 X116.194 Y185.705 E.02696
G1 X126.705 Y175.194 E.64828
G1 X126.705 Y174.576 E.02696
G1 X115.576 Y185.705 E.6864
G1 X114.958 Y185.705 E.02696
G1 X126.705 Y173.958 E.72453
G1 X126.705 Y173.34 E.02696
G1 X114.34 Y185.705 E.76265
G1 X113.722 Y185.705 E.02696
G1 X126.705 Y172.722 E.80078
G1 X126.705 Y172.104 E.02696
G1 X113.104 Y185.705 E.8389
G1 X112.486 Y185.705 E.02696
G1 X126.705 Y171.486 E.87702
G1 X126.705 Y170.868 E.02696
G1 X111.868 Y185.705 E.91515
G1 X111.249 Y185.705 E.02696
G1 X126.705 Y170.249 E.95327
G1 X126.705 Y169.631 E.02696
G1 X110.631 Y185.705 E.99139
G1 X110.013 Y185.705 E.02696
G1 X126.702 Y169.017 E1.0293
G2 X126.542 Y168.558 I-.925 J.065 E.02143
G1 X109.395 Y185.705 E1.05759
G1 X108.777 Y185.705 E.02696
G1 X126.159 Y168.324 E1.07204
G2 X125.57 Y168.295 I-.395 J2.007 E.02581
G1 X108.159 Y185.705 E1.07384
G1 X107.541 Y185.705 E.02696
G1 X124.952 Y168.295 E1.07384
G1 X124.333 Y168.295 E.02696
G1 X106.923 Y185.705 E1.07384
G1 X106.304 Y185.705 E.02696
G1 X123.715 Y168.295 E1.07384
G1 X123.097 Y168.295 E.02696
G1 X105.686 Y185.705 E1.07384
G1 X105.068 Y185.705 E.02696
G1 X122.479 Y168.295 E1.07384
G1 X121.861 Y168.295 E.02696
G1 X104.45 Y185.705 E1.07384
G1 X103.832 Y185.705 E.02696
G1 X121.243 Y168.295 E1.07384
G1 X120.625 Y168.295 E.02696
G1 X103.214 Y185.705 E1.07384
G1 X102.596 Y185.705 E.02696
G1 X120.007 Y168.295 E1.07384
G1 X119.388 Y168.295 E.02696
G1 X101.978 Y185.705 E1.07384
G1 X101.359 Y185.705 E.02696
G1 X118.77 Y168.295 E1.07384
G1 X118.152 Y168.295 E.02696
G1 X100.741 Y185.705 E1.07384
G1 X100.123 Y185.705 E.02696
G1 X117.534 Y168.295 E1.07384
G1 X116.916 Y168.295 E.02696
G1 X99.505 Y185.705 E1.07384
G1 X98.887 Y185.705 E.02696
G1 X116.298 Y168.295 E1.07384
G1 X115.68 Y168.295 E.02696
G1 X98.269 Y185.705 E1.07384
G1 X97.651 Y185.705 E.02696
G1 X115.062 Y168.295 E1.07384
G1 X114.443 Y168.295 E.02696
G1 X97.033 Y185.705 E1.07384
G1 X96.415 Y185.705 E.02696
G1 X113.825 Y168.295 E1.07384
G1 X113.207 Y168.295 E.02696
M73 P70 R8
G1 X95.796 Y185.705 E1.07384
G1 X95.178 Y185.705 E.02696
G1 X112.589 Y168.295 E1.07384
G1 X111.971 Y168.295 E.02696
G1 X94.56 Y185.705 E1.07384
G1 X93.942 Y185.705 E.02696
G1 X111.353 Y168.295 E1.07384
G1 X110.735 Y168.295 E.02696
M73 P71 R8
G1 X93.324 Y185.705 E1.07384
G1 X92.706 Y185.705 E.02696
G1 X110.117 Y168.295 E1.07384
G1 X109.498 Y168.295 E.02696
G1 X92.088 Y185.705 E1.07384
G1 X91.47 Y185.705 E.02696
G1 X108.88 Y168.295 E1.07384
G1 X108.262 Y168.295 E.02696
G1 X90.851 Y185.705 E1.07384
G1 X90.233 Y185.705 E.02696
G1 X107.644 Y168.295 E1.07384
G1 X107.026 Y168.295 E.02696
G1 X89.694 Y185.627 E1.069
G3 X89.38 Y185.322 I.311 J-.633 E.01938
G1 X106.408 Y168.295 E1.0502
G1 X105.79 Y168.295 E.02696
G1 X89.295 Y184.79 E1.01736
G1 X89.295 Y184.172 E.02696
G1 X105.172 Y168.295 E.97924
G1 X104.553 Y168.295 E.02696
G1 X89.295 Y183.553 E.94111
G1 X89.295 Y182.935 E.02696
G1 X103.935 Y168.295 E.90299
G1 X103.317 Y168.295 E.02696
G1 X89.295 Y182.317 E.86487
G1 X89.295 Y181.699 E.02696
G1 X102.699 Y168.295 E.82674
G1 X102.081 Y168.295 E.02696
G1 X89.295 Y181.081 E.78862
G1 X89.295 Y180.463 E.02696
G1 X101.463 Y168.295 E.7505
G1 X100.845 Y168.295 E.02696
G1 X89.295 Y179.845 E.71237
G1 X89.295 Y179.227 E.02696
G1 X100.227 Y168.295 E.67425
G1 X99.608 Y168.295 E.02696
G1 X89.295 Y178.608 E.63612
G1 X89.295 Y177.99 E.02696
G1 X98.99 Y168.295 E.598
G1 X98.372 Y168.295 E.02696
G1 X89.295 Y177.372 E.55988
G1 X89.295 Y176.754 E.02696
G1 X97.754 Y168.295 E.52175
G1 X97.136 Y168.295 E.02696
G1 X89.295 Y176.136 E.48363
G1 X89.295 Y175.518 E.02696
G1 X96.518 Y168.295 E.44551
G1 X95.9 Y168.295 E.02696
G1 X89.295 Y174.9 E.40738
G1 X89.295 Y174.282 E.02696
G1 X95.282 Y168.295 E.36926
G1 X94.663 Y168.295 E.02696
G1 X89.295 Y173.663 E.33114
G1 X89.295 Y173.045 E.02696
G1 X94.045 Y168.295 E.29301
G1 X93.427 Y168.295 E.02696
G1 X89.295 Y172.427 E.25489
G1 X89.295 Y171.809 E.02696
G1 X92.809 Y168.295 E.21676
G1 X92.191 Y168.295 E.02696
G1 X89.295 Y171.191 E.17864
G1 X89.295 Y170.573 E.02696
G1 X91.573 Y168.295 E.14052
G1 X90.955 Y168.295 E.02696
G1 X89.295 Y169.955 E.10239
G1 X89.295 Y169.337 E.02696
G1 X90.533 Y168.098 E.0764
; stop printing object flowrate_20 id:0 copy 0
; printing object flowrate_5 id:0 copy 0
G1 E-.5 F900
G1 Z1.6 F30000
G1 X126.517 Y136.104 Z1.6
G1 Z1.4
G1 E.5 F900
;TYPE:Inner wall
;WIDTH:0.4
G1 F9601.699
G3 X127.043 Y137.042 I-.527 J.912 E.03518
G1 X127.043 Y152.958 E.49621
G3 X125.958 Y154.043 I-1.062 J.023 E.05344
G1 X90.042 Y154.043 E1.11972
G3 X88.957 Y152.958 I-.023 J-1.062 E.05344
G1 X88.957 Y137.042 E.49621
G3 X90.042 Y135.957 I1.062 J-.023 E.05344
G1 X125.958 Y135.957 E1.11973
G1 X126.142 Y135.973 E.00576
G3 X126.482 Y136.084 I-.152 J1.042 E.01121
G1 X126.696 Y135.795 F30000
G1 F9601.699
G3 X127.4 Y137.026 I-.705 J1.22 E.04635
G1 X127.4 Y152.974 E.49718
G3 X125.974 Y154.4 I-1.418 J.008 E.06995
G1 X90.026 Y154.4 E1.1207
G3 X88.6 Y152.974 I-.008 J-1.418 E.06995
G1 X88.6 Y137.026 E.49718
G3 X90.026 Y135.6 I1.418 J-.008 E.06995
G1 X125.974 Y135.6 E1.1207
G1 X126.173 Y135.617 E.00625
G3 X126.661 Y135.775 I-.182 J1.397 E.01607
SET_VELOCITY_LIMIT ACCEL=5000 ACCEL_TO_DECEL=2500
G1 X126.896 Y135.448 F30000
;TYPE:Outer wall
G1 F9601.699
G3 X127.8 Y137.009 I-.904 J1.566 E.05886
G1 X127.8 Y152.991 E.49827
G3 X125.991 Y154.8 I-1.818 J-.01 E.08845
G1 X90.009 Y154.8 E1.12179
G3 X88.2 Y152.991 I.01 J-1.818 E.08845
G1 X88.2 Y137.009 E.49827
G3 X90.009 Y135.2 I1.818 J.01 E.08845
G1 X125.991 Y135.2 E1.12179
G1 X126.208 Y135.219 E.00679
G3 X126.861 Y135.429 I-.216 J1.795 E.0215
SET_VELOCITY_LIMIT ACCEL=10000 ACCEL_TO_DECEL=5000
G1 E-.5 F900
G1 Z1.6 F30000
G1 X125.388 Y153.575 Z1.6
G1 Z1.4
G1 E.5 F900
;TYPE:Internal solid infill
;WIDTH:0.624487
G1 F5895.409
G1 X125.947 Y153.574 E.02842
G1 X126.283 Y153.49 E.01756
G1 X126.458 Y153.318 E.01246
G2 X126.573 Y152.909 I-.656 J-.405 E.02184
G1 X126.573 Y152.393 E.02623
G3 X125.416 Y153.547 I-243.241 J-242.667 E.08297
G1 X124.651 Y153.902 F30000
;WIDTH:0.479999
G1 F7844.283
G1 X126.705 Y151.848 E.11084
G1 X126.705 Y151.23 E.02359
G1 X124.23 Y153.705 E.13359
G1 X123.612 Y153.705 E.02359
G1 X126.705 Y150.612 E.16695
G1 X126.705 Y149.994 E.02359
G1 X122.994 Y153.705 E.2003
G1 X122.376 Y153.705 E.02359
G1 X126.705 Y149.376 E.23366
G1 X126.705 Y148.758 E.02359
G1 X121.758 Y153.705 E.26702
G1 X121.139 Y153.705 E.02359
G1 X126.705 Y148.139 E.30038
G1 X126.705 Y147.521 E.02359
G1 X120.521 Y153.705 E.33374
G1 X119.903 Y153.705 E.02359
G1 X126.705 Y146.903 E.3671
G1 X126.705 Y146.285 E.02359
G1 X119.285 Y153.705 E.40045
G1 X118.667 Y153.705 E.02359
G1 X126.705 Y145.667 E.43381
G1 X126.705 Y145.049 E.02359
G1 X118.049 Y153.705 E.46717
G1 X117.431 Y153.705 E.02359
G1 X126.705 Y144.431 E.50053
G1 X126.705 Y143.813 E.02359
G1 X116.813 Y153.705 E.53389
G1 X116.194 Y153.705 E.02359
G1 X126.705 Y143.194 E.56725
G1 X126.705 Y142.576 E.02359
G1 X115.576 Y153.705 E.6006
G1 X114.958 Y153.705 E.02359
G1 X126.705 Y141.958 E.63396
G1 X126.705 Y141.34 E.02359
G1 X114.34 Y153.705 E.66732
G1 X113.722 Y153.705 E.02359
G1 X126.705 Y140.722 E.70068
G1 X126.705 Y140.104 E.02359
G1 X113.104 Y153.705 E.73404
G1 X112.486 Y153.705 E.02359
G1 X126.705 Y139.486 E.76739
G1 X126.705 Y138.868 E.02359
G1 X111.868 Y153.705 E.80075
G1 X111.249 Y153.705 E.02359
G1 X126.705 Y138.249 E.83411
G1 X126.705 Y137.631 E.02359
G1 X110.631 Y153.705 E.86747
G1 X110.013 Y153.705 E.02359
G1 X126.702 Y137.017 E.90064
G2 X126.542 Y136.558 I-.925 J.065 E.01875
G1 X109.395 Y153.705 E.92539
G1 X108.777 Y153.705 E.02359
G1 X126.159 Y136.324 E.93803
G2 X125.57 Y136.295 I-.395 J2.007 E.02258
G1 X108.159 Y153.705 E.93961
G1 X107.541 Y153.705 E.02359
G1 X124.952 Y136.295 E.93961
G1 X124.333 Y136.295 E.02359
G1 X106.923 Y153.705 E.93961
G1 X106.304 Y153.705 E.02359
G1 X123.715 Y136.295 E.93961
G1 X123.097 Y136.295 E.02359
G1 X105.686 Y153.705 E.93961
G1 X105.068 Y153.705 E.02359
G1 X122.479 Y136.295 E.93961
G1 X121.861 Y136.295 E.02359
G1 X104.45 Y153.705 E.93961
G1 X103.832 Y153.705 E.02359
G1 X121.243 Y136.295 E.93961
G1 X120.625 Y136.295 E.02359
G1 X103.214 Y153.705 E.93961
G1 X102.596 Y153.705 E.02359
G1 X120.007 Y136.295 E.93961
G1 X119.388 Y136.295 E.02359
G1 X101.978 Y153.705 E.93961
G1 X101.359 Y153.705 E.02359
G1 X118.77 Y136.295 E.93961
G1 X118.152 Y136.295 E.02359
G1 X100.741 Y153.705 E.93961
G1 X100.123 Y153.705 E.02359
G1 X117.534 Y136.295 E.93961
G1 X116.916 Y136.295 E.02359
G1 X99.505 Y153.705 E.93961
G1 X98.887 Y153.705 E.02359
G1 X116.298 Y136.295 E.93961
G1 X115.68 Y136.295 E.02359
G1 X98.269 Y153.705 E.93961
G1 X97.651 Y153.705 E.02359
G1 X115.062 Y136.295 E.93961
G1 X114.443 Y136.295 E.02359
G1 X97.033 Y153.705 E.93961
G1 X96.415 Y153.705 E.02359
G1 X113.825 Y136.295 E.93961
G1 X113.207 Y136.295 E.02359
G1 X95.796 Y153.705 E.93961
G1 X95.178 Y153.705 E.02359
G1 X112.589 Y136.295 E.93961
G1 X111.971 Y136.295 E.02359
G1 X94.56 Y153.705 E.93961
G1 X93.942 Y153.705 E.02359
G1 X111.353 Y136.295 E.93961
G1 X110.735 Y136.295 E.02359
G1 X93.324 Y153.705 E.93961
G1 X92.706 Y153.705 E.02359
G1 X110.117 Y136.295 E.93961
G1 X109.498 Y136.295 E.02359
G1 X92.088 Y153.705 E.93961
G1 X91.47 Y153.705 E.02359
G1 X108.88 Y136.295 E.93961
G1 X108.262 Y136.295 E.02359
G1 X90.851 Y153.705 E.93961
G1 X90.233 Y153.705 E.02359
G1 X107.644 Y136.295 E.93961
G1 X107.026 Y136.295 E.02359
M73 P72 R8
G1 X89.694 Y153.627 E.93538
G3 X89.38 Y153.322 I.311 J-.633 E.01696
G1 X106.408 Y136.295 E.91893
G1 X105.79 Y136.295 E.02359
G1 X89.295 Y152.79 E.89019
G1 X89.295 Y152.172 E.02359
G1 X105.172 Y136.295 E.85683
G1 X104.553 Y136.295 E.02359
G1 X89.295 Y151.553 E.82348
G1 X89.295 Y150.935 E.02359
G1 X103.935 Y136.295 E.79012
G1 X103.317 Y136.295 E.02359
G1 X89.295 Y150.317 E.75676
G1 X89.295 Y149.699 E.02359
G1 X102.699 Y136.295 E.7234
G1 X102.081 Y136.295 E.02359
G1 X89.295 Y149.081 E.69004
G1 X89.295 Y148.463 E.02359
G1 X101.463 Y136.295 E.65668
G1 X100.845 Y136.295 E.02359
G1 X89.295 Y147.845 E.62333
G1 X89.295 Y147.227 E.02359
G1 X100.227 Y136.295 E.58997
G1 X99.608 Y136.295 E.02359
G1 X89.295 Y146.608 E.55661
G1 X89.295 Y145.99 E.02359
G1 X98.99 Y136.295 E.52325
G1 X98.372 Y136.295 E.02359
G1 X89.295 Y145.372 E.48989
G1 X89.295 Y144.754 E.02359
G1 X97.754 Y136.295 E.45653
G1 X97.136 Y136.295 E.02359
G1 X89.295 Y144.136 E.42318
G1 X89.295 Y143.518 E.02359
G1 X96.518 Y136.295 E.38982
G1 X95.9 Y136.295 E.02359
G1 X89.295 Y142.9 E.35646
G1 X89.295 Y142.282 E.02359
G1 X95.282 Y136.295 E.3231
G1 X94.663 Y136.295 E.02359
G1 X89.295 Y141.663 E.28974
G1 X89.295 Y141.045 E.02359
G1 X94.045 Y136.295 E.25639
G1 X93.427 Y136.295 E.02359
G1 X89.295 Y140.427 E.22303
G1 X89.295 Y139.809 E.02359
G1 X92.809 Y136.295 E.18967
G1 X92.191 Y136.295 E.02359
G1 X89.295 Y139.191 E.15631
G1 X89.295 Y138.573 E.02359
G1 X91.573 Y136.295 E.12295
G1 X90.955 Y136.295 E.02359
G1 X89.295 Y137.955 E.08959
G1 X89.295 Y137.337 E.02359
G1 X90.533 Y136.098 E.06685
; stop printing object flowrate_5 id:0 copy 0
; printing object flowrate_m20 id:279172874362 copy 0
G1 E-.5 F900
G1 Z1.6 F30000
G1 X126.517 Y104.104 Z1.6
G1 Z1.4
G1 E.5 F900
;TYPE:Inner wall
;WIDTH:0.4
G1 F12602.23
G3 X127.043 Y105.042 I-.527 J.912 E.0268
G1 X127.043 Y120.958 E.37806
G3 X125.958 Y122.043 I-1.062 J.023 E.04072
G1 X90.042 Y122.043 E.85312
G3 X88.957 Y120.958 I-.023 J-1.062 E.04071
G1 X88.957 Y105.042 E.37806
G3 X90.042 Y103.957 I1.062 J-.023 E.04071
G1 X125.958 Y103.957 E.85312
G1 X126.142 Y103.973 E.00439
G3 X126.482 Y104.084 I-.152 J1.042 E.00854
G1 X126.696 Y103.795 F30000
G1 F12602.23
G3 X127.4 Y105.026 I-.705 J1.22 E.03531
G1 X127.4 Y120.974 E.3788
G3 X125.974 Y122.4 I-1.418 J.008 E.05329
G1 X90.026 Y122.4 E.85386
G3 X88.6 Y120.974 I-.008 J-1.418 E.05329
G1 X88.6 Y105.026 E.3788
G3 X90.026 Y103.6 I1.418 J-.008 E.05329
G1 X125.974 Y103.6 E.85386
G1 X126.173 Y103.617 E.00476
G3 X126.661 Y103.775 I-.182 J1.397 E.01224
SET_VELOCITY_LIMIT ACCEL=5000 ACCEL_TO_DECEL=2500
G1 X126.896 Y103.448 F30000
;TYPE:Outer wall
G1 F12000
G3 X127.8 Y105.009 I-.904 J1.566 E.04485
G1 X127.8 Y120.991 E.37963
G3 X125.991 Y122.8 I-1.818 J-.01 E.06739
G1 X90.009 Y122.8 E.85469
G3 X88.2 Y120.991 I.01 J-1.818 E.06739
G1 X88.2 Y105.009 E.37963
G3 X90.009 Y103.2 I1.818 J.01 E.06739
G1 X125.991 Y103.2 E.85469
G1 X126.208 Y103.219 E.00518
G3 X126.861 Y103.429 I-.216 J1.795 E.01638
SET_VELOCITY_LIMIT ACCEL=10000 ACCEL_TO_DECEL=5000
G1 E-.5 F900
G1 Z1.6 F30000
G1 X125.388 Y121.575 Z1.6
G1 Z1.4
G1 E.5 F900
;TYPE:Internal solid infill
;WIDTH:0.624487
G1 F7737.725
G1 X125.947 Y121.574 E.02165
G1 X126.283 Y121.49 E.01338
G1 X126.458 Y121.318 E.00949
G2 X126.573 Y120.909 I-.656 J-.405 E.01664
G1 X126.573 Y120.393 E.01998
G3 X125.416 Y121.547 I-243.24 J-242.666 E.06321
G1 X124.651 Y121.902 F30000
;WIDTH:0.479999
G1 F8220
G1 X126.705 Y119.848 E.08445
G1 X126.705 Y119.23 E.01797
G1 X124.23 Y121.705 E.10178
G1 X123.612 Y121.705 E.01797
G1 X126.705 Y118.612 E.1272
G1 X126.705 Y117.994 E.01797
G1 X122.994 Y121.705 E.15261
G1 X122.376 Y121.705 E.01797
G1 X126.705 Y117.376 E.17803
G1 X126.705 Y116.758 E.01797
G1 X121.758 Y121.705 E.20344
G1 X121.139 Y121.705 E.01797
G1 X126.705 Y116.139 E.22886
G1 X126.705 Y115.521 E.01797
G1 X120.521 Y121.705 E.25428
G1 X119.903 Y121.705 E.01797
G1 X126.705 Y114.903 E.27969
G1 X126.705 Y114.285 E.01797
G1 X119.285 Y121.705 E.30511
G1 X118.667 Y121.705 E.01797
G1 X126.705 Y113.667 E.33052
G1 X126.705 Y113.049 E.01797
G1 X118.049 Y121.705 E.35594
G1 X117.431 Y121.705 E.01797
G1 X126.705 Y112.431 E.38136
G1 X126.705 Y111.813 E.01797
G1 X116.813 Y121.705 E.40677
G1 X116.194 Y121.705 E.01797
G1 X126.705 Y111.194 E.43219
G1 X126.705 Y110.576 E.01797
G1 X115.576 Y121.705 E.4576
G1 X114.958 Y121.705 E.01797
G1 X126.705 Y109.958 E.48302
G1 X126.705 Y109.34 E.01797
G1 X114.34 Y121.705 E.50843
G1 X113.722 Y121.705 E.01797
G1 X126.705 Y108.722 E.53385
G1 X126.705 Y108.104 E.01797
G1 X113.104 Y121.705 E.55927
G1 X112.486 Y121.705 E.01797
G1 X126.705 Y107.486 E.58468
G1 X126.705 Y106.868 E.01797
G1 X111.868 Y121.705 E.6101
G1 X111.249 Y121.705 E.01797
G1 X126.705 Y106.249 E.63551
G1 X126.705 Y105.631 E.01797
G1 X110.631 Y121.705 E.66093
G1 X110.013 Y121.705 E.01797
G1 X126.702 Y105.017 E.6862
G2 X126.542 Y104.558 I-.925 J.064 E.01428
G1 X109.395 Y121.705 E.70506
G1 X108.777 Y121.705 E.01797
G1 X126.159 Y104.324 E.71469
G2 X125.57 Y104.295 I-.395 J2.007 E.0172
G1 X108.159 Y121.705 E.71589
G1 X107.541 Y121.705 E.01797
G1 X124.952 Y104.295 E.71589
G1 X124.333 Y104.295 E.01797
G1 X106.923 Y121.705 E.71589
G1 X106.304 Y121.705 E.01797
G1 X123.715 Y104.295 E.71589
G1 X123.097 Y104.295 E.01797
G1 X105.686 Y121.705 E.71589
G1 X105.068 Y121.705 E.01797
G1 X122.479 Y104.295 E.71589
G1 X121.861 Y104.295 E.01797
G1 X104.45 Y121.705 E.71589
G1 X103.832 Y121.705 E.01797
G1 X121.243 Y104.295 E.71589
G1 X120.625 Y104.295 E.01797
G1 X103.214 Y121.705 E.71589
G1 X102.596 Y121.705 E.01797
G1 X120.007 Y104.295 E.71589
G1 X119.388 Y104.295 E.01797
G1 X101.978 Y121.705 E.71589
G1 X101.359 Y121.705 E.01797
G1 X118.77 Y104.295 E.71589
G1 X118.152 Y104.295 E.01797
G1 X100.741 Y121.705 E.71589
G1 X100.123 Y121.705 E.01797
G1 X117.534 Y104.295 E.71589
G1 X116.916 Y104.295 E.01797
G1 X99.505 Y121.705 E.71589
G1 X98.887 Y121.705 E.01797
G1 X116.298 Y104.295 E.71589
G1 X115.68 Y104.295 E.01797
G1 X98.269 Y121.705 E.71589
G1 X97.651 Y121.705 E.01797
G1 X115.062 Y104.295 E.71589
G1 X114.443 Y104.295 E.01797
G1 X97.033 Y121.705 E.71589
G1 X96.415 Y121.705 E.01797
G1 X113.825 Y104.295 E.71589
G1 X113.207 Y104.295 E.01797
G1 X95.796 Y121.705 E.71589
G1 X95.178 Y121.705 E.01797
G1 X112.589 Y104.295 E.71589
G1 X111.971 Y104.295 E.01797
G1 X94.56 Y121.705 E.71589
G1 X93.942 Y121.705 E.01797
G1 X111.353 Y104.295 E.71589
G1 X110.735 Y104.295 E.01797
G1 X93.324 Y121.705 E.71589
G1 X92.706 Y121.705 E.01797
G1 X110.117 Y104.295 E.71589
G1 X109.498 Y104.295 E.01797
G1 X92.088 Y121.705 E.71589
G1 X91.47 Y121.705 E.01797
G1 X108.88 Y104.295 E.71589
G1 X108.262 Y104.295 E.01797
G1 X90.851 Y121.705 E.71589
G1 X90.233 Y121.705 E.01797
G1 X107.644 Y104.295 E.71589
G1 X107.026 Y104.295 E.01797
G1 X89.694 Y121.627 E.71267
G3 X89.38 Y121.322 I.311 J-.633 E.01292
G1 X106.408 Y104.295 E.70013
G1 X105.79 Y104.295 E.01797
G1 X89.295 Y120.79 E.67824
G1 X89.295 Y120.172 E.01797
G1 X105.172 Y104.295 E.65283
G1 X104.553 Y104.295 E.01797
G1 X89.295 Y119.553 E.62741
G1 X89.295 Y118.935 E.01797
G1 X103.935 Y104.295 E.60199
G1 X103.317 Y104.295 E.01797
G1 X89.295 Y118.317 E.57658
G1 X89.295 Y117.699 E.01797
G1 X102.699 Y104.295 E.55116
G1 X102.081 Y104.295 E.01797
G1 X89.295 Y117.081 E.52575
G1 X89.295 Y116.463 E.01797
G1 X101.463 Y104.295 E.50033
G1 X100.845 Y104.295 E.01797
G1 X89.295 Y115.845 E.47491
G1 X89.295 Y115.227 E.01797
G1 X100.227 Y104.295 E.4495
G1 X99.608 Y104.295 E.01797
G1 X89.295 Y114.608 E.42408
G1 X89.295 Y113.99 E.01797
G1 X98.99 Y104.295 E.39867
G1 X98.372 Y104.295 E.01797
G1 X89.295 Y113.372 E.37325
G1 X89.295 Y112.754 E.01797
M73 P73 R8
G1 X97.754 Y104.295 E.34784
G1 X97.136 Y104.295 E.01797
G1 X89.295 Y112.136 E.32242
G1 X89.295 Y111.518 E.01797
G1 X96.518 Y104.295 E.297
G1 X95.9 Y104.295 E.01797
G1 X89.295 Y110.9 E.27159
G1 X89.295 Y110.282 E.01797
G1 X95.282 Y104.295 E.24617
G1 X94.663 Y104.295 E.01797
G1 X89.295 Y109.663 E.22076
G1 X89.295 Y109.045 E.01797
G1 X94.045 Y104.295 E.19534
G1 X93.427 Y104.295 E.01797
G1 X89.295 Y108.427 E.16993
G1 X89.295 Y107.809 E.01797
G1 X92.809 Y104.295 E.14451
G1 X92.191 Y104.295 E.01797
G1 X89.295 Y107.191 E.11909
G1 X89.295 Y106.573 E.01797
G1 X91.573 Y104.295 E.09368
G1 X90.955 Y104.295 E.01797
G1 X89.295 Y105.955 E.06826
G1 X89.295 Y105.337 E.01797
G1 X90.533 Y104.098 E.05093
; stop printing object flowrate_m20 id:279172874362 copy 0
;LAYER_CHANGE
;Z:1.6
;HEIGHT:0.2
;BEFORE_LAYER_CHANGE
;1.6
G92 E0

G1 E-.5 F900
;AFTER_LAYER_CHANGE
;1.6
SET_PRINT_STATS_INFO CURRENT_LAYER=8
;_SET_FAN_SPEED_CHANGING_LAYER
; printing object flowrate_10 id:8318823020889268071 copy 0
G1 Z1.8 F30000
G1 X210.355 Y185.975 Z1.8
G1 Z1.6
G1 E.5 F900
;TYPE:Inner wall
;WIDTH:0.4
G1 F9165.258
G3 X209.958 Y186.043 I-.374 J-.994 E.01322
G1 X174.042 Y186.043 E1.17305
G3 X172.957 Y184.958 I-.023 J-1.062 E.05598
G1 X172.957 Y169.042 E.51984
G3 X174.042 Y167.957 I1.062 J-.023 E.05598
G1 X209.958 Y167.957 E1.17305
G1 X210.18 Y167.977 E.00729
G3 X211.043 Y169.042 I-.192 J1.037 E.04873
G1 X211.043 Y184.958 E.51984
G3 X210.392 Y185.96 I-1.062 J.023 E.04145
G1 X210.477 Y186.311 F30000
G1 F9165.258
G3 X209.974 Y186.4 I-.495 J-1.329 E.01678
G1 X174.026 Y186.4 E1.17406
G3 X172.6 Y184.974 I-.008 J-1.418 E.07328
G1 X172.6 Y169.026 E.52086
G3 X174.026 Y167.6 I1.418 J-.008 E.07328
G1 X209.974 Y167.6 E1.17406
G1 X210.208 Y167.621 E.00768
G3 X211.4 Y169.026 I-.221 J1.396 E.06557
G1 X211.4 Y184.974 E.52085
G3 X210.514 Y186.296 I-1.418 J.008 E.05519
SET_VELOCITY_LIMIT ACCEL=5000 ACCEL_TO_DECEL=2500
G1 X210.614 Y186.687 F30000
;TYPE:Outer wall
G1 F9165.258
G3 X209.991 Y186.8 I-.632 J-1.705 E.02077
G1 X174.009 Y186.8 E1.1752
G3 X172.2 Y184.991 I.01 J-1.818 E.09266
G1 X172.2 Y169.009 E.522
G3 X174.009 Y167.2 I1.818 J.01 E.09266
G1 X209.991 Y167.2 E1.17521
G1 X210.243 Y167.222 E.00825
G3 X211.8 Y169.009 I-.254 J1.793 E.08437
G1 X211.8 Y184.991 E.522
G3 X210.651 Y186.672 I-1.818 J-.01 E.07058
SET_VELOCITY_LIMIT ACCEL=10000 ACCEL_TO_DECEL=5000
G1 E-.5 F900
G1 Z1.8 F30000
G1 X175.349 Y185.902 Z1.8
G1 Z1.6
G1 E.5 F900
;TYPE:Internal solid infill
;WIDTH:0.479999
G1 F7487.724
G1 X173.295 Y183.848 E.11612
G1 X173.295 Y183.23 E.02471
G1 X175.77 Y185.705 E.13995
G1 X176.388 Y185.705 E.02471
G1 X173.295 Y182.612 E.1749
G1 X173.295 Y181.994 E.02471
G1 X177.006 Y185.705 E.20984
G1 X177.624 Y185.705 E.02471
G1 X173.295 Y181.376 E.24479
G1 X173.295 Y180.758 E.02471
G1 X178.242 Y185.705 E.27974
G1 X178.861 Y185.705 E.02471
G1 X173.295 Y180.139 E.31468
G1 X173.295 Y179.521 E.02471
G1 X179.479 Y185.705 E.34963
G1 X180.097 Y185.705 E.02471
G1 X173.295 Y178.903 E.38458
G1 X173.295 Y178.285 E.02471
G1 X180.715 Y185.705 E.41952
G1 X181.333 Y185.705 E.02471
G1 X173.295 Y177.667 E.45447
G1 X173.295 Y177.049 E.02471
G1 X181.951 Y185.705 E.48942
G1 X182.569 Y185.705 E.02471
G1 X173.295 Y176.431 E.52436
G1 X173.295 Y175.813 E.02471
G1 X183.187 Y185.705 E.55931
G1 X183.806 Y185.705 E.02471
G1 X173.295 Y175.194 E.59426
G1 X173.295 Y174.576 E.02471
G1 X184.424 Y185.705 E.6292
G1 X185.042 Y185.705 E.02471
G1 X173.295 Y173.958 E.66415
G1 X173.295 Y173.34 E.02471
G1 X185.66 Y185.705 E.6991
G1 X186.278 Y185.705 E.02471
G1 X173.295 Y172.722 E.73404
G1 X173.295 Y172.104 E.02471
G1 X186.896 Y185.705 E.76899
G1 X187.514 Y185.705 E.02471
G1 X173.295 Y171.486 E.80394
G1 X173.295 Y170.868 E.02471
G1 X188.132 Y185.705 E.83888
G1 X188.751 Y185.705 E.02471
G1 X173.295 Y170.249 E.87383
G1 X173.295 Y169.631 E.02471
G1 X189.369 Y185.705 E.90878
G1 X189.987 Y185.705 E.02471
G1 X173.298 Y169.017 E.94353
G3 X173.458 Y168.558 I.925 J.065 E.01964
G1 X190.605 Y185.705 E.96946
G1 X191.223 Y185.705 E.02471
G1 X173.839 Y168.321 E.98287
G3 X174.43 Y168.295 I.4 J2.333 E.02375
G1 X191.841 Y185.705 E.98435
G1 X192.459 Y185.705 E.02471
G1 X175.048 Y168.295 E.98435
G1 X175.667 Y168.295 E.02471
G1 X193.077 Y185.705 E.98435
G1 X193.696 Y185.705 E.02471
G1 X176.285 Y168.295 E.98435
G1 X176.903 Y168.295 E.02471
G1 X194.314 Y185.705 E.98435
G1 X194.932 Y185.705 E.02471
G1 X177.521 Y168.295 E.98435
G1 X178.139 Y168.295 E.02471
G1 X195.55 Y185.705 E.98435
G1 X196.168 Y185.705 E.02471
G1 X178.757 Y168.295 E.98435
G1 X179.375 Y168.295 E.02471
G1 X196.786 Y185.705 E.98435
G1 X197.404 Y185.705 E.02471
G1 X179.993 Y168.295 E.98435
G1 X180.612 Y168.295 E.02471
G1 X198.022 Y185.705 E.98435
G1 X198.641 Y185.705 E.02471
G1 X181.23 Y168.295 E.98435
G1 X181.848 Y168.295 E.02471
G1 X199.259 Y185.705 E.98435
G1 X199.877 Y185.705 E.02471
G1 X182.466 Y168.295 E.98435
G1 X183.084 Y168.295 E.02471
G1 X200.495 Y185.705 E.98435
G1 X201.113 Y185.705 E.02471
G1 X183.702 Y168.295 E.98435
G1 X184.32 Y168.295 E.02471
G1 X201.731 Y185.705 E.98435
G1 X202.349 Y185.705 E.02471
G1 X184.938 Y168.295 E.98435
G1 X185.557 Y168.295 E.02471
G1 X202.967 Y185.705 E.98435
G1 X203.585 Y185.705 E.02471
G1 X186.175 Y168.295 E.98435
G1 X186.793 Y168.295 E.02471
G1 X204.204 Y185.705 E.98435
G1 X204.822 Y185.705 E.02471
G1 X187.411 Y168.295 E.98435
G1 X188.029 Y168.295 E.02471
G1 X205.44 Y185.705 E.98435
G1 X206.058 Y185.705 E.02471
G1 X188.647 Y168.295 E.98435
G1 X189.265 Y168.295 E.02471
G1 X206.676 Y185.705 E.98435
G1 X207.294 Y185.705 E.02471
G1 X189.883 Y168.295 E.98435
G1 X190.502 Y168.295 E.02471
G1 X207.912 Y185.705 E.98435
G1 X208.53 Y185.705 E.02471
G1 X191.12 Y168.295 E.98435
G1 X191.738 Y168.295 E.02471
G1 X209.149 Y185.705 E.98435
G1 X209.767 Y185.705 E.02471
G1 X192.356 Y168.295 E.98435
G1 X192.974 Y168.295 E.02471
G1 X210.306 Y185.627 E.97992
G2 X210.62 Y185.322 I-.311 J-.633 E.01777
G1 X193.592 Y168.295 E.96268
G1 X194.21 Y168.295 E.02471
G1 X210.705 Y184.79 E.93258
G1 X210.705 Y184.172 E.02471
G1 X194.828 Y168.295 E.89764
G1 X195.447 Y168.295 E.02471
G1 X210.705 Y183.553 E.86269
G1 X210.705 Y182.935 E.02471
G1 X196.065 Y168.295 E.82774
G1 X196.683 Y168.295 E.02471
G1 X210.705 Y182.317 E.7928
G1 X210.705 Y181.699 E.02471
G1 X197.301 Y168.295 E.75785
G1 X197.919 Y168.295 E.02471
G1 X210.705 Y181.081 E.7229
G1 X210.705 Y180.463 E.02471
G1 X198.537 Y168.295 E.68796
G1 X199.155 Y168.295 E.02471
G1 X210.705 Y179.845 E.65301
G1 X210.705 Y179.227 E.02471
G1 X199.773 Y168.295 E.61806
G1 X200.392 Y168.295 E.02471
G1 X210.705 Y178.608 E.58312
G1 X210.705 Y177.99 E.02471
G1 X201.01 Y168.295 E.54817
G1 X201.628 Y168.295 E.02471
G1 X210.705 Y177.372 E.51322
G1 X210.705 Y176.754 E.02471
G1 X202.246 Y168.295 E.47827
G1 X202.864 Y168.295 E.02471
G1 X210.705 Y176.136 E.44333
G1 X210.705 Y175.518 E.02471
G1 X203.482 Y168.295 E.40838
G1 X204.1 Y168.295 E.02471
G1 X210.705 Y174.9 E.37343
G1 X210.705 Y174.282 E.02471
G1 X204.718 Y168.295 E.33849
G1 X205.337 Y168.295 E.02471
G1 X210.705 Y173.664 E.30354
G1 X210.705 Y173.045 E.02471
G1 X205.955 Y168.295 E.26859
G1 X206.573 Y168.295 E.02471
G1 X210.705 Y172.427 E.23365
G1 X210.705 Y171.809 E.02471
G1 X207.191 Y168.295 E.1987
G1 X207.809 Y168.295 E.02471
G1 X210.705 Y171.191 E.16375
G1 X210.705 Y170.573 E.02471
G1 X208.427 Y168.295 E.12881
G1 X209.045 Y168.295 E.02471
G1 X210.705 Y169.955 E.09386
G1 X210.705 Y169.337 E.02471
G1 X209.467 Y168.098 E.07003
G1 X174.607 Y185.573 F30000
;WIDTH:0.624488
G1 F5627.42
M73 P74 R8
G3 X173.425 Y184.388 I248.649 J-249.223 E.08904
G1 X173.426 Y184.948 E.02977
G1 X173.51 Y185.283 E.0184
G1 X173.682 Y185.458 E.01305
G2 X174.091 Y185.573 I.405 J-.656 E.02288
G1 X174.567 Y185.573 E.02535
; stop printing object flowrate_10 id:8318823020889268071 copy 0
; printing object flowrate_m5 id:140666992080768 copy 0
G1 E-.5 F900
G1 Z1.8 F30000
G1 X210.519 Y136.102 Z1.8
G1 Z1.6
G1 E.5 F900
;TYPE:Inner wall
;WIDTH:0.4
G1 F10612.404
G3 X211.043 Y137.042 I-.53 J.912 E.03186
G1 X211.043 Y152.958 E.44895
G3 X209.958 Y154.043 I-1.062 J.023 E.04835
G1 X174.042 Y154.043 E1.01308
G3 X172.957 Y152.958 I-.023 J-1.062 E.04835
G1 X172.957 Y137.042 E.44895
G3 X174.042 Y135.957 I1.062 J-.023 E.04835
G1 X209.958 Y135.957 E1.01309
G1 X210.18 Y135.977 E.00629
G3 X210.484 Y136.082 I-.192 J1.037 E.00909
G1 X210.696 Y135.794 F30000
G1 F10612.404
G3 X211.4 Y137.026 I-.709 J1.222 E.04193
G1 X211.4 Y152.974 E.44983
G3 X209.974 Y154.4 I-1.418 J.008 E.06329
G1 X174.026 Y154.4 E1.01396
G3 X172.6 Y152.974 I-.008 J-1.418 E.06329
G1 X172.6 Y137.026 E.44983
G3 X174.026 Y135.6 I1.418 J-.008 E.06329
G1 X209.974 Y135.6 E1.01396
G1 X210.208 Y135.621 E.00664
G3 X210.661 Y135.774 I-.221 J1.396 E.01357
SET_VELOCITY_LIMIT ACCEL=5000 ACCEL_TO_DECEL=2500
G1 X210.896 Y135.448 F30000
;TYPE:Outer wall
G1 F10612.404
G3 X211.8 Y137.009 I-.908 J1.568 E.05326
G1 X211.8 Y152.991 E.45081
G3 X209.991 Y154.8 I-1.818 J-.01 E.08002
G1 X174.009 Y154.8 E1.01495
G3 X172.2 Y152.991 I.01 J-1.818 E.08002
G1 X172.2 Y137.009 E.45082
G3 X174.009 Y135.2 I1.818 J.01 E.08002
G1 X209.991 Y135.2 E1.01495
G1 X210.243 Y135.222 E.00713
G3 X210.861 Y135.428 I-.254 J1.793 E.01848
SET_VELOCITY_LIMIT ACCEL=10000 ACCEL_TO_DECEL=5000
G1 E-.5 F900
G1 Z1.8 F30000
G1 X175.349 Y153.902 Z1.8
G1 Z1.6
G1 E.5 F900
;TYPE:Internal solid infill
;WIDTH:0.479999
G1 F8220
G1 X173.295 Y151.848 E.10029
G1 X173.295 Y151.23 E.02134
G1 X175.77 Y153.705 E.12087
G1 X176.388 Y153.705 E.02134
G1 X173.295 Y150.612 E.15105
G1 X173.295 Y149.994 E.02134
M73 P74 R7
G1 X177.006 Y153.705 E.18123
G1 X177.624 Y153.705 E.02134
G1 X173.295 Y149.376 E.21141
G1 X173.295 Y148.758 E.02134
G1 X178.242 Y153.705 E.24159
G1 X178.861 Y153.705 E.02134
G1 X173.295 Y148.139 E.27177
G1 X173.295 Y147.521 E.02134
G1 X179.479 Y153.705 E.30195
G1 X180.097 Y153.705 E.02134
G1 X173.295 Y146.903 E.33213
G1 X173.295 Y146.285 E.02134
G1 X180.715 Y153.705 E.36232
G1 X181.333 Y153.705 E.02134
G1 X173.295 Y145.667 E.3925
G1 X173.295 Y145.049 E.02134
G1 X181.951 Y153.705 E.42268
G1 X182.569 Y153.705 E.02134
G1 X173.295 Y144.431 E.45286
G1 X173.295 Y143.813 E.02134
G1 X183.187 Y153.705 E.48304
G1 X183.806 Y153.705 E.02134
G1 X173.295 Y143.194 E.51322
G1 X173.295 Y142.576 E.02134
G1 X184.424 Y153.705 E.5434
G1 X185.042 Y153.705 E.02134
G1 X173.295 Y141.958 E.57358
G1 X173.295 Y141.34 E.02134
G1 X185.66 Y153.705 E.60377
G1 X186.278 Y153.705 E.02134
G1 X173.295 Y140.722 E.63395
G1 X173.295 Y140.104 E.02134
G1 X186.896 Y153.705 E.66413
G1 X187.514 Y153.705 E.02134
G1 X173.295 Y139.486 E.69431
G1 X173.295 Y138.868 E.02134
G1 X188.132 Y153.705 E.72449
G1 X188.751 Y153.705 E.02134
G1 X173.295 Y138.249 E.75467
G1 X173.295 Y137.631 E.02134
G1 X189.369 Y153.705 E.78485
G1 X189.987 Y153.705 E.02134
G1 X173.298 Y137.017 E.81486
G3 X173.458 Y136.558 I.924 J.064 E.01696
G1 X190.605 Y153.705 E.83726
G1 X191.223 Y153.705 E.02134
G1 X173.839 Y136.321 E.84884
G3 X174.43 Y136.295 I.4 J2.333 E.02051
G1 X191.841 Y153.705 E.85012
G1 X192.459 Y153.705 E.02134
G1 X175.048 Y136.295 E.85012
G1 X175.667 Y136.295 E.02134
G1 X193.077 Y153.705 E.85012
G1 X193.696 Y153.705 E.02134
G1 X176.285 Y136.295 E.85012
G1 X176.903 Y136.295 E.02134
G1 X194.314 Y153.705 E.85012
G1 X194.932 Y153.705 E.02134
G1 X177.521 Y136.295 E.85012
G1 X178.139 Y136.295 E.02134
G1 X195.55 Y153.705 E.85012
G1 X196.168 Y153.705 E.02134
G1 X178.757 Y136.295 E.85012
G1 X179.375 Y136.295 E.02134
G1 X196.786 Y153.705 E.85012
G1 X197.404 Y153.705 E.02134
G1 X179.993 Y136.295 E.85012
G1 X180.612 Y136.295 E.02134
G1 X198.022 Y153.705 E.85012
G1 X198.641 Y153.705 E.02134
G1 X181.23 Y136.295 E.85012
G1 X181.848 Y136.295 E.02134
G1 X199.259 Y153.705 E.85012
G1 X199.877 Y153.705 E.02134
G1 X182.466 Y136.295 E.85012
G1 X183.084 Y136.295 E.02134
G1 X200.495 Y153.705 E.85012
G1 X201.113 Y153.705 E.02134
G1 X183.702 Y136.295 E.85012
G1 X184.32 Y136.295 E.02134
G1 X201.731 Y153.705 E.85012
G1 X202.349 Y153.705 E.02134
G1 X184.938 Y136.295 E.85012
G1 X185.557 Y136.295 E.02134
G1 X202.967 Y153.705 E.85012
G1 X203.585 Y153.705 E.02134
G1 X186.175 Y136.295 E.85012
G1 X186.793 Y136.295 E.02134
G1 X204.204 Y153.705 E.85012
G1 X204.822 Y153.705 E.02134
G1 X187.411 Y136.295 E.85012
G1 X188.029 Y136.295 E.02134
G1 X205.44 Y153.705 E.85012
G1 X206.058 Y153.705 E.02134
G1 X188.647 Y136.295 E.85012
G1 X189.265 Y136.295 E.02134
G1 X206.676 Y153.705 E.85012
G1 X207.294 Y153.705 E.02134
G1 X189.883 Y136.295 E.85012
G1 X190.502 Y136.295 E.02134
G1 X207.912 Y153.705 E.85012
G1 X208.53 Y153.705 E.02134
G1 X191.12 Y136.295 E.85012
G1 X191.738 Y136.295 E.02134
G1 X209.149 Y153.705 E.85012
G1 X209.767 Y153.705 E.02134
G1 X192.356 Y136.295 E.85012
G1 X192.974 Y136.295 E.02134
G1 X210.306 Y153.627 E.8463
G2 X210.62 Y153.322 I-.311 J-.633 E.01534
G1 X193.592 Y136.295 E.83141
G1 X194.21 Y136.295 E.02134
G1 X210.705 Y152.79 E.80541
G1 X210.705 Y152.172 E.02134
G1 X194.828 Y136.295 E.77523
G1 X195.447 Y136.295 E.02134
G1 X210.705 Y151.553 E.74505
G1 X210.705 Y150.935 E.02134
G1 X196.065 Y136.295 E.71487
G1 X196.683 Y136.295 E.02134
G1 X210.705 Y150.317 E.68469
G1 X210.705 Y149.699 E.02134
G1 X197.301 Y136.295 E.65451
G1 X197.919 Y136.295 E.02134
G1 X210.705 Y149.081 E.62432
G1 X210.705 Y148.463 E.02134
G1 X198.537 Y136.295 E.59414
G1 X199.155 Y136.295 E.02134
G1 X210.705 Y147.845 E.56396
G1 X210.705 Y147.227 E.02134
G1 X199.773 Y136.295 E.53378
G1 X200.392 Y136.295 E.02134
G1 X210.705 Y146.608 E.5036
G1 X210.705 Y145.99 E.02134
G1 X201.01 Y136.295 E.47342
G1 X201.628 Y136.295 E.02134
G1 X210.705 Y145.372 E.44324
G1 X210.705 Y144.754 E.02134
G1 X202.246 Y136.295 E.41306
G1 X202.864 Y136.295 E.02134
G1 X210.705 Y144.136 E.38287
G1 X210.705 Y143.518 E.02134
G1 X203.482 Y136.295 E.35269
G1 X204.1 Y136.295 E.02134
G1 X210.705 Y142.9 E.32251
G1 X210.705 Y142.282 E.02134
G1 X204.718 Y136.295 E.29233
G1 X205.337 Y136.295 E.02134
G1 X210.705 Y141.664 E.26215
G1 X210.705 Y141.045 E.02134
G1 X205.955 Y136.295 E.23197
G1 X206.573 Y136.295 E.02134
G1 X210.705 Y140.427 E.20179
G1 X210.705 Y139.809 E.02134
G1 X207.191 Y136.295 E.17161
G1 X207.809 Y136.295 E.02134
G1 X210.705 Y139.191 E.14142
G1 X210.705 Y138.573 E.02134
G1 X208.427 Y136.295 E.11124
G1 X209.045 Y136.295 E.02134
G1 X210.705 Y137.955 E.08106
G1 X210.705 Y137.337 E.02134
G1 X209.467 Y136.098 E.06048
G1 X174.607 Y153.573 F30000
;WIDTH:0.624488
G1 F6515.96
G3 X173.425 Y152.388 I248.743 J-249.316 E.0769
G1 X173.426 Y152.948 E.02571
G1 X173.51 Y153.283 E.01589
G1 X173.682 Y153.458 E.01127
G2 X174.091 Y153.573 I.405 J-.656 E.01976
G1 X174.567 Y153.573 E.02189
; stop printing object flowrate_m5 id:140666992080768 copy 0
; printing object flowrate_m10 id:1069446856963 copy 0
G1 E-.5 F900
G1 Z1.8 F30000
G1 X210.181 Y122.024 Z1.8
G1 Z1.6
G1 E.5 F900
;TYPE:Inner wall
;WIDTH:0.4
G1 F11201.982
G3 X209.958 Y122.043 I-.2 J-1.043 E.00598
G1 X174.042 Y122.043 E.95976
G3 X172.957 Y120.958 I-.023 J-1.062 E.0458
G1 X172.957 Y105.042 E.42532
G3 X174.042 Y103.957 I1.062 J-.023 E.0458
G1 X209.958 Y103.957 E.95977
G1 X210.18 Y103.977 E.00596
G3 X211.043 Y105.042 I-.192 J1.037 E.03987
G1 X211.043 Y120.958 E.42532
G3 X210.22 Y122.016 I-1.062 J.023 E.03876
G1 X210.243 Y122.376 F30000
G1 F11201.982
G3 X209.974 Y122.4 I-.261 J-1.394 E.00722
G1 X174.026 Y122.4 E.9606
G3 X172.6 Y120.974 I-.008 J-1.418 E.05995
G1 X172.6 Y105.026 E.42616
G3 X174.026 Y103.6 I1.418 J-.008 E.05995
G1 X209.974 Y103.6 E.9606
G1 X210.208 Y103.621 E.00629
G3 X211.4 Y105.026 I-.221 J1.396 E.05365
G1 X211.4 Y120.974 E.42615
G3 X210.282 Y122.368 I-1.418 J.008 E.05166
SET_VELOCITY_LIMIT ACCEL=5000 ACCEL_TO_DECEL=2500
G1 X210.312 Y122.77 F30000
;TYPE:Outer wall
G1 F11201.982
G3 X209.991 Y122.8 I-.33 J-1.788 E.00862
G1 X174.009 Y122.8 E.96153
G3 X172.2 Y120.991 I.01 J-1.818 E.07581
G1 X172.2 Y105.009 E.42709
G3 X174.009 Y103.2 I1.818 J.01 E.07581
M73 P75 R7
G1 X209.991 Y103.2 E.96153
G1 X210.243 Y103.222 E.00675
G3 X211.8 Y105.009 I-.254 J1.793 E.06903
G1 X211.8 Y120.991 E.42709
G3 X210.351 Y122.762 I-1.818 J-.01 E.06612
SET_VELOCITY_LIMIT ACCEL=10000 ACCEL_TO_DECEL=5000
G1 E-.5 F900
G1 Z1.8 F30000
G1 X175.349 Y121.902 Z1.8
G1 Z1.6
G1 E.5 F900
;TYPE:Internal solid infill
;WIDTH:0.479999
G1 F8220
G1 X173.295 Y119.848 E.09501
G1 X173.295 Y119.23 E.02022
G1 X175.77 Y121.705 E.1145
G1 X176.388 Y121.705 E.02022
G1 X173.295 Y118.612 E.1431
G1 X173.295 Y117.994 E.02022
G1 X177.006 Y121.705 E.17169
G1 X177.624 Y121.705 E.02022
G1 X173.295 Y117.376 E.20028
G1 X173.295 Y116.758 E.02022
G1 X178.242 Y121.705 E.22888
G1 X178.861 Y121.705 E.02022
G1 X173.295 Y116.139 E.25747
G1 X173.295 Y115.521 E.02022
G1 X179.479 Y121.705 E.28606
G1 X180.097 Y121.705 E.02022
G1 X173.295 Y114.903 E.31465
G1 X173.295 Y114.285 E.02022
G1 X180.715 Y121.705 E.34325
G1 X181.333 Y121.705 E.02022
G1 X173.295 Y113.667 E.37184
G1 X173.295 Y113.049 E.02022
G1 X181.951 Y121.705 E.40043
G1 X182.569 Y121.705 E.02022
G1 X173.295 Y112.431 E.42902
G1 X173.295 Y111.813 E.02022
G1 X183.187 Y121.705 E.45762
G1 X183.806 Y121.705 E.02022
G1 X173.295 Y111.194 E.48621
G1 X173.295 Y110.576 E.02022
G1 X184.424 Y121.705 E.5148
G1 X185.042 Y121.705 E.02022
G1 X173.295 Y109.958 E.5434
G1 X173.295 Y109.34 E.02022
G1 X185.66 Y121.705 E.57199
G1 X186.278 Y121.705 E.02022
G1 X173.295 Y108.722 E.60058
G1 X173.295 Y108.104 E.02022
G1 X186.896 Y121.705 E.62917
G1 X187.514 Y121.705 E.02022
G1 X173.295 Y107.486 E.65777
G1 X173.295 Y106.868 E.02022
G1 X188.132 Y121.705 E.68636
G1 X188.751 Y121.705 E.02022
G1 X173.295 Y106.249 E.71495
G1 X173.295 Y105.631 E.02022
G1 X189.369 Y121.705 E.74355
G1 X189.987 Y121.705 E.02022
G1 X173.298 Y105.017 E.77198
G3 X173.458 Y104.558 I.925 J.065 E.01607
G1 X190.605 Y121.705 E.79319
G1 X191.223 Y121.705 E.02022
G1 X173.838 Y104.321 E.80416
G3 X174.43 Y104.295 I.4 J2.333 E.01943
G1 X191.841 Y121.705 E.80538
G1 X192.459 Y121.705 E.02022
G1 X175.048 Y104.295 E.80538
G1 X175.667 Y104.295 E.02022
G1 X193.077 Y121.705 E.80538
G1 X193.696 Y121.705 E.02022
G1 X176.285 Y104.295 E.80538
G1 X176.903 Y104.295 E.02022
G1 X194.314 Y121.705 E.80538
G1 X194.932 Y121.705 E.02022
G1 X177.521 Y104.295 E.80538
G1 X178.139 Y104.295 E.02022
G1 X195.55 Y121.705 E.80538
G1 X196.168 Y121.705 E.02022
G1 X178.757 Y104.295 E.80538
G1 X179.375 Y104.295 E.02022
G1 X196.786 Y121.705 E.80538
G1 X197.404 Y121.705 E.02022
G1 X179.993 Y104.295 E.80538
G1 X180.612 Y104.295 E.02022
G1 X198.022 Y121.705 E.80538
G1 X198.641 Y121.705 E.02022
G1 X181.23 Y104.295 E.80538
G1 X181.848 Y104.295 E.02022
G1 X199.259 Y121.705 E.80538
G1 X199.877 Y121.705 E.02022
G1 X182.466 Y104.295 E.80538
G1 X183.084 Y104.295 E.02022
G1 X200.495 Y121.705 E.80538
G1 X201.113 Y121.705 E.02022
G1 X183.702 Y104.295 E.80538
G1 X184.32 Y104.295 E.02022
G1 X201.731 Y121.705 E.80538
G1 X202.349 Y121.705 E.02022
G1 X184.938 Y104.295 E.80538
G1 X185.557 Y104.295 E.02022
G1 X202.967 Y121.705 E.80538
G1 X203.585 Y121.705 E.02022
G1 X186.175 Y104.295 E.80538
G1 X186.793 Y104.295 E.02022
G1 X204.204 Y121.705 E.80538
G1 X204.822 Y121.705 E.02022
G1 X187.411 Y104.295 E.80538
G1 X188.029 Y104.295 E.02022
G1 X205.44 Y121.705 E.80538
G1 X206.058 Y121.705 E.02022
G1 X188.647 Y104.295 E.80538
G1 X189.265 Y104.295 E.02022
G1 X206.676 Y121.705 E.80538
G1 X207.294 Y121.705 E.02022
G1 X189.883 Y104.295 E.80538
G1 X190.502 Y104.295 E.02022
G1 X207.912 Y121.705 E.80538
G1 X208.53 Y121.705 E.02022
G1 X191.12 Y104.295 E.80538
G1 X191.738 Y104.295 E.02022
G1 X209.149 Y121.705 E.80538
G1 X209.767 Y121.705 E.02022
G1 X192.356 Y104.295 E.80538
G1 X192.974 Y104.295 E.02022
G1 X210.306 Y121.627 E.80175
G2 X210.62 Y121.322 I-.311 J-.633 E.01454
G1 X193.592 Y104.295 E.78765
G1 X194.21 Y104.295 E.02022
G1 X210.705 Y120.79 E.76302
G1 X210.705 Y120.172 E.02022
G1 X194.828 Y104.295 E.73443
G1 X195.447 Y104.295 E.02022
G1 X210.705 Y119.553 E.70584
G1 X210.705 Y118.935 E.02022
G1 X196.065 Y104.295 E.67724
G1 X196.683 Y104.295 E.02022
G1 X210.705 Y118.317 E.64865
G1 X210.705 Y117.699 E.02022
G1 X197.301 Y104.295 E.62006
G1 X197.919 Y104.295 E.02022
G1 X210.705 Y117.081 E.59147
G1 X210.705 Y116.463 E.02022
G1 X198.537 Y104.295 E.56287
G1 X199.155 Y104.295 E.02022
G1 X210.705 Y115.845 E.53428
G1 X210.705 Y115.227 E.02022
G1 X199.773 Y104.295 E.50569
G1 X200.392 Y104.295 E.02022
G1 X210.705 Y114.608 E.47709
G1 X210.705 Y113.99 E.02022
G1 X201.01 Y104.295 E.4485
G1 X201.628 Y104.295 E.02022
G1 X210.705 Y113.372 E.41991
G1 X210.705 Y112.754 E.02022
G1 X202.246 Y104.295 E.39132
G1 X202.864 Y104.295 E.02022
G1 X210.705 Y112.136 E.36272
G1 X210.705 Y111.518 E.02022
G1 X203.482 Y104.295 E.33413
G1 X204.1 Y104.295 E.02022
G1 X210.705 Y110.9 E.30554
G1 X210.705 Y110.282 E.02022
G1 X204.718 Y104.295 E.27694
G1 X205.337 Y104.295 E.02022
G1 X210.705 Y109.664 E.24835
G1 X210.705 Y109.045 E.02022
G1 X205.955 Y104.295 E.21976
G1 X206.573 Y104.295 E.02022
G1 X210.705 Y108.427 E.19117
G1 X210.705 Y107.809 E.02022
G1 X207.191 Y104.295 E.16257
G1 X207.809 Y104.295 E.02022
G1 X210.705 Y107.191 E.13398
G1 X210.705 Y106.573 E.02022
G1 X208.427 Y104.295 E.10539
G1 X209.045 Y104.295 E.02022
G1 X210.705 Y105.955 E.0768
G1 X210.705 Y105.337 E.02022
G1 X209.467 Y104.098 E.0573
G1 X174.607 Y121.573 F30000
;WIDTH:0.624488
G1 F6877.962
G3 X173.425 Y120.388 I248.733 J-249.307 E.07285
G1 X173.426 Y120.948 E.02436
G1 X173.51 Y121.283 E.01505
G1 X173.682 Y121.458 E.01068
G2 X174.091 Y121.573 I.406 J-.656 E.01872
G1 X174.567 Y121.573 E.02074
; stop printing object flowrate_m10 id:1069446856963 copy 0
; printing object flowrate_m15 id:1120986464517 copy 0
G1 E-.5 F900
G1 Z1.8 F30000
G1 X168.519 Y104.102 Z1.8
G1 Z1.6
G1 E.5 F900
;TYPE:Inner wall
;WIDTH:0.4
G1 F11860.923
G3 X169.043 Y105.042 I-.53 J.912 E.02851
G1 X169.043 Y120.958 E.40169
G3 X167.958 Y122.043 I-1.062 J.023 E.04326
G1 X132.042 Y122.043 E.90644
G3 X130.957 Y120.958 I-.023 J-1.062 E.04326
G1 X130.957 Y105.042 E.40169
G3 X132.042 Y103.957 I1.062 J-.023 E.04326
G1 X167.958 Y103.957 E.90645
G1 X168.18 Y103.977 E.00563
G3 X168.484 Y104.082 I-.192 J1.037 E.00814
G1 X168.696 Y103.794 F30000
G1 F11860.923
G3 X169.4 Y105.026 I-.709 J1.222 E.03752
G1 X169.4 Y120.974 E.40248
G3 X167.974 Y122.4 I-1.418 J.008 E.05662
G1 X132.026 Y122.4 E.90723
G3 X130.6 Y120.974 I-.008 J-1.418 E.05662
G1 X130.6 Y105.026 E.40248
G3 X132.026 Y103.6 I1.418 J-.008 E.05662
G1 X167.974 Y103.6 E.90723
G1 X168.208 Y103.621 E.00594
G3 X168.661 Y103.774 I-.221 J1.396 E.01214
SET_VELOCITY_LIMIT ACCEL=5000 ACCEL_TO_DECEL=2500
G1 X168.896 Y103.448 F30000
;TYPE:Outer wall
G1 F11860.923
G3 X169.8 Y105.009 I-.908 J1.568 E.04765
G1 X169.8 Y120.991 E.40336
G3 X167.991 Y122.8 I-1.818 J-.01 E.0716
G1 X132.009 Y122.8 E.90811
G3 X130.2 Y120.991 I.01 J-1.818 E.0716
G1 X130.2 Y105.009 E.40336
G3 X132.009 Y103.2 I1.818 J.01 E.0716
G1 X167.991 Y103.2 E.90811
G1 X168.243 Y103.222 E.00638
G3 X168.861 Y103.428 I-.254 J1.793 E.01654
SET_VELOCITY_LIMIT ACCEL=10000 ACCEL_TO_DECEL=5000
G1 E-.5 F900
G1 Z1.8 F30000
G1 X133.349 Y121.902 Z1.8
G1 Z1.6
G1 E.5 F900
;TYPE:Internal solid infill
;WIDTH:0.479999
G1 F8220
G1 X131.295 Y119.848 E.08973
G1 X131.295 Y119.23 E.01909
G1 X133.77 Y121.705 E.10814
G1 X134.388 Y121.705 E.01909
G1 X131.295 Y118.612 E.13515
G1 X131.295 Y117.994 E.01909
G1 X135.006 Y121.705 E.16215
G1 X135.624 Y121.705 E.01909
G1 X131.295 Y117.376 E.18916
G1 X131.295 Y116.758 E.01909
G1 X136.242 Y121.705 E.21616
G1 X136.861 Y121.705 E.01909
G1 X131.295 Y116.139 E.24316
G1 X131.295 Y115.521 E.01909
G1 X137.479 Y121.705 E.27017
G1 X138.097 Y121.705 E.01909
G1 X131.295 Y114.903 E.29717
G1 X131.295 Y114.285 E.01909
G1 X138.715 Y121.705 E.32418
G1 X139.333 Y121.705 E.01909
G1 X131.295 Y113.667 E.35118
G1 X131.295 Y113.049 E.01909
G1 X139.951 Y121.705 E.37819
G1 X140.569 Y121.705 E.01909
G1 X131.295 Y112.431 E.40519
G1 X131.295 Y111.813 E.01909
G1 X141.187 Y121.705 E.43219
G1 X141.806 Y121.705 E.01909
G1 X131.295 Y111.194 E.4592
G1 X131.295 Y110.576 E.01909
G1 X142.424 Y121.705 E.4862
G1 X143.042 Y121.705 E.01909
G1 X131.295 Y109.958 E.51321
G1 X131.295 Y109.34 E.01909
G1 X143.66 Y121.705 E.54021
G1 X144.278 Y121.705 E.01909
M73 P76 R7
G1 X131.295 Y108.722 E.56722
G1 X131.295 Y108.104 E.01909
G1 X144.896 Y121.705 E.59422
G1 X145.514 Y121.705 E.01909
G1 X131.295 Y107.486 E.62122
G1 X131.295 Y106.868 E.01909
G1 X146.132 Y121.705 E.64823
G1 X146.751 Y121.705 E.01909
G1 X131.295 Y106.249 E.67523
G1 X131.295 Y105.631 E.01909
G1 X147.369 Y121.705 E.70224
G1 X147.987 Y121.705 E.01909
G1 X131.298 Y105.017 E.72909
G3 X131.458 Y104.558 I.925 J.065 E.01518
G1 X148.605 Y121.705 E.74913
G1 X149.223 Y121.705 E.01909
G1 X131.839 Y104.321 E.75949
G3 X132.43 Y104.295 I.4 J2.333 E.01835
G1 X149.841 Y121.705 E.76064
G1 X150.459 Y121.705 E.01909
G1 X133.048 Y104.295 E.76064
G1 X133.667 Y104.295 E.01909
G1 X151.077 Y121.705 E.76064
G1 X151.696 Y121.705 E.01909
G1 X134.285 Y104.295 E.76064
G1 X134.903 Y104.295 E.01909
G1 X152.314 Y121.705 E.76064
G1 X152.932 Y121.705 E.01909
G1 X135.521 Y104.295 E.76064
G1 X136.139 Y104.295 E.01909
G1 X153.55 Y121.705 E.76064
G1 X154.168 Y121.705 E.01909
G1 X136.757 Y104.295 E.76064
G1 X137.375 Y104.295 E.01909
G1 X154.786 Y121.705 E.76064
G1 X155.404 Y121.705 E.01909
G1 X137.993 Y104.295 E.76064
G1 X138.612 Y104.295 E.01909
G1 X156.022 Y121.705 E.76064
G1 X156.641 Y121.705 E.01909
G1 X139.23 Y104.295 E.76064
G1 X139.848 Y104.295 E.01909
G1 X157.259 Y121.705 E.76064
G1 X157.877 Y121.705 E.01909
G1 X140.466 Y104.295 E.76064
G1 X141.084 Y104.295 E.01909
G1 X158.495 Y121.705 E.76064
G1 X159.113 Y121.705 E.01909
G1 X141.702 Y104.295 E.76064
G1 X142.32 Y104.295 E.01909
G1 X159.731 Y121.705 E.76064
G1 X160.349 Y121.705 E.01909
G1 X142.938 Y104.295 E.76064
G1 X143.557 Y104.295 E.01909
G1 X160.967 Y121.705 E.76064
G1 X161.585 Y121.705 E.01909
G1 X144.175 Y104.295 E.76064
G1 X144.793 Y104.295 E.01909
G1 X162.204 Y121.705 E.76064
G1 X162.822 Y121.705 E.01909
G1 X145.411 Y104.295 E.76064
G1 X146.029 Y104.295 E.01909
G1 X163.44 Y121.705 E.76064
G1 X164.058 Y121.705 E.01909
G1 X146.647 Y104.295 E.76064
G1 X147.265 Y104.295 E.01909
G1 X164.676 Y121.705 E.76064
G1 X165.294 Y121.705 E.01909
G1 X147.883 Y104.295 E.76064
G1 X148.502 Y104.295 E.01909
G1 X165.912 Y121.705 E.76064
G1 X166.53 Y121.705 E.01909
G1 X149.12 Y104.295 E.76064
G1 X149.738 Y104.295 E.01909
G1 X167.149 Y121.705 E.76064
G1 X167.767 Y121.705 E.01909
G1 X150.356 Y104.295 E.76064
G1 X150.974 Y104.295 E.01909
G1 X168.306 Y121.627 E.75721
G2 X168.62 Y121.322 I-.311 J-.633 E.01373
G1 X151.592 Y104.295 E.74389
G1 X152.21 Y104.295 E.01909
G1 X168.705 Y120.79 E.72063
G1 X168.705 Y120.172 E.01909
G1 X152.828 Y104.295 E.69363
G1 X153.447 Y104.295 E.01909
G1 X168.705 Y119.553 E.66662
G1 X168.705 Y118.935 E.01909
G1 X154.065 Y104.295 E.63962
G1 X154.683 Y104.295 E.01909
G1 X168.705 Y118.317 E.61261
G1 X168.705 Y117.699 E.01909
G1 X155.301 Y104.295 E.58561
G1 X155.919 Y104.295 E.01909
G1 X168.705 Y117.081 E.55861
G1 X168.705 Y116.463 E.01909
G1 X156.537 Y104.295 E.5316
G1 X157.155 Y104.295 E.01909
G1 X168.705 Y115.845 E.5046
G1 X168.705 Y115.227 E.01909
G1 X157.773 Y104.295 E.47759
G1 X158.392 Y104.295 E.01909
G1 X168.705 Y114.608 E.45059
G1 X168.705 Y113.99 E.01909
G1 X159.01 Y104.295 E.42358
G1 X159.628 Y104.295 E.01909
G1 X168.705 Y113.372 E.39658
G1 X168.705 Y112.754 E.01909
G1 X160.246 Y104.295 E.36958
G1 X160.864 Y104.295 E.01909
G1 X168.705 Y112.136 E.34257
G1 X168.705 Y111.518 E.01909
G1 X161.482 Y104.295 E.31557
G1 X162.1 Y104.295 E.01909
G1 X168.705 Y110.9 E.28856
G1 X168.705 Y110.282 E.01909
G1 X162.718 Y104.295 E.26156
G1 X163.337 Y104.295 E.01909
G1 X168.705 Y109.664 E.23455
G1 X168.705 Y109.045 E.01909
G1 X163.955 Y104.295 E.20755
G1 X164.573 Y104.295 E.01909
G1 X168.705 Y108.427 E.18055
G1 X168.705 Y107.809 E.01909
G1 X165.191 Y104.295 E.15354
G1 X165.809 Y104.295 E.01909
G1 X168.705 Y107.191 E.12654
G1 X168.705 Y106.573 E.01909
G1 X166.427 Y104.295 E.09953
G1 X167.045 Y104.295 E.01909
G1 X168.705 Y105.955 E.07253
G1 X168.705 Y105.337 E.01909
G1 X167.467 Y104.098 E.05412
G1 X132.607 Y121.573 F30000
;WIDTH:0.624489
G1 F7282.54
G3 X131.425 Y120.388 I248.733 J-249.307 E.06881
G1 X131.426 Y120.948 E.02301
G1 X131.51 Y121.283 E.01422
G1 X131.682 Y121.458 E.01008
G2 X132.091 Y121.573 I.406 J-.656 E.01768
G1 X132.567 Y121.573 E.01959
; stop printing object flowrate_m15 id:1120986464517 copy 0
; printing object flowrate_0 id:24 copy 0
G1 E-.5 F900
G1 Z1.8 F30000
G1 X168.519 Y136.102 Z1.8
G1 Z1.6
G1 E.5 F900
;TYPE:Inner wall
;WIDTH:0.4
G1 F10081.784
G3 X169.043 Y137.042 I-.53 J.912 E.03354
G1 X169.043 Y152.958 E.47258
G3 X167.958 Y154.043 I-1.062 J.023 E.05089
G1 X132.042 Y154.043 E1.0664
G3 X130.957 Y152.958 I-.023 J-1.062 E.05089
G1 X130.957 Y137.042 E.47258
G3 X132.042 Y135.957 I1.062 J-.023 E.05089
G1 X167.958 Y135.957 E1.06641
G1 X168.18 Y135.977 E.00662
G3 X168.484 Y136.082 I-.192 J1.037 E.00957
G1 X168.696 Y135.794 F30000
G1 F10081.784
G3 X169.4 Y137.026 I-.709 J1.222 E.04414
G1 X169.4 Y152.974 E.4735
G3 X167.974 Y154.4 I-1.418 J.008 E.06662
G1 X132.026 Y154.4 E1.06733
G3 X130.6 Y152.974 I-.008 J-1.418 E.06662
G1 X130.6 Y137.026 E.47351
G3 X132.026 Y135.6 I1.418 J-.008 E.06662
G1 X167.974 Y135.6 E1.06733
G1 X168.208 Y135.621 E.00699
G3 X168.661 Y135.774 I-.221 J1.396 E.01428
SET_VELOCITY_LIMIT ACCEL=5000 ACCEL_TO_DECEL=2500
G1 X168.896 Y135.448 F30000
;TYPE:Outer wall
G1 F10081.784
G3 X169.8 Y137.009 I-.908 J1.568 E.05606
G1 X169.8 Y152.991 E.47454
G3 X167.991 Y154.8 I-1.818 J-.01 E.08424
G1 X132.009 Y154.8 E1.06837
G3 X130.2 Y152.991 I.01 J-1.818 E.08424
G1 X130.2 Y137.009 E.47454
G3 X132.009 Y135.2 I1.818 J.01 E.08424
G1 X167.991 Y135.2 E1.06837
G1 X168.243 Y135.222 E.0075
G3 X168.861 Y135.428 I-.254 J1.793 E.01946
SET_VELOCITY_LIMIT ACCEL=10000 ACCEL_TO_DECEL=5000
G1 E-.5 F900
G1 Z1.8 F30000
G1 X133.349 Y153.902 Z1.8
G1 Z1.6
G1 E.5 F900
;TYPE:Internal solid infill
;WIDTH:0.479999
G1 F8220
G1 X131.295 Y151.848 E.10557
G1 X131.295 Y151.23 E.02246
G1 X133.77 Y153.705 E.12723
G1 X134.388 Y153.705 E.02246
G1 X131.295 Y150.612 E.159
G1 X131.295 Y149.994 E.02246
G1 X135.006 Y153.705 E.19077
G1 X135.624 Y153.705 E.02246
G1 X131.295 Y149.376 E.22254
G1 X131.295 Y148.758 E.02246
G1 X136.242 Y153.705 E.25431
G1 X136.861 Y153.705 E.02246
G1 X131.295 Y148.139 E.28608
G1 X131.295 Y147.521 E.02246
G1 X137.479 Y153.705 E.31785
G1 X138.097 Y153.705 E.02246
G1 X131.295 Y146.903 E.34961
G1 X131.295 Y146.285 E.02246
G1 X138.715 Y153.705 E.38138
G1 X139.333 Y153.705 E.02246
G1 X131.295 Y145.667 E.41315
G1 X131.295 Y145.049 E.02246
G1 X139.951 Y153.705 E.44492
G1 X140.569 Y153.705 E.02246
G1 X131.295 Y144.431 E.47669
G1 X131.295 Y143.813 E.02246
G1 X141.187 Y153.705 E.50846
G1 X141.806 Y153.705 E.02246
G1 X131.295 Y143.194 E.54023
G1 X131.295 Y142.576 E.02246
G1 X142.424 Y153.705 E.572
G1 X143.042 Y153.705 E.02246
G1 X131.295 Y141.958 E.60377
G1 X131.295 Y141.34 E.02246
G1 X143.66 Y153.705 E.63554
G1 X144.278 Y153.705 E.02246
G1 X131.295 Y140.722 E.66731
G1 X131.295 Y140.104 E.02246
G1 X144.896 Y153.705 E.69908
G1 X145.514 Y153.705 E.02246
G1 X131.295 Y139.486 E.73085
G1 X131.295 Y138.868 E.02246
G1 X146.132 Y153.705 E.76262
G1 X146.751 Y153.705 E.02246
G1 X131.295 Y138.249 E.79439
G1 X131.295 Y137.631 E.02246
G1 X147.369 Y153.705 E.82616
G1 X147.987 Y153.705 E.02246
G1 X131.298 Y137.017 E.85775
G3 X131.458 Y136.558 I.925 J.065 E.01786
G1 X148.605 Y153.705 E.88132
G1 X149.223 Y153.705 E.02246
G1 X131.838 Y136.321 E.89352
G3 X132.43 Y136.295 I.4 J2.333 E.02159
G1 X149.841 Y153.705 E.89487
G1 X150.459 Y153.705 E.02246
G1 X133.048 Y136.295 E.89487
G1 X133.667 Y136.295 E.02246
G1 X151.077 Y153.705 E.89487
G1 X151.696 Y153.705 E.02246
M73 P77 R7
G1 X134.285 Y136.295 E.89487
G1 X134.903 Y136.295 E.02246
G1 X152.314 Y153.705 E.89487
G1 X152.932 Y153.705 E.02246
G1 X135.521 Y136.295 E.89487
G1 X136.139 Y136.295 E.02246
G1 X153.55 Y153.705 E.89487
G1 X154.168 Y153.705 E.02246
G1 X136.757 Y136.295 E.89487
G1 X137.375 Y136.295 E.02246
G1 X154.786 Y153.705 E.89487
G1 X155.404 Y153.705 E.02246
G1 X137.993 Y136.295 E.89487
G1 X138.612 Y136.295 E.02246
G1 X156.022 Y153.705 E.89487
G1 X156.641 Y153.705 E.02246
G1 X139.23 Y136.295 E.89487
G1 X139.848 Y136.295 E.02246
G1 X157.259 Y153.705 E.89487
G1 X157.877 Y153.705 E.02246
G1 X140.466 Y136.295 E.89487
G1 X141.084 Y136.295 E.02246
G1 X158.495 Y153.705 E.89487
G1 X159.113 Y153.705 E.02246
G1 X141.702 Y136.295 E.89487
G1 X142.32 Y136.295 E.02246
G1 X159.731 Y153.705 E.89487
G1 X160.349 Y153.705 E.02246
G1 X142.938 Y136.295 E.89487
G1 X143.557 Y136.295 E.02246
G1 X160.967 Y153.705 E.89487
G1 X161.585 Y153.705 E.02246
G1 X144.175 Y136.295 E.89487
G1 X144.793 Y136.295 E.02246
G1 X162.204 Y153.705 E.89487
G1 X162.822 Y153.705 E.02246
G1 X145.411 Y136.295 E.89487
G1 X146.029 Y136.295 E.02246
G1 X163.44 Y153.705 E.89487
G1 X164.058 Y153.705 E.02246
G1 X146.647 Y136.295 E.89487
G1 X147.265 Y136.295 E.02246
G1 X164.676 Y153.705 E.89487
G1 X165.294 Y153.705 E.02246
G1 X147.883 Y136.295 E.89487
G1 X148.502 Y136.295 E.02246
G1 X165.912 Y153.705 E.89487
G1 X166.53 Y153.705 E.02246
G1 X149.12 Y136.295 E.89487
G1 X149.738 Y136.295 E.02246
G1 X167.149 Y153.705 E.89487
G1 X167.767 Y153.705 E.02246
G1 X150.356 Y136.295 E.89487
G1 X150.974 Y136.295 E.02246
G1 X168.306 Y153.627 E.89084
G2 X168.62 Y153.322 I-.311 J-.633 E.01615
G1 X151.592 Y136.295 E.87517
G1 X152.21 Y136.295 E.02246
G1 X168.705 Y152.79 E.8478
G1 X168.705 Y152.172 E.02246
G1 X152.828 Y136.295 E.81603
G1 X153.447 Y136.295 E.02246
G1 X168.705 Y151.553 E.78426
G1 X168.705 Y150.935 E.02246
G1 X154.065 Y136.295 E.75249
G1 X154.683 Y136.295 E.02246
G1 X168.705 Y150.317 E.72072
G1 X168.705 Y149.699 E.02246
G1 X155.301 Y136.295 E.68895
G1 X155.919 Y136.295 E.02246
G1 X168.705 Y149.081 E.65718
G1 X168.705 Y148.463 E.02246
G1 X156.537 Y136.295 E.62541
G1 X157.155 Y136.295 E.02246
G1 X168.705 Y147.845 E.59364
G1 X168.705 Y147.227 E.02246
G1 X157.773 Y136.295 E.56187
M73 P77 R6
G1 X158.392 Y136.295 E.02246
G1 X168.705 Y146.608 E.5301
G1 X168.705 Y145.99 E.02246
G1 X159.01 Y136.295 E.49833
G1 X159.628 Y136.295 E.02246
G1 X168.705 Y145.372 E.46657
G1 X168.705 Y144.754 E.02246
G1 X160.246 Y136.295 E.4348
G1 X160.864 Y136.295 E.02246
G1 X168.705 Y144.136 E.40303
G1 X168.705 Y143.518 E.02246
G1 X161.482 Y136.295 E.37126
G1 X162.1 Y136.295 E.02246
G1 X168.705 Y142.9 E.33949
G1 X168.705 Y142.282 E.02246
G1 X162.718 Y136.295 E.30772
G1 X163.337 Y136.295 E.02246
G1 X168.705 Y141.664 E.27595
G1 X168.705 Y141.045 E.02246
G1 X163.955 Y136.295 E.24418
G1 X164.573 Y136.295 E.02246
G1 X168.705 Y140.427 E.21241
G1 X168.705 Y139.809 E.02246
G1 X165.191 Y136.295 E.18064
G1 X165.809 Y136.295 E.02246
G1 X168.705 Y139.191 E.14887
G1 X168.705 Y138.573 E.02246
G1 X166.427 Y136.295 E.1171
G1 X167.045 Y136.295 E.02246
G1 X168.705 Y137.955 E.08533
G1 X168.705 Y137.337 E.02246
G1 X167.467 Y136.098 E.06367
G1 X132.607 Y153.573 F30000
;WIDTH:0.624489
G1 F6190.155
G3 X131.425 Y152.388 I248.834 J-249.407 E.08095
G1 X131.426 Y152.948 E.02707
G1 X131.51 Y153.283 E.01672
G1 X131.682 Y153.458 E.01187
G2 X132.091 Y153.573 I.406 J-.657 E.0208
G1 X132.567 Y153.573 E.02305
; stop printing object flowrate_0 id:24 copy 0
; printing object flowrate_15 id:0 copy 0
G1 E-.5 F900
G1 Z1.8 F30000
G1 X168.519 Y168.102 Z1.8
G1 Z1.6
G1 E.5 F900
;TYPE:Inner wall
;WIDTH:0.4
G1 F8766.769
G3 X169.043 Y169.042 I-.53 J.912 E.03857
G1 X169.043 Y184.958 E.54347
G3 X167.958 Y186.043 I-1.062 J.023 E.05853
G1 X132.042 Y186.043 E1.22637
G3 X130.957 Y184.958 I-.023 J-1.062 E.05853
G1 X130.957 Y169.042 E.54347
G3 X132.042 Y167.957 I1.062 J-.023 E.05853
G1 X167.958 Y167.957 E1.22637
G1 X168.18 Y167.977 E.00762
G3 X168.484 Y168.082 I-.192 J1.037 E.01101
G1 X168.696 Y167.794 F30000
G1 F8766.769
G3 X169.4 Y169.026 I-.709 J1.222 E.05076
G1 X169.4 Y184.974 E.54453
G3 X167.974 Y186.4 I-1.418 J.008 E.07661
G1 X132.026 Y186.4 E1.22743
G3 X130.6 Y184.974 I-.008 J-1.418 E.07661
G1 X130.6 Y169.026 E.54453
G3 X132.026 Y167.6 I1.418 J-.008 E.07661
G1 X167.974 Y167.6 E1.22743
G1 X168.208 Y167.621 E.00803
G3 X168.661 Y167.774 I-.221 J1.396 E.01642
SET_VELOCITY_LIMIT ACCEL=5000 ACCEL_TO_DECEL=2500
G1 X168.896 Y167.448 F30000
;TYPE:Outer wall
G1 F8766.769
G3 X169.8 Y169.009 I-.908 J1.568 E.06447
G1 X169.8 Y184.991 E.54572
G3 X167.991 Y186.8 I-1.818 J-.01 E.09687
G1 X132.009 Y186.8 E1.22862
G3 X130.2 Y184.991 I.01 J-1.818 E.09687
G1 X130.2 Y169.009 E.54572
G3 X132.009 Y167.2 I1.818 J.01 E.09687
G1 X167.991 Y167.2 E1.22862
G1 X168.243 Y167.222 E.00863
G3 X168.861 Y167.428 I-.254 J1.793 E.02238
SET_VELOCITY_LIMIT ACCEL=10000 ACCEL_TO_DECEL=5000
G1 E-.5 F900
G1 Z1.8 F30000
G1 X133.349 Y185.902 Z1.8
G1 Z1.6
G1 E.5 F900
;TYPE:Internal solid infill
;WIDTH:0.479999
G1 F7162.171
G1 X131.295 Y183.848 E.1214
G1 X131.295 Y183.23 E.02583
G1 X133.77 Y185.705 E.14631
G1 X134.388 Y185.705 E.02583
G1 X131.295 Y182.612 E.18285
G1 X131.295 Y181.994 E.02583
G1 X135.006 Y185.705 E.21938
G1 X135.624 Y185.705 E.02583
G1 X131.295 Y181.376 E.25592
G1 X131.295 Y180.758 E.02583
G1 X136.242 Y185.705 E.29245
G1 X136.861 Y185.705 E.02583
G1 X131.295 Y180.139 E.32899
G1 X131.295 Y179.521 E.02583
G1 X137.479 Y185.705 E.36552
G1 X138.097 Y185.705 E.02583
G1 X131.295 Y178.903 E.40206
G1 X131.295 Y178.285 E.02583
G1 X138.715 Y185.705 E.43859
G1 X139.333 Y185.705 E.02583
G1 X131.295 Y177.667 E.47513
G1 X131.295 Y177.049 E.02583
G1 X139.951 Y185.705 E.51166
G1 X140.569 Y185.705 E.02583
G1 X131.295 Y176.431 E.5482
G1 X131.295 Y175.813 E.02583
G1 X141.187 Y185.705 E.58473
G1 X141.806 Y185.705 E.02583
G1 X131.295 Y175.194 E.62127
G1 X131.295 Y174.576 E.02583
G1 X142.424 Y185.705 E.6578
G1 X143.042 Y185.705 E.02583
G1 X131.295 Y173.958 E.69434
G1 X131.295 Y173.34 E.02583
G1 X143.66 Y185.705 E.73087
G1 X144.278 Y185.705 E.02583
G1 X131.295 Y172.722 E.76741
G1 X131.295 Y172.104 E.02583
G1 X144.896 Y185.705 E.80394
G1 X145.514 Y185.705 E.02583
G1 X131.295 Y171.486 E.84048
G1 X131.295 Y170.868 E.02583
G1 X146.132 Y185.705 E.87702
G1 X146.751 Y185.705 E.02583
G1 X131.295 Y170.249 E.91355
G1 X131.295 Y169.631 E.02583
G1 X147.369 Y185.705 E.95009
G1 X147.987 Y185.705 E.02583
G1 X131.298 Y169.017 E.98641
G3 X131.458 Y168.558 I.924 J.064 E.02053
G1 X148.605 Y185.705 E1.01352
G1 X149.223 Y185.705 E.02583
G1 X131.839 Y168.321 E1.02754
G3 X132.43 Y168.295 I.4 J2.333 E.02483
G1 X149.841 Y185.705 E1.0291
G1 X150.459 Y185.705 E.02583
G1 X133.048 Y168.295 E1.0291
G1 X133.667 Y168.295 E.02583
G1 X151.077 Y185.705 E1.0291
G1 X151.696 Y185.705 E.02583
G1 X134.285 Y168.295 E1.0291
G1 X134.903 Y168.295 E.02583
G1 X152.314 Y185.705 E1.0291
G1 X152.932 Y185.705 E.02583
G1 X135.521 Y168.295 E1.0291
G1 X136.139 Y168.295 E.02583
G1 X153.55 Y185.705 E1.0291
G1 X154.168 Y185.705 E.02583
G1 X136.757 Y168.295 E1.0291
G1 X137.375 Y168.295 E.02583
G1 X154.786 Y185.705 E1.0291
G1 X155.404 Y185.705 E.02583
G1 X137.993 Y168.295 E1.0291
G1 X138.612 Y168.295 E.02583
M73 P78 R6
G1 X156.022 Y185.705 E1.0291
G1 X156.641 Y185.705 E.02583
G1 X139.23 Y168.295 E1.0291
G1 X139.848 Y168.295 E.02583
G1 X157.259 Y185.705 E1.0291
G1 X157.877 Y185.705 E.02583
G1 X140.466 Y168.295 E1.0291
G1 X141.084 Y168.295 E.02583
G1 X158.495 Y185.705 E1.0291
G1 X159.113 Y185.705 E.02583
G1 X141.702 Y168.295 E1.0291
G1 X142.32 Y168.295 E.02583
G1 X159.731 Y185.705 E1.0291
G1 X160.349 Y185.705 E.02583
G1 X142.938 Y168.295 E1.0291
G1 X143.557 Y168.295 E.02583
G1 X160.967 Y185.705 E1.0291
G1 X161.585 Y185.705 E.02583
G1 X144.175 Y168.295 E1.0291
G1 X144.793 Y168.295 E.02583
G1 X162.204 Y185.705 E1.0291
G1 X162.822 Y185.705 E.02583
G1 X145.411 Y168.295 E1.0291
G1 X146.029 Y168.295 E.02583
G1 X163.44 Y185.705 E1.0291
G1 X164.058 Y185.705 E.02583
G1 X146.647 Y168.295 E1.0291
G1 X147.265 Y168.295 E.02583
G1 X164.676 Y185.705 E1.0291
G1 X165.294 Y185.705 E.02583
G1 X147.883 Y168.295 E1.0291
G1 X148.502 Y168.295 E.02583
G1 X165.912 Y185.705 E1.0291
G1 X166.53 Y185.705 E.02583
G1 X149.12 Y168.295 E1.0291
G1 X149.738 Y168.295 E.02583
G1 X167.149 Y185.705 E1.0291
G1 X167.767 Y185.705 E.02583
G1 X150.356 Y168.295 E1.0291
G1 X150.974 Y168.295 E.02583
G1 X168.306 Y185.627 E1.02446
G2 X168.62 Y185.322 I-.311 J-.633 E.01857
G1 X151.592 Y168.295 E1.00644
G1 X152.21 Y168.295 E.02583
G1 X168.705 Y184.79 E.97497
G1 X168.705 Y184.172 E.02583
G1 X152.828 Y168.295 E.93844
G1 X153.447 Y168.295 E.02583
G1 X168.705 Y183.553 E.9019
G1 X168.705 Y182.935 E.02583
G1 X154.065 Y168.295 E.86537
G1 X154.683 Y168.295 E.02583
G1 X168.705 Y182.317 E.82883
G1 X168.705 Y181.699 E.02583
G1 X155.301 Y168.295 E.7923
G1 X155.919 Y168.295 E.02583
G1 X168.705 Y181.081 E.75576
G1 X168.705 Y180.463 E.02583
G1 X156.537 Y168.295 E.71923
G1 X157.155 Y168.295 E.02583
G1 X168.705 Y179.845 E.68269
G1 X168.705 Y179.227 E.02583
G1 X157.773 Y168.295 E.64616
G1 X158.392 Y168.295 E.02583
G1 X168.705 Y178.608 E.60962
G1 X168.705 Y177.99 E.02583
G1 X159.01 Y168.295 E.57309
G1 X159.628 Y168.295 E.02583
G1 X168.705 Y177.372 E.53655
G1 X168.705 Y176.754 E.02583
G1 X160.246 Y168.295 E.50001
G1 X160.864 Y168.295 E.02583
G1 X168.705 Y176.136 E.46348
G1 X168.705 Y175.518 E.02583
G1 X161.482 Y168.295 E.42694
G1 X162.1 Y168.295 E.02583
G1 X168.705 Y174.9 E.39041
G1 X168.705 Y174.282 E.02583
G1 X162.718 Y168.295 E.35387
G1 X163.337 Y168.295 E.02583
G1 X168.705 Y173.664 E.31734
G1 X168.705 Y173.045 E.02583
G1 X163.955 Y168.295 E.2808
G1 X164.573 Y168.295 E.02583
G1 X168.705 Y172.427 E.24427
G1 X168.705 Y171.809 E.02583
G1 X165.191 Y168.295 E.20773
G1 X165.809 Y168.295 E.02583
G1 X168.705 Y171.191 E.1712
G1 X168.705 Y170.573 E.02583
G1 X166.427 Y168.295 E.13466
G1 X167.045 Y168.295 E.02583
G1 X168.705 Y169.955 E.09813
G1 X168.705 Y169.337 E.02583
G1 X167.467 Y168.098 E.07322
G1 X132.607 Y185.573 F30000
;WIDTH:0.624489
G1 F5382.74
G3 X131.425 Y184.388 I248.738 J-249.312 E.09309
G1 X131.426 Y184.948 E.03113
G1 X131.51 Y185.283 E.01923
G1 X131.682 Y185.458 E.01364
G2 X132.091 Y185.573 I.405 J-.656 E.02392
G1 X132.567 Y185.573 E.0265
; stop printing object flowrate_15 id:0 copy 0
; printing object flowrate_20 id:0 copy 0
G1 E-.5 F900
G1 Z1.8 F30000
G1 X126.519 Y168.102 Z1.8
G1 Z1.6
G1 E.5 F900
;TYPE:Inner wall
;WIDTH:0.4
G1 F8401.487
G3 X127.043 Y169.042 I-.53 J.912 E.04025
G1 X127.043 Y184.958 E.56709
G3 X125.958 Y186.043 I-1.062 J.023 E.06107
G1 X90.042 Y186.043 E1.27969
G3 X88.957 Y184.958 I-.023 J-1.062 E.06107
G1 X88.957 Y169.042 E.5671
G3 X90.042 Y167.957 I1.062 J-.023 E.06107
G1 X125.958 Y167.957 E1.27969
G1 X126.18 Y167.977 E.00795
G3 X126.484 Y168.082 I-.192 J1.037 E.01149
G1 X126.696 Y167.794 F30000
G1 F8401.487
G3 X127.4 Y169.026 I-.709 J1.222 E.05297
G1 X127.4 Y184.974 E.5682
G3 X125.974 Y186.4 I-1.418 J.008 E.07994
G1 X90.026 Y186.4 E1.2808
G3 X88.6 Y184.974 I-.008 J-1.418 E.07994
G1 X88.6 Y169.026 E.56821
G3 X90.026 Y167.6 I1.418 J-.008 E.07994
G1 X125.974 Y167.6 E1.2808
G1 X126.208 Y167.621 E.00838
G3 X126.661 Y167.774 I-.221 J1.396 E.01714
SET_VELOCITY_LIMIT ACCEL=5000 ACCEL_TO_DECEL=2500
G1 X126.896 Y167.448 F30000
;TYPE:Outer wall
G1 F8401.487
G3 X127.8 Y169.009 I-.908 J1.568 E.06727
G1 X127.8 Y184.991 E.56945
G3 X125.991 Y186.8 I-1.818 J-.01 E.10108
G1 X90.009 Y186.8 E1.28204
G3 X88.2 Y184.991 I.01 J-1.818 E.10108
G1 X88.2 Y169.009 E.56945
G3 X90.009 Y167.2 I1.818 J.01 E.10108
G1 X125.991 Y167.2 E1.28204
G1 X126.243 Y167.222 E.009
G3 X126.861 Y167.428 I-.254 J1.793 E.02335
SET_VELOCITY_LIMIT ACCEL=10000 ACCEL_TO_DECEL=5000
G1 E-.5 F900
G1 Z1.8 F30000
G1 X91.349 Y185.902 Z1.8
G1 Z1.6
G1 E.5 F900
;TYPE:Internal solid infill
;WIDTH:0.479999
G1 F6863.747
G1 X89.295 Y183.848 E.12668
G1 X89.295 Y183.23 E.02696
G1 X91.77 Y185.705 E.15267
G1 X92.388 Y185.705 E.02696
G1 X89.295 Y182.612 E.1908
G1 X89.295 Y181.994 E.02696
G1 X93.006 Y185.705 E.22892
G1 X93.624 Y185.705 E.02696
G1 X89.295 Y181.376 E.26704
G1 X89.295 Y180.758 E.02696
G1 X94.242 Y185.705 E.30517
G1 X94.861 Y185.705 E.02696
G1 X89.295 Y180.139 E.34329
G1 X89.295 Y179.521 E.02696
G1 X95.479 Y185.705 E.38141
G1 X96.097 Y185.705 E.02696
G1 X89.295 Y178.903 E.41954
G1 X89.295 Y178.285 E.02696
G1 X96.715 Y185.705 E.45766
G1 X97.333 Y185.705 E.02696
G1 X89.295 Y177.667 E.49579
G1 X89.295 Y177.049 E.02696
G1 X97.951 Y185.705 E.53391
G1 X98.569 Y185.705 E.02696
G1 X89.295 Y176.431 E.57203
G1 X89.295 Y175.813 E.02696
G1 X99.187 Y185.705 E.61016
G1 X99.806 Y185.705 E.02696
G1 X89.295 Y175.194 E.64828
G1 X89.295 Y174.576 E.02696
G1 X100.424 Y185.705 E.6864
G1 X101.042 Y185.705 E.02696
G1 X89.295 Y173.958 E.72453
G1 X89.295 Y173.34 E.02696
G1 X101.66 Y185.705 E.76265
G1 X102.278 Y185.705 E.02696
G1 X89.295 Y172.722 E.80078
G1 X89.295 Y172.104 E.02696
G1 X102.896 Y185.705 E.8389
G1 X103.514 Y185.705 E.02696
G1 X89.295 Y171.486 E.87702
G1 X89.295 Y170.868 E.02696
G1 X104.132 Y185.705 E.91515
G1 X104.751 Y185.705 E.02696
G1 X89.295 Y170.249 E.95327
G1 X89.295 Y169.631 E.02696
G1 X105.369 Y185.705 E.99139
G1 X105.987 Y185.705 E.02696
G1 X89.298 Y169.017 E1.0293
G3 X89.458 Y168.558 I.924 J.064 E.02143
G1 X106.605 Y185.705 E1.05759
G1 X107.223 Y185.705 E.02696
G1 X89.839 Y168.321 E1.07222
G3 X90.43 Y168.295 I.4 J2.333 E.02591
G1 X107.841 Y185.705 E1.07384
G1 X108.459 Y185.705 E.02696
G1 X91.048 Y168.295 E1.07384
G1 X91.667 Y168.295 E.02696
G1 X109.077 Y185.705 E1.07384
G1 X109.696 Y185.705 E.02696
G1 X92.285 Y168.295 E1.07384
G1 X92.903 Y168.295 E.02696
G1 X110.314 Y185.705 E1.07384
G1 X110.932 Y185.705 E.02696
G1 X93.521 Y168.295 E1.07384
G1 X94.139 Y168.295 E.02696
G1 X111.55 Y185.705 E1.07384
G1 X112.168 Y185.705 E.02696
G1 X94.757 Y168.295 E1.07384
G1 X95.375 Y168.295 E.02696
G1 X112.786 Y185.705 E1.07384
G1 X113.404 Y185.705 E.02696
G1 X95.993 Y168.295 E1.07384
G1 X96.612 Y168.295 E.02696
G1 X114.022 Y185.705 E1.07384
G1 X114.641 Y185.705 E.02696
M73 P79 R6
G1 X97.23 Y168.295 E1.07384
G1 X97.848 Y168.295 E.02696
G1 X115.259 Y185.705 E1.07384
G1 X115.877 Y185.705 E.02696
G1 X98.466 Y168.295 E1.07384
G1 X99.084 Y168.295 E.02696
G1 X116.495 Y185.705 E1.07384
G1 X117.113 Y185.705 E.02696
G1 X99.702 Y168.295 E1.07384
G1 X100.32 Y168.295 E.02696
G1 X117.731 Y185.705 E1.07384
G1 X118.349 Y185.705 E.02696
G1 X100.938 Y168.295 E1.07384
G1 X101.557 Y168.295 E.02696
G1 X118.967 Y185.705 E1.07384
G1 X119.585 Y185.705 E.02696
G1 X102.175 Y168.295 E1.07384
G1 X102.793 Y168.295 E.02696
G1 X120.204 Y185.705 E1.07384
G1 X120.822 Y185.705 E.02696
G1 X103.411 Y168.295 E1.07384
G1 X104.029 Y168.295 E.02696
G1 X121.44 Y185.705 E1.07384
G1 X122.058 Y185.705 E.02696
G1 X104.647 Y168.295 E1.07384
G1 X105.265 Y168.295 E.02696
G1 X122.676 Y185.705 E1.07384
G1 X123.294 Y185.705 E.02696
G1 X105.883 Y168.295 E1.07384
G1 X106.502 Y168.295 E.02696
G1 X123.912 Y185.705 E1.07384
G1 X124.53 Y185.705 E.02696
G1 X107.12 Y168.295 E1.07384
G1 X107.738 Y168.295 E.02696
G1 X125.149 Y185.705 E1.07384
G1 X125.767 Y185.705 E.02696
G1 X108.356 Y168.295 E1.07384
G1 X108.974 Y168.295 E.02696
G1 X126.306 Y185.627 E1.069
G2 X126.62 Y185.322 I-.311 J-.633 E.01938
G1 X109.592 Y168.295 E1.0502
G1 X110.21 Y168.295 E.02696
G1 X126.705 Y184.79 E1.01736
G1 X126.705 Y184.172 E.02696
G1 X110.828 Y168.295 E.97924
G1 X111.447 Y168.295 E.02696
G1 X126.705 Y183.553 E.94112
G1 X126.705 Y182.935 E.02696
G1 X112.065 Y168.295 E.90299
G1 X112.683 Y168.295 E.02696
G1 X126.705 Y182.317 E.86487
G1 X126.705 Y181.699 E.02696
G1 X113.301 Y168.295 E.82674
G1 X113.919 Y168.295 E.02696
G1 X126.705 Y181.081 E.78862
G1 X126.705 Y180.463 E.02696
G1 X114.537 Y168.295 E.7505
G1 X115.155 Y168.295 E.02696
G1 X126.705 Y179.845 E.71237
G1 X126.705 Y179.227 E.02696
G1 X115.773 Y168.295 E.67425
G1 X116.392 Y168.295 E.02696
G1 X126.705 Y178.608 E.63613
G1 X126.705 Y177.99 E.02696
G1 X117.01 Y168.295 E.598
G1 X117.628 Y168.295 E.02696
G1 X126.705 Y177.372 E.55988
G1 X126.705 Y176.754 E.02696
G1 X118.246 Y168.295 E.52175
G1 X118.864 Y168.295 E.02696
G1 X126.705 Y176.136 E.48363
G1 X126.705 Y175.518 E.02696
G1 X119.482 Y168.295 E.44551
G1 X120.1 Y168.295 E.02696
G1 X126.705 Y174.9 E.40738
G1 X126.705 Y174.282 E.02696
G1 X120.718 Y168.295 E.36926
G1 X121.337 Y168.295 E.02696
G1 X126.705 Y173.664 E.33114
G1 X126.705 Y173.045 E.02696
G1 X121.955 Y168.295 E.29301
G1 X122.573 Y168.295 E.02696
G1 X126.705 Y172.427 E.25489
G1 X126.705 Y171.809 E.02696
G1 X123.191 Y168.295 E.21676
G1 X123.809 Y168.295 E.02696
G1 X126.705 Y171.191 E.17864
G1 X126.705 Y170.573 E.02696
G1 X124.427 Y168.295 E.14052
G1 X125.045 Y168.295 E.02696
G1 X126.705 Y169.955 E.10239
G1 X126.705 Y169.337 E.02696
G1 X125.467 Y168.098 E.0764
G1 X90.607 Y185.573 F30000
;WIDTH:0.624489
G1 F5158.459
G3 X89.425 Y184.388 I248.738 J-249.312 E.09714
G1 X89.426 Y184.948 E.03248
G1 X89.51 Y185.283 E.02007
G1 X89.682 Y185.458 E.01424
G2 X90.091 Y185.573 I.405 J-.656 E.02497
G1 X90.567 Y185.573 E.02766
; stop printing object flowrate_20 id:0 copy 0
; printing object flowrate_5 id:0 copy 0
G1 E-.5 F900
G1 Z1.8 F30000
G1 X126.519 Y136.102 Z1.8
G1 Z1.6
G1 E.5 F900
;TYPE:Inner wall
;WIDTH:0.4
G1 F9601.699
G3 X127.043 Y137.042 I-.53 J.912 E.03522
G1 X127.043 Y152.958 E.49621
G3 X125.958 Y154.043 I-1.062 J.023 E.05344
G1 X90.042 Y154.043 E1.11972
G3 X88.957 Y152.958 I-.023 J-1.062 E.05344
G1 X88.957 Y137.042 E.49621
G3 X90.042 Y135.957 I1.062 J-.023 E.05344
G1 X125.958 Y135.957 E1.11973
G1 X126.18 Y135.977 E.00696
G3 X126.484 Y136.082 I-.192 J1.037 E.01005
G1 X126.696 Y135.794 F30000
G1 F9601.699
G3 X127.4 Y137.026 I-.709 J1.222 E.04635
G1 X127.4 Y152.974 E.49718
G3 X125.974 Y154.4 I-1.418 J.008 E.06995
G1 X90.026 Y154.4 E1.1207
G3 X88.6 Y152.974 I-.008 J-1.418 E.06995
G1 X88.6 Y137.026 E.49718
G3 X90.026 Y135.6 I1.418 J-.008 E.06995
G1 X125.974 Y135.6 E1.1207
G1 X126.208 Y135.621 E.00733
G3 X126.661 Y135.774 I-.221 J1.396 E.01499
SET_VELOCITY_LIMIT ACCEL=5000 ACCEL_TO_DECEL=2500
G1 X126.896 Y135.448 F30000
;TYPE:Outer wall
G1 F9601.699
G3 X127.8 Y137.009 I-.908 J1.568 E.05886
G1 X127.8 Y152.991 E.49827
G3 X125.991 Y154.8 I-1.818 J-.01 E.08845
G1 X90.009 Y154.8 E1.12179
G3 X88.2 Y152.991 I.01 J-1.818 E.08845
G1 X88.2 Y137.009 E.49827
G3 X90.009 Y135.2 I1.818 J.01 E.08845
G1 X125.991 Y135.2 E1.12179
G1 X126.243 Y135.222 E.00788
G3 X126.861 Y135.428 I-.254 J1.793 E.02043
SET_VELOCITY_LIMIT ACCEL=10000 ACCEL_TO_DECEL=5000
G1 E-.5 F900
G1 Z1.8 F30000
G1 X91.349 Y153.902 Z1.8
G1 Z1.6
G1 E.5 F900
;TYPE:Internal solid infill
;WIDTH:0.479999
G1 F7844.283
G1 X89.295 Y151.848 E.11084
G1 X89.295 Y151.23 E.02359
G1 X91.77 Y153.705 E.13359
G1 X92.388 Y153.705 E.02359
G1 X89.295 Y150.612 E.16695
G1 X89.295 Y149.994 E.02359
G1 X93.006 Y153.705 E.2003
G1 X93.624 Y153.705 E.02359
G1 X89.295 Y149.376 E.23366
G1 X89.295 Y148.758 E.02359
G1 X94.242 Y153.705 E.26702
G1 X94.861 Y153.705 E.02359
G1 X89.295 Y148.139 E.30038
G1 X89.295 Y147.521 E.02359
G1 X95.479 Y153.705 E.33374
G1 X96.097 Y153.705 E.02359
G1 X89.295 Y146.903 E.3671
G1 X89.295 Y146.285 E.02359
G1 X96.715 Y153.705 E.40045
G1 X97.333 Y153.705 E.02359
G1 X89.295 Y145.667 E.43381
G1 X89.295 Y145.049 E.02359
G1 X97.951 Y153.705 E.46717
G1 X98.569 Y153.705 E.02359
G1 X89.295 Y144.431 E.50053
G1 X89.295 Y143.813 E.02359
G1 X99.187 Y153.705 E.53389
G1 X99.806 Y153.705 E.02359
G1 X89.295 Y143.194 E.56725
G1 X89.295 Y142.576 E.02359
G1 X100.424 Y153.705 E.6006
G1 X101.042 Y153.705 E.02359
G1 X89.295 Y141.958 E.63396
G1 X89.295 Y141.34 E.02359
G1 X101.66 Y153.705 E.66732
G1 X102.278 Y153.705 E.02359
G1 X89.295 Y140.722 E.70068
G1 X89.295 Y140.104 E.02359
G1 X102.896 Y153.705 E.73404
G1 X103.514 Y153.705 E.02359
G1 X89.295 Y139.486 E.76739
G1 X89.295 Y138.868 E.02359
G1 X104.132 Y153.705 E.80075
G1 X104.751 Y153.705 E.02359
G1 X89.295 Y138.249 E.83411
G1 X89.295 Y137.631 E.02359
G1 X105.369 Y153.705 E.86747
G1 X105.987 Y153.705 E.02359
G1 X89.298 Y137.017 E.90064
G3 X89.458 Y136.558 I.925 J.065 E.01875
G1 X106.605 Y153.705 E.92539
G1 X107.223 Y153.705 E.02359
G1 X89.838 Y136.321 E.93819
G3 X90.43 Y136.295 I.4 J2.333 E.02267
G1 X107.841 Y153.705 E.93961
G1 X108.459 Y153.705 E.02359
G1 X91.048 Y136.295 E.93961
G1 X91.667 Y136.295 E.02359
G1 X109.077 Y153.705 E.93961
G1 X109.696 Y153.705 E.02359
G1 X92.285 Y136.295 E.93961
G1 X92.903 Y136.295 E.02359
G1 X110.314 Y153.705 E.93961
G1 X110.932 Y153.705 E.02359
G1 X93.521 Y136.295 E.93961
G1 X94.139 Y136.295 E.02359
G1 X111.55 Y153.705 E.93961
G1 X112.168 Y153.705 E.02359
G1 X94.757 Y136.295 E.93961
G1 X95.375 Y136.295 E.02359
G1 X112.786 Y153.705 E.93961
G1 X113.404 Y153.705 E.02359
G1 X95.993 Y136.295 E.93961
G1 X96.612 Y136.295 E.02359
G1 X114.022 Y153.705 E.93961
G1 X114.641 Y153.705 E.02359
G1 X97.23 Y136.295 E.93961
G1 X97.848 Y136.295 E.02359
G1 X115.259 Y153.705 E.93961
G1 X115.877 Y153.705 E.02359
G1 X98.466 Y136.295 E.93961
G1 X99.084 Y136.295 E.02359
G1 X116.495 Y153.705 E.93961
G1 X117.113 Y153.705 E.02359
M73 P80 R6
G1 X99.702 Y136.295 E.93961
G1 X100.32 Y136.295 E.02359
G1 X117.731 Y153.705 E.93961
G1 X118.349 Y153.705 E.02359
G1 X100.938 Y136.295 E.93961
G1 X101.557 Y136.295 E.02359
G1 X118.967 Y153.705 E.93961
G1 X119.585 Y153.705 E.02359
G1 X102.175 Y136.295 E.93961
G1 X102.793 Y136.295 E.02359
G1 X120.204 Y153.705 E.93961
G1 X120.822 Y153.705 E.02359
G1 X103.411 Y136.295 E.93961
G1 X104.029 Y136.295 E.02359
G1 X121.44 Y153.705 E.93961
G1 X122.058 Y153.705 E.02359
G1 X104.647 Y136.295 E.93961
G1 X105.265 Y136.295 E.02359
G1 X122.676 Y153.705 E.93961
G1 X123.294 Y153.705 E.02359
G1 X105.883 Y136.295 E.93961
G1 X106.502 Y136.295 E.02359
G1 X123.912 Y153.705 E.93961
G1 X124.53 Y153.705 E.02359
G1 X107.12 Y136.295 E.93961
G1 X107.738 Y136.295 E.02359
G1 X125.149 Y153.705 E.93961
G1 X125.767 Y153.705 E.02359
G1 X108.356 Y136.295 E.93961
G1 X108.974 Y136.295 E.02359
G1 X126.306 Y153.627 E.93538
G2 X126.62 Y153.322 I-.311 J-.633 E.01696
G1 X109.592 Y136.295 E.91893
G1 X110.21 Y136.295 E.02359
G1 X126.705 Y152.79 E.89019
G1 X126.705 Y152.172 E.02359
G1 X110.828 Y136.295 E.85683
G1 X111.447 Y136.295 E.02359
G1 X126.705 Y151.553 E.82348
G1 X126.705 Y150.935 E.02359
G1 X112.065 Y136.295 E.79012
G1 X112.683 Y136.295 E.02359
G1 X126.705 Y150.317 E.75676
G1 X126.705 Y149.699 E.02359
G1 X113.301 Y136.295 E.7234
G1 X113.919 Y136.295 E.02359
G1 X126.705 Y149.081 E.69004
G1 X126.705 Y148.463 E.02359
G1 X114.537 Y136.295 E.65668
G1 X115.155 Y136.295 E.02359
G1 X126.705 Y147.845 E.62333
G1 X126.705 Y147.227 E.02359
G1 X115.773 Y136.295 E.58997
G1 X116.392 Y136.295 E.02359
G1 X126.705 Y146.608 E.55661
G1 X126.705 Y145.99 E.02359
G1 X117.01 Y136.295 E.52325
G1 X117.628 Y136.295 E.02359
G1 X126.705 Y145.372 E.48989
G1 X126.705 Y144.754 E.02359
G1 X118.246 Y136.295 E.45654
G1 X118.864 Y136.295 E.02359
G1 X126.705 Y144.136 E.42318
G1 X126.705 Y143.518 E.02359
G1 X119.482 Y136.295 E.38982
G1 X120.1 Y136.295 E.02359
G1 X126.705 Y142.9 E.35646
G1 X126.705 Y142.282 E.02359
G1 X120.718 Y136.295 E.3231
G1 X121.336 Y136.295 E.02359
G1 X126.705 Y141.664 E.28974
G1 X126.705 Y141.045 E.02359
G1 X121.955 Y136.295 E.25639
G1 X122.573 Y136.295 E.02359
G1 X126.705 Y140.427 E.22303
G1 X126.705 Y139.809 E.02359
G1 X123.191 Y136.295 E.18967
G1 X123.809 Y136.295 E.02359
G1 X126.705 Y139.191 E.15631
G1 X126.705 Y138.573 E.02359
G1 X124.427 Y136.295 E.12295
G1 X125.045 Y136.295 E.02359
G1 X126.705 Y137.955 E.08959
G1 X126.705 Y137.337 E.02359
G1 X125.467 Y136.098 E.06685
G1 X90.607 Y153.573 F30000
;WIDTH:0.624488
G1 F5895.392
G3 X89.425 Y152.388 I248.656 J-249.23 E.085
G1 X89.426 Y152.948 E.02842
G1 X89.51 Y153.283 E.01756
G1 X89.682 Y153.458 E.01246
G2 X90.091 Y153.573 I.406 J-.657 E.02184
G1 X90.567 Y153.573 E.0242
; stop printing object flowrate_5 id:0 copy 0
; printing object flowrate_m20 id:279172874362 copy 0
G1 E-.5 F900
G1 Z1.8 F30000
G1 X126.519 Y104.102 Z1.8
G1 Z1.6
G1 E.5 F900
;TYPE:Inner wall
;WIDTH:0.4
G1 F12602.23
G3 X127.043 Y105.042 I-.53 J.912 E.02683
G1 X127.043 Y120.958 E.37806
G3 X125.958 Y122.043 I-1.062 J.023 E.04072
G1 X90.042 Y122.043 E.85312
G3 X88.957 Y120.958 I-.023 J-1.062 E.04071
G1 X88.957 Y105.042 E.37806
G3 X90.042 Y103.957 I1.062 J-.023 E.04071
G1 X125.958 Y103.957 E.85312
G1 X126.18 Y103.977 E.0053
G3 X126.484 Y104.082 I-.192 J1.037 E.00766
G1 X126.696 Y103.794 F30000
G1 F12602.23
G3 X127.4 Y105.026 I-.709 J1.222 E.03531
G1 X127.4 Y120.974 E.3788
G3 X125.974 Y122.4 I-1.418 J.008 E.05329
G1 X90.026 Y122.4 E.85386
G3 X88.6 Y120.974 I-.008 J-1.418 E.05329
G1 X88.6 Y105.026 E.3788
G3 X90.026 Y103.6 I1.418 J-.008 E.05329
G1 X125.974 Y103.6 E.85387
G1 X126.208 Y103.621 E.00559
G3 X126.661 Y103.774 I-.221 J1.396 E.01142
SET_VELOCITY_LIMIT ACCEL=5000 ACCEL_TO_DECEL=2500
G1 X126.896 Y103.448 F30000
;TYPE:Outer wall
G1 F12000
G3 X127.8 Y105.009 I-.908 J1.568 E.04485
G1 X127.8 Y120.991 E.37963
G3 X125.991 Y122.8 I-1.818 J-.01 E.06739
G1 X90.009 Y122.8 E.85469
G3 X88.2 Y120.991 I.01 J-1.818 E.06739
G1 X88.2 Y105.009 E.37963
G3 X90.009 Y103.2 I1.818 J.01 E.06739
G1 X125.991 Y103.2 E.85469
G1 X126.243 Y103.222 E.006
G3 X126.861 Y103.428 I-.254 J1.793 E.01557
SET_VELOCITY_LIMIT ACCEL=10000 ACCEL_TO_DECEL=5000
G1 E-.5 F900
G1 Z1.8 F30000
G1 X91.349 Y121.902 Z1.8
G1 Z1.6
G1 E.5 F900
;TYPE:Internal solid infill
;WIDTH:0.479999
G1 F8220
G1 X89.295 Y119.848 E.08445
G1 X89.295 Y119.23 E.01797
G1 X91.77 Y121.705 E.10178
G1 X92.388 Y121.705 E.01797
G1 X89.295 Y118.612 E.1272
G1 X89.295 Y117.994 E.01797
G1 X93.006 Y121.705 E.15261
G1 X93.624 Y121.705 E.01797
G1 X89.295 Y117.376 E.17803
G1 X89.295 Y116.758 E.01797
G1 X94.242 Y121.705 E.20344
G1 X94.861 Y121.705 E.01797
G1 X89.295 Y116.139 E.22886
G1 X89.295 Y115.521 E.01797
G1 X95.479 Y121.705 E.25428
G1 X96.097 Y121.705 E.01797
G1 X89.295 Y114.903 E.27969
G1 X89.295 Y114.285 E.01797
G1 X96.715 Y121.705 E.30511
G1 X97.333 Y121.705 E.01797
G1 X89.295 Y113.667 E.33052
G1 X89.295 Y113.049 E.01797
G1 X97.951 Y121.705 E.35594
G1 X98.569 Y121.705 E.01797
G1 X89.295 Y112.431 E.38136
G1 X89.295 Y111.813 E.01797
G1 X99.187 Y121.705 E.40677
G1 X99.806 Y121.705 E.01797
G1 X89.295 Y111.194 E.43219
G1 X89.295 Y110.576 E.01797
G1 X100.424 Y121.705 E.4576
G1 X101.042 Y121.705 E.01797
G1 X89.295 Y109.958 E.48302
G1 X89.295 Y109.34 E.01797
G1 X101.66 Y121.705 E.50843
G1 X102.278 Y121.705 E.01797
G1 X89.295 Y108.722 E.53385
G1 X89.295 Y108.104 E.01797
G1 X102.896 Y121.705 E.55927
G1 X103.514 Y121.705 E.01797
M73 P80 R5
G1 X89.295 Y107.486 E.58468
G1 X89.295 Y106.868 E.01797
G1 X104.132 Y121.705 E.6101
G1 X104.751 Y121.705 E.01797
G1 X89.295 Y106.249 E.63551
G1 X89.295 Y105.631 E.01797
G1 X105.369 Y121.705 E.66093
G1 X105.987 Y121.705 E.01797
G1 X89.298 Y105.017 E.6862
G3 X89.458 Y104.558 I.925 J.065 E.01428
G1 X106.605 Y121.705 E.70506
G1 X107.223 Y121.705 E.01797
G1 X89.839 Y104.321 E.71481
G3 X90.43 Y104.295 I.4 J2.333 E.01727
G1 X107.841 Y121.705 E.71589
G1 X108.459 Y121.705 E.01797
G1 X91.048 Y104.295 E.71589
G1 X91.667 Y104.295 E.01797
G1 X109.077 Y121.705 E.71589
G1 X109.696 Y121.705 E.01797
G1 X92.285 Y104.295 E.71589
G1 X92.903 Y104.295 E.01797
G1 X110.314 Y121.705 E.71589
G1 X110.932 Y121.705 E.01797
G1 X93.521 Y104.295 E.71589
G1 X94.139 Y104.295 E.01797
G1 X111.55 Y121.705 E.71589
G1 X112.168 Y121.705 E.01797
G1 X94.757 Y104.295 E.71589
G1 X95.375 Y104.295 E.01797
G1 X112.786 Y121.705 E.71589
G1 X113.404 Y121.705 E.01797
G1 X95.993 Y104.295 E.71589
G1 X96.612 Y104.295 E.01797
G1 X114.022 Y121.705 E.71589
G1 X114.641 Y121.705 E.01797
G1 X97.23 Y104.295 E.71589
G1 X97.848 Y104.295 E.01797
G1 X115.259 Y121.705 E.71589
G1 X115.877 Y121.705 E.01797
G1 X98.466 Y104.295 E.71589
G1 X99.084 Y104.295 E.01797
G1 X116.495 Y121.705 E.71589
G1 X117.113 Y121.705 E.01797
G1 X99.702 Y104.295 E.71589
G1 X100.32 Y104.295 E.01797
G1 X117.731 Y121.705 E.71589
G1 X118.349 Y121.705 E.01797
G1 X100.938 Y104.295 E.71589
G1 X101.557 Y104.295 E.01797
G1 X118.967 Y121.705 E.71589
G1 X119.585 Y121.705 E.01797
G1 X102.175 Y104.295 E.71589
G1 X102.793 Y104.295 E.01797
G1 X120.204 Y121.705 E.71589
G1 X120.822 Y121.705 E.01797
G1 X103.411 Y104.295 E.71589
G1 X104.029 Y104.295 E.01797
G1 X121.44 Y121.705 E.71589
G1 X122.058 Y121.705 E.01797
G1 X104.647 Y104.295 E.71589
G1 X105.265 Y104.295 E.01797
G1 X122.676 Y121.705 E.71589
G1 X123.294 Y121.705 E.01797
G1 X105.883 Y104.295 E.71589
G1 X106.502 Y104.295 E.01797
M73 P81 R5
G1 X123.912 Y121.705 E.71589
G1 X124.53 Y121.705 E.01797
G1 X107.12 Y104.295 E.71589
G1 X107.738 Y104.295 E.01797
G1 X125.149 Y121.705 E.71589
G1 X125.767 Y121.705 E.01797
G1 X108.356 Y104.295 E.71589
G1 X108.974 Y104.295 E.01797
G1 X126.306 Y121.627 E.71267
G2 X126.62 Y121.322 I-.311 J-.633 E.01292
G1 X109.592 Y104.295 E.70013
G1 X110.21 Y104.295 E.01797
G1 X126.705 Y120.79 E.67824
G1 X126.705 Y120.172 E.01797
G1 X110.828 Y104.295 E.65283
G1 X111.447 Y104.295 E.01797
G1 X126.705 Y119.553 E.62741
G1 X126.705 Y118.935 E.01797
G1 X112.065 Y104.295 E.60199
G1 X112.683 Y104.295 E.01797
G1 X126.705 Y118.317 E.57658
G1 X126.705 Y117.699 E.01797
G1 X113.301 Y104.295 E.55116
G1 X113.919 Y104.295 E.01797
G1 X126.705 Y117.081 E.52575
G1 X126.705 Y116.463 E.01797
G1 X114.537 Y104.295 E.50033
G1 X115.155 Y104.295 E.01797
G1 X126.705 Y115.845 E.47492
G1 X126.705 Y115.227 E.01797
G1 X115.773 Y104.295 E.4495
G1 X116.392 Y104.295 E.01797
G1 X126.705 Y114.608 E.42408
G1 X126.705 Y113.99 E.01797
G1 X117.01 Y104.295 E.39867
G1 X117.628 Y104.295 E.01797
G1 X126.705 Y113.372 E.37325
G1 X126.705 Y112.754 E.01797
G1 X118.246 Y104.295 E.34784
G1 X118.864 Y104.295 E.01797
G1 X126.705 Y112.136 E.32242
G1 X126.705 Y111.518 E.01797
G1 X119.482 Y104.295 E.297
G1 X120.1 Y104.295 E.01797
G1 X126.705 Y110.9 E.27159
G1 X126.705 Y110.282 E.01797
G1 X120.718 Y104.295 E.24617
G1 X121.337 Y104.295 E.01797
G1 X126.705 Y109.664 E.22076
G1 X126.705 Y109.045 E.01797
G1 X121.955 Y104.295 E.19534
G1 X122.573 Y104.295 E.01797
G1 X126.705 Y108.427 E.16993
G1 X126.705 Y107.809 E.01797
G1 X123.191 Y104.295 E.14451
G1 X123.809 Y104.295 E.01797
G1 X126.705 Y107.191 E.11909
G1 X126.705 Y106.573 E.01797
G1 X124.427 Y104.295 E.09368
G1 X125.045 Y104.295 E.01797
G1 X126.705 Y105.955 E.06826
G1 X126.705 Y105.337 E.01797
G1 X125.467 Y104.098 E.05093
G1 X90.607 Y121.573 F30000
;WIDTH:0.624489
G1 F7737.698
G3 X89.425 Y120.388 I248.825 J-249.399 E.06476
G1 X89.426 Y120.948 E.02165
G1 X89.51 Y121.283 E.01338
G1 X89.682 Y121.458 E.00949
G2 X90.091 Y121.573 I.405 J-.656 E.01664
G1 X90.567 Y121.573 E.01844
; stop printing object flowrate_m20 id:279172874362 copy 0
;LAYER_CHANGE
;Z:1.8
;HEIGHT:0.2
;BEFORE_LAYER_CHANGE
;1.8
G92 E0

G1 E-.5 F900
;AFTER_LAYER_CHANGE
;1.8
SET_PRINT_STATS_INFO CURRENT_LAYER=9
;_SET_FAN_SPEED_CHANGING_LAYER
; printing object flowrate_10 id:8318823020889268071 copy 0
G1 Z2 F30000
G1 X210.355 Y185.975 Z2
G1 Z1.8
G1 E.5 F900
;TYPE:Inner wall
;WIDTH:0.4
G1 F9165.258
G3 X209.958 Y186.043 I-.374 J-.994 E.01322
G1 X174.042 Y186.043 E1.17305
G3 X172.957 Y184.958 I-.023 J-1.062 E.05598
G1 X172.957 Y169.042 E.51984
G3 X174.042 Y167.957 I1.062 J-.023 E.05598
G1 X209.958 Y167.957 E1.17305
G1 X210.18 Y167.977 E.00729
G3 X211.043 Y169.042 I-.192 J1.037 E.04873
G1 X211.043 Y184.958 E.51984
G3 X210.392 Y185.96 I-1.062 J.023 E.04145
G1 X210.477 Y186.311 F30000
G1 F9165.258
G3 X209.974 Y186.4 I-.495 J-1.329 E.01678
G1 X174.026 Y186.4 E1.17406
G3 X172.6 Y184.974 I-.008 J-1.418 E.07328
G1 X172.6 Y169.026 E.52086
G3 X174.026 Y167.6 I1.418 J-.008 E.07328
G1 X209.974 Y167.6 E1.17406
G1 X210.243 Y167.624 E.00882
G3 X211.4 Y169.026 I-.257 J1.391 E.06451
G1 X211.4 Y184.974 E.52085
G3 X210.514 Y186.296 I-1.418 J.008 E.05519
SET_VELOCITY_LIMIT ACCEL=5000 ACCEL_TO_DECEL=2500
G1 X210.614 Y186.687 F30000
;TYPE:Outer wall
G1 F9165.258
G3 X209.991 Y186.8 I-.632 J-1.705 E.02077
G1 X174.009 Y186.8 E1.1752
G3 X172.2 Y184.991 I.01 J-1.818 E.09266
G1 X172.2 Y169.009 E.522
G3 X174.009 Y167.2 I1.818 J.01 E.09266
G1 X209.991 Y167.2 E1.17521
G1 X210.278 Y167.225 E.00939
G1 X210.312 Y167.228 E.00114
G3 X211.8 Y169.009 I-.317 J1.777 E.08231
G1 X211.8 Y184.991 E.522
G3 X210.651 Y186.672 I-1.818 J-.01 E.07058
SET_VELOCITY_LIMIT ACCEL=10000 ACCEL_TO_DECEL=5000
G1 E-.5 F900
G1 Z2 F30000
G1 X209.388 Y185.575 Z2
G1 Z1.8
G1 E.5 F900
;TYPE:Internal solid infill
;WIDTH:0.624486
G1 F5627.446
G1 X209.948 Y185.574 E.02977
G1 X210.283 Y185.49 E.0184
G1 X210.458 Y185.318 E.01305
G2 X210.573 Y184.909 I-.656 J-.405 E.02288
G1 X210.573 Y184.393 E.02748
G3 X209.416 Y185.547 I-243.241 J-242.667 E.08692
G1 X208.651 Y185.902 F30000
;WIDTH:0.479999
G1 F7487.724
G1 X210.705 Y183.848 E.11612
G1 X210.705 Y183.23 E.02471
G1 X208.23 Y185.705 E.13995
G1 X207.612 Y185.705 E.02471
G1 X210.705 Y182.612 E.1749
G1 X210.705 Y181.994 E.02471
G1 X206.994 Y185.705 E.20984
G1 X206.376 Y185.705 E.02471
G1 X210.705 Y181.376 E.24479
G1 X210.705 Y180.758 E.02471
G1 X205.758 Y185.705 E.27974
G1 X205.139 Y185.705 E.02471
G1 X210.705 Y180.139 E.31468
G1 X210.705 Y179.521 E.02471
G1 X204.521 Y185.705 E.34963
G1 X203.903 Y185.705 E.02471
G1 X210.705 Y178.903 E.38458
G1 X210.705 Y178.285 E.02471
G1 X203.285 Y185.705 E.41952
G1 X202.667 Y185.705 E.02471
G1 X210.705 Y177.667 E.45447
G1 X210.705 Y177.049 E.02471
G1 X202.049 Y185.705 E.48942
G1 X201.431 Y185.705 E.02471
G1 X210.705 Y176.431 E.52436
G1 X210.705 Y175.813 E.02471
G1 X200.813 Y185.705 E.55931
G1 X200.194 Y185.705 E.02471
G1 X210.705 Y175.194 E.59426
G1 X210.705 Y174.576 E.02471
G1 X199.576 Y185.705 E.6292
G1 X198.958 Y185.705 E.02471
G1 X210.705 Y173.958 E.66415
G1 X210.705 Y173.34 E.02471
G1 X198.34 Y185.705 E.6991
G1 X197.722 Y185.705 E.02471
G1 X210.705 Y172.722 E.73404
G1 X210.705 Y172.104 E.02471
G1 X197.104 Y185.705 E.76899
G1 X196.486 Y185.705 E.02471
G1 X210.705 Y171.486 E.80394
G1 X210.705 Y170.868 E.02471
G1 X195.868 Y185.705 E.83888
G1 X195.249 Y185.705 E.02471
G1 X210.705 Y170.249 E.87383
G1 X210.705 Y169.631 E.02471
G1 X194.631 Y185.705 E.90878
G1 X194.013 Y185.705 E.02471
G1 X210.702 Y169.017 E.94353
G2 X210.542 Y168.558 I-.925 J.065 E.01964
G1 X193.395 Y185.705 E.96946
G1 X192.777 Y185.705 E.02471
G1 X210.162 Y168.321 E.98287
G2 X209.57 Y168.295 I-.4 J2.333 E.02375
G1 X192.159 Y185.705 E.98435
G1 X191.541 Y185.705 E.02471
G1 X208.952 Y168.295 E.98435
G1 X208.333 Y168.295 E.02471
G1 X190.923 Y185.705 E.98435
G1 X190.304 Y185.705 E.02471
G1 X207.715 Y168.295 E.98435
G1 X207.097 Y168.295 E.02471
G1 X189.686 Y185.705 E.98435
G1 X189.068 Y185.705 E.02471
G1 X206.479 Y168.295 E.98435
G1 X205.861 Y168.295 E.02471
G1 X188.45 Y185.705 E.98435
G1 X187.832 Y185.705 E.02471
G1 X205.243 Y168.295 E.98435
G1 X204.625 Y168.295 E.02471
G1 X187.214 Y185.705 E.98435
G1 X186.596 Y185.705 E.02471
G1 X204.007 Y168.295 E.98435
G1 X203.388 Y168.295 E.02471
G1 X185.978 Y185.705 E.98435
G1 X185.359 Y185.705 E.02471
G1 X202.77 Y168.295 E.98435
G1 X202.152 Y168.295 E.02471
G1 X184.741 Y185.705 E.98435
G1 X184.123 Y185.705 E.02471
G1 X201.534 Y168.295 E.98435
G1 X200.916 Y168.295 E.02471
G1 X183.505 Y185.705 E.98435
G1 X182.887 Y185.705 E.02471
G1 X200.298 Y168.295 E.98435
G1 X199.68 Y168.295 E.02471
G1 X182.269 Y185.705 E.98435
G1 X181.651 Y185.705 E.02471
G1 X199.062 Y168.295 E.98435
G1 X198.443 Y168.295 E.02471
G1 X181.033 Y185.705 E.98435
G1 X180.415 Y185.705 E.02471
G1 X197.825 Y168.295 E.98435
G1 X197.207 Y168.295 E.02471
G1 X179.796 Y185.705 E.98435
G1 X179.178 Y185.705 E.02471
G1 X196.589 Y168.295 E.98435
G1 X195.971 Y168.295 E.02471
G1 X178.56 Y185.705 E.98435
G1 X177.942 Y185.705 E.02471
G1 X195.353 Y168.295 E.98435
G1 X194.735 Y168.295 E.02471
G1 X177.324 Y185.705 E.98435
G1 X176.706 Y185.705 E.02471
G1 X194.117 Y168.295 E.98435
G1 X193.498 Y168.295 E.02471
G1 X176.088 Y185.705 E.98435
G1 X175.47 Y185.705 E.02471
G1 X192.88 Y168.295 E.98435
G1 X192.262 Y168.295 E.02471
G1 X174.851 Y185.705 E.98435
G1 X174.233 Y185.705 E.02471
G1 X191.644 Y168.295 E.98435
G1 X191.026 Y168.295 E.02471
G1 X173.694 Y185.627 E.97992
G3 X173.38 Y185.322 I.311 J-.633 E.01777
M73 P82 R5
G1 X190.408 Y168.295 E.96268
G1 X189.79 Y168.295 E.02471
G1 X173.295 Y184.79 E.93258
G1 X173.295 Y184.172 E.02471
G1 X189.172 Y168.295 E.89764
G1 X188.553 Y168.295 E.02471
G1 X173.295 Y183.553 E.86269
G1 X173.295 Y182.935 E.02471
G1 X187.935 Y168.295 E.82774
G1 X187.317 Y168.295 E.02471
G1 X173.295 Y182.317 E.79279
G1 X173.295 Y181.699 E.02471
G1 X186.699 Y168.295 E.75785
G1 X186.081 Y168.295 E.02471
G1 X173.295 Y181.081 E.7229
G1 X173.295 Y180.463 E.02471
G1 X185.463 Y168.295 E.68795
G1 X184.845 Y168.295 E.02471
G1 X173.295 Y179.845 E.65301
G1 X173.295 Y179.227 E.02471
G1 X184.227 Y168.295 E.61806
G1 X183.608 Y168.295 E.02471
G1 X173.295 Y178.608 E.58311
G1 X173.295 Y177.99 E.02471
G1 X182.99 Y168.295 E.54817
G1 X182.372 Y168.295 E.02471
G1 X173.295 Y177.372 E.51322
G1 X173.295 Y176.754 E.02471
G1 X181.754 Y168.295 E.47827
G1 X181.136 Y168.295 E.02471
G1 X173.295 Y176.136 E.44333
G1 X173.295 Y175.518 E.02471
G1 X180.518 Y168.295 E.40838
G1 X179.9 Y168.295 E.02471
G1 X173.295 Y174.9 E.37343
G1 X173.295 Y174.282 E.02471
G1 X179.282 Y168.295 E.33849
G1 X178.663 Y168.295 E.02471
G1 X173.295 Y173.663 E.30354
G1 X173.295 Y173.045 E.02471
G1 X178.045 Y168.295 E.26859
G1 X177.427 Y168.295 E.02471
G1 X173.295 Y172.427 E.23365
G1 X173.295 Y171.809 E.02471
G1 X176.809 Y168.295 E.1987
G1 X176.191 Y168.295 E.02471
G1 X173.295 Y171.191 E.16375
G1 X173.295 Y170.573 E.02471
G1 X175.573 Y168.295 E.12881
G1 X174.955 Y168.295 E.02471
G1 X173.295 Y169.955 E.09386
G1 X173.295 Y169.337 E.02471
G1 X174.533 Y168.098 E.07003
; stop printing object flowrate_10 id:8318823020889268071 copy 0
; printing object flowrate_m5 id:140666992080768 copy 0
G1 E-.5 F900
G1 Z2 F30000
G1 X210.519 Y136.102 Z2
G1 Z1.8
G1 E.5 F900
;TYPE:Inner wall
;WIDTH:0.4
G1 F10612.404
G3 X211.043 Y137.042 I-.53 J.912 E.03186
G1 X211.043 Y152.958 E.44895
G3 X209.958 Y154.043 I-1.062 J.023 E.04835
G1 X174.042 Y154.043 E1.01308
G3 X172.957 Y152.958 I-.023 J-1.062 E.04835
G1 X172.957 Y137.042 E.44895
G3 X174.042 Y135.957 I1.062 J-.023 E.04835
G1 X209.958 Y135.957 E1.01309
G1 X210.18 Y135.977 E.00629
G3 X210.484 Y136.082 I-.192 J1.037 E.00909
G1 X210.697 Y135.792 F30000
G1 F10612.404
G3 X211.4 Y137.026 I-.712 J1.222 E.04196
G1 X211.4 Y152.974 E.44983
G3 X209.974 Y154.4 I-1.418 J.008 E.06329
G1 X174.026 Y154.4 E1.01396
G3 X172.6 Y152.974 I-.008 J-1.418 E.06329
G1 X172.6 Y137.026 E.44983
G3 X174.026 Y135.6 I1.418 J-.008 E.06329
G1 X209.974 Y135.6 E1.01396
G1 X210.243 Y135.624 E.00761
G3 X210.663 Y135.772 I-.257 J1.391 E.01262
SET_VELOCITY_LIMIT ACCEL=5000 ACCEL_TO_DECEL=2500
G1 X210.899 Y135.443 F30000
;TYPE:Outer wall
G1 F10612.404
G3 X211.8 Y137.009 I-.904 J1.562 E.05337
G1 X211.8 Y152.991 E.45081
G3 X209.991 Y154.8 I-1.818 J-.01 E.08002
G1 X174.009 Y154.8 E1.01495
G3 X172.2 Y152.991 I.01 J-1.818 E.08002
G1 X172.2 Y137.009 E.45082
G3 X174.009 Y135.2 I1.818 J.01 E.08002
G1 X209.991 Y135.2 E1.01495
G1 X210.278 Y135.225 E.00811
G1 X210.312 Y135.228 E.00098
G3 X210.864 Y135.423 I-.317 J1.777 E.01658
SET_VELOCITY_LIMIT ACCEL=10000 ACCEL_TO_DECEL=5000
G1 E-.5 F900
G1 Z2 F30000
G1 X209.388 Y153.575 Z2
G1 Z1.8
G1 E.5 F900
;TYPE:Internal solid infill
;WIDTH:0.624488
G1 F6515.968
G1 X209.947 Y153.574 E.02571
G1 X210.283 Y153.49 E.01589
G1 X210.458 Y153.318 E.01127
G2 X210.573 Y152.909 I-.656 J-.405 E.01976
G1 X210.573 Y152.393 E.02373
G3 X209.416 Y153.547 I-243.416 J-242.843 E.07506
G1 X208.651 Y153.902 F30000
;WIDTH:0.479999
G1 F8220
G1 X210.705 Y151.848 E.10029
G1 X210.705 Y151.23 E.02134
G1 X208.23 Y153.705 E.12087
G1 X207.612 Y153.705 E.02134
G1 X210.705 Y150.612 E.15105
G1 X210.705 Y149.994 E.02134
G1 X206.994 Y153.705 E.18123
G1 X206.376 Y153.705 E.02134
G1 X210.705 Y149.376 E.21141
G1 X210.705 Y148.758 E.02134
G1 X205.758 Y153.705 E.24159
G1 X205.139 Y153.705 E.02134
G1 X210.705 Y148.139 E.27177
G1 X210.705 Y147.521 E.02134
G1 X204.521 Y153.705 E.30195
G1 X203.903 Y153.705 E.02134
G1 X210.705 Y146.903 E.33213
G1 X210.705 Y146.285 E.02134
G1 X203.285 Y153.705 E.36232
G1 X202.667 Y153.705 E.02134
G1 X210.705 Y145.667 E.3925
G1 X210.705 Y145.049 E.02134
G1 X202.049 Y153.705 E.42268
G1 X201.431 Y153.705 E.02134
G1 X210.705 Y144.431 E.45286
G1 X210.705 Y143.813 E.02134
G1 X200.813 Y153.705 E.48304
G1 X200.194 Y153.705 E.02134
G1 X210.705 Y143.194 E.51322
G1 X210.705 Y142.576 E.02134
G1 X199.576 Y153.705 E.5434
G1 X198.958 Y153.705 E.02134
G1 X210.705 Y141.958 E.57358
G1 X210.705 Y141.34 E.02134
G1 X198.34 Y153.705 E.60377
G1 X197.722 Y153.705 E.02134
G1 X210.705 Y140.722 E.63395
G1 X210.705 Y140.104 E.02134
G1 X197.104 Y153.705 E.66413
G1 X196.486 Y153.705 E.02134
G1 X210.705 Y139.486 E.69431
G1 X210.705 Y138.868 E.02134
G1 X195.868 Y153.705 E.72449
G1 X195.249 Y153.705 E.02134
G1 X210.705 Y138.249 E.75467
G1 X210.705 Y137.631 E.02134
G1 X194.631 Y153.705 E.78485
G1 X194.013 Y153.705 E.02134
G1 X210.702 Y137.017 E.81486
G2 X210.542 Y136.558 I-.925 J.065 E.01696
G1 X193.395 Y153.705 E.83726
G1 X192.777 Y153.705 E.02134
G1 X210.162 Y136.321 E.84884
G2 X209.57 Y136.295 I-.4 J2.332 E.02051
G1 X192.159 Y153.705 E.85012
G1 X191.541 Y153.705 E.02134
G1 X208.952 Y136.295 E.85012
G1 X208.333 Y136.295 E.02134
G1 X190.923 Y153.705 E.85012
G1 X190.304 Y153.705 E.02134
G1 X207.715 Y136.295 E.85012
G1 X207.097 Y136.295 E.02134
G1 X189.686 Y153.705 E.85012
G1 X189.068 Y153.705 E.02134
G1 X206.479 Y136.295 E.85012
G1 X205.861 Y136.295 E.02134
G1 X188.45 Y153.705 E.85012
G1 X187.832 Y153.705 E.02134
G1 X205.243 Y136.295 E.85012
G1 X204.625 Y136.295 E.02134
G1 X187.214 Y153.705 E.85012
G1 X186.596 Y153.705 E.02134
G1 X204.007 Y136.295 E.85012
G1 X203.388 Y136.295 E.02134
G1 X185.978 Y153.705 E.85012
G1 X185.359 Y153.705 E.02134
G1 X202.77 Y136.295 E.85012
G1 X202.152 Y136.295 E.02134
G1 X184.741 Y153.705 E.85012
G1 X184.123 Y153.705 E.02134
G1 X201.534 Y136.295 E.85012
G1 X200.916 Y136.295 E.02134
G1 X183.505 Y153.705 E.85012
G1 X182.887 Y153.705 E.02134
G1 X200.298 Y136.295 E.85012
G1 X199.68 Y136.295 E.02134
G1 X182.269 Y153.705 E.85012
G1 X181.651 Y153.705 E.02134
G1 X199.062 Y136.295 E.85012
G1 X198.443 Y136.295 E.02134
G1 X181.033 Y153.705 E.85012
G1 X180.415 Y153.705 E.02134
G1 X197.825 Y136.295 E.85012
G1 X197.207 Y136.295 E.02134
G1 X179.796 Y153.705 E.85012
G1 X179.178 Y153.705 E.02134
G1 X196.589 Y136.295 E.85012
G1 X195.971 Y136.295 E.02134
G1 X178.56 Y153.705 E.85012
G1 X177.942 Y153.705 E.02134
G1 X195.353 Y136.295 E.85012
G1 X194.735 Y136.295 E.02134
G1 X177.324 Y153.705 E.85012
G1 X176.706 Y153.705 E.02134
G1 X194.117 Y136.295 E.85012
G1 X193.498 Y136.295 E.02134
G1 X176.088 Y153.705 E.85012
G1 X175.47 Y153.705 E.02134
G1 X192.88 Y136.295 E.85012
G1 X192.262 Y136.295 E.02134
G1 X174.851 Y153.705 E.85012
G1 X174.233 Y153.705 E.02134
G1 X191.644 Y136.295 E.85012
G1 X191.026 Y136.295 E.02134
G1 X173.694 Y153.627 E.8463
G3 X173.38 Y153.322 I.311 J-.633 E.01534
G1 X190.408 Y136.295 E.83141
G1 X189.79 Y136.295 E.02134
G1 X173.295 Y152.79 E.80541
G1 X173.295 Y152.172 E.02134
G1 X189.172 Y136.295 E.77523
G1 X188.553 Y136.295 E.02134
G1 X173.295 Y151.553 E.74505
G1 X173.295 Y150.935 E.02134
G1 X187.935 Y136.295 E.71487
G1 X187.317 Y136.295 E.02134
G1 X173.295 Y150.317 E.68469
G1 X173.295 Y149.699 E.02134
G1 X186.699 Y136.295 E.65451
G1 X186.081 Y136.295 E.02134
G1 X173.295 Y149.081 E.62432
G1 X173.295 Y148.463 E.02134
G1 X185.463 Y136.295 E.59414
G1 X184.845 Y136.295 E.02134
G1 X173.295 Y147.845 E.56396
G1 X173.295 Y147.227 E.02134
G1 X184.227 Y136.295 E.53378
G1 X183.608 Y136.295 E.02134
G1 X173.295 Y146.608 E.5036
G1 X173.295 Y145.99 E.02134
G1 X182.99 Y136.295 E.47342
G1 X182.372 Y136.295 E.02134
G1 X173.295 Y145.372 E.44324
G1 X173.295 Y144.754 E.02134
M73 P83 R5
G1 X181.754 Y136.295 E.41306
G1 X181.136 Y136.295 E.02134
G1 X173.295 Y144.136 E.38287
G1 X173.295 Y143.518 E.02134
G1 X180.518 Y136.295 E.35269
G1 X179.9 Y136.295 E.02134
G1 X173.295 Y142.9 E.32251
G1 X173.295 Y142.282 E.02134
G1 X179.282 Y136.295 E.29233
G1 X178.663 Y136.295 E.02134
G1 X173.295 Y141.663 E.26215
G1 X173.295 Y141.045 E.02134
G1 X178.045 Y136.295 E.23197
G1 X177.427 Y136.295 E.02134
G1 X173.295 Y140.427 E.20179
G1 X173.295 Y139.809 E.02134
G1 X176.809 Y136.295 E.1716
G1 X176.191 Y136.295 E.02134
G1 X173.295 Y139.191 E.14142
G1 X173.295 Y138.573 E.02134
G1 X175.573 Y136.295 E.11124
G1 X174.955 Y136.295 E.02134
G1 X173.295 Y137.955 E.08106
G1 X173.295 Y137.337 E.02134
G1 X174.533 Y136.098 E.06048
; stop printing object flowrate_m5 id:140666992080768 copy 0
; printing object flowrate_m10 id:1069446856963 copy 0
G1 E-.5 F900
G1 Z2 F30000
G1 X210.181 Y122.024 Z2
G1 Z1.8
G1 E.5 F900
;TYPE:Inner wall
;WIDTH:0.4
G1 F11201.982
G3 X209.958 Y122.043 I-.2 J-1.043 E.00598
G1 X174.042 Y122.043 E.95976
G3 X172.957 Y120.958 I-.023 J-1.062 E.0458
G1 X172.957 Y105.042 E.42532
G3 X174.042 Y103.957 I1.062 J-.023 E.0458
G1 X209.958 Y103.957 E.95977
G1 X210.18 Y103.977 E.00596
G3 X211.043 Y105.042 I-.192 J1.037 E.03987
G1 X211.043 Y120.958 E.42532
G3 X210.22 Y122.016 I-1.062 J.023 E.03876
G1 X210.243 Y122.376 F30000
G1 F11201.982
G3 X209.974 Y122.4 I-.261 J-1.394 E.00722
G1 X174.026 Y122.4 E.9606
G3 X172.6 Y120.974 I-.008 J-1.418 E.05995
G1 X172.6 Y105.026 E.42616
G3 X174.026 Y103.6 I1.418 J-.008 E.05995
G1 X209.974 Y103.6 E.9606
G1 X210.243 Y103.624 E.00721
G3 X211.4 Y105.026 I-.257 J1.391 E.05278
G1 X211.4 Y120.974 E.42615
G3 X210.282 Y122.368 I-1.418 J.008 E.05166
SET_VELOCITY_LIMIT ACCEL=5000 ACCEL_TO_DECEL=2500
G1 X210.312 Y122.77 F30000
;TYPE:Outer wall
G1 F11201.982
G3 X209.991 Y122.8 I-.33 J-1.788 E.00862
G1 X174.009 Y122.8 E.96153
G3 X172.2 Y120.991 I.01 J-1.818 E.07581
G1 X172.2 Y105.009 E.42709
G3 X174.009 Y103.2 I1.818 J.01 E.07581
G1 X209.991 Y103.2 E.96153
G1 X210.278 Y103.225 E.00769
G1 X210.312 Y103.228 E.00093
G3 X211.8 Y105.009 I-.317 J1.777 E.06734
G1 X211.8 Y120.991 E.42709
G3 X210.351 Y122.762 I-1.818 J-.01 E.06612
SET_VELOCITY_LIMIT ACCEL=10000 ACCEL_TO_DECEL=5000
G1 E-.5 F900
G1 Z2 F30000
G1 X209.388 Y121.575 Z2
G1 Z1.8
G1 E.5 F900
;TYPE:Internal solid infill
;WIDTH:0.624487
G1 F6877.974
G1 X209.947 Y121.574 E.02436
G1 X210.283 Y121.49 E.01506
G1 X210.458 Y121.318 E.01068
G2 X210.573 Y120.909 I-.656 J-.406 E.01872
G1 X210.573 Y120.393 E.02248
G3 X209.416 Y121.547 I-243.239 J-242.665 E.07111
G1 X208.651 Y121.902 F30000
;WIDTH:0.479999
G1 F8220
G1 X210.705 Y119.848 E.09501
G1 X210.705 Y119.23 E.02022
G1 X208.23 Y121.705 E.1145
G1 X207.612 Y121.705 E.02022
G1 X210.705 Y118.612 E.1431
G1 X210.705 Y117.994 E.02022
G1 X206.994 Y121.705 E.17169
G1 X206.376 Y121.705 E.02022
G1 X210.705 Y117.376 E.20028
G1 X210.705 Y116.758 E.02022
G1 X205.758 Y121.705 E.22888
G1 X205.139 Y121.705 E.02022
G1 X210.705 Y116.139 E.25747
G1 X210.705 Y115.521 E.02022
G1 X204.521 Y121.705 E.28606
G1 X203.903 Y121.705 E.02022
G1 X210.705 Y114.903 E.31465
G1 X210.705 Y114.285 E.02022
G1 X203.285 Y121.705 E.34325
G1 X202.667 Y121.705 E.02022
G1 X210.705 Y113.667 E.37184
G1 X210.705 Y113.049 E.02022
G1 X202.049 Y121.705 E.40043
G1 X201.431 Y121.705 E.02022
G1 X210.705 Y112.431 E.42902
G1 X210.705 Y111.813 E.02022
G1 X200.813 Y121.705 E.45762
G1 X200.194 Y121.705 E.02022
G1 X210.705 Y111.194 E.48621
G1 X210.705 Y110.576 E.02022
G1 X199.576 Y121.705 E.5148
G1 X198.958 Y121.705 E.02022
G1 X210.705 Y109.958 E.5434
G1 X210.705 Y109.34 E.02022
G1 X198.34 Y121.705 E.57199
G1 X197.722 Y121.705 E.02022
G1 X210.705 Y108.722 E.60058
G1 X210.705 Y108.104 E.02022
G1 X197.104 Y121.705 E.62917
G1 X196.486 Y121.705 E.02022
G1 X210.705 Y107.486 E.65777
G1 X210.705 Y106.868 E.02022
G1 X195.868 Y121.705 E.68636
G1 X195.249 Y121.705 E.02022
G1 X210.705 Y106.249 E.71495
G1 X210.705 Y105.631 E.02022
G1 X194.631 Y121.705 E.74355
G1 X194.013 Y121.705 E.02022
G1 X210.702 Y105.017 E.77198
G2 X210.542 Y104.558 I-.925 J.065 E.01607
G1 X193.395 Y121.705 E.79319
G1 X192.777 Y121.705 E.02022
G1 X210.162 Y104.321 E.80416
G2 X209.57 Y104.295 I-.4 J2.333 E.01943
G1 X192.159 Y121.705 E.80538
G1 X191.541 Y121.705 E.02022
G1 X208.952 Y104.295 E.80538
G1 X208.333 Y104.295 E.02022
G1 X190.923 Y121.705 E.80538
G1 X190.304 Y121.705 E.02022
G1 X207.715 Y104.295 E.80538
G1 X207.097 Y104.295 E.02022
G1 X189.686 Y121.705 E.80538
G1 X189.068 Y121.705 E.02022
G1 X206.479 Y104.295 E.80538
G1 X205.861 Y104.295 E.02022
G1 X188.45 Y121.705 E.80538
G1 X187.832 Y121.705 E.02022
G1 X205.243 Y104.295 E.80538
G1 X204.625 Y104.295 E.02022
G1 X187.214 Y121.705 E.80538
G1 X186.596 Y121.705 E.02022
G1 X204.007 Y104.295 E.80538
G1 X203.388 Y104.295 E.02022
G1 X185.978 Y121.705 E.80538
G1 X185.359 Y121.705 E.02022
G1 X202.77 Y104.295 E.80538
G1 X202.152 Y104.295 E.02022
G1 X184.741 Y121.705 E.80538
G1 X184.123 Y121.705 E.02022
G1 X201.534 Y104.295 E.80538
G1 X200.916 Y104.295 E.02022
G1 X183.505 Y121.705 E.80538
G1 X182.887 Y121.705 E.02022
G1 X200.298 Y104.295 E.80538
G1 X199.68 Y104.295 E.02022
G1 X182.269 Y121.705 E.80538
G1 X181.651 Y121.705 E.02022
G1 X199.062 Y104.295 E.80538
G1 X198.443 Y104.295 E.02022
G1 X181.033 Y121.705 E.80538
G1 X180.415 Y121.705 E.02022
G1 X197.825 Y104.295 E.80538
G1 X197.207 Y104.295 E.02022
G1 X179.796 Y121.705 E.80538
G1 X179.178 Y121.705 E.02022
G1 X196.589 Y104.295 E.80538
G1 X195.971 Y104.295 E.02022
G1 X178.56 Y121.705 E.80538
G1 X177.942 Y121.705 E.02022
G1 X195.353 Y104.295 E.80538
G1 X194.735 Y104.295 E.02022
G1 X177.324 Y121.705 E.80538
G1 X176.706 Y121.705 E.02022
G1 X194.117 Y104.295 E.80538
G1 X193.498 Y104.295 E.02022
G1 X176.088 Y121.705 E.80538
G1 X175.47 Y121.705 E.02022
G1 X192.88 Y104.295 E.80538
G1 X192.262 Y104.295 E.02022
G1 X174.851 Y121.705 E.80538
G1 X174.233 Y121.705 E.02022
G1 X191.644 Y104.295 E.80538
G1 X191.026 Y104.295 E.02022
G1 X173.694 Y121.627 E.80175
G3 X173.38 Y121.322 I.311 J-.633 E.01454
G1 X190.408 Y104.295 E.78765
G1 X189.79 Y104.295 E.02022
G1 X173.295 Y120.79 E.76302
G1 X173.295 Y120.172 E.02022
G1 X189.172 Y104.295 E.73443
G1 X188.553 Y104.295 E.02022
G1 X173.295 Y119.553 E.70584
G1 X173.295 Y118.935 E.02022
G1 X187.935 Y104.295 E.67724
G1 X187.317 Y104.295 E.02022
G1 X173.295 Y118.317 E.64865
G1 X173.295 Y117.699 E.02022
G1 X186.699 Y104.295 E.62006
G1 X186.081 Y104.295 E.02022
G1 X173.295 Y117.081 E.59146
G1 X173.295 Y116.463 E.02022
G1 X185.463 Y104.295 E.56287
G1 X184.845 Y104.295 E.02022
G1 X173.295 Y115.845 E.53428
G1 X173.295 Y115.227 E.02022
G1 X184.227 Y104.295 E.50569
G1 X183.608 Y104.295 E.02022
G1 X173.295 Y114.608 E.47709
G1 X173.295 Y113.99 E.02022
G1 X182.99 Y104.295 E.4485
G1 X182.372 Y104.295 E.02022
G1 X173.295 Y113.372 E.41991
G1 X173.295 Y112.754 E.02022
G1 X181.754 Y104.295 E.39132
G1 X181.136 Y104.295 E.02022
G1 X173.295 Y112.136 E.36272
G1 X173.295 Y111.518 E.02022
M73 P83 R4
G1 X180.518 Y104.295 E.33413
G1 X179.9 Y104.295 E.02022
G1 X173.295 Y110.9 E.30554
G1 X173.295 Y110.282 E.02022
G1 X179.282 Y104.295 E.27694
G1 X178.663 Y104.295 E.02022
G1 X173.295 Y109.663 E.24835
G1 X173.295 Y109.045 E.02022
G1 X178.045 Y104.295 E.21976
G1 X177.427 Y104.295 E.02022
G1 X173.295 Y108.427 E.19117
G1 X173.295 Y107.809 E.02022
G1 X176.809 Y104.295 E.16257
G1 X176.191 Y104.295 E.02022
G1 X173.295 Y107.191 E.13398
G1 X173.295 Y106.573 E.02022
G1 X175.573 Y104.295 E.10539
G1 X174.955 Y104.295 E.02022
G1 X173.295 Y105.955 E.07679
G1 X173.295 Y105.337 E.02022
G1 X174.533 Y104.098 E.0573
; stop printing object flowrate_m10 id:1069446856963 copy 0
; printing object flowrate_m15 id:1120986464517 copy 0
G1 E-.5 F900
G1 Z2 F30000
G1 X168.519 Y104.102 Z2
G1 Z1.8
G1 E.5 F900
;TYPE:Inner wall
;WIDTH:0.4
G1 F11860.923
G3 X169.043 Y105.042 I-.53 J.912 E.02851
G1 X169.043 Y120.958 E.40169
G3 X167.958 Y122.043 I-1.062 J.023 E.04326
G1 X132.042 Y122.043 E.90644
G3 X130.957 Y120.958 I-.023 J-1.062 E.04326
G1 X130.957 Y105.042 E.40169
G3 X132.042 Y103.957 I1.062 J-.023 E.04326
G1 X167.958 Y103.957 E.90645
G1 X168.18 Y103.977 E.00563
G3 X168.484 Y104.082 I-.192 J1.037 E.00814
G1 X168.697 Y103.792 F30000
G1 F11860.923
G3 X169.4 Y105.026 I-.712 J1.222 E.03755
G1 X169.4 Y120.974 E.40248
G3 X167.974 Y122.4 I-1.418 J.008 E.05662
G1 X132.026 Y122.4 E.90723
G3 X130.6 Y120.974 I-.008 J-1.418 E.05662
G1 X130.6 Y105.026 E.40248
G3 X132.026 Y103.6 I1.418 J-.008 E.05662
G1 X167.974 Y103.6 E.90723
G1 X168.243 Y103.624 E.00681
M73 P84 R4
G3 X168.663 Y103.772 I-.257 J1.391 E.01129
SET_VELOCITY_LIMIT ACCEL=5000 ACCEL_TO_DECEL=2500
G1 X168.899 Y103.443 F30000
;TYPE:Outer wall
G1 F11860.923
G3 X169.8 Y105.009 I-.904 J1.562 E.04775
G1 X169.8 Y120.991 E.40336
G3 X167.991 Y122.8 I-1.818 J-.01 E.0716
G1 X132.009 Y122.8 E.90811
G3 X130.2 Y120.991 I.01 J-1.818 E.0716
G1 X130.2 Y105.009 E.40336
G3 X132.009 Y103.2 I1.818 J.01 E.0716
G1 X167.991 Y103.2 E.90811
G1 X168.278 Y103.225 E.00726
G1 X168.312 Y103.228 E.00088
G3 X168.864 Y103.423 I-.317 J1.777 E.01484
SET_VELOCITY_LIMIT ACCEL=10000 ACCEL_TO_DECEL=5000
G1 E-.5 F900
G1 Z2 F30000
G1 X167.388 Y121.575 Z2
G1 Z1.8
G1 E.5 F900
;TYPE:Internal solid infill
;WIDTH:0.624487
G1 F7282.564
G1 X167.947 Y121.574 E.023
G1 X168.283 Y121.49 E.01422
G1 X168.458 Y121.318 E.01008
G2 X168.573 Y120.909 I-.656 J-.405 E.01768
G1 X168.573 Y120.393 E.02123
G3 X167.416 Y121.547 I-243.414 J-242.84 E.06716
G1 X166.651 Y121.902 F30000
;WIDTH:0.479999
G1 F8220
G1 X168.705 Y119.848 E.08973
G1 X168.705 Y119.23 E.01909
G1 X166.23 Y121.705 E.10814
G1 X165.612 Y121.705 E.01909
G1 X168.705 Y118.612 E.13515
G1 X168.705 Y117.994 E.01909
G1 X164.994 Y121.705 E.16215
G1 X164.376 Y121.705 E.01909
G1 X168.705 Y117.376 E.18916
G1 X168.705 Y116.758 E.01909
G1 X163.758 Y121.705 E.21616
G1 X163.139 Y121.705 E.01909
G1 X168.705 Y116.139 E.24316
G1 X168.705 Y115.521 E.01909
G1 X162.521 Y121.705 E.27017
G1 X161.903 Y121.705 E.01909
G1 X168.705 Y114.903 E.29717
G1 X168.705 Y114.285 E.01909
G1 X161.285 Y121.705 E.32418
G1 X160.667 Y121.705 E.01909
G1 X168.705 Y113.667 E.35118
G1 X168.705 Y113.049 E.01909
G1 X160.049 Y121.705 E.37819
G1 X159.431 Y121.705 E.01909
G1 X168.705 Y112.431 E.40519
G1 X168.705 Y111.813 E.01909
G1 X158.813 Y121.705 E.43219
G1 X158.194 Y121.705 E.01909
G1 X168.705 Y111.194 E.4592
G1 X168.705 Y110.576 E.01909
G1 X157.576 Y121.705 E.4862
G1 X156.958 Y121.705 E.01909
G1 X168.705 Y109.958 E.51321
G1 X168.705 Y109.34 E.01909
G1 X156.34 Y121.705 E.54021
G1 X155.722 Y121.705 E.01909
G1 X168.705 Y108.722 E.56722
G1 X168.705 Y108.104 E.01909
G1 X155.104 Y121.705 E.59422
G1 X154.486 Y121.705 E.01909
G1 X168.705 Y107.486 E.62122
G1 X168.705 Y106.868 E.01909
G1 X153.868 Y121.705 E.64823
G1 X153.249 Y121.705 E.01909
G1 X168.705 Y106.249 E.67523
G1 X168.705 Y105.631 E.01909
G1 X152.631 Y121.705 E.70224
G1 X152.013 Y121.705 E.01909
G1 X168.702 Y105.017 E.72909
G2 X168.542 Y104.558 I-.925 J.065 E.01518
G1 X151.395 Y121.705 E.74912
G1 X150.777 Y121.705 E.01909
G1 X168.162 Y104.321 E.75949
G2 X167.57 Y104.295 I-.4 J2.333 E.01835
G1 X150.159 Y121.705 E.76064
G1 X149.541 Y121.705 E.01909
G1 X166.952 Y104.295 E.76064
G1 X166.333 Y104.295 E.01909
G1 X148.923 Y121.705 E.76064
G1 X148.304 Y121.705 E.01909
G1 X165.715 Y104.295 E.76064
G1 X165.097 Y104.295 E.01909
G1 X147.686 Y121.705 E.76064
G1 X147.068 Y121.705 E.01909
G1 X164.479 Y104.295 E.76064
G1 X163.861 Y104.295 E.01909
G1 X146.45 Y121.705 E.76064
G1 X145.832 Y121.705 E.01909
G1 X163.243 Y104.295 E.76064
G1 X162.625 Y104.295 E.01909
G1 X145.214 Y121.705 E.76064
G1 X144.596 Y121.705 E.01909
G1 X162.007 Y104.295 E.76064
G1 X161.388 Y104.295 E.01909
G1 X143.978 Y121.705 E.76064
G1 X143.359 Y121.705 E.01909
G1 X160.77 Y104.295 E.76064
G1 X160.152 Y104.295 E.01909
G1 X142.741 Y121.705 E.76064
G1 X142.123 Y121.705 E.01909
G1 X159.534 Y104.295 E.76064
G1 X158.916 Y104.295 E.01909
G1 X141.505 Y121.705 E.76064
G1 X140.887 Y121.705 E.01909
G1 X158.298 Y104.295 E.76064
G1 X157.68 Y104.295 E.01909
G1 X140.269 Y121.705 E.76064
G1 X139.651 Y121.705 E.01909
G1 X157.062 Y104.295 E.76064
G1 X156.443 Y104.295 E.01909
G1 X139.033 Y121.705 E.76064
G1 X138.415 Y121.705 E.01909
G1 X155.825 Y104.295 E.76064
G1 X155.207 Y104.295 E.01909
G1 X137.796 Y121.705 E.76064
G1 X137.178 Y121.705 E.01909
G1 X154.589 Y104.295 E.76064
G1 X153.971 Y104.295 E.01909
G1 X136.56 Y121.705 E.76064
G1 X135.942 Y121.705 E.01909
G1 X153.353 Y104.295 E.76064
G1 X152.735 Y104.295 E.01909
G1 X135.324 Y121.705 E.76064
G1 X134.706 Y121.705 E.01909
G1 X152.117 Y104.295 E.76064
G1 X151.498 Y104.295 E.01909
G1 X134.088 Y121.705 E.76064
G1 X133.47 Y121.705 E.01909
G1 X150.88 Y104.295 E.76064
G1 X150.262 Y104.295 E.01909
G1 X132.851 Y121.705 E.76064
G1 X132.233 Y121.705 E.01909
G1 X149.644 Y104.295 E.76064
G1 X149.026 Y104.295 E.01909
G1 X131.694 Y121.627 E.75721
G3 X131.38 Y121.322 I.311 J-.633 E.01373
G1 X148.408 Y104.295 E.74389
G1 X147.79 Y104.295 E.01909
G1 X131.295 Y120.79 E.72063
G1 X131.295 Y120.172 E.01909
G1 X147.172 Y104.295 E.69363
G1 X146.553 Y104.295 E.01909
G1 X131.295 Y119.553 E.66662
G1 X131.295 Y118.935 E.01909
G1 X145.935 Y104.295 E.63962
G1 X145.317 Y104.295 E.01909
G1 X131.295 Y118.317 E.61261
G1 X131.295 Y117.699 E.01909
G1 X144.699 Y104.295 E.58561
G1 X144.081 Y104.295 E.01909
G1 X131.295 Y117.081 E.55861
G1 X131.295 Y116.463 E.01909
G1 X143.463 Y104.295 E.5316
G1 X142.845 Y104.295 E.01909
G1 X131.295 Y115.845 E.5046
G1 X131.295 Y115.227 E.01909
G1 X142.227 Y104.295 E.47759
G1 X141.608 Y104.295 E.01909
G1 X131.295 Y114.608 E.45059
G1 X131.295 Y113.99 E.01909
G1 X140.99 Y104.295 E.42358
G1 X140.372 Y104.295 E.01909
G1 X131.295 Y113.372 E.39658
G1 X131.295 Y112.754 E.01909
G1 X139.754 Y104.295 E.36958
G1 X139.136 Y104.295 E.01909
G1 X131.295 Y112.136 E.34257
G1 X131.295 Y111.518 E.01909
G1 X138.518 Y104.295 E.31557
G1 X137.9 Y104.295 E.01909
G1 X131.295 Y110.9 E.28856
G1 X131.295 Y110.282 E.01909
G1 X137.282 Y104.295 E.26156
G1 X136.664 Y104.295 E.01909
G1 X131.295 Y109.663 E.23455
G1 X131.295 Y109.045 E.01909
G1 X136.045 Y104.295 E.20755
G1 X135.427 Y104.295 E.01909
G1 X131.295 Y108.427 E.18055
G1 X131.295 Y107.809 E.01909
G1 X134.809 Y104.295 E.15354
G1 X134.191 Y104.295 E.01909
G1 X131.295 Y107.191 E.12654
G1 X131.295 Y106.573 E.01909
G1 X133.573 Y104.295 E.09953
G1 X132.955 Y104.295 E.01909
G1 X131.295 Y105.955 E.07253
G1 X131.295 Y105.337 E.01909
G1 X132.533 Y104.098 E.05412
; stop printing object flowrate_m15 id:1120986464517 copy 0
; printing object flowrate_0 id:24 copy 0
G1 E-.5 F900
G1 Z2 F30000
G1 X168.519 Y136.102 Z2
G1 Z1.8
G1 E.5 F900
;TYPE:Inner wall
;WIDTH:0.4
G1 F10081.784
G3 X169.043 Y137.042 I-.53 J.912 E.03354
G1 X169.043 Y152.958 E.47258
G3 X167.958 Y154.043 I-1.062 J.023 E.05089
G1 X132.042 Y154.043 E1.0664
G3 X130.957 Y152.958 I-.023 J-1.062 E.05089
G1 X130.957 Y137.042 E.47258
G3 X132.042 Y135.957 I1.062 J-.023 E.05089
G1 X167.958 Y135.957 E1.06641
G1 X168.18 Y135.977 E.00662
G3 X168.484 Y136.082 I-.192 J1.037 E.00957
G1 X168.697 Y135.792 F30000
G1 F10081.784
G3 X169.4 Y137.026 I-.712 J1.222 E.04417
G1 X169.4 Y152.974 E.4735
G3 X167.974 Y154.4 I-1.418 J.008 E.06662
G1 X132.026 Y154.4 E1.06733
G3 X130.6 Y152.974 I-.008 J-1.418 E.06662
G1 X130.6 Y137.026 E.47351
G3 X132.026 Y135.6 I1.418 J-.008 E.06662
G1 X167.974 Y135.6 E1.06733
G1 X168.243 Y135.624 E.00801
G3 X168.663 Y135.772 I-.257 J1.391 E.01328
SET_VELOCITY_LIMIT ACCEL=5000 ACCEL_TO_DECEL=2500
G1 X168.899 Y135.443 F30000
;TYPE:Outer wall
G1 F10081.784
G3 X169.8 Y137.009 I-.904 J1.562 E.05618
G1 X169.8 Y152.991 E.47454
G3 X167.991 Y154.8 I-1.818 J-.01 E.08424
G1 X132.009 Y154.8 E1.06837
G3 X130.2 Y152.991 I.01 J-1.818 E.08424
G1 X130.2 Y137.009 E.47454
G3 X132.009 Y135.2 I1.818 J.01 E.08424
G1 X167.991 Y135.2 E1.06837
G1 X168.278 Y135.225 E.00854
G1 X168.312 Y135.228 E.00103
G3 X168.864 Y135.423 I-.317 J1.777 E.01746
SET_VELOCITY_LIMIT ACCEL=10000 ACCEL_TO_DECEL=5000
G1 E-.5 F900
G1 Z2 F30000
G1 X167.388 Y153.575 Z2
G1 Z1.8
G1 E.5 F900
;TYPE:Internal solid infill
;WIDTH:0.624488
G1 F6190.169
G1 X167.947 Y153.574 E.02706
G1 X168.283 Y153.49 E.01673
G1 X168.458 Y153.318 E.01186
G2 X168.573 Y152.909 I-.656 J-.405 E.0208
G1 X168.573 Y152.393 E.02498
G3 X167.416 Y153.547 I-243.416 J-242.843 E.07902
G1 X166.651 Y153.902 F30000
;WIDTH:0.479999
G1 F8220
G1 X168.705 Y151.848 E.10557
G1 X168.705 Y151.23 E.02246
G1 X166.23 Y153.705 E.12723
G1 X165.612 Y153.705 E.02246
G1 X168.705 Y150.612 E.159
G1 X168.705 Y149.994 E.02246
G1 X164.994 Y153.705 E.19077
G1 X164.376 Y153.705 E.02246
G1 X168.705 Y149.376 E.22254
G1 X168.705 Y148.758 E.02246
G1 X163.758 Y153.705 E.25431
G1 X163.139 Y153.705 E.02246
G1 X168.705 Y148.139 E.28608
G1 X168.705 Y147.521 E.02246
G1 X162.521 Y153.705 E.31785
G1 X161.903 Y153.705 E.02246
G1 X168.705 Y146.903 E.34962
G1 X168.705 Y146.285 E.02246
G1 X161.285 Y153.705 E.38138
G1 X160.667 Y153.705 E.02246
G1 X168.705 Y145.667 E.41315
G1 X168.705 Y145.049 E.02246
G1 X160.049 Y153.705 E.44492
G1 X159.431 Y153.705 E.02246
G1 X168.705 Y144.431 E.47669
G1 X168.705 Y143.813 E.02246
G1 X158.813 Y153.705 E.50846
G1 X158.194 Y153.705 E.02246
M73 P85 R4
G1 X168.705 Y143.194 E.54023
G1 X168.705 Y142.576 E.02246
G1 X157.576 Y153.705 E.572
G1 X156.958 Y153.705 E.02246
G1 X168.705 Y141.958 E.60377
G1 X168.705 Y141.34 E.02246
G1 X156.34 Y153.705 E.63554
G1 X155.722 Y153.705 E.02246
G1 X168.705 Y140.722 E.66731
G1 X168.705 Y140.104 E.02246
G1 X155.104 Y153.705 E.69908
G1 X154.486 Y153.705 E.02246
G1 X168.705 Y139.486 E.73085
G1 X168.705 Y138.868 E.02246
G1 X153.868 Y153.705 E.76262
G1 X153.249 Y153.705 E.02246
G1 X168.705 Y138.249 E.79439
G1 X168.705 Y137.631 E.02246
G1 X152.631 Y153.705 E.82616
G1 X152.013 Y153.705 E.02246
G1 X168.702 Y137.017 E.85775
G2 X168.542 Y136.558 I-.925 J.065 E.01786
G1 X151.395 Y153.705 E.88132
G1 X150.777 Y153.705 E.02246
G1 X168.162 Y136.321 E.89352
G2 X167.57 Y136.295 I-.4 J2.332 E.02159
G1 X150.159 Y153.705 E.89487
G1 X149.541 Y153.705 E.02246
G1 X166.952 Y136.295 E.89487
G1 X166.333 Y136.295 E.02246
G1 X148.923 Y153.705 E.89487
G1 X148.304 Y153.705 E.02246
G1 X165.715 Y136.295 E.89487
G1 X165.097 Y136.295 E.02246
G1 X147.686 Y153.705 E.89487
G1 X147.068 Y153.705 E.02246
G1 X164.479 Y136.295 E.89487
G1 X163.861 Y136.295 E.02246
G1 X146.45 Y153.705 E.89487
G1 X145.832 Y153.705 E.02246
G1 X163.243 Y136.295 E.89487
G1 X162.625 Y136.295 E.02246
G1 X145.214 Y153.705 E.89487
G1 X144.596 Y153.705 E.02246
G1 X162.007 Y136.295 E.89487
G1 X161.388 Y136.295 E.02246
G1 X143.978 Y153.705 E.89487
G1 X143.359 Y153.705 E.02246
G1 X160.77 Y136.295 E.89487
G1 X160.152 Y136.295 E.02246
G1 X142.741 Y153.705 E.89487
G1 X142.123 Y153.705 E.02246
G1 X159.534 Y136.295 E.89487
G1 X158.916 Y136.295 E.02246
G1 X141.505 Y153.705 E.89487
G1 X140.887 Y153.705 E.02246
G1 X158.298 Y136.295 E.89487
G1 X157.68 Y136.295 E.02246
G1 X140.269 Y153.705 E.89487
G1 X139.651 Y153.705 E.02246
G1 X157.062 Y136.295 E.89487
G1 X156.443 Y136.295 E.02246
G1 X139.033 Y153.705 E.89487
G1 X138.415 Y153.705 E.02246
G1 X155.825 Y136.295 E.89487
G1 X155.207 Y136.295 E.02246
G1 X137.796 Y153.705 E.89487
G1 X137.178 Y153.705 E.02246
G1 X154.589 Y136.295 E.89487
G1 X153.971 Y136.295 E.02246
G1 X136.56 Y153.705 E.89487
G1 X135.942 Y153.705 E.02246
G1 X153.353 Y136.295 E.89487
G1 X152.735 Y136.295 E.02246
G1 X135.324 Y153.705 E.89487
G1 X134.706 Y153.705 E.02246
G1 X152.117 Y136.295 E.89487
G1 X151.498 Y136.295 E.02246
G1 X134.088 Y153.705 E.89487
G1 X133.47 Y153.705 E.02246
G1 X150.88 Y136.295 E.89487
G1 X150.262 Y136.295 E.02246
G1 X132.851 Y153.705 E.89487
G1 X132.233 Y153.705 E.02246
G1 X149.644 Y136.295 E.89487
G1 X149.026 Y136.295 E.02246
G1 X131.694 Y153.627 E.89084
G3 X131.38 Y153.322 I.311 J-.633 E.01615
G1 X148.408 Y136.295 E.87517
G1 X147.79 Y136.295 E.02246
G1 X131.295 Y152.79 E.8478
G1 X131.295 Y152.172 E.02246
G1 X147.172 Y136.295 E.81603
G1 X146.553 Y136.295 E.02246
G1 X131.295 Y151.553 E.78426
G1 X131.295 Y150.935 E.02246
G1 X145.935 Y136.295 E.75249
G1 X145.317 Y136.295 E.02246
G1 X131.295 Y150.317 E.72072
G1 X131.295 Y149.699 E.02246
G1 X144.699 Y136.295 E.68895
G1 X144.081 Y136.295 E.02246
G1 X131.295 Y149.081 E.65718
G1 X131.295 Y148.463 E.02246
G1 X143.463 Y136.295 E.62541
G1 X142.845 Y136.295 E.02246
G1 X131.295 Y147.845 E.59364
G1 X131.295 Y147.227 E.02246
G1 X142.227 Y136.295 E.56187
G1 X141.608 Y136.295 E.02246
G1 X131.295 Y146.608 E.5301
G1 X131.295 Y145.99 E.02246
G1 X140.99 Y136.295 E.49833
G1 X140.372 Y136.295 E.02246
G1 X131.295 Y145.372 E.46656
G1 X131.295 Y144.754 E.02246
G1 X139.754 Y136.295 E.43479
G1 X139.136 Y136.295 E.02246
G1 X131.295 Y144.136 E.40303
G1 X131.295 Y143.518 E.02246
G1 X138.518 Y136.295 E.37126
G1 X137.9 Y136.295 E.02246
G1 X131.295 Y142.9 E.33949
G1 X131.295 Y142.282 E.02246
G1 X137.282 Y136.295 E.30772
G1 X136.663 Y136.295 E.02246
G1 X131.295 Y141.663 E.27595
G1 X131.295 Y141.045 E.02246
G1 X136.045 Y136.295 E.24418
G1 X135.427 Y136.295 E.02246
G1 X131.295 Y140.427 E.21241
G1 X131.295 Y139.809 E.02246
G1 X134.809 Y136.295 E.18064
G1 X134.191 Y136.295 E.02246
G1 X131.295 Y139.191 E.14887
G1 X131.295 Y138.573 E.02246
G1 X133.573 Y136.295 E.1171
G1 X132.955 Y136.295 E.02246
G1 X131.295 Y137.955 E.08533
G1 X131.295 Y137.337 E.02246
G1 X132.533 Y136.098 E.06367
; stop printing object flowrate_0 id:24 copy 0
; printing object flowrate_15 id:0 copy 0
G1 E-.5 F900
G1 Z2 F30000
G1 X168.519 Y168.102 Z2
G1 Z1.8
G1 E.5 F900
;TYPE:Inner wall
;WIDTH:0.4
G1 F8766.769
G3 X169.043 Y169.042 I-.53 J.912 E.03857
G1 X169.043 Y184.958 E.54347
G3 X167.958 Y186.043 I-1.062 J.023 E.05853
G1 X132.042 Y186.043 E1.22637
G3 X130.957 Y184.958 I-.023 J-1.062 E.05853
G1 X130.957 Y169.042 E.54347
G3 X132.042 Y167.957 I1.062 J-.023 E.05853
G1 X167.958 Y167.957 E1.22637
G1 X168.18 Y167.977 E.00762
G3 X168.484 Y168.082 I-.192 J1.037 E.01101
G1 X168.697 Y167.792 F30000
G1 F8766.769
G3 X169.4 Y169.026 I-.712 J1.222 E.0508
G1 X169.4 Y184.974 E.54453
G3 X167.974 Y186.4 I-1.418 J.008 E.07661
G1 X132.026 Y186.4 E1.22743
G3 X130.6 Y184.974 I-.008 J-1.418 E.07661
G1 X130.6 Y169.026 E.54453
G3 X132.026 Y167.6 I1.418 J-.008 E.07661
G1 X167.974 Y167.6 E1.22743
G1 X168.243 Y167.624 E.00922
G3 X168.663 Y167.772 I-.257 J1.391 E.01527
SET_VELOCITY_LIMIT ACCEL=5000 ACCEL_TO_DECEL=2500
G1 X168.899 Y167.443 F30000
;TYPE:Outer wall
G1 F8766.769
G3 X169.8 Y169.009 I-.904 J1.562 E.06461
G1 X169.8 Y184.991 E.54572
G3 X167.991 Y186.8 I-1.818 J-.01 E.09687
G1 X132.009 Y186.8 E1.22862
G3 X130.2 Y184.991 I.01 J-1.818 E.09687
G1 X130.2 Y169.009 E.54572
G3 X132.009 Y167.2 I1.818 J.01 E.09687
G1 X167.991 Y167.2 E1.22862
G1 X168.278 Y167.225 E.00982
G1 X168.312 Y167.228 E.00119
G3 X168.864 Y167.423 I-.317 J1.777 E.02007
SET_VELOCITY_LIMIT ACCEL=10000 ACCEL_TO_DECEL=5000
G1 E-.5 F900
G1 Z2 F30000
G1 X167.388 Y185.575 Z2
G1 Z1.8
G1 E.5 F900
;TYPE:Internal solid infill
;WIDTH:0.624485
G1 F5382.777
G1 X167.948 Y185.574 E.03112
G1 X168.283 Y185.49 E.01924
G1 X168.458 Y185.318 E.01364
G2 X168.573 Y184.909 I-.656 J-.405 E.02392
G1 X168.573 Y184.393 E.02873
G3 X167.416 Y185.547 I-243.416 J-242.843 E.09087
G1 X166.651 Y185.902 F30000
;WIDTH:0.479999
G1 F7162.171
G1 X168.705 Y183.848 E.1214
G1 X168.705 Y183.23 E.02583
G1 X166.23 Y185.705 E.14631
G1 X165.612 Y185.705 E.02583
G1 X168.705 Y182.612 E.18285
G1 X168.705 Y181.994 E.02583
G1 X164.994 Y185.705 E.21938
G1 X164.376 Y185.705 E.02583
G1 X168.705 Y181.376 E.25592
G1 X168.705 Y180.758 E.02583
G1 X163.758 Y185.705 E.29245
G1 X163.139 Y185.705 E.02583
G1 X168.705 Y180.139 E.32899
G1 X168.705 Y179.521 E.02583
G1 X162.521 Y185.705 E.36552
G1 X161.903 Y185.705 E.02583
G1 X168.705 Y178.903 E.40206
G1 X168.705 Y178.285 E.02583
G1 X161.285 Y185.705 E.43859
G1 X160.667 Y185.705 E.02583
G1 X168.705 Y177.667 E.47513
G1 X168.705 Y177.049 E.02583
G1 X160.049 Y185.705 E.51166
G1 X159.431 Y185.705 E.02583
G1 X168.705 Y176.431 E.5482
G1 X168.705 Y175.813 E.02583
G1 X158.813 Y185.705 E.58473
G1 X158.194 Y185.705 E.02583
G1 X168.705 Y175.194 E.62127
G1 X168.705 Y174.576 E.02583
G1 X157.576 Y185.705 E.6578
G1 X156.958 Y185.705 E.02583
G1 X168.705 Y173.958 E.69434
G1 X168.705 Y173.34 E.02583
G1 X156.34 Y185.705 E.73087
G1 X155.722 Y185.705 E.02583
G1 X168.705 Y172.722 E.76741
G1 X168.705 Y172.104 E.02583
G1 X155.104 Y185.705 E.80394
G1 X154.486 Y185.705 E.02583
G1 X168.705 Y171.486 E.84048
G1 X168.705 Y170.868 E.02583
G1 X153.868 Y185.705 E.87702
G1 X153.249 Y185.705 E.02583
G1 X168.705 Y170.249 E.91355
G1 X168.705 Y169.631 E.02583
G1 X152.631 Y185.705 E.95009
G1 X152.013 Y185.705 E.02583
G1 X168.702 Y169.017 E.98641
G2 X168.542 Y168.558 I-.925 J.065 E.02053
M73 P86 R4
G1 X151.395 Y185.705 E1.01352
G1 X150.777 Y185.705 E.02583
G1 X168.162 Y168.321 E1.02754
G2 X167.57 Y168.295 I-.4 J2.333 E.02483
G1 X150.159 Y185.705 E1.0291
G1 X149.541 Y185.705 E.02583
G1 X166.952 Y168.295 E1.0291
G1 X166.333 Y168.295 E.02583
G1 X148.923 Y185.705 E1.0291
G1 X148.304 Y185.705 E.02583
G1 X165.715 Y168.295 E1.0291
G1 X165.097 Y168.295 E.02583
G1 X147.686 Y185.705 E1.0291
G1 X147.068 Y185.705 E.02583
G1 X164.479 Y168.295 E1.0291
G1 X163.861 Y168.295 E.02583
G1 X146.45 Y185.705 E1.0291
G1 X145.832 Y185.705 E.02583
G1 X163.243 Y168.295 E1.0291
G1 X162.625 Y168.295 E.02583
G1 X145.214 Y185.705 E1.0291
G1 X144.596 Y185.705 E.02583
G1 X162.007 Y168.295 E1.0291
G1 X161.388 Y168.295 E.02583
G1 X143.978 Y185.705 E1.0291
G1 X143.359 Y185.705 E.02583
G1 X160.77 Y168.295 E1.0291
G1 X160.152 Y168.295 E.02583
G1 X142.741 Y185.705 E1.0291
G1 X142.123 Y185.705 E.02583
G1 X159.534 Y168.295 E1.0291
G1 X158.916 Y168.295 E.02583
G1 X141.505 Y185.705 E1.0291
G1 X140.887 Y185.705 E.02583
G1 X158.298 Y168.295 E1.0291
G1 X157.68 Y168.295 E.02583
G1 X140.269 Y185.705 E1.0291
G1 X139.651 Y185.705 E.02583
G1 X157.062 Y168.295 E1.0291
G1 X156.443 Y168.295 E.02583
G1 X139.033 Y185.705 E1.0291
G1 X138.415 Y185.705 E.02583
G1 X155.825 Y168.295 E1.0291
G1 X155.207 Y168.295 E.02583
G1 X137.796 Y185.705 E1.0291
G1 X137.178 Y185.705 E.02583
G1 X154.589 Y168.295 E1.0291
G1 X153.971 Y168.295 E.02583
G1 X136.56 Y185.705 E1.0291
G1 X135.942 Y185.705 E.02583
G1 X153.353 Y168.295 E1.0291
G1 X152.735 Y168.295 E.02583
G1 X135.324 Y185.705 E1.0291
G1 X134.706 Y185.705 E.02583
G1 X152.117 Y168.295 E1.0291
G1 X151.498 Y168.295 E.02583
G1 X134.088 Y185.705 E1.0291
G1 X133.47 Y185.705 E.02583
G1 X150.88 Y168.295 E1.0291
G1 X150.262 Y168.295 E.02583
G1 X132.851 Y185.705 E1.0291
G1 X132.233 Y185.705 E.02583
G1 X149.644 Y168.295 E1.0291
G1 X149.026 Y168.295 E.02583
G1 X131.694 Y185.627 E1.02446
G3 X131.38 Y185.322 I.311 J-.633 E.01857
G1 X148.408 Y168.295 E1.00644
G1 X147.79 Y168.295 E.02583
G1 X131.295 Y184.79 E.97497
G1 X131.295 Y184.172 E.02583
G1 X147.172 Y168.295 E.93844
G1 X146.553 Y168.295 E.02583
G1 X131.295 Y183.553 E.9019
G1 X131.295 Y182.935 E.02583
G1 X145.935 Y168.295 E.86537
G1 X145.317 Y168.295 E.02583
G1 X131.295 Y182.317 E.82883
G1 X131.295 Y181.699 E.02583
G1 X144.699 Y168.295 E.7923
G1 X144.081 Y168.295 E.02583
G1 X131.295 Y181.081 E.75576
G1 X131.295 Y180.463 E.02583
G1 X143.463 Y168.295 E.71923
G1 X142.845 Y168.295 E.02583
G1 X131.295 Y179.845 E.68269
G1 X131.295 Y179.227 E.02583
G1 X142.227 Y168.295 E.64615
G1 X141.608 Y168.295 E.02583
G1 X131.295 Y178.608 E.60962
G1 X131.295 Y177.99 E.02583
G1 X140.99 Y168.295 E.57308
G1 X140.372 Y168.295 E.02583
G1 X131.295 Y177.372 E.53655
G1 X131.295 Y176.754 E.02583
G1 X139.754 Y168.295 E.50001
G1 X139.136 Y168.295 E.02583
G1 X131.295 Y176.136 E.46348
G1 X131.295 Y175.518 E.02583
G1 X138.518 Y168.295 E.42694
G1 X137.9 Y168.295 E.02583
G1 X131.295 Y174.9 E.39041
G1 X131.295 Y174.282 E.02583
G1 X137.282 Y168.295 E.35387
G1 X136.663 Y168.295 E.02583
G1 X131.295 Y173.663 E.31734
G1 X131.295 Y173.045 E.02583
G1 X136.045 Y168.295 E.2808
G1 X135.427 Y168.295 E.02583
G1 X131.295 Y172.427 E.24427
G1 X131.295 Y171.809 E.02583
G1 X134.809 Y168.295 E.20773
G1 X134.191 Y168.295 E.02583
G1 X131.295 Y171.191 E.1712
G1 X131.295 Y170.573 E.02583
G1 X133.573 Y168.295 E.13466
G1 X132.955 Y168.295 E.02583
G1 X131.295 Y169.955 E.09813
G1 X131.295 Y169.337 E.02583
G1 X132.533 Y168.098 E.07322
; stop printing object flowrate_15 id:0 copy 0
; printing object flowrate_20 id:0 copy 0
G1 E-.5 F900
G1 Z2 F30000
G1 X126.519 Y168.102 Z2
G1 Z1.8
G1 E.5 F900
;TYPE:Inner wall
;WIDTH:0.4
G1 F8401.487
G3 X127.043 Y169.042 I-.53 J.912 E.04025
G1 X127.043 Y184.958 E.56709
G3 X125.958 Y186.043 I-1.062 J.023 E.06107
G1 X90.042 Y186.043 E1.27969
G3 X88.957 Y184.958 I-.023 J-1.062 E.06107
G1 X88.957 Y169.042 E.5671
G3 X90.042 Y167.957 I1.062 J-.023 E.06107
G1 X125.958 Y167.957 E1.27969
G1 X126.18 Y167.977 E.00795
G3 X126.484 Y168.082 I-.192 J1.037 E.01149
G1 X126.697 Y167.792 F30000
G1 F8401.487
G3 X127.4 Y169.026 I-.712 J1.222 E.05301
G1 X127.4 Y184.974 E.5682
G3 X125.974 Y186.4 I-1.418 J.008 E.07994
G1 X90.026 Y186.4 E1.2808
G3 X88.6 Y184.974 I-.008 J-1.418 E.07994
G1 X88.6 Y169.026 E.56821
G3 X90.026 Y167.6 I1.418 J-.008 E.07994
G1 X125.974 Y167.6 E1.2808
G1 X126.243 Y167.624 E.00962
G3 X126.663 Y167.772 I-.257 J1.391 E.01594
SET_VELOCITY_LIMIT ACCEL=5000 ACCEL_TO_DECEL=2500
G1 X126.899 Y167.443 F30000
;TYPE:Outer wall
G1 F8401.487
G3 X127.8 Y169.009 I-.904 J1.562 E.06742
G1 X127.8 Y184.991 E.56945
G3 X125.991 Y186.8 I-1.818 J-.01 E.10108
G1 X90.009 Y186.8 E1.28204
G3 X88.2 Y184.991 I.01 J-1.818 E.10108
G1 X88.2 Y169.009 E.56945
G3 X90.009 Y167.2 I1.818 J.01 E.10108
G1 X125.991 Y167.2 E1.28204
G1 X126.278 Y167.225 E.01025
G1 X126.312 Y167.228 E.00124
G3 X126.864 Y167.423 I-.317 J1.777 E.02095
SET_VELOCITY_LIMIT ACCEL=10000 ACCEL_TO_DECEL=5000
G1 E-.5 F900
G1 Z2 F30000
G1 X125.388 Y185.575 Z2
G1 Z1.8
G1 E.5 F900
;TYPE:Internal solid infill
;WIDTH:0.624486
G1 F5158.486
G1 X125.948 Y185.574 E.03248
G1 X126.283 Y185.49 E.02007
G1 X126.458 Y185.318 E.01424
G2 X126.573 Y184.909 I-.656 J-.405 E.02497
G1 X126.573 Y184.393 E.02998
G3 X125.416 Y185.547 I-243.33 J-242.756 E.09482
G1 X124.651 Y185.902 F30000
;WIDTH:0.479999
G1 F6863.747
G1 X126.705 Y183.848 E.12668
G1 X126.705 Y183.23 E.02696
G1 X124.23 Y185.705 E.15267
G1 X123.612 Y185.705 E.02696
G1 X126.705 Y182.612 E.1908
G1 X126.705 Y181.994 E.02696
G1 X122.994 Y185.705 E.22892
G1 X122.376 Y185.705 E.02696
G1 X126.705 Y181.376 E.26704
G1 X126.705 Y180.758 E.02696
G1 X121.758 Y185.705 E.30517
G1 X121.139 Y185.705 E.02696
G1 X126.705 Y180.139 E.34329
G1 X126.705 Y179.521 E.02696
G1 X120.521 Y185.705 E.38141
G1 X119.903 Y185.705 E.02696
G1 X126.705 Y178.903 E.41954
G1 X126.705 Y178.285 E.02696
G1 X119.285 Y185.705 E.45766
G1 X118.667 Y185.705 E.02696
G1 X126.705 Y177.667 E.49579
G1 X126.705 Y177.049 E.02696
G1 X118.049 Y185.705 E.53391
G1 X117.431 Y185.705 E.02696
G1 X126.705 Y176.431 E.57203
G1 X126.705 Y175.813 E.02696
G1 X116.813 Y185.705 E.61016
G1 X116.194 Y185.705 E.02696
G1 X126.705 Y175.194 E.64828
G1 X126.705 Y174.576 E.02696
G1 X115.576 Y185.705 E.6864
G1 X114.958 Y185.705 E.02696
G1 X126.705 Y173.958 E.72453
G1 X126.705 Y173.34 E.02696
G1 X114.34 Y185.705 E.76265
G1 X113.722 Y185.705 E.02696
G1 X126.705 Y172.722 E.80078
G1 X126.705 Y172.104 E.02696
G1 X113.104 Y185.705 E.8389
G1 X112.486 Y185.705 E.02696
G1 X126.705 Y171.486 E.87702
G1 X126.705 Y170.868 E.02696
G1 X111.868 Y185.705 E.91515
G1 X111.249 Y185.705 E.02696
G1 X126.705 Y170.249 E.95327
G1 X126.705 Y169.631 E.02696
G1 X110.631 Y185.705 E.99139
G1 X110.013 Y185.705 E.02696
G1 X126.702 Y169.017 E1.0293
G2 X126.542 Y168.558 I-.925 J.065 E.02143
G1 X109.395 Y185.705 E1.05759
G1 X108.777 Y185.705 E.02696
G1 X126.162 Y168.321 E1.07222
G2 X125.57 Y168.295 I-.4 J2.333 E.02591
G1 X108.159 Y185.705 E1.07384
G1 X107.541 Y185.705 E.02696
M73 P87 R4
G1 X124.952 Y168.295 E1.07384
G1 X124.333 Y168.295 E.02696
G1 X106.923 Y185.705 E1.07384
G1 X106.304 Y185.705 E.02696
G1 X123.715 Y168.295 E1.07384
G1 X123.097 Y168.295 E.02696
G1 X105.686 Y185.705 E1.07384
G1 X105.068 Y185.705 E.02696
G1 X122.479 Y168.295 E1.07384
G1 X121.861 Y168.295 E.02696
G1 X104.45 Y185.705 E1.07384
G1 X103.832 Y185.705 E.02696
G1 X121.243 Y168.295 E1.07384
G1 X120.625 Y168.295 E.02696
G1 X103.214 Y185.705 E1.07384
G1 X102.596 Y185.705 E.02696
M73 P87 R3
G1 X120.007 Y168.295 E1.07384
G1 X119.388 Y168.295 E.02696
G1 X101.978 Y185.705 E1.07384
G1 X101.359 Y185.705 E.02696
G1 X118.77 Y168.295 E1.07384
G1 X118.152 Y168.295 E.02696
G1 X100.741 Y185.705 E1.07384
G1 X100.123 Y185.705 E.02696
G1 X117.534 Y168.295 E1.07384
G1 X116.916 Y168.295 E.02696
G1 X99.505 Y185.705 E1.07384
G1 X98.887 Y185.705 E.02696
G1 X116.298 Y168.295 E1.07384
G1 X115.68 Y168.295 E.02696
G1 X98.269 Y185.705 E1.07384
G1 X97.651 Y185.705 E.02696
G1 X115.062 Y168.295 E1.07384
G1 X114.443 Y168.295 E.02696
G1 X97.033 Y185.705 E1.07384
G1 X96.415 Y185.705 E.02696
G1 X113.825 Y168.295 E1.07384
G1 X113.207 Y168.295 E.02696
G1 X95.796 Y185.705 E1.07384
G1 X95.178 Y185.705 E.02696
G1 X112.589 Y168.295 E1.07384
G1 X111.971 Y168.295 E.02696
G1 X94.56 Y185.705 E1.07384
G1 X93.942 Y185.705 E.02696
G1 X111.353 Y168.295 E1.07384
G1 X110.735 Y168.295 E.02696
G1 X93.324 Y185.705 E1.07384
G1 X92.706 Y185.705 E.02696
G1 X110.117 Y168.295 E1.07384
G1 X109.498 Y168.295 E.02696
G1 X92.088 Y185.705 E1.07384
G1 X91.47 Y185.705 E.02696
G1 X108.88 Y168.295 E1.07384
G1 X108.262 Y168.295 E.02696
G1 X90.851 Y185.705 E1.07384
G1 X90.233 Y185.705 E.02696
G1 X107.644 Y168.295 E1.07384
G1 X107.026 Y168.295 E.02696
G1 X89.694 Y185.627 E1.069
G3 X89.38 Y185.322 I.311 J-.633 E.01938
G1 X106.408 Y168.295 E1.0502
G1 X105.79 Y168.295 E.02696
G1 X89.295 Y184.79 E1.01736
G1 X89.295 Y184.172 E.02696
G1 X105.172 Y168.295 E.97924
G1 X104.553 Y168.295 E.02696
G1 X89.295 Y183.553 E.94111
G1 X89.295 Y182.935 E.02696
G1 X103.935 Y168.295 E.90299
G1 X103.317 Y168.295 E.02696
G1 X89.295 Y182.317 E.86487
G1 X89.295 Y181.699 E.02696
G1 X102.699 Y168.295 E.82674
G1 X102.081 Y168.295 E.02696
G1 X89.295 Y181.081 E.78862
G1 X89.295 Y180.463 E.02696
G1 X101.463 Y168.295 E.7505
G1 X100.845 Y168.295 E.02696
G1 X89.295 Y179.845 E.71237
G1 X89.295 Y179.227 E.02696
G1 X100.227 Y168.295 E.67425
G1 X99.608 Y168.295 E.02696
G1 X89.295 Y178.608 E.63612
G1 X89.295 Y177.99 E.02696
G1 X98.99 Y168.295 E.598
G1 X98.372 Y168.295 E.02696
G1 X89.295 Y177.372 E.55988
G1 X89.295 Y176.754 E.02696
G1 X97.754 Y168.295 E.52175
G1 X97.136 Y168.295 E.02696
G1 X89.295 Y176.136 E.48363
G1 X89.295 Y175.518 E.02696
G1 X96.518 Y168.295 E.44551
G1 X95.9 Y168.295 E.02696
G1 X89.295 Y174.9 E.40738
G1 X89.295 Y174.282 E.02696
G1 X95.282 Y168.295 E.36926
G1 X94.663 Y168.295 E.02696
G1 X89.295 Y173.663 E.33114
G1 X89.295 Y173.045 E.02696
G1 X94.045 Y168.295 E.29301
G1 X93.427 Y168.295 E.02696
G1 X89.295 Y172.427 E.25489
G1 X89.295 Y171.809 E.02696
G1 X92.809 Y168.295 E.21676
G1 X92.191 Y168.295 E.02696
G1 X89.295 Y171.191 E.17864
G1 X89.295 Y170.573 E.02696
G1 X91.573 Y168.295 E.14052
G1 X90.955 Y168.295 E.02696
G1 X89.295 Y169.955 E.10239
G1 X89.295 Y169.337 E.02696
G1 X90.533 Y168.098 E.0764
; stop printing object flowrate_20 id:0 copy 0
; printing object flowrate_5 id:0 copy 0
G1 E-.5 F900
G1 Z2 F30000
G1 X126.519 Y136.102 Z2
G1 Z1.8
G1 E.5 F900
;TYPE:Inner wall
;WIDTH:0.4
G1 F9601.699
G3 X127.043 Y137.042 I-.53 J.912 E.03522
G1 X127.043 Y152.958 E.49621
G3 X125.958 Y154.043 I-1.062 J.023 E.05344
G1 X90.042 Y154.043 E1.11972
G3 X88.957 Y152.958 I-.023 J-1.062 E.05344
G1 X88.957 Y137.042 E.49621
G3 X90.042 Y135.957 I1.062 J-.023 E.05344
G1 X125.958 Y135.957 E1.11973
G1 X126.18 Y135.977 E.00695
G3 X126.484 Y136.082 I-.192 J1.037 E.01005
G1 X126.697 Y135.792 F30000
G1 F9601.699
G3 X127.4 Y137.026 I-.712 J1.222 E.04638
G1 X127.4 Y152.974 E.49718
G3 X125.974 Y154.4 I-1.418 J.008 E.06995
G1 X90.026 Y154.4 E1.1207
G3 X88.6 Y152.974 I-.008 J-1.418 E.06995
G1 X88.6 Y137.026 E.49718
G3 X90.026 Y135.6 I1.418 J-.008 E.06995
G1 X125.974 Y135.6 E1.1207
G1 X126.243 Y135.624 E.00842
G3 X126.663 Y135.772 I-.257 J1.391 E.01395
SET_VELOCITY_LIMIT ACCEL=5000 ACCEL_TO_DECEL=2500
G1 X126.899 Y135.443 F30000
;TYPE:Outer wall
G1 F9601.699
G3 X127.8 Y137.009 I-.904 J1.562 E.05899
G1 X127.8 Y152.991 E.49827
G3 X125.991 Y154.8 I-1.818 J-.01 E.08845
G1 X90.009 Y154.8 E1.12179
G3 X88.2 Y152.991 I.01 J-1.818 E.08845
G1 X88.2 Y137.009 E.49827
G3 X90.009 Y135.2 I1.818 J.01 E.08845
G1 X125.991 Y135.2 E1.12179
G1 X126.278 Y135.225 E.00897
G1 X126.312 Y135.228 E.00108
G3 X126.864 Y135.423 I-.317 J1.777 E.01833
SET_VELOCITY_LIMIT ACCEL=10000 ACCEL_TO_DECEL=5000
G1 E-.5 F900
G1 Z2 F30000
G1 X125.388 Y153.575 Z2
G1 Z1.8
G1 E.5 F900
;TYPE:Internal solid infill
;WIDTH:0.624488
G1 F5895.399
G1 X125.947 Y153.574 E.02842
G1 X126.283 Y153.49 E.01756
G1 X126.458 Y153.318 E.01246
G2 X126.573 Y152.909 I-.657 J-.406 E.02184
G1 X126.573 Y152.393 E.02623
G3 X125.416 Y153.547 I-243.417 J-242.844 E.08297
G1 X124.651 Y153.902 F30000
;WIDTH:0.479999
G1 F7844.283
G1 X126.705 Y151.848 E.11084
G1 X126.705 Y151.23 E.02359
G1 X124.23 Y153.705 E.13359
G1 X123.612 Y153.705 E.02359
G1 X126.705 Y150.612 E.16695
G1 X126.705 Y149.994 E.02359
G1 X122.994 Y153.705 E.2003
G1 X122.376 Y153.705 E.02359
G1 X126.705 Y149.376 E.23366
G1 X126.705 Y148.758 E.02359
G1 X121.758 Y153.705 E.26702
G1 X121.139 Y153.705 E.02359
G1 X126.705 Y148.139 E.30038
G1 X126.705 Y147.521 E.02359
G1 X120.521 Y153.705 E.33374
G1 X119.903 Y153.705 E.02359
G1 X126.705 Y146.903 E.3671
G1 X126.705 Y146.285 E.02359
G1 X119.285 Y153.705 E.40045
G1 X118.667 Y153.705 E.02359
G1 X126.705 Y145.667 E.43381
G1 X126.705 Y145.049 E.02359
G1 X118.049 Y153.705 E.46717
G1 X117.431 Y153.705 E.02359
G1 X126.705 Y144.431 E.50053
G1 X126.705 Y143.813 E.02359
G1 X116.813 Y153.705 E.53389
G1 X116.194 Y153.705 E.02359
G1 X126.705 Y143.194 E.56725
G1 X126.705 Y142.576 E.02359
G1 X115.576 Y153.705 E.6006
G1 X114.958 Y153.705 E.02359
G1 X126.705 Y141.958 E.63396
G1 X126.705 Y141.34 E.02359
G1 X114.34 Y153.705 E.66732
G1 X113.722 Y153.705 E.02359
G1 X126.705 Y140.722 E.70068
G1 X126.705 Y140.104 E.02359
G1 X113.104 Y153.705 E.73404
G1 X112.486 Y153.705 E.02359
G1 X126.705 Y139.486 E.76739
G1 X126.705 Y138.868 E.02359
G1 X111.868 Y153.705 E.80075
G1 X111.249 Y153.705 E.02359
G1 X126.705 Y138.249 E.83411
G1 X126.705 Y137.631 E.02359
G1 X110.631 Y153.705 E.86747
G1 X110.013 Y153.705 E.02359
G1 X126.702 Y137.017 E.90064
G2 X126.542 Y136.558 I-.925 J.065 E.01875
G1 X109.395 Y153.705 E.92539
G1 X108.777 Y153.705 E.02359
G1 X126.162 Y136.321 E.93819
G2 X125.57 Y136.295 I-.4 J2.333 E.02267
G1 X108.159 Y153.705 E.93961
G1 X107.541 Y153.705 E.02359
G1 X124.952 Y136.295 E.93961
G1 X124.333 Y136.295 E.02359
G1 X106.923 Y153.705 E.93961
G1 X106.304 Y153.705 E.02359
G1 X123.715 Y136.295 E.93961
G1 X123.097 Y136.295 E.02359
M73 P88 R3
G1 X105.686 Y153.705 E.93961
G1 X105.068 Y153.705 E.02359
G1 X122.479 Y136.295 E.93961
G1 X121.861 Y136.295 E.02359
G1 X104.45 Y153.705 E.93961
G1 X103.832 Y153.705 E.02359
G1 X121.243 Y136.295 E.93961
G1 X120.625 Y136.295 E.02359
G1 X103.214 Y153.705 E.93961
G1 X102.596 Y153.705 E.02359
G1 X120.007 Y136.295 E.93961
G1 X119.388 Y136.295 E.02359
G1 X101.978 Y153.705 E.93961
G1 X101.359 Y153.705 E.02359
G1 X118.77 Y136.295 E.93961
G1 X118.152 Y136.295 E.02359
G1 X100.741 Y153.705 E.93961
G1 X100.123 Y153.705 E.02359
G1 X117.534 Y136.295 E.93961
G1 X116.916 Y136.295 E.02359
G1 X99.505 Y153.705 E.93961
G1 X98.887 Y153.705 E.02359
G1 X116.298 Y136.295 E.93961
G1 X115.68 Y136.295 E.02359
G1 X98.269 Y153.705 E.93961
G1 X97.651 Y153.705 E.02359
G1 X115.062 Y136.295 E.93961
G1 X114.443 Y136.295 E.02359
G1 X97.033 Y153.705 E.93961
G1 X96.415 Y153.705 E.02359
G1 X113.825 Y136.295 E.93961
G1 X113.207 Y136.295 E.02359
G1 X95.796 Y153.705 E.93961
G1 X95.178 Y153.705 E.02359
G1 X112.589 Y136.295 E.93961
G1 X111.971 Y136.295 E.02359
G1 X94.56 Y153.705 E.93961
G1 X93.942 Y153.705 E.02359
G1 X111.353 Y136.295 E.93961
G1 X110.735 Y136.295 E.02359
G1 X93.324 Y153.705 E.93961
G1 X92.706 Y153.705 E.02359
G1 X110.117 Y136.295 E.93961
G1 X109.498 Y136.295 E.02359
G1 X92.088 Y153.705 E.93961
G1 X91.47 Y153.705 E.02359
G1 X108.88 Y136.295 E.93961
G1 X108.262 Y136.295 E.02359
G1 X90.851 Y153.705 E.93961
G1 X90.233 Y153.705 E.02359
G1 X107.644 Y136.295 E.93961
G1 X107.026 Y136.295 E.02359
G1 X89.694 Y153.627 E.93538
G3 X89.38 Y153.322 I.311 J-.633 E.01696
G1 X106.408 Y136.295 E.91893
G1 X105.79 Y136.295 E.02359
G1 X89.295 Y152.79 E.89019
G1 X89.295 Y152.172 E.02359
G1 X105.172 Y136.295 E.85683
G1 X104.553 Y136.295 E.02359
G1 X89.295 Y151.553 E.82348
G1 X89.295 Y150.935 E.02359
G1 X103.935 Y136.295 E.79012
G1 X103.317 Y136.295 E.02359
G1 X89.295 Y150.317 E.75676
G1 X89.295 Y149.699 E.02359
G1 X102.699 Y136.295 E.7234
G1 X102.081 Y136.295 E.02359
G1 X89.295 Y149.081 E.69004
G1 X89.295 Y148.463 E.02359
G1 X101.463 Y136.295 E.65668
G1 X100.845 Y136.295 E.02359
G1 X89.295 Y147.845 E.62333
G1 X89.295 Y147.227 E.02359
G1 X100.227 Y136.295 E.58997
G1 X99.608 Y136.295 E.02359
G1 X89.295 Y146.608 E.55661
G1 X89.295 Y145.99 E.02359
G1 X98.99 Y136.295 E.52325
G1 X98.372 Y136.295 E.02359
G1 X89.295 Y145.372 E.48989
G1 X89.295 Y144.754 E.02359
G1 X97.754 Y136.295 E.45653
G1 X97.136 Y136.295 E.02359
G1 X89.295 Y144.136 E.42318
G1 X89.295 Y143.518 E.02359
G1 X96.518 Y136.295 E.38982
G1 X95.9 Y136.295 E.02359
G1 X89.295 Y142.9 E.35646
G1 X89.295 Y142.282 E.02359
G1 X95.282 Y136.295 E.3231
G1 X94.663 Y136.295 E.02359
G1 X89.295 Y141.663 E.28974
G1 X89.295 Y141.045 E.02359
G1 X94.045 Y136.295 E.25639
G1 X93.427 Y136.295 E.02359
G1 X89.295 Y140.427 E.22303
G1 X89.295 Y139.809 E.02359
G1 X92.809 Y136.295 E.18967
G1 X92.191 Y136.295 E.02359
G1 X89.295 Y139.191 E.15631
G1 X89.295 Y138.573 E.02359
G1 X91.573 Y136.295 E.12295
G1 X90.955 Y136.295 E.02359
G1 X89.295 Y137.955 E.08959
G1 X89.295 Y137.337 E.02359
G1 X90.533 Y136.098 E.06685
; stop printing object flowrate_5 id:0 copy 0
; printing object flowrate_m20 id:279172874362 copy 0
G1 E-.5 F900
G1 Z2 F30000
G1 X126.519 Y104.102 Z2
G1 Z1.8
G1 E.5 F900
;TYPE:Inner wall
;WIDTH:0.4
G1 F12602.23
G3 X127.043 Y105.042 I-.53 J.912 E.02683
G1 X127.043 Y120.958 E.37806
G3 X125.958 Y122.043 I-1.062 J.023 E.04072
G1 X90.042 Y122.043 E.85312
G3 X88.957 Y120.958 I-.023 J-1.062 E.04071
G1 X88.957 Y105.042 E.37806
G3 X90.042 Y103.957 I1.062 J-.023 E.04071
G1 X125.958 Y103.957 E.85312
G1 X126.18 Y103.977 E.0053
G3 X126.484 Y104.082 I-.192 J1.037 E.00766
G1 X126.697 Y103.792 F30000
G1 F12602.23
G3 X127.4 Y105.026 I-.712 J1.222 E.03534
G1 X127.4 Y120.974 E.3788
G3 X125.974 Y122.4 I-1.418 J.008 E.05329
G1 X90.026 Y122.4 E.85386
G3 X88.6 Y120.974 I-.008 J-1.418 E.05329
G1 X88.6 Y105.026 E.3788
G3 X90.026 Y103.6 I1.418 J-.008 E.05329
G1 X125.974 Y103.6 E.85387
G1 X126.243 Y103.624 E.00641
G3 X126.663 Y103.772 I-.257 J1.391 E.01063
SET_VELOCITY_LIMIT ACCEL=5000 ACCEL_TO_DECEL=2500
G1 X126.899 Y103.443 F30000
;TYPE:Outer wall
G1 F12000
G3 X127.8 Y105.009 I-.904 J1.562 E.04494
G1 X127.8 Y120.991 E.37963
G3 X125.991 Y122.8 I-1.818 J-.01 E.06739
G1 X90.009 Y122.8 E.85469
G3 X88.2 Y120.991 I.01 J-1.818 E.06739
G1 X88.2 Y105.009 E.37963
G3 X90.009 Y103.2 I1.818 J.01 E.06739
G1 X125.991 Y103.2 E.85469
G1 X126.278 Y103.225 E.00683
G1 X126.312 Y103.228 E.00083
G3 X126.864 Y103.423 I-.317 J1.777 E.01397
SET_VELOCITY_LIMIT ACCEL=10000 ACCEL_TO_DECEL=5000
G1 E-.5 F900
G1 Z2 F30000
G1 X125.388 Y121.575 Z2
G1 Z1.8
G1 E.5 F900
;TYPE:Internal solid infill
;WIDTH:0.624486
G1 F7737.729
G1 X125.947 Y121.574 E.02165
G1 X126.283 Y121.49 E.01338
G1 X126.458 Y121.318 E.00949
G2 X126.573 Y120.909 I-.656 J-.405 E.01664
G1 X126.573 Y120.393 E.01998
G3 X125.416 Y121.547 I-243.33 J-242.756 E.06321
G1 X124.651 Y121.902 F30000
;WIDTH:0.479999
G1 F8220
G1 X126.705 Y119.848 E.08445
G1 X126.705 Y119.23 E.01797
G1 X124.23 Y121.705 E.10178
G1 X123.612 Y121.705 E.01797
G1 X126.705 Y118.612 E.1272
G1 X126.705 Y117.994 E.01797
G1 X122.994 Y121.705 E.15261
G1 X122.376 Y121.705 E.01797
G1 X126.705 Y117.376 E.17803
G1 X126.705 Y116.758 E.01797
G1 X121.758 Y121.705 E.20344
G1 X121.139 Y121.705 E.01797
G1 X126.705 Y116.139 E.22886
G1 X126.705 Y115.521 E.01797
G1 X120.521 Y121.705 E.25428
G1 X119.903 Y121.705 E.01797
G1 X126.705 Y114.903 E.27969
G1 X126.705 Y114.285 E.01797
G1 X119.285 Y121.705 E.30511
G1 X118.667 Y121.705 E.01797
G1 X126.705 Y113.667 E.33052
G1 X126.705 Y113.049 E.01797
G1 X118.049 Y121.705 E.35594
G1 X117.431 Y121.705 E.01797
G1 X126.705 Y112.431 E.38136
G1 X126.705 Y111.813 E.01797
G1 X116.813 Y121.705 E.40677
G1 X116.194 Y121.705 E.01797
G1 X126.705 Y111.194 E.43219
G1 X126.705 Y110.576 E.01797
G1 X115.576 Y121.705 E.4576
G1 X114.958 Y121.705 E.01797
G1 X126.705 Y109.958 E.48302
G1 X126.705 Y109.34 E.01797
G1 X114.34 Y121.705 E.50843
G1 X113.722 Y121.705 E.01797
G1 X126.705 Y108.722 E.53385
G1 X126.705 Y108.104 E.01797
G1 X113.104 Y121.705 E.55927
G1 X112.486 Y121.705 E.01797
G1 X126.705 Y107.486 E.58468
G1 X126.705 Y106.868 E.01797
G1 X111.868 Y121.705 E.6101
G1 X111.249 Y121.705 E.01797
G1 X126.705 Y106.249 E.63551
G1 X126.705 Y105.631 E.01797
G1 X110.631 Y121.705 E.66093
G1 X110.013 Y121.705 E.01797
G1 X126.702 Y105.017 E.6862
G2 X126.542 Y104.558 I-.925 J.065 E.01428
G1 X109.395 Y121.705 E.70506
G1 X108.777 Y121.705 E.01797
G1 X126.162 Y104.321 E.71481
G2 X125.57 Y104.295 I-.4 J2.333 E.01727
G1 X108.159 Y121.705 E.71589
G1 X107.541 Y121.705 E.01797
G1 X124.952 Y104.295 E.71589
G1 X124.333 Y104.295 E.01797
G1 X106.923 Y121.705 E.71589
G1 X106.304 Y121.705 E.01797
G1 X123.715 Y104.295 E.71589
G1 X123.097 Y104.295 E.01797
G1 X105.686 Y121.705 E.71589
G1 X105.068 Y121.705 E.01797
G1 X122.479 Y104.295 E.71589
G1 X121.861 Y104.295 E.01797
G1 X104.45 Y121.705 E.71589
G1 X103.832 Y121.705 E.01797
G1 X121.243 Y104.295 E.71589
G1 X120.625 Y104.295 E.01797
G1 X103.214 Y121.705 E.71589
G1 X102.596 Y121.705 E.01797
G1 X120.007 Y104.295 E.71589
G1 X119.388 Y104.295 E.01797
G1 X101.978 Y121.705 E.71589
G1 X101.359 Y121.705 E.01797
G1 X118.77 Y104.295 E.71589
G1 X118.152 Y104.295 E.01797
G1 X100.741 Y121.705 E.71589
G1 X100.123 Y121.705 E.01797
G1 X117.534 Y104.295 E.71589
G1 X116.916 Y104.295 E.01797
G1 X99.505 Y121.705 E.71589
G1 X98.887 Y121.705 E.01797
M73 P89 R3
G1 X116.298 Y104.295 E.71589
G1 X115.68 Y104.295 E.01797
G1 X98.269 Y121.705 E.71589
G1 X97.651 Y121.705 E.01797
G1 X115.062 Y104.295 E.71589
G1 X114.443 Y104.295 E.01797
G1 X97.033 Y121.705 E.71589
G1 X96.415 Y121.705 E.01797
G1 X113.825 Y104.295 E.71589
G1 X113.207 Y104.295 E.01797
G1 X95.796 Y121.705 E.71589
G1 X95.178 Y121.705 E.01797
G1 X112.589 Y104.295 E.71589
G1 X111.971 Y104.295 E.01797
G1 X94.56 Y121.705 E.71589
G1 X93.942 Y121.705 E.01797
G1 X111.353 Y104.295 E.71589
G1 X110.735 Y104.295 E.01797
G1 X93.324 Y121.705 E.71589
G1 X92.706 Y121.705 E.01797
G1 X110.117 Y104.295 E.71589
G1 X109.498 Y104.295 E.01797
G1 X92.088 Y121.705 E.71589
G1 X91.47 Y121.705 E.01797
G1 X108.88 Y104.295 E.71589
G1 X108.262 Y104.295 E.01797
G1 X90.851 Y121.705 E.71589
G1 X90.233 Y121.705 E.01797
G1 X107.644 Y104.295 E.71589
G1 X107.026 Y104.295 E.01797
G1 X89.694 Y121.627 E.71267
G3 X89.38 Y121.322 I.311 J-.633 E.01292
G1 X106.408 Y104.295 E.70013
G1 X105.79 Y104.295 E.01797
G1 X89.295 Y120.79 E.67824
G1 X89.295 Y120.172 E.01797
G1 X105.172 Y104.295 E.65283
G1 X104.553 Y104.295 E.01797
G1 X89.295 Y119.553 E.62741
G1 X89.295 Y118.935 E.01797
G1 X103.935 Y104.295 E.60199
G1 X103.317 Y104.295 E.01797
G1 X89.295 Y118.317 E.57658
G1 X89.295 Y117.699 E.01797
G1 X102.699 Y104.295 E.55116
G1 X102.081 Y104.295 E.01797
G1 X89.295 Y117.081 E.52575
G1 X89.295 Y116.463 E.01797
G1 X101.463 Y104.295 E.50033
G1 X100.845 Y104.295 E.01797
G1 X89.295 Y115.845 E.47491
G1 X89.295 Y115.227 E.01797
G1 X100.227 Y104.295 E.4495
G1 X99.608 Y104.295 E.01797
G1 X89.295 Y114.608 E.42408
G1 X89.295 Y113.99 E.01797
G1 X98.99 Y104.295 E.39867
G1 X98.372 Y104.295 E.01797
G1 X89.295 Y113.372 E.37325
G1 X89.295 Y112.754 E.01797
G1 X97.754 Y104.295 E.34784
G1 X97.136 Y104.295 E.01797
G1 X89.295 Y112.136 E.32242
G1 X89.295 Y111.518 E.01797
G1 X96.518 Y104.295 E.297
G1 X95.9 Y104.295 E.01797
G1 X89.295 Y110.9 E.27159
G1 X89.295 Y110.282 E.01797
G1 X95.282 Y104.295 E.24617
G1 X94.664 Y104.295 E.01797
G1 X89.295 Y109.663 E.22076
G1 X89.295 Y109.045 E.01797
G1 X94.045 Y104.295 E.19534
G1 X93.427 Y104.295 E.01797
G1 X89.295 Y108.427 E.16993
G1 X89.295 Y107.809 E.01797
G1 X92.809 Y104.295 E.14451
G1 X92.191 Y104.295 E.01797
G1 X89.295 Y107.191 E.11909
G1 X89.295 Y106.573 E.01797
G1 X91.573 Y104.295 E.09368
G1 X90.955 Y104.295 E.01797
G1 X89.295 Y105.955 E.06826
G1 X89.295 Y105.337 E.01797
G1 X90.533 Y104.098 E.05093
; stop printing object flowrate_m20 id:279172874362 copy 0
;LAYER_CHANGE
;Z:2
;HEIGHT:0.2
;BEFORE_LAYER_CHANGE
;2
G92 E0

G1 E-.5 F900
;AFTER_LAYER_CHANGE
;2
SET_PRINT_STATS_INFO CURRENT_LAYER=10
;_SET_FAN_SPEED_CHANGING_LAYER
; printing object flowrate_10 id:8318823020889268071 copy 0
G1 Z2.2 F30000
G1 X210.614 Y186.687 Z2.2
G1 Z2
G1 E.5 F900
SET_VELOCITY_LIMIT ACCEL=5000 ACCEL_TO_DECEL=2500
;TYPE:Outer wall
;WIDTH:0.4
G1 F9165.258
G3 X209.991 Y186.8 I-.632 J-1.705 E.02077
G1 X174.009 Y186.8 E1.1752
G3 X172.2 Y184.991 I.01 J-1.818 E.09266
G1 X172.2 Y169.009 E.522
G3 X174.009 Y167.2 I1.818 J.01 E.09266
G1 X209.991 Y167.2 E1.17521
G1 X210.312 Y167.228 E.01053
G3 X211.8 Y169.009 I-.317 J1.777 E.0823
G1 X211.8 Y184.991 E.522
G3 X210.651 Y186.672 I-1.818 J-.01 E.07058
SET_VELOCITY_LIMIT ACCEL=10000 ACCEL_TO_DECEL=5000
G1 E-.5 F900
G1 Z2.2 F30000
G1 X172.381 Y185.491 Z2.2
G1 Z2
G1 E.5 F900
SET_VELOCITY_LIMIT ACCEL=2000 ACCEL_TO_DECEL=1000
;TYPE:Top surface
;WIDTH:0.484632
G1 F7409.188
G1 X173.047 Y186.157 E.03806
G2 X174.016 Y186.502 I.963 J-1.172 E.0424
G1 X172.498 Y184.984 E.08672
G1 X172.498 Y184.359 E.02526
G1 X174.641 Y186.502 E.12247
G1 X175.266 Y186.502 E.02524
G1 X172.498 Y183.734 E.15816
G1 X172.498 Y183.109 E.02524
G1 X175.891 Y186.502 E.19385
G1 X176.515 Y186.502 E.02524
G1 X172.498 Y182.485 E.22954
G1 X172.498 Y181.86 E.02524
G1 X177.14 Y186.502 E.26523
G1 X177.765 Y186.502 E.02524
G1 X172.498 Y181.235 E.30092
G1 X172.498 Y180.611 E.02524
G1 X178.389 Y186.502 E.33662
G1 X179.014 Y186.502 E.02524
G1 X172.498 Y179.986 E.37231
G1 X172.498 Y179.361 E.02524
G1 X179.639 Y186.502 E.408
G1 X180.263 Y186.502 E.02524
G1 X172.498 Y178.737 E.44369
G1 X172.498 Y178.112 E.02524
G1 X180.888 Y186.502 E.47938
G1 X181.513 Y186.502 E.02524
G1 X172.498 Y177.487 E.51507
G1 X172.498 Y176.863 E.02524
G1 X182.137 Y186.502 E.55077
G1 X182.762 Y186.502 E.02524
G1 X172.498 Y176.238 E.58646
G1 X172.498 Y175.613 E.02524
G1 X183.387 Y186.502 E.62215
G1 X184.011 Y186.502 E.02524
G1 X172.498 Y174.989 E.65784
G1 X172.498 Y174.364 E.02524
G1 X184.636 Y186.502 E.69353
G1 X185.261 Y186.502 E.02524
G1 X172.498 Y173.739 E.72922
G1 X172.498 Y173.115 E.02524
G1 X185.885 Y186.502 E.76491
G1 X186.51 Y186.502 E.02524
G1 X172.498 Y172.49 E.80061
G1 X172.498 Y171.865 E.02524
G1 X187.135 Y186.502 E.8363
G1 X187.759 Y186.502 E.02524
G1 X172.498 Y171.241 E.87199
G1 X172.498 Y170.616 E.02524
G1 X188.384 Y186.502 E.90768
G1 X189.009 Y186.502 E.02524
G1 X172.498 Y169.991 E.94337
G1 X172.498 Y169.367 E.02524
G1 X189.633 Y186.502 E.97906
G1 X190.258 Y186.502 E.02524
G1 X172.52 Y168.764 E1.01347
G3 X172.678 Y168.298 I1.793 J.347 E.01997
G1 X190.883 Y186.502 E1.04013
G1 X191.507 Y186.502 E.02524
G1 X172.946 Y167.941 E1.06054
G3 X173.305 Y167.675 I1.113 J1.129 E.01811
G1 X192.132 Y186.502 E1.07571
G1 X192.757 Y186.502 E.02524
G1 X173.774 Y167.519 E1.0846
G3 X174.377 Y167.498 I.425 J3.435 E.02441
G1 X193.381 Y186.502 E1.08584
G1 X194.006 Y186.502 E.02524
G1 X175.002 Y167.498 E1.08584
G1 X175.626 Y167.498 E.02524
G1 X194.631 Y186.502 E1.08584
G1 X195.256 Y186.502 E.02524
G1 X176.251 Y167.498 E1.08584
G1 X176.876 Y167.498 E.02524
G1 X195.88 Y186.502 E1.08584
G1 X196.505 Y186.502 E.02524
G1 X177.5 Y167.498 E1.08584
G1 X178.125 Y167.498 E.02524
G1 X197.13 Y186.502 E1.08584
G1 X197.754 Y186.502 E.02524
G1 X178.75 Y167.498 E1.08584
G1 X179.375 Y167.498 E.02524
G1 X198.379 Y186.502 E1.08584
G1 X199.004 Y186.502 E.02524
G1 X179.999 Y167.498 E1.08584
G1 X180.624 Y167.498 E.02524
G1 X199.628 Y186.502 E1.08584
G1 X200.253 Y186.502 E.02524
G1 X181.249 Y167.498 E1.08584
G1 X181.873 Y167.498 E.02524
G1 X200.878 Y186.502 E1.08584
G1 X201.502 Y186.502 E.02524
G1 X182.498 Y167.498 E1.08584
G1 X183.123 Y167.498 E.02524
M73 P90 R3
G1 X202.127 Y186.502 E1.08584
G1 X202.752 Y186.502 E.02524
G1 X183.747 Y167.498 E1.08584
G1 X184.372 Y167.498 E.02524
G1 X203.376 Y186.502 E1.08584
G1 X204.001 Y186.502 E.02524
G1 X184.997 Y167.498 E1.08584
G1 X185.621 Y167.498 E.02524
G1 X204.626 Y186.502 E1.08584
G1 X205.25 Y186.502 E.02524
G1 X186.246 Y167.498 E1.08584
G1 X186.871 Y167.498 E.02524
G1 X205.875 Y186.502 E1.08584
G1 X206.5 Y186.502 E.02524
G1 X187.495 Y167.498 E1.08584
G1 X188.12 Y167.498 E.02524
G1 X207.124 Y186.502 E1.08584
G1 X207.749 Y186.502 E.02524
G1 X188.745 Y167.498 E1.08584
G1 X189.369 Y167.498 E.02524
G1 X208.374 Y186.502 E1.08584
G1 X208.998 Y186.502 E.02524
G1 X189.994 Y167.498 E1.08584
G1 X190.619 Y167.498 E.02524
G1 X209.623 Y186.502 E1.08584
G2 X210.226 Y186.481 I.178 J-3.457 E.02441
G1 X191.243 Y167.498 E1.0846
G1 X191.868 Y167.498 E.02524
G1 X210.695 Y186.325 E1.07571
G2 X211.054 Y186.059 I-.754 J-1.395 E.01811
G1 X192.493 Y167.498 E1.06054
G1 X193.117 Y167.498 E.02524
G1 X211.322 Y185.702 E1.04012
G2 X211.48 Y185.235 I-1.634 J-.813 E.01997
G1 X193.742 Y167.498 E1.01346
G1 X194.367 Y167.498 E.02524
G1 X211.502 Y184.633 E.97906
G1 X211.502 Y184.009 E.02524
G1 X194.991 Y167.498 E.94336
G1 X195.616 Y167.498 E.02524
G1 X211.502 Y183.384 E.90767
G1 X211.502 Y182.759 E.02524
M73 P90 R2
G1 X196.241 Y167.498 E.87198
G1 X196.865 Y167.498 E.02524
G1 X211.502 Y182.135 E.83629
G1 X211.502 Y181.51 E.02524
G1 X197.49 Y167.498 E.8006
G1 X198.115 Y167.498 E.02524
G1 X211.502 Y180.885 E.76491
G1 X211.502 Y180.261 E.02524
G1 X198.739 Y167.498 E.72922
G1 X199.364 Y167.498 E.02524
G1 X211.502 Y179.636 E.69352
G1 X211.502 Y179.011 E.02524
G1 X199.989 Y167.498 E.65783
G1 X200.613 Y167.498 E.02524
G1 X211.502 Y178.387 E.62214
G1 X211.502 Y177.762 E.02524
G1 X201.238 Y167.498 E.58645
G1 X201.863 Y167.498 E.02524
G1 X211.502 Y177.137 E.55076
G1 X211.502 Y176.513 E.02524
G1 X202.487 Y167.498 E.51507
G1 X203.112 Y167.498 E.02524
G1 X211.502 Y175.888 E.47937
G1 X211.502 Y175.263 E.02524
G1 X203.737 Y167.498 E.44368
G1 X204.362 Y167.498 E.02524
G1 X211.502 Y174.639 E.40799
G1 X211.502 Y174.014 E.02524
G1 X204.986 Y167.498 E.3723
G1 X205.611 Y167.498 E.02524
G1 X211.502 Y173.389 E.33661
G1 X211.502 Y172.764 E.02524
G1 X206.236 Y167.498 E.30092
G1 X206.86 Y167.498 E.02524
G1 X211.502 Y172.14 E.26523
G1 X211.502 Y171.515 E.02524
G1 X207.485 Y167.498 E.22953
G1 X208.11 Y167.498 E.02524
G1 X211.502 Y170.89 E.19384
G1 X211.502 Y170.266 E.02524
G1 X208.734 Y167.498 E.15815
G1 X209.359 Y167.498 E.02524
G1 X211.502 Y169.641 E.12246
G1 X211.502 Y169.016 E.02526
G1 X209.984 Y167.498 E.08671
G3 X210.954 Y167.843 I.007 J1.517 E.04242
G1 X211.619 Y168.509 E.03804
; stop printing object flowrate_10 id:8318823020889268071 copy 0
; printing object flowrate_m5 id:140666992080768 copy 0
SET_VELOCITY_LIMIT ACCEL=10000 ACCEL_TO_DECEL=5000
G1 E-.5 F900
G1 Z2.2 F30000
G1 X210.899 Y135.443 Z2.2
G1 Z2
G1 E.5 F900
SET_VELOCITY_LIMIT ACCEL=5000 ACCEL_TO_DECEL=2500
;TYPE:Outer wall
;WIDTH:0.4
G1 F10612.404
G3 X211.8 Y137.009 I-.904 J1.562 E.05337
G1 X211.8 Y152.991 E.45081
G3 X209.991 Y154.8 I-1.818 J-.01 E.08002
G1 X174.009 Y154.8 E1.01495
G3 X172.2 Y152.991 I.01 J-1.818 E.08002
G1 X172.2 Y137.009 E.45082
G3 X174.009 Y135.2 I1.818 J.01 E.08002
G1 X209.991 Y135.2 E1.01495
G1 X210.312 Y135.228 E.00909
G3 X210.864 Y135.423 I-.317 J1.777 E.01658
SET_VELOCITY_LIMIT ACCEL=10000 ACCEL_TO_DECEL=5000
G1 E-.5 F900
G1 Z2.2 F30000
G1 X172.381 Y153.491 Z2.2
G1 Z2
G1 E.5 F900
SET_VELOCITY_LIMIT ACCEL=2000 ACCEL_TO_DECEL=1000
;TYPE:Top surface
;WIDTH:0.484632
G1 F8220
G1 X173.047 Y154.157 E.03287
G2 X174.016 Y154.502 I.963 J-1.172 E.03662
G1 X172.498 Y152.984 E.07489
G1 X172.498 Y152.359 E.02181
G1 X174.641 Y154.502 E.10577
G1 X175.266 Y154.502 E.0218
G1 X172.498 Y151.734 E.13659
G1 X172.498 Y151.109 E.0218
G1 X175.891 Y154.502 E.16742
G1 X176.515 Y154.502 E.0218
G1 X172.498 Y150.485 E.19824
G1 X172.498 Y149.86 E.0218
G1 X177.14 Y154.502 E.22906
G1 X177.765 Y154.502 E.0218
G1 X172.498 Y149.235 E.25989
G1 X172.498 Y148.611 E.0218
G1 X178.389 Y154.502 E.29071
G1 X179.014 Y154.502 E.0218
G1 X172.498 Y147.986 E.32154
G1 X172.498 Y147.361 E.0218
G1 X179.639 Y154.502 E.35236
G1 X180.263 Y154.502 E.0218
G1 X172.498 Y146.737 E.38319
G1 X172.498 Y146.112 E.0218
G1 X180.888 Y154.502 E.41401
G1 X181.513 Y154.502 E.0218
G1 X172.498 Y145.487 E.44484
G1 X172.498 Y144.863 E.0218
G1 X182.137 Y154.502 E.47566
G1 X182.762 Y154.502 E.0218
G1 X172.498 Y144.238 E.50649
G1 X172.498 Y143.613 E.0218
G1 X183.387 Y154.502 E.53731
G1 X184.011 Y154.502 E.0218
G1 X172.498 Y142.989 E.56813
G1 X172.498 Y142.364 E.0218
G1 X184.636 Y154.502 E.59896
G1 X185.261 Y154.502 E.0218
G1 X172.498 Y141.739 E.62978
G1 X172.498 Y141.115 E.0218
G1 X185.885 Y154.502 E.66061
G1 X186.51 Y154.502 E.0218
G1 X172.498 Y140.49 E.69143
G1 X172.498 Y139.865 E.0218
G1 X187.135 Y154.502 E.72226
G1 X187.759 Y154.502 E.0218
G1 X172.498 Y139.241 E.75308
G1 X172.498 Y138.616 E.0218
G1 X188.384 Y154.502 E.78391
G1 X189.009 Y154.502 E.0218
G1 X172.498 Y137.991 E.81473
G1 X172.498 Y137.367 E.0218
G1 X189.633 Y154.502 E.84555
G1 X190.258 Y154.502 E.0218
G1 X172.52 Y136.764 E.87527
G3 X172.678 Y136.298 I1.793 J.347 E.01724
G1 X190.883 Y154.502 E.89829
G1 X191.507 Y154.502 E.0218
G1 X172.946 Y135.941 E.91592
G3 X173.305 Y135.675 I1.113 J1.129 E.01564
G1 X192.132 Y154.502 E.92902
G1 X192.757 Y154.502 E.0218
G1 X173.774 Y135.519 E.9367
G3 X174.377 Y135.498 I.425 J3.435 E.02108
G1 X193.381 Y154.502 E.93777
G1 X194.006 Y154.502 E.0218
G1 X175.002 Y135.498 E.93777
G1 X175.626 Y135.498 E.0218
M73 P91 R2
G1 X194.631 Y154.502 E.93777
G1 X195.256 Y154.502 E.0218
G1 X176.251 Y135.498 E.93777
G1 X176.876 Y135.498 E.0218
G1 X195.88 Y154.502 E.93777
G1 X196.505 Y154.502 E.0218
G1 X177.5 Y135.498 E.93777
G1 X178.125 Y135.498 E.0218
G1 X197.13 Y154.502 E.93777
G1 X197.754 Y154.502 E.0218
G1 X178.75 Y135.498 E.93777
G1 X179.375 Y135.498 E.0218
G1 X198.379 Y154.502 E.93777
G1 X199.004 Y154.502 E.0218
G1 X179.999 Y135.498 E.93777
G1 X180.624 Y135.498 E.0218
G1 X199.628 Y154.502 E.93777
G1 X200.253 Y154.502 E.0218
G1 X181.249 Y135.498 E.93777
G1 X181.873 Y135.498 E.0218
G1 X200.878 Y154.502 E.93777
G1 X201.502 Y154.502 E.0218
G1 X182.498 Y135.498 E.93777
G1 X183.123 Y135.498 E.0218
G1 X202.127 Y154.502 E.93777
G1 X202.752 Y154.502 E.0218
G1 X183.747 Y135.498 E.93777
G1 X184.372 Y135.498 E.0218
G1 X203.376 Y154.502 E.93777
G1 X204.001 Y154.502 E.0218
G1 X184.997 Y135.498 E.93777
G1 X185.621 Y135.498 E.0218
G1 X204.626 Y154.502 E.93777
G1 X205.25 Y154.502 E.0218
G1 X186.246 Y135.498 E.93777
G1 X186.871 Y135.498 E.0218
G1 X205.875 Y154.502 E.93777
G1 X206.5 Y154.502 E.0218
G1 X187.495 Y135.498 E.93777
G1 X188.12 Y135.498 E.0218
G1 X207.124 Y154.502 E.93777
G1 X207.749 Y154.502 E.0218
G1 X188.745 Y135.498 E.93777
G1 X189.369 Y135.498 E.0218
G1 X208.374 Y154.502 E.93777
G1 X208.998 Y154.502 E.0218
G1 X189.994 Y135.498 E.93777
G1 X190.619 Y135.498 E.0218
G1 X209.623 Y154.502 E.93777
G2 X210.226 Y154.481 I.178 J-3.457 E.02108
G1 X191.243 Y135.498 E.9367
G1 X191.868 Y135.498 E.0218
G1 X210.695 Y154.325 E.92902
G2 X211.054 Y154.059 I-.754 J-1.395 E.01564
G1 X192.493 Y135.498 E.91592
G1 X193.117 Y135.498 E.0218
G1 X211.322 Y153.702 E.89829
G2 X211.48 Y153.235 I-1.634 J-.813 E.01724
G1 X193.742 Y135.498 E.87526
G1 X194.367 Y135.498 E.0218
G1 X211.502 Y152.633 E.84555
G1 X211.502 Y152.009 E.0218
G1 X194.991 Y135.498 E.81472
G1 X195.616 Y135.498 E.0218
G1 X211.502 Y151.384 E.7839
G1 X211.502 Y150.759 E.0218
G1 X196.241 Y135.498 E.75307
G1 X196.865 Y135.498 E.0218
G1 X211.502 Y150.135 E.72225
G1 X211.502 Y149.51 E.0218
G1 X197.49 Y135.498 E.69143
G1 X198.115 Y135.498 E.0218
G1 X211.502 Y148.885 E.6606
G1 X211.502 Y148.261 E.0218
G1 X198.739 Y135.498 E.62978
G1 X199.364 Y135.498 E.0218
G1 X211.502 Y147.636 E.59895
G1 X211.502 Y147.011 E.0218
G1 X199.989 Y135.498 E.56813
G1 X200.613 Y135.498 E.0218
G1 X211.502 Y146.387 E.5373
G1 X211.502 Y145.762 E.0218
G1 X201.238 Y135.498 E.50648
G1 X201.863 Y135.498 E.0218
G1 X211.502 Y145.137 E.47565
G1 X211.502 Y144.513 E.0218
G1 X202.487 Y135.498 E.44483
G1 X203.112 Y135.498 E.0218
G1 X211.502 Y143.888 E.41401
G1 X211.502 Y143.263 E.0218
G1 X203.737 Y135.498 E.38318
G1 X204.362 Y135.498 E.0218
G1 X211.502 Y142.639 E.35236
G1 X211.502 Y142.014 E.0218
G1 X204.986 Y135.498 E.32153
G1 X205.611 Y135.498 E.0218
G1 X211.502 Y141.389 E.29071
G1 X211.502 Y140.764 E.0218
G1 X206.236 Y135.498 E.25988
G1 X206.86 Y135.498 E.0218
G1 X211.502 Y140.14 E.22906
G1 X211.502 Y139.515 E.0218
G1 X207.485 Y135.498 E.19823
G1 X208.11 Y135.498 E.0218
G1 X211.502 Y138.89 E.16741
G1 X211.502 Y138.266 E.0218
G1 X208.734 Y135.498 E.13658
G1 X209.359 Y135.498 E.0218
G1 X211.502 Y137.641 E.10576
G1 X211.502 Y137.016 E.02181
G1 X209.984 Y135.498 E.07489
G3 X210.954 Y135.843 I.007 J1.517 E.03663
G1 X211.619 Y136.509 E.03285
; stop printing object flowrate_m5 id:140666992080768 copy 0
; printing object flowrate_m10 id:1069446856963 copy 0
SET_VELOCITY_LIMIT ACCEL=10000 ACCEL_TO_DECEL=5000
G1 E-.5 F900
G1 Z2.2 F30000
G1 X210.312 Y122.77 Z2.2
G1 Z2
G1 E.5 F900
SET_VELOCITY_LIMIT ACCEL=5000 ACCEL_TO_DECEL=2500
;TYPE:Outer wall
;WIDTH:0.4
G1 F11201.982
G3 X209.991 Y122.8 I-.33 J-1.788 E.00862
G1 X174.009 Y122.8 E.96153
G3 X172.2 Y120.991 I.01 J-1.818 E.07581
G1 X172.2 Y105.009 E.42709
G3 X174.009 Y103.2 I1.818 J.01 E.07581
G1 X209.991 Y103.2 E.96153
G1 X210.312 Y103.228 E.00862
G3 X211.8 Y105.009 I-.317 J1.777 E.06734
G1 X211.8 Y120.991 E.42709
G3 X210.351 Y122.762 I-1.818 J-.01 E.06612
SET_VELOCITY_LIMIT ACCEL=10000 ACCEL_TO_DECEL=5000
G1 E-.5 F900
G1 Z2.2 F30000
G1 X172.381 Y121.491 Z2.2
G1 Z2
G1 E.5 F900
SET_VELOCITY_LIMIT ACCEL=2000 ACCEL_TO_DECEL=1000
;TYPE:Top surface
;WIDTH:0.484632
G1 F8220
G1 X173.047 Y122.157 E.03114
G2 X174.016 Y122.502 I.963 J-1.172 E.03469
G1 X172.498 Y120.984 E.07095
G1 X172.498 Y120.359 E.02067
G1 X174.641 Y122.502 E.1002
G1 X175.266 Y122.502 E.02065
G1 X172.498 Y119.734 E.1294
G1 X172.498 Y119.109 E.02065
G1 X175.891 Y122.502 E.1586
G1 X176.515 Y122.502 E.02065
G1 X172.498 Y118.485 E.18781
G1 X172.498 Y117.86 E.02065
G1 X177.14 Y122.502 E.21701
G1 X177.765 Y122.502 E.02065
G1 X172.498 Y117.235 E.24621
G1 X172.498 Y116.611 E.02065
G1 X178.389 Y122.502 E.27541
G1 X179.014 Y122.502 E.02065
G1 X172.498 Y115.986 E.30462
G1 X172.498 Y115.361 E.02065
G1 X179.639 Y122.502 E.33382
G1 X180.263 Y122.502 E.02065
G1 X172.498 Y114.737 E.36302
G1 X172.498 Y114.112 E.02065
G1 X180.888 Y122.502 E.39222
G1 X181.513 Y122.502 E.02065
G1 X172.498 Y113.487 E.42142
G1 X172.498 Y112.863 E.02065
G1 X182.137 Y122.502 E.45063
G1 X182.762 Y122.502 E.02065
G1 X172.498 Y112.238 E.47983
G1 X172.498 Y111.613 E.02065
G1 X183.387 Y122.502 E.50903
G1 X184.011 Y122.502 E.02065
G1 X172.498 Y110.989 E.53823
G1 X172.498 Y110.364 E.02065
G1 X184.636 Y122.502 E.56743
G1 X185.261 Y122.502 E.02065
G1 X172.498 Y109.739 E.59664
G1 X172.498 Y109.115 E.02065
G1 X185.885 Y122.502 E.62584
G1 X186.51 Y122.502 E.02065
G1 X172.498 Y108.49 E.65504
G1 X172.498 Y107.865 E.02065
G1 X187.135 Y122.502 E.68424
G1 X187.759 Y122.502 E.02065
G1 X172.498 Y107.241 E.71345
G1 X172.498 Y106.616 E.02065
M73 P92 R2
G1 X188.384 Y122.502 E.74265
G1 X189.009 Y122.502 E.02065
G1 X172.498 Y105.991 E.77185
G1 X172.498 Y105.367 E.02065
G1 X189.633 Y122.502 E.80105
G1 X190.258 Y122.502 E.02065
G1 X172.52 Y104.764 E.8292
G3 X172.678 Y104.298 I1.793 J.347 E.01634
G1 X190.883 Y122.502 E.85102
G1 X191.507 Y122.502 E.02065
G1 X172.946 Y103.941 E.86772
G3 X173.305 Y103.675 I1.113 J1.13 E.01481
G1 X192.132 Y122.502 E.88013
G1 X192.757 Y122.502 E.02065
G1 X173.774 Y103.519 E.8874
G3 X174.377 Y103.498 I.425 J3.435 E.01997
G1 X193.381 Y122.502 E.88841
G1 X194.006 Y122.502 E.02065
G1 X175.002 Y103.498 E.88841
G1 X175.626 Y103.498 E.02065
G1 X194.631 Y122.502 E.88841
G1 X195.256 Y122.502 E.02065
G1 X176.251 Y103.498 E.88841
G1 X176.876 Y103.498 E.02065
G1 X195.88 Y122.502 E.88841
G1 X196.505 Y122.502 E.02065
G1 X177.5 Y103.498 E.88841
G1 X178.125 Y103.498 E.02065
G1 X197.13 Y122.502 E.88841
G1 X197.754 Y122.502 E.02065
G1 X178.75 Y103.498 E.88841
G1 X179.375 Y103.498 E.02065
G1 X198.379 Y122.502 E.88841
G1 X199.004 Y122.502 E.02065
G1 X179.999 Y103.498 E.88841
G1 X180.624 Y103.498 E.02065
G1 X199.628 Y122.502 E.88841
G1 X200.253 Y122.502 E.02065
G1 X181.249 Y103.498 E.88841
G1 X181.873 Y103.498 E.02065
G1 X200.878 Y122.502 E.88841
G1 X201.502 Y122.502 E.02065
G1 X182.498 Y103.498 E.88841
G1 X183.123 Y103.498 E.02065
G1 X202.127 Y122.502 E.88841
G1 X202.752 Y122.502 E.02065
G1 X183.747 Y103.498 E.88841
G1 X184.372 Y103.498 E.02065
G1 X203.376 Y122.502 E.88841
G1 X204.001 Y122.502 E.02065
G1 X184.997 Y103.498 E.88841
G1 X185.621 Y103.498 E.02065
G1 X204.626 Y122.502 E.88841
G1 X205.25 Y122.502 E.02065
G1 X186.246 Y103.498 E.88841
G1 X186.871 Y103.498 E.02065
G1 X205.875 Y122.502 E.88841
G1 X206.5 Y122.502 E.02065
G1 X187.495 Y103.498 E.88841
G1 X188.12 Y103.498 E.02065
G1 X207.124 Y122.502 E.88841
G1 X207.749 Y122.502 E.02065
G1 X188.745 Y103.498 E.88841
G1 X189.369 Y103.498 E.02065
G1 X208.374 Y122.502 E.88841
G1 X208.998 Y122.502 E.02065
G1 X189.994 Y103.498 E.88841
G1 X190.619 Y103.498 E.02065
G1 X209.623 Y122.502 E.88841
G2 X210.226 Y122.481 I.178 J-3.457 E.01997
G1 X191.243 Y103.498 E.8874
G1 X191.868 Y103.498 E.02065
G1 X210.695 Y122.325 E.88013
G2 X211.054 Y122.059 I-.754 J-1.395 E.01481
G1 X192.493 Y103.498 E.86771
G1 X193.117 Y103.498 E.02065
G1 X211.322 Y121.702 E.85101
G2 X211.48 Y121.235 I-1.634 J-.813 E.01634
G1 X193.742 Y103.498 E.8292
G1 X194.367 Y103.498 E.02065
G1 X211.502 Y120.633 E.80105
G1 X211.502 Y120.009 E.02065
G1 X194.991 Y103.498 E.77184
G1 X195.616 Y103.498 E.02065
G1 X211.502 Y119.384 E.74264
G1 X211.502 Y118.759 E.02065
G1 X196.241 Y103.498 E.71344
G1 X196.865 Y103.498 E.02065
G1 X211.502 Y118.135 E.68424
G1 X211.502 Y117.51 E.02065
G1 X197.49 Y103.498 E.65504
G1 X198.115 Y103.498 E.02065
G1 X211.502 Y116.885 E.62583
G1 X211.502 Y116.261 E.02065
G1 X198.739 Y103.498 E.59663
G1 X199.364 Y103.498 E.02065
G1 X211.502 Y115.636 E.56743
G1 X211.502 Y115.011 E.02065
G1 X199.989 Y103.498 E.53823
G1 X200.613 Y103.498 E.02065
G1 X211.502 Y114.387 E.50902
G1 X211.502 Y113.762 E.02065
G1 X201.238 Y103.498 E.47982
G1 X201.863 Y103.498 E.02065
G1 X211.502 Y113.137 E.45062
G1 X211.502 Y112.513 E.02065
G1 X202.487 Y103.498 E.42142
G1 X203.112 Y103.498 E.02065
G1 X211.502 Y111.888 E.39222
G1 X211.502 Y111.263 E.02065
G1 X203.737 Y103.498 E.36301
G1 X204.362 Y103.498 E.02065
G1 X211.502 Y110.639 E.33381
G1 X211.502 Y110.014 E.02065
G1 X204.986 Y103.498 E.30461
G1 X205.611 Y103.498 E.02065
G1 X211.502 Y109.389 E.27541
G1 X211.502 Y108.764 E.02065
G1 X206.236 Y103.498 E.2462
G1 X206.86 Y103.498 E.02065
G1 X211.502 Y108.14 E.217
G1 X211.502 Y107.515 E.02065
G1 X207.485 Y103.498 E.1878
G1 X208.11 Y103.498 E.02065
G1 X211.502 Y106.89 E.1586
G1 X211.502 Y106.266 E.02065
G1 X208.734 Y103.498 E.1294
G1 X209.359 Y103.498 E.02065
G1 X211.502 Y105.641 E.10019
G1 X211.502 Y105.016 E.02067
G1 X209.984 Y103.498 E.07094
G3 X210.954 Y103.843 I.007 J1.517 E.03471
G1 X211.619 Y104.509 E.03112
; stop printing object flowrate_m10 id:1069446856963 copy 0
; printing object flowrate_m15 id:1120986464517 copy 0
SET_VELOCITY_LIMIT ACCEL=10000 ACCEL_TO_DECEL=5000
G1 E-.5 F900
G1 Z2.2 F30000
G1 X168.899 Y103.443 Z2.2
G1 Z2
G1 E.5 F900
SET_VELOCITY_LIMIT ACCEL=5000 ACCEL_TO_DECEL=2500
;TYPE:Outer wall
;WIDTH:0.4
G1 F11860.923
G3 X169.8 Y105.009 I-.904 J1.562 E.04775
G1 X169.8 Y120.991 E.40336
G3 X167.991 Y122.8 I-1.818 J-.01 E.0716
G1 X132.009 Y122.8 E.90811
G3 X130.2 Y120.991 I.01 J-1.818 E.0716
G1 X130.2 Y105.009 E.40336
G3 X132.009 Y103.2 I1.818 J.01 E.0716
G1 X167.991 Y103.2 E.90811
G1 X168.312 Y103.228 E.00814
G3 X168.864 Y103.423 I-.317 J1.777 E.01484
SET_VELOCITY_LIMIT ACCEL=10000 ACCEL_TO_DECEL=5000
G1 E-.5 F900
G1 Z2.2 F30000
G1 X130.381 Y121.491 Z2.2
G1 Z2
G1 E.5 F900
SET_VELOCITY_LIMIT ACCEL=2000 ACCEL_TO_DECEL=1000
;TYPE:Top surface
;WIDTH:0.484632
G1 F8220
G1 X131.047 Y122.157 E.02941
G2 X132.016 Y122.502 I.963 J-1.172 E.03277
G1 X130.498 Y120.984 E.06701
G1 X130.498 Y120.359 E.01952
G1 X132.641 Y122.502 E.09463
G1 X133.266 Y122.502 E.0195
G1 X130.498 Y119.734 E.12221
G1 X130.498 Y119.109 E.0195
G1 X133.891 Y122.502 E.14979
G1 X134.515 Y122.502 E.0195
G1 X130.498 Y118.485 E.17737
G1 X130.498 Y117.86 E.0195
G1 X135.14 Y122.502 E.20495
G1 X135.765 Y122.502 E.0195
G1 X130.498 Y117.235 E.23253
G1 X130.498 Y116.611 E.0195
G1 X136.389 Y122.502 E.26011
G1 X137.014 Y122.502 E.0195
M73 P93 R2
G1 X130.498 Y115.986 E.28769
G1 X130.498 Y115.361 E.0195
G1 X137.639 Y122.502 E.31527
G1 X138.263 Y122.502 E.0195
G1 X130.498 Y114.737 E.34285
G1 X130.498 Y114.112 E.0195
G1 X138.888 Y122.502 E.37043
G1 X139.513 Y122.502 E.0195
G1 X130.498 Y113.487 E.39801
G1 X130.498 Y112.863 E.0195
G1 X140.137 Y122.502 E.42559
G1 X140.762 Y122.502 E.0195
G1 X130.498 Y112.238 E.45317
G1 X130.498 Y111.613 E.0195
G1 X141.387 Y122.502 E.48075
G1 X142.011 Y122.502 E.0195
G1 X130.498 Y110.989 E.50833
G1 X130.498 Y110.364 E.0195
G1 X142.636 Y122.502 E.53591
G1 X143.261 Y122.502 E.0195
G1 X130.498 Y109.739 E.56349
G1 X130.498 Y109.115 E.0195
G1 X143.885 Y122.502 E.59107
G1 X144.51 Y122.502 E.0195
G1 X130.498 Y108.49 E.61865
G1 X130.498 Y107.865 E.0195
G1 X145.135 Y122.502 E.64623
G1 X145.759 Y122.502 E.0195
G1 X130.498 Y107.241 E.67381
G1 X130.498 Y106.616 E.0195
G1 X146.384 Y122.502 E.70139
G1 X147.009 Y122.502 E.0195
G1 X130.498 Y105.991 E.72897
G1 X130.498 Y105.367 E.0195
G1 X147.633 Y122.502 E.75655
G1 X148.258 Y122.502 E.0195
G1 X130.52 Y104.764 E.78313
G3 X130.678 Y104.298 I1.793 J.347 E.01543
G1 X148.883 Y122.502 E.80374
G1 X149.507 Y122.502 E.0195
G1 X130.946 Y103.941 E.81951
G3 X131.305 Y103.675 I1.113 J1.13 E.01399
G1 X150.132 Y122.502 E.83123
G1 X150.757 Y122.502 E.0195
G1 X131.774 Y103.519 E.8381
G3 X132.377 Y103.498 I.425 J3.435 E.01886
G1 X151.381 Y122.502 E.83906
G1 X152.006 Y122.502 E.0195
G1 X133.002 Y103.498 E.83906
G1 X133.626 Y103.498 E.0195
G1 X152.631 Y122.502 E.83906
G1 X153.256 Y122.502 E.0195
G1 X134.251 Y103.498 E.83906
G1 X134.876 Y103.498 E.0195
G1 X153.88 Y122.502 E.83906
G1 X154.505 Y122.502 E.0195
G1 X135.5 Y103.498 E.83906
G1 X136.125 Y103.498 E.0195
G1 X155.13 Y122.502 E.83906
G1 X155.754 Y122.502 E.0195
G1 X136.75 Y103.498 E.83906
G1 X137.375 Y103.498 E.0195
G1 X156.379 Y122.502 E.83906
G1 X157.004 Y122.502 E.0195
G1 X137.999 Y103.498 E.83906
G1 X138.624 Y103.498 E.0195
G1 X157.628 Y122.502 E.83906
G1 X158.253 Y122.502 E.0195
G1 X139.249 Y103.498 E.83906
G1 X139.873 Y103.498 E.0195
G1 X158.878 Y122.502 E.83906
G1 X159.502 Y122.502 E.0195
G1 X140.498 Y103.498 E.83906
G1 X141.123 Y103.498 E.0195
G1 X160.127 Y122.502 E.83906
G1 X160.752 Y122.502 E.0195
G1 X141.747 Y103.498 E.83906
G1 X142.372 Y103.498 E.0195
G1 X161.376 Y122.502 E.83906
G1 X162.001 Y122.502 E.0195
G1 X142.997 Y103.498 E.83906
G1 X143.621 Y103.498 E.0195
G1 X162.626 Y122.502 E.83906
G1 X163.25 Y122.502 E.0195
M73 P93 R1
G1 X144.246 Y103.498 E.83906
G1 X144.871 Y103.498 E.0195
G1 X163.875 Y122.502 E.83906
G1 X164.5 Y122.502 E.0195
G1 X145.495 Y103.498 E.83906
G1 X146.12 Y103.498 E.0195
G1 X165.124 Y122.502 E.83906
G1 X165.749 Y122.502 E.0195
G1 X146.745 Y103.498 E.83906
G1 X147.369 Y103.498 E.0195
G1 X166.374 Y122.502 E.83906
G1 X166.998 Y122.502 E.0195
G1 X147.994 Y103.498 E.83906
G1 X148.619 Y103.498 E.0195
G1 X167.623 Y122.502 E.83906
G2 X168.226 Y122.481 I.178 J-3.457 E.01886
G1 X149.243 Y103.498 E.8381
G1 X149.868 Y103.498 E.0195
G1 X168.695 Y122.325 E.83123
G2 X169.054 Y122.059 I-.754 J-1.395 E.01399
G1 X150.493 Y103.498 E.81951
G1 X151.117 Y103.498 E.0195
G1 X169.322 Y121.702 E.80373
G2 X169.48 Y121.235 I-1.634 J-.813 E.01543
G1 X151.742 Y103.498 E.78313
G1 X152.367 Y103.498 E.0195
G1 X169.502 Y120.633 E.75654
G1 X169.502 Y120.009 E.0195
G1 X152.991 Y103.498 E.72896
G1 X153.616 Y103.498 E.0195
G1 X169.502 Y119.384 E.70138
G1 X169.502 Y118.759 E.0195
G1 X154.241 Y103.498 E.6738
G1 X154.865 Y103.498 E.0195
G1 X169.502 Y118.135 E.64622
G1 X169.502 Y117.51 E.0195
G1 X155.49 Y103.498 E.61864
G1 X156.115 Y103.498 E.0195
G1 X169.502 Y116.885 E.59106
G1 X169.502 Y116.261 E.0195
G1 X156.739 Y103.498 E.56348
G1 X157.364 Y103.498 E.0195
G1 X169.502 Y115.636 E.5359
G1 X169.502 Y115.011 E.0195
G1 X157.989 Y103.498 E.50832
G1 X158.613 Y103.498 E.0195
G1 X169.502 Y114.387 E.48075
G1 X169.502 Y113.762 E.0195
G1 X159.238 Y103.498 E.45317
G1 X159.863 Y103.498 E.0195
G1 X169.502 Y113.137 E.42559
G1 X169.502 Y112.513 E.0195
G1 X160.487 Y103.498 E.39801
G1 X161.112 Y103.498 E.0195
G1 X169.502 Y111.888 E.37043
G1 X169.502 Y111.263 E.0195
G1 X161.737 Y103.498 E.34285
G1 X162.362 Y103.498 E.0195
G1 X169.502 Y110.639 E.31527
G1 X169.502 Y110.014 E.0195
G1 X162.986 Y103.498 E.28769
G1 X163.611 Y103.498 E.0195
G1 X169.502 Y109.389 E.26011
G1 X169.502 Y108.764 E.0195
G1 X164.236 Y103.498 E.23253
G1 X164.86 Y103.498 E.0195
G1 X169.502 Y108.14 E.20495
G1 X169.502 Y107.515 E.0195
G1 X165.485 Y103.498 E.17737
G1 X166.11 Y103.498 E.0195
G1 X169.502 Y106.89 E.14979
M73 P94 R1
G1 X169.502 Y106.266 E.0195
G1 X166.734 Y103.498 E.12221
G1 X167.359 Y103.498 E.0195
G1 X169.502 Y105.641 E.09463
G1 X169.502 Y105.016 E.01952
G1 X167.984 Y103.498 E.067
G3 X168.954 Y103.843 I.007 J1.517 E.03278
G1 X169.619 Y104.509 E.02939
; stop printing object flowrate_m15 id:1120986464517 copy 0
; printing object flowrate_0 id:24 copy 0
SET_VELOCITY_LIMIT ACCEL=10000 ACCEL_TO_DECEL=5000
G1 E-.5 F900
G1 Z2.2 F30000
G1 X168.899 Y135.443 Z2.2
G1 Z2
G1 E.5 F900
SET_VELOCITY_LIMIT ACCEL=5000 ACCEL_TO_DECEL=2500
;TYPE:Outer wall
;WIDTH:0.4
G1 F10081.784
G3 X169.8 Y137.009 I-.904 J1.562 E.05618
G1 X169.8 Y152.991 E.47454
G3 X167.991 Y154.8 I-1.818 J-.01 E.08424
G1 X132.009 Y154.8 E1.06837
G3 X130.2 Y152.991 I.01 J-1.818 E.08424
G1 X130.2 Y137.009 E.47454
G3 X132.009 Y135.2 I1.818 J.01 E.08423
G1 X167.991 Y135.2 E1.06837
G1 X168.312 Y135.228 E.00957
G3 X168.864 Y135.423 I-.317 J1.777 E.01746
SET_VELOCITY_LIMIT ACCEL=10000 ACCEL_TO_DECEL=5000
G1 E-.5 F900
G1 Z2.2 F30000
G1 X130.381 Y153.491 Z2.2
G1 Z2
G1 E.5 F900
SET_VELOCITY_LIMIT ACCEL=2000 ACCEL_TO_DECEL=1000
;TYPE:Top surface
;WIDTH:0.484632
G1 F8150.106
G1 X131.047 Y154.157 E.0346
G2 X132.016 Y154.502 I.963 J-1.172 E.03855
G1 X130.498 Y152.984 E.07884
G1 X130.498 Y152.359 E.02296
G1 X132.641 Y154.502 E.11133
G1 X133.266 Y154.502 E.02294
G1 X130.498 Y151.734 E.14378
G1 X130.498 Y151.109 E.02294
G1 X133.891 Y154.502 E.17623
G1 X134.515 Y154.502 E.02294
G1 X130.498 Y150.485 E.20867
G1 X130.498 Y149.86 E.02294
G1 X135.14 Y154.502 E.24112
G1 X135.765 Y154.502 E.02294
G1 X130.498 Y149.235 E.27357
G1 X130.498 Y148.611 E.02294
G1 X136.389 Y154.502 E.30601
G1 X137.014 Y154.502 E.02294
G1 X130.498 Y147.986 E.33846
G1 X130.498 Y147.361 E.02294
G1 X137.639 Y154.502 E.37091
G1 X138.263 Y154.502 E.02294
G1 X130.498 Y146.737 E.40336
G1 X130.498 Y146.112 E.02294
G1 X138.888 Y154.502 E.4358
G1 X139.513 Y154.502 E.02294
G1 X130.498 Y145.487 E.46825
G1 X130.498 Y144.863 E.02294
G1 X140.137 Y154.502 E.5007
G1 X140.762 Y154.502 E.02294
G1 X130.498 Y144.238 E.53314
G1 X130.498 Y143.613 E.02294
G1 X141.387 Y154.502 E.56559
G1 X142.011 Y154.502 E.02294
G1 X130.498 Y142.989 E.59804
G1 X130.498 Y142.364 E.02294
G1 X142.636 Y154.502 E.63048
G1 X143.261 Y154.502 E.02294
G1 X130.498 Y141.739 E.66293
G1 X130.498 Y141.115 E.02294
G1 X143.885 Y154.502 E.69538
G1 X144.51 Y154.502 E.02294
G1 X130.498 Y140.49 E.72782
G1 X130.498 Y139.865 E.02294
G1 X145.135 Y154.502 E.76027
G1 X145.759 Y154.502 E.02294
G1 X130.498 Y139.241 E.79272
G1 X130.498 Y138.616 E.02294
G1 X146.384 Y154.502 E.82516
G1 X147.009 Y154.502 E.02294
G1 X130.498 Y137.991 E.85761
G1 X130.498 Y137.367 E.02294
G1 X147.633 Y154.502 E.89006
G1 X148.258 Y154.502 E.02294
G1 X130.52 Y136.764 E.92134
G3 X130.678 Y136.298 I1.793 J.347 E.01815
G1 X148.883 Y154.502 E.94557
G1 X149.507 Y154.502 E.02294
G1 X130.946 Y135.941 E.96413
G3 X131.305 Y135.675 I1.113 J1.129 E.01646
G1 X150.132 Y154.502 E.97792
G1 X150.757 Y154.502 E.02294
G1 X131.774 Y135.519 E.986
G3 X132.377 Y135.498 I.425 J3.435 E.02219
G1 X151.381 Y154.502 E.98712
G1 X152.006 Y154.502 E.02294
G1 X133.002 Y135.498 E.98712
G1 X133.626 Y135.498 E.02294
G1 X152.631 Y154.502 E.98712
G1 X153.256 Y154.502 E.02294
G1 X134.251 Y135.498 E.98712
G1 X134.876 Y135.498 E.02294
G1 X153.88 Y154.502 E.98712
G1 X154.505 Y154.502 E.02294
G1 X135.5 Y135.498 E.98712
G1 X136.125 Y135.498 E.02294
G1 X155.13 Y154.502 E.98712
G1 X155.754 Y154.502 E.02294
G1 X136.75 Y135.498 E.98712
G1 X137.375 Y135.498 E.02294
G1 X156.379 Y154.502 E.98712
G1 X157.004 Y154.502 E.02294
G1 X137.999 Y135.498 E.98712
G1 X138.624 Y135.498 E.02294
G1 X157.628 Y154.502 E.98712
G1 X158.253 Y154.502 E.02294
G1 X139.249 Y135.498 E.98712
G1 X139.873 Y135.498 E.02294
G1 X158.878 Y154.502 E.98712
G1 X159.502 Y154.502 E.02294
G1 X140.498 Y135.498 E.98712
G1 X141.123 Y135.498 E.02294
G1 X160.127 Y154.502 E.98712
G1 X160.752 Y154.502 E.02294
G1 X141.747 Y135.498 E.98712
G1 X142.372 Y135.498 E.02294
G1 X161.376 Y154.502 E.98712
G1 X162.001 Y154.502 E.02294
G1 X142.997 Y135.498 E.98712
G1 X143.621 Y135.498 E.02294
G1 X162.626 Y154.502 E.98712
G1 X163.25 Y154.502 E.02294
G1 X144.246 Y135.498 E.98712
G1 X144.871 Y135.498 E.02294
G1 X163.875 Y154.502 E.98712
G1 X164.5 Y154.502 E.02294
G1 X145.495 Y135.498 E.98712
G1 X146.12 Y135.498 E.02294
G1 X165.124 Y154.502 E.98712
G1 X165.749 Y154.502 E.02294
G1 X146.745 Y135.498 E.98712
G1 X147.369 Y135.498 E.02294
G1 X166.374 Y154.502 E.98712
G1 X166.998 Y154.502 E.02294
G1 X147.994 Y135.498 E.98712
G1 X148.619 Y135.498 E.02294
G1 X167.623 Y154.502 E.98712
G2 X168.226 Y154.481 I.178 J-3.457 E.02219
G1 X149.243 Y135.498 E.986
G1 X149.868 Y135.498 E.02294
G1 X168.695 Y154.325 E.97792
G2 X169.054 Y154.059 I-.754 J-1.395 E.01646
G1 X150.493 Y135.498 E.96412
G1 X151.117 Y135.498 E.02294
G1 X169.322 Y153.702 E.94557
G2 X169.48 Y153.235 I-1.634 J-.813 E.01815
G1 X151.742 Y135.498 E.92133
G1 X152.367 Y135.498 E.02294
G1 X169.502 Y152.633 E.89005
G1 X169.502 Y152.009 E.02294
G1 X152.991 Y135.498 E.8576
G1 X153.616 Y135.498 E.02294
G1 X169.502 Y151.384 E.82516
G1 X169.502 Y150.759 E.02294
G1 X154.241 Y135.498 E.79271
G1 X154.865 Y135.498 E.02294
G1 X169.502 Y150.135 E.76026
G1 X169.502 Y149.51 E.02294
G1 X155.49 Y135.498 E.72782
G1 X156.115 Y135.498 E.02294
M73 P95 R1
G1 X169.502 Y148.885 E.69537
G1 X169.502 Y148.261 E.02294
G1 X156.739 Y135.498 E.66292
G1 X157.364 Y135.498 E.02294
G1 X169.502 Y147.636 E.63048
G1 X169.502 Y147.011 E.02294
G1 X157.989 Y135.498 E.59803
G1 X158.613 Y135.498 E.02294
G1 X169.502 Y146.387 E.56558
G1 X169.502 Y145.762 E.02294
G1 X159.238 Y135.498 E.53314
G1 X159.863 Y135.498 E.02294
G1 X169.502 Y145.137 E.50069
G1 X169.502 Y144.513 E.02294
G1 X160.487 Y135.498 E.46824
G1 X161.112 Y135.498 E.02294
G1 X169.502 Y143.888 E.4358
G1 X169.502 Y143.263 E.02294
G1 X161.737 Y135.498 E.40335
G1 X162.362 Y135.498 E.02294
G1 X169.502 Y142.639 E.3709
G1 X169.502 Y142.014 E.02294
G1 X162.986 Y135.498 E.33845
G1 X163.611 Y135.498 E.02294
G1 X169.502 Y141.389 E.30601
G1 X169.502 Y140.764 E.02294
G1 X164.236 Y135.498 E.27356
G1 X164.86 Y135.498 E.02294
G1 X169.502 Y140.14 E.24111
G1 X169.502 Y139.515 E.02294
G1 X165.485 Y135.498 E.20867
G1 X166.11 Y135.498 E.02294
G1 X169.502 Y138.89 E.17622
G1 X169.502 Y138.266 E.02294
G1 X166.734 Y135.498 E.14377
G1 X167.359 Y135.498 E.02294
G1 X169.502 Y137.641 E.11133
G1 X169.502 Y137.016 E.02296
G1 X167.984 Y135.498 E.07883
G3 X168.954 Y135.843 I.007 J1.517 E.03856
G1 X169.619 Y136.509 E.03458
; stop printing object flowrate_0 id:24 copy 0
; printing object flowrate_15 id:0 copy 0
SET_VELOCITY_LIMIT ACCEL=10000 ACCEL_TO_DECEL=5000
G1 E-.5 F900
G1 Z2.2 F30000
G1 X168.899 Y167.443 Z2.2
G1 Z2
G1 E.5 F900
SET_VELOCITY_LIMIT ACCEL=5000 ACCEL_TO_DECEL=2500
;TYPE:Outer wall
;WIDTH:0.4
G1 F8766.769
G3 X169.8 Y169.009 I-.904 J1.562 E.06461
G1 X169.8 Y184.991 E.54572
G3 X167.991 Y186.8 I-1.818 J-.01 E.09687
G1 X132.009 Y186.8 E1.22862
G3 X130.2 Y184.991 I.01 J-1.818 E.09687
G1 X130.2 Y169.009 E.54572
G3 X132.009 Y167.2 I1.818 J.01 E.09687
G1 X167.991 Y167.2 E1.22862
G1 X168.312 Y167.228 E.01101
G3 X168.864 Y167.423 I-.317 J1.777 E.02007
SET_VELOCITY_LIMIT ACCEL=10000 ACCEL_TO_DECEL=5000
G1 E-.5 F900
G1 Z2.2 F30000
G1 X130.381 Y185.491 Z2.2
G1 Z2
G1 E.5 F900
SET_VELOCITY_LIMIT ACCEL=2000 ACCEL_TO_DECEL=1000
;TYPE:Top surface
;WIDTH:0.484632
G1 F7087.049
G1 X131.047 Y186.157 E.03979
G2 X132.016 Y186.502 I.963 J-1.172 E.04433
G1 X130.498 Y184.984 E.09066
G1 X130.498 Y184.359 E.02641
G1 X132.641 Y186.502 E.12803
G1 X133.266 Y186.502 E.02638
G1 X130.498 Y183.734 E.16535
G1 X130.498 Y183.109 E.02638
G1 X133.891 Y186.502 E.20266
G1 X134.515 Y186.502 E.02638
G1 X130.498 Y182.485 E.23998
G1 X130.498 Y181.86 E.02638
G1 X135.14 Y186.502 E.27729
G1 X135.765 Y186.502 E.02638
G1 X130.498 Y181.235 E.3146
G1 X130.498 Y180.611 E.02638
G1 X136.389 Y186.502 E.35192
G1 X137.014 Y186.502 E.02638
G1 X130.498 Y179.986 E.38923
G1 X130.498 Y179.361 E.02638
G1 X137.639 Y186.502 E.42654
G1 X138.263 Y186.502 E.02638
G1 X130.498 Y178.737 E.46386
G1 X130.498 Y178.112 E.02638
G1 X138.888 Y186.502 E.50117
G1 X139.513 Y186.502 E.02638
G1 X130.498 Y177.487 E.53849
G1 X130.498 Y176.863 E.02638
G1 X140.137 Y186.502 E.5758
G1 X140.762 Y186.502 E.02638
G1 X130.498 Y176.238 E.61311
G1 X130.498 Y175.613 E.02638
G1 X141.387 Y186.502 E.65043
G1 X142.011 Y186.502 E.02638
G1 X130.498 Y174.989 E.68774
G1 X130.498 Y174.364 E.02638
G1 X142.636 Y186.502 E.72506
G1 X143.261 Y186.502 E.02638
G1 X130.498 Y173.739 E.76237
G1 X130.498 Y173.115 E.02638
G1 X143.885 Y186.502 E.79968
G1 X144.51 Y186.502 E.02638
G1 X130.498 Y172.49 E.837
G1 X130.498 Y171.865 E.02638
G1 X145.135 Y186.502 E.87431
G1 X145.759 Y186.502 E.02638
G1 X130.498 Y171.241 E.91162
G1 X130.498 Y170.616 E.02638
G1 X146.384 Y186.502 E.94894
G1 X147.009 Y186.502 E.02638
G1 X130.498 Y169.991 E.98625
G1 X130.498 Y169.367 E.02638
G1 X147.633 Y186.502 E1.02357
G1 X148.258 Y186.502 E.02638
G1 X130.52 Y168.764 E1.05954
G3 X130.678 Y168.298 I1.793 J.347 E.02087
G1 X148.883 Y186.502 E1.08741
G1 X149.507 Y186.502 E.02638
G1 X130.946 Y167.941 E1.10875
G3 X131.305 Y167.675 I1.113 J1.13 E.01893
G1 X150.132 Y186.502 E1.12461
G1 X150.757 Y186.502 E.02638
G1 X131.774 Y167.519 E1.1339
G3 X132.377 Y167.498 I.425 J3.435 E.02552
G1 X151.381 Y186.502 E1.13519
G1 X152.006 Y186.502 E.02638
G1 X133.002 Y167.498 E1.13519
G1 X133.626 Y167.498 E.02638
G1 X152.631 Y186.502 E1.13519
G1 X153.256 Y186.502 E.02638
G1 X134.251 Y167.498 E1.13519
G1 X134.876 Y167.498 E.02638
G1 X153.88 Y186.502 E1.13519
G1 X154.505 Y186.502 E.02638
G1 X135.5 Y167.498 E1.13519
G1 X136.125 Y167.498 E.02638
G1 X155.13 Y186.502 E1.13519
G1 X155.754 Y186.502 E.02638
G1 X136.75 Y167.498 E1.13519
G1 X137.375 Y167.498 E.02638
G1 X156.379 Y186.502 E1.13519
G1 X157.004 Y186.502 E.02638
G1 X137.999 Y167.498 E1.13519
G1 X138.624 Y167.498 E.02638
G1 X157.628 Y186.502 E1.13519
G1 X158.253 Y186.502 E.02638
G1 X139.249 Y167.498 E1.13519
G1 X139.873 Y167.498 E.02638
G1 X158.878 Y186.502 E1.13519
G1 X159.502 Y186.502 E.02638
G1 X140.498 Y167.498 E1.13519
G1 X141.123 Y167.498 E.02638
G1 X160.127 Y186.502 E1.13519
G1 X160.752 Y186.502 E.02638
G1 X141.747 Y167.498 E1.13519
G1 X142.372 Y167.498 E.02638
G1 X161.376 Y186.502 E1.13519
G1 X162.001 Y186.502 E.02638
G1 X142.997 Y167.498 E1.13519
G1 X143.621 Y167.498 E.02638
G1 X162.626 Y186.502 E1.13519
G1 X163.25 Y186.502 E.02638
G1 X144.246 Y167.498 E1.13519
G1 X144.871 Y167.498 E.02638
G1 X163.875 Y186.502 E1.13519
G1 X164.5 Y186.502 E.02638
G1 X145.495 Y167.498 E1.13519
G1 X146.12 Y167.498 E.02638
G1 X165.124 Y186.502 E1.13519
G1 X165.749 Y186.502 E.02638
G1 X146.745 Y167.498 E1.13519
G1 X147.369 Y167.498 E.02638
M73 P96 R1
G1 X166.374 Y186.502 E1.13519
G1 X166.998 Y186.502 E.02638
G1 X147.994 Y167.498 E1.13519
G1 X148.619 Y167.498 E.02638
G1 X167.623 Y186.502 E1.13519
G2 X168.226 Y186.481 I.178 J-3.457 E.02552
G1 X149.243 Y167.498 E1.1339
G1 X149.868 Y167.498 E.02638
G1 X168.695 Y186.325 E1.12461
G2 X169.054 Y186.059 I-.754 J-1.395 E.01893
G1 X150.493 Y167.498 E1.10874
G1 X151.117 Y167.498 E.02638
G1 X169.322 Y185.702 E1.0874
G2 X169.48 Y185.235 I-1.634 J-.813 E.02087
G1 X151.742 Y167.498 E1.05953
G1 X152.367 Y167.498 E.02638
G1 X169.502 Y184.633 E1.02356
G1 X169.502 Y184.009 E.02638
G1 X152.991 Y167.498 E.98624
G1 X153.616 Y167.498 E.02638
G1 X169.502 Y183.384 E.94893
G1 X169.502 Y182.759 E.02638
G1 X154.241 Y167.498 E.91162
G1 X154.865 Y167.498 E.02638
G1 X169.502 Y182.135 E.8743
G1 X169.502 Y181.51 E.02638
G1 X155.49 Y167.498 E.83699
G1 X156.115 Y167.498 E.02638
G1 X169.502 Y180.885 E.79968
G1 X169.502 Y180.261 E.02638
G1 X156.739 Y167.498 E.76236
G1 X157.364 Y167.498 E.02638
G1 X169.502 Y179.636 E.72505
G1 X169.502 Y179.011 E.02638
G1 X157.989 Y167.498 E.68773
G1 X158.613 Y167.498 E.02638
G1 X169.502 Y178.387 E.65042
G1 X169.502 Y177.762 E.02638
G1 X159.238 Y167.498 E.61311
G1 X159.863 Y167.498 E.02638
G1 X169.502 Y177.137 E.57579
G1 X169.502 Y176.513 E.02638
G1 X160.487 Y167.498 E.53848
G1 X161.112 Y167.498 E.02638
G1 X169.502 Y175.888 E.50116
G1 X169.502 Y175.263 E.02638
G1 X161.737 Y167.498 E.46385
G1 X162.362 Y167.498 E.02638
G1 X169.502 Y174.639 E.42654
G1 X169.502 Y174.014 E.02638
G1 X162.986 Y167.498 E.38922
G1 X163.611 Y167.498 E.02638
G1 X169.502 Y173.389 E.35191
G1 X169.502 Y172.764 E.02638
G1 X164.236 Y167.498 E.3146
G1 X164.86 Y167.498 E.02638
G1 X169.502 Y172.14 E.27728
G1 X169.502 Y171.515 E.02638
G1 X165.485 Y167.498 E.23997
G1 X166.11 Y167.498 E.02638
G1 X169.502 Y170.89 E.20265
G1 X169.502 Y170.266 E.02638
G1 X166.734 Y167.498 E.16534
G1 X167.359 Y167.498 E.02638
G1 X169.502 Y169.641 E.12803
G1 X169.502 Y169.016 E.02641
G1 X167.984 Y167.498 E.09065
G3 X168.954 Y167.843 I.007 J1.517 E.04435
G1 X169.619 Y168.509 E.03976
; stop printing object flowrate_15 id:0 copy 0
; printing object flowrate_20 id:0 copy 0
SET_VELOCITY_LIMIT ACCEL=10000 ACCEL_TO_DECEL=5000
G1 E-.5 F900
G1 Z2.2 F30000
G1 X126.899 Y167.443 Z2.2
G1 Z2
G1 E.5 F900
SET_VELOCITY_LIMIT ACCEL=5000 ACCEL_TO_DECEL=2500
;TYPE:Outer wall
;WIDTH:0.4
G1 F8401.487
G3 X127.8 Y169.009 I-.904 J1.562 E.06742
G1 X127.8 Y184.991 E.56945
G3 X125.991 Y186.8 I-1.818 J-.01 E.10108
G1 X90.009 Y186.8 E1.28204
G3 X88.2 Y184.991 I.01 J-1.818 E.10108
G1 X88.2 Y169.009 E.56945
G3 X90.009 Y167.2 I1.818 J.01 E.10108
G1 X125.991 Y167.2 E1.28204
G1 X126.312 Y167.228 E.01149
G3 X126.864 Y167.423 I-.317 J1.777 E.02095
SET_VELOCITY_LIMIT ACCEL=10000 ACCEL_TO_DECEL=5000
G1 E-.5 F900
G1 Z2.2 F30000
G1 X88.381 Y185.491 Z2.2
G1 Z2
G1 E.5 F900
SET_VELOCITY_LIMIT ACCEL=2000 ACCEL_TO_DECEL=1000
;TYPE:Top surface
;WIDTH:0.484632
G1 F6791.755
G1 X89.047 Y186.157 E.04152
G2 X90.016 Y186.502 I.963 J-1.172 E.04626
G1 X88.498 Y184.984 E.0946
G1 X88.498 Y184.359 E.02755
G1 X90.641 Y186.502 E.1336
G1 X91.266 Y186.502 E.02753
G1 X88.498 Y183.734 E.17254
G1 X88.498 Y183.109 E.02753
G1 X91.891 Y186.502 E.21147
G1 X92.515 Y186.502 E.02753
G1 X88.498 Y182.485 E.25041
G1 X88.498 Y181.86 E.02753
G1 X93.14 Y186.502 E.28935
G1 X93.765 Y186.502 E.02753
G1 X88.498 Y181.235 E.32828
G1 X88.498 Y180.611 E.02753
G1 X94.389 Y186.502 E.36722
G1 X95.014 Y186.502 E.02753
G1 X88.498 Y179.986 E.40615
G1 X88.498 Y179.361 E.02753
G1 X95.639 Y186.502 E.44509
G1 X96.263 Y186.502 E.02753
G1 X88.498 Y178.737 E.48403
G1 X88.498 Y178.112 E.02753
G1 X96.888 Y186.502 E.52296
G1 X97.513 Y186.502 E.02753
G1 X88.498 Y177.487 E.5619
G1 X88.498 Y176.863 E.02753
G1 X98.137 Y186.502 E.60083
G1 X98.762 Y186.502 E.02753
G1 X88.498 Y176.238 E.63977
G1 X88.498 Y175.613 E.02753
G1 X99.387 Y186.502 E.67871
G1 X100.011 Y186.502 E.02753
G1 X88.498 Y174.989 E.71764
G1 X88.498 Y174.364 E.02753
G1 X100.636 Y186.502 E.75658
G1 X101.261 Y186.502 E.02753
G1 X88.498 Y173.739 E.79552
G1 X88.498 Y173.115 E.02753
G1 X101.885 Y186.502 E.83445
G1 X102.51 Y186.502 E.02753
G1 X88.498 Y172.49 E.87339
G1 X88.498 Y171.865 E.02753
G1 X103.135 Y186.502 E.91232
G1 X103.759 Y186.502 E.02753
G1 X88.498 Y171.241 E.95126
G1 X88.498 Y170.616 E.02753
G1 X104.384 Y186.502 E.9902
G1 X105.009 Y186.502 E.02753
G1 X88.498 Y169.991 E1.02913
G1 X88.498 Y169.367 E.02753
G1 X105.633 Y186.502 E1.06807
G1 X106.258 Y186.502 E.02753
G1 X88.52 Y168.764 E1.1056
G3 X88.678 Y168.298 I1.793 J.347 E.02178
G1 X106.883 Y186.502 E1.13469
G1 X107.507 Y186.502 E.02753
G1 X88.946 Y167.941 E1.15695
G3 X89.305 Y167.675 I1.113 J1.13 E.01975
M73 P96 R0
G1 X108.132 Y186.502 E1.1735
G1 X108.757 Y186.502 E.02753
G1 X89.774 Y167.519 E1.1832
G3 X90.377 Y167.498 I.425 J3.435 E.02663
G1 X109.381 Y186.502 E1.18455
G1 X110.006 Y186.502 E.02753
G1 X91.002 Y167.498 E1.18455
G1 X91.626 Y167.498 E.02753
G1 X110.631 Y186.502 E1.18455
G1 X111.256 Y186.502 E.02753
G1 X92.251 Y167.498 E1.18455
G1 X92.876 Y167.498 E.02753
G1 X111.88 Y186.502 E1.18455
G1 X112.505 Y186.502 E.02753
G1 X93.5 Y167.498 E1.18455
G1 X94.125 Y167.498 E.02753
G1 X113.13 Y186.502 E1.18455
G1 X113.754 Y186.502 E.02753
G1 X94.75 Y167.498 E1.18455
G1 X95.375 Y167.498 E.02753
G1 X114.379 Y186.502 E1.18455
G1 X115.004 Y186.502 E.02753
G1 X95.999 Y167.498 E1.18455
G1 X96.624 Y167.498 E.02753
M73 P97 R0
G1 X115.628 Y186.502 E1.18455
G1 X116.253 Y186.502 E.02753
G1 X97.249 Y167.498 E1.18455
G1 X97.873 Y167.498 E.02753
G1 X116.878 Y186.502 E1.18455
G1 X117.502 Y186.502 E.02753
G1 X98.498 Y167.498 E1.18455
G1 X99.123 Y167.498 E.02753
G1 X118.127 Y186.502 E1.18455
G1 X118.752 Y186.502 E.02753
G1 X99.747 Y167.498 E1.18455
G1 X100.372 Y167.498 E.02753
G1 X119.376 Y186.502 E1.18455
G1 X120.001 Y186.502 E.02753
G1 X100.997 Y167.498 E1.18455
G1 X101.621 Y167.498 E.02753
G1 X120.626 Y186.502 E1.18455
G1 X121.25 Y186.502 E.02753
G1 X102.246 Y167.498 E1.18455
G1 X102.871 Y167.498 E.02753
G1 X121.875 Y186.502 E1.18455
G1 X122.5 Y186.502 E.02753
G1 X103.495 Y167.498 E1.18455
G1 X104.12 Y167.498 E.02753
G1 X123.124 Y186.502 E1.18455
G1 X123.749 Y186.502 E.02753
G1 X104.745 Y167.498 E1.18455
G1 X105.369 Y167.498 E.02753
G1 X124.374 Y186.502 E1.18455
G1 X124.998 Y186.502 E.02753
G1 X105.994 Y167.498 E1.18455
G1 X106.619 Y167.498 E.02753
G1 X125.623 Y186.502 E1.18455
G2 X126.226 Y186.481 I.178 J-3.457 E.02663
G1 X107.243 Y167.498 E1.1832
G1 X107.868 Y167.498 E.02753
G1 X126.695 Y186.325 E1.1735
G2 X127.054 Y186.059 I-.754 J-1.395 E.01975
G1 X108.493 Y167.498 E1.15695
G1 X109.117 Y167.498 E.02753
G1 X127.322 Y185.702 E1.13468
G2 X127.48 Y185.235 I-1.634 J-.813 E.02178
G1 X109.742 Y167.498 E1.10559
G1 X110.367 Y167.498 E.02753
G1 X127.502 Y184.633 E1.06806
G1 X127.502 Y184.009 E.02753
G1 X110.991 Y167.498 E1.02912
G1 X111.616 Y167.498 E.02753
G1 X127.502 Y183.384 E.99019
G1 X127.502 Y182.759 E.02753
G1 X112.241 Y167.498 E.95125
G1 X112.865 Y167.498 E.02753
G1 X127.502 Y182.135 E.91232
G1 X127.502 Y181.51 E.02753
G1 X113.49 Y167.498 E.87338
G1 X114.115 Y167.498 E.02753
G1 X127.502 Y180.885 E.83444
G1 X127.502 Y180.261 E.02753
G1 X114.739 Y167.498 E.79551
G1 X115.364 Y167.498 E.02753
G1 X127.502 Y179.636 E.75657
G1 X127.502 Y179.011 E.02753
G1 X115.989 Y167.498 E.71764
G1 X116.613 Y167.498 E.02753
G1 X127.502 Y178.387 E.6787
G1 X127.502 Y177.762 E.02753
G1 X117.238 Y167.498 E.63976
G1 X117.863 Y167.498 E.02753
G1 X127.502 Y177.137 E.60083
G1 X127.502 Y176.513 E.02753
G1 X118.487 Y167.498 E.56189
G1 X119.112 Y167.498 E.02753
G1 X127.502 Y175.888 E.52295
G1 X127.502 Y175.263 E.02753
G1 X119.737 Y167.498 E.48402
G1 X120.362 Y167.498 E.02753
G1 X127.502 Y174.639 E.44508
G1 X127.502 Y174.014 E.02753
G1 X120.986 Y167.498 E.40615
G1 X121.611 Y167.498 E.02753
G1 X127.502 Y173.389 E.36721
G1 X127.502 Y172.764 E.02753
G1 X122.236 Y167.498 E.32827
G1 X122.86 Y167.498 E.02753
G1 X127.502 Y172.14 E.28934
G1 X127.502 Y171.515 E.02753
G1 X123.485 Y167.498 E.2504
G1 X124.11 Y167.498 E.02753
G1 X127.502 Y170.89 E.21146
G1 X127.502 Y170.266 E.02753
G1 X124.734 Y167.498 E.17253
G1 X125.359 Y167.498 E.02753
G1 X127.502 Y169.641 E.13359
G1 X127.502 Y169.016 E.02755
G1 X125.984 Y167.498 E.09459
G3 X126.954 Y167.843 I.007 J1.517 E.04627
G1 X127.619 Y168.509 E.04149
; stop printing object flowrate_20 id:0 copy 0
; printing object flowrate_5 id:0 copy 0
SET_VELOCITY_LIMIT ACCEL=10000 ACCEL_TO_DECEL=5000
G1 E-.5 F900
G1 Z2.2 F30000
G1 X126.899 Y135.443 Z2.2
G1 Z2
G1 E.5 F900
SET_VELOCITY_LIMIT ACCEL=5000 ACCEL_TO_DECEL=2500
;TYPE:Outer wall
;WIDTH:0.4
G1 F9601.699
G3 X127.8 Y137.009 I-.904 J1.562 E.05899
G1 X127.8 Y152.991 E.49827
G3 X125.991 Y154.8 I-1.818 J-.01 E.08845
G1 X90.009 Y154.8 E1.12179
G3 X88.2 Y152.991 I.01 J-1.818 E.08845
G1 X88.2 Y137.009 E.49827
G3 X90.009 Y135.2 I1.818 J.01 E.08845
G1 X125.991 Y135.2 E1.12179
G1 X126.312 Y135.228 E.01005
G3 X126.864 Y135.423 I-.317 J1.777 E.01833
SET_VELOCITY_LIMIT ACCEL=10000 ACCEL_TO_DECEL=5000
G1 E-.5 F900
G1 Z2.2 F30000
G1 X88.381 Y153.491 Z2.2
G1 Z2
G1 E.5 F900
SET_VELOCITY_LIMIT ACCEL=2000 ACCEL_TO_DECEL=1000
;TYPE:Top surface
;WIDTH:0.484632
G1 F7762.006
G1 X89.047 Y154.157 E.03633
G2 X90.016 Y154.502 I.963 J-1.172 E.04047
G1 X88.498 Y152.984 E.08278
G1 X88.498 Y152.359 E.02411
G1 X90.641 Y154.502 E.1169
G1 X91.266 Y154.502 E.02409
G1 X88.498 Y151.734 E.15097
G1 X88.498 Y151.109 E.02409
G1 X91.891 Y154.502 E.18504
G1 X92.515 Y154.502 E.02409
G1 X88.498 Y150.485 E.21911
G1 X88.498 Y149.86 E.02409
G1 X93.14 Y154.502 E.25318
G1 X93.765 Y154.502 E.02409
G1 X88.498 Y149.235 E.28725
G1 X88.498 Y148.611 E.02409
G1 X94.389 Y154.502 E.32132
G1 X95.014 Y154.502 E.02409
G1 X88.498 Y147.986 E.35538
G1 X88.498 Y147.361 E.02409
G1 X95.639 Y154.502 E.38945
G1 X96.263 Y154.502 E.02409
G1 X88.498 Y146.737 E.42352
G1 X88.498 Y146.112 E.02409
G1 X96.888 Y154.502 E.45759
G1 X97.513 Y154.502 E.02409
G1 X88.498 Y145.487 E.49166
G1 X88.498 Y144.863 E.02409
G1 X98.137 Y154.502 E.52573
G1 X98.762 Y154.502 E.02409
G1 X88.498 Y144.238 E.5598
G1 X88.498 Y143.613 E.02409
G1 X99.387 Y154.502 E.59387
G1 X100.011 Y154.502 E.02409
G1 X88.498 Y142.989 E.62794
G1 X88.498 Y142.364 E.02409
G1 X100.636 Y154.502 E.66201
G1 X101.261 Y154.502 E.02409
G1 X88.498 Y141.739 E.69608
G1 X88.498 Y141.115 E.02409
G1 X101.885 Y154.502 E.73015
G1 X102.51 Y154.502 E.02409
G1 X88.498 Y140.49 E.76421
G1 X88.498 Y139.865 E.02409
G1 X103.135 Y154.502 E.79828
G1 X103.759 Y154.502 E.02409
G1 X88.498 Y139.241 E.83235
G1 X88.498 Y138.616 E.02409
G1 X104.384 Y154.502 E.86642
G1 X105.009 Y154.502 E.02409
G1 X88.498 Y137.991 E.90049
G1 X88.498 Y137.367 E.02409
G1 X105.633 Y154.502 E.93456
G1 X106.258 Y154.502 E.02409
G1 X88.52 Y136.764 E.9674
G3 X88.678 Y136.298 I1.793 J.347 E.01906
M73 P98 R0
G1 X106.883 Y154.502 E.99285
G1 X107.507 Y154.502 E.02409
G1 X88.946 Y135.941 E1.01233
G3 X89.305 Y135.675 I1.113 J1.129 E.01728
G1 X108.132 Y154.502 E1.02682
G1 X108.757 Y154.502 E.02409
G1 X89.774 Y135.519 E1.0353
G3 X90.377 Y135.498 I.425 J3.435 E.0233
G1 X109.381 Y154.502 E1.03648
G1 X110.006 Y154.502 E.02409
G1 X91.002 Y135.498 E1.03648
G1 X91.626 Y135.498 E.02409
G1 X110.631 Y154.502 E1.03648
G1 X111.256 Y154.502 E.02409
G1 X92.251 Y135.498 E1.03648
G1 X92.876 Y135.498 E.02409
G1 X111.88 Y154.502 E1.03648
G1 X112.505 Y154.502 E.02409
G1 X93.5 Y135.498 E1.03648
G1 X94.125 Y135.498 E.02409
G1 X113.13 Y154.502 E1.03648
G1 X113.754 Y154.502 E.02409
G1 X94.75 Y135.498 E1.03648
G1 X95.375 Y135.498 E.02409
G1 X114.379 Y154.502 E1.03648
G1 X115.004 Y154.502 E.02409
G1 X95.999 Y135.498 E1.03648
G1 X96.624 Y135.498 E.02409
G1 X115.628 Y154.502 E1.03648
G1 X116.253 Y154.502 E.02409
G1 X97.249 Y135.498 E1.03648
G1 X97.873 Y135.498 E.02409
G1 X116.878 Y154.502 E1.03648
G1 X117.502 Y154.502 E.02409
G1 X98.498 Y135.498 E1.03648
G1 X99.123 Y135.498 E.02409
G1 X118.127 Y154.502 E1.03648
G1 X118.752 Y154.502 E.02409
G1 X99.747 Y135.498 E1.03648
G1 X100.372 Y135.498 E.02409
G1 X119.376 Y154.502 E1.03648
G1 X120.001 Y154.502 E.02409
G1 X100.997 Y135.498 E1.03648
G1 X101.621 Y135.498 E.02409
G1 X120.626 Y154.502 E1.03648
G1 X121.25 Y154.502 E.02409
G1 X102.246 Y135.498 E1.03648
G1 X102.871 Y135.498 E.02409
G1 X121.875 Y154.502 E1.03648
G1 X122.5 Y154.502 E.02409
G1 X103.495 Y135.498 E1.03648
G1 X104.12 Y135.498 E.02409
G1 X123.124 Y154.502 E1.03648
G1 X123.749 Y154.502 E.02409
G1 X104.745 Y135.498 E1.03648
G1 X105.369 Y135.498 E.02409
G1 X124.374 Y154.502 E1.03648
G1 X124.998 Y154.502 E.02409
G1 X105.994 Y135.498 E1.03648
G1 X106.619 Y135.498 E.02409
G1 X125.623 Y154.502 E1.03648
G2 X126.226 Y154.481 I.178 J-3.457 E.0233
G1 X107.243 Y135.498 E1.0353
G1 X107.868 Y135.498 E.02409
G1 X126.695 Y154.325 E1.02681
G2 X127.054 Y154.059 I-.754 J-1.395 E.01728
G1 X108.493 Y135.498 E1.01233
G1 X109.117 Y135.498 E.02409
G1 X127.322 Y153.702 E.99285
G2 X127.48 Y153.235 I-1.634 J-.813 E.01906
G1 X109.742 Y135.498 E.9674
G1 X110.367 Y135.498 E.02409
G1 X127.502 Y152.633 E.93455
G1 X127.502 Y152.009 E.02409
G1 X110.991 Y135.498 E.90048
G1 X111.616 Y135.498 E.02409
G1 X127.502 Y151.384 E.86642
G1 X127.502 Y150.759 E.02409
G1 X112.241 Y135.498 E.83235
G1 X112.865 Y135.498 E.02409
G1 X127.502 Y150.135 E.79828
G1 X127.502 Y149.51 E.02409
G1 X113.49 Y135.498 E.76421
G1 X114.115 Y135.498 E.02409
G1 X127.502 Y148.885 E.73014
G1 X127.502 Y148.261 E.02409
G1 X114.739 Y135.498 E.69607
G1 X115.364 Y135.498 E.02409
G1 X127.502 Y147.636 E.662
G1 X127.502 Y147.011 E.02409
G1 X115.989 Y135.498 E.62793
G1 X116.613 Y135.498 E.02409
G1 X127.502 Y146.387 E.59386
G1 X127.502 Y145.762 E.02409
G1 X117.238 Y135.498 E.55979
G1 X117.863 Y135.498 E.02409
G1 X127.502 Y145.137 E.52572
G1 X127.502 Y144.513 E.02409
G1 X118.487 Y135.498 E.49165
G1 X119.112 Y135.498 E.02409
G1 X127.502 Y143.888 E.45758
G1 X127.502 Y143.263 E.02409
G1 X119.737 Y135.498 E.42352
G1 X120.362 Y135.498 E.02409
G1 X127.502 Y142.639 E.38945
G1 X127.502 Y142.014 E.02409
G1 X120.986 Y135.498 E.35538
G1 X121.611 Y135.498 E.02409
G1 X127.502 Y141.389 E.32131
G1 X127.502 Y140.764 E.02409
G1 X122.236 Y135.498 E.28724
G1 X122.86 Y135.498 E.02409
G1 X127.502 Y140.14 E.25317
G1 X127.502 Y139.515 E.02409
G1 X123.485 Y135.498 E.2191
G1 X124.11 Y135.498 E.02409
G1 X127.502 Y138.89 E.18503
G1 X127.502 Y138.266 E.02409
G1 X124.734 Y135.498 E.15096
G1 X125.359 Y135.498 E.02409
G1 X127.502 Y137.641 E.11689
G1 X127.502 Y137.016 E.02411
G1 X125.984 Y135.498 E.08277
G3 X126.954 Y135.843 I.007 J1.517 E.04049
G1 X127.619 Y136.509 E.03631
; stop printing object flowrate_5 id:0 copy 0
; printing object flowrate_m20 id:279172874362 copy 0
SET_VELOCITY_LIMIT ACCEL=10000 ACCEL_TO_DECEL=5000
G1 E-.5 F900
G1 Z2.2 F30000
G1 X126.899 Y103.443 Z2.2
G1 Z2
G1 E.5 F900
SET_VELOCITY_LIMIT ACCEL=5000 ACCEL_TO_DECEL=2500
;TYPE:Outer wall
;WIDTH:0.4
G1 F12000
G3 X127.8 Y105.009 I-.904 J1.562 E.04494
G1 X127.8 Y120.991 E.37963
G3 X125.991 Y122.8 I-1.818 J-.01 E.06739
G1 X90.009 Y122.8 E.85469
G3 X88.2 Y120.991 I.01 J-1.818 E.06739
G1 X88.2 Y105.009 E.37963
G3 X90.009 Y103.2 I1.818 J.01 E.06739
G1 X125.991 Y103.2 E.85469
G1 X126.312 Y103.228 E.00766
G3 X126.864 Y103.423 I-.317 J1.777 E.01397
SET_VELOCITY_LIMIT ACCEL=10000 ACCEL_TO_DECEL=5000
G1 E-.5 F900
G1 Z2.2 F30000
G1 X88.381 Y121.491 Z2.2
G1 Z2
G1 E.5 F900
SET_VELOCITY_LIMIT ACCEL=2000 ACCEL_TO_DECEL=1000
;TYPE:Top surface
;WIDTH:0.484632
G1 F8220
G1 X89.047 Y122.157 E.02768
G2 X90.016 Y122.502 I.963 J-1.172 E.03084
G1 X88.498 Y120.984 E.06307
G1 X88.498 Y120.359 E.01837
G1 X90.641 Y122.502 E.08907
G1 X91.266 Y122.502 E.01835
G1 X88.498 Y119.734 E.11502
G1 X88.498 Y119.109 E.01835
G1 X91.891 Y122.502 E.14098
G1 X92.515 Y122.502 E.01835
G1 X88.498 Y118.485 E.16694
G1 X88.498 Y117.86 E.01835
G1 X93.14 Y122.502 E.1929
G1 X93.765 Y122.502 E.01835
G1 X88.498 Y117.235 E.21885
G1 X88.498 Y116.611 E.01835
G1 X94.389 Y122.502 E.24481
G1 X95.014 Y122.502 E.01835
G1 X88.498 Y115.986 E.27077
G1 X88.498 Y115.361 E.01835
G1 X95.639 Y122.502 E.29673
G1 X96.263 Y122.502 E.01835
G1 X88.498 Y114.737 E.32268
G1 X88.498 Y114.112 E.01835
G1 X96.888 Y122.502 E.34864
G1 X97.513 Y122.502 E.01835
G1 X88.498 Y113.487 E.3746
G1 X88.498 Y112.863 E.01835
M73 P99 R0
G1 X98.137 Y122.502 E.40056
G1 X98.762 Y122.502 E.01835
G1 X88.498 Y112.238 E.42651
G1 X88.498 Y111.613 E.01835
G1 X99.387 Y122.502 E.45247
G1 X100.011 Y122.502 E.01835
G1 X88.498 Y110.989 E.47843
G1 X88.498 Y110.364 E.01835
G1 X100.636 Y122.502 E.50439
G1 X101.261 Y122.502 E.01835
G1 X88.498 Y109.739 E.53034
G1 X88.498 Y109.115 E.01835
G1 X101.885 Y122.502 E.5563
G1 X102.51 Y122.502 E.01835
G1 X88.498 Y108.49 E.58226
G1 X88.498 Y107.865 E.01835
G1 X103.135 Y122.502 E.60822
G1 X103.759 Y122.502 E.01835
G1 X88.498 Y107.241 E.63417
G1 X88.498 Y106.616 E.01835
G1 X104.384 Y122.502 E.66013
G1 X105.009 Y122.502 E.01835
G1 X88.498 Y105.991 E.68609
G1 X88.498 Y105.367 E.01835
G1 X105.633 Y122.502 E.71205
G1 X106.258 Y122.502 E.01835
G1 X88.52 Y104.764 E.73707
G3 X88.678 Y104.298 I1.793 J.347 E.01452
G1 X106.883 Y122.502 E.75646
G1 X107.507 Y122.502 E.01835
G1 X88.946 Y103.941 E.7713
G3 X89.305 Y103.675 I1.113 J1.13 E.01317
G1 X108.132 Y122.502 E.78234
G1 X108.757 Y122.502 E.01835
G1 X89.774 Y103.519 E.7888
G3 X90.377 Y103.498 I.425 J3.435 E.01775
G1 X109.381 Y122.502 E.7897
G1 X110.006 Y122.502 E.01835
G1 X91.002 Y103.498 E.7897
G1 X91.626 Y103.498 E.01835
G1 X110.631 Y122.502 E.7897
G1 X111.256 Y122.502 E.01835
G1 X92.251 Y103.498 E.7897
G1 X92.876 Y103.498 E.01835
G1 X111.88 Y122.502 E.7897
G1 X112.505 Y122.502 E.01835
G1 X93.5 Y103.498 E.7897
G1 X94.125 Y103.498 E.01835
G1 X113.13 Y122.502 E.7897
G1 X113.754 Y122.502 E.01835
G1 X94.75 Y103.498 E.7897
G1 X95.375 Y103.498 E.01835
G1 X114.379 Y122.502 E.7897
G1 X115.004 Y122.502 E.01835
G1 X95.999 Y103.498 E.7897
G1 X96.624 Y103.498 E.01835
G1 X115.628 Y122.502 E.7897
G1 X116.253 Y122.502 E.01835
G1 X97.249 Y103.498 E.7897
G1 X97.873 Y103.498 E.01835
G1 X116.878 Y122.502 E.7897
G1 X117.502 Y122.502 E.01835
G1 X98.498 Y103.498 E.7897
G1 X99.123 Y103.498 E.01835
G1 X118.127 Y122.502 E.7897
G1 X118.752 Y122.502 E.01835
G1 X99.747 Y103.498 E.7897
G1 X100.372 Y103.498 E.01835
G1 X119.376 Y122.502 E.7897
G1 X120.001 Y122.502 E.01835
G1 X100.997 Y103.498 E.7897
G1 X101.621 Y103.498 E.01835
G1 X120.626 Y122.502 E.7897
G1 X121.25 Y122.502 E.01835
G1 X102.246 Y103.498 E.7897
G1 X102.871 Y103.498 E.01835
G1 X121.875 Y122.502 E.7897
G1 X122.5 Y122.502 E.01835
G1 X103.495 Y103.498 E.7897
G1 X104.12 Y103.498 E.01835
G1 X123.124 Y122.502 E.7897
G1 X123.749 Y122.502 E.01835
G1 X104.745 Y103.498 E.7897
G1 X105.369 Y103.498 E.01835
G1 X124.374 Y122.502 E.7897
G1 X124.998 Y122.502 E.01835
G1 X105.994 Y103.498 E.7897
G1 X106.619 Y103.498 E.01835
G1 X125.623 Y122.502 E.7897
G2 X126.226 Y122.481 I.178 J-3.457 E.01775
G1 X107.243 Y103.498 E.7888
G1 X107.868 Y103.498 E.01835
G1 X126.695 Y122.325 E.78233
G2 X127.054 Y122.059 I-.754 J-1.395 E.01317
G1 X108.493 Y103.498 E.7713
G1 X109.117 Y103.498 E.01835
G1 X127.322 Y121.702 E.75645
G2 X127.48 Y121.235 I-1.634 J-.813 E.01452
G1 X109.742 Y103.498 E.73706
G1 X110.367 Y103.498 E.01835
G1 X127.502 Y120.633 E.71204
G1 X127.502 Y120.009 E.01835
G1 X110.991 Y103.498 E.68608
G1 X111.616 Y103.498 E.01835
G1 X127.502 Y119.384 E.66013
G1 X127.502 Y118.759 E.01835
G1 X112.241 Y103.498 E.63417
G1 X112.865 Y103.498 E.01835
G1 X127.502 Y118.135 E.60821
G1 X127.502 Y117.51 E.01835
G1 X113.49 Y103.498 E.58225
G1 X114.115 Y103.498 E.01835
G1 X127.502 Y116.885 E.5563
G1 X127.502 Y116.261 E.01835
G1 X114.739 Y103.498 E.53034
G1 X115.364 Y103.498 E.01835
G1 X127.502 Y115.636 E.50438
G1 X127.502 Y115.011 E.01835
G1 X115.989 Y103.498 E.47842
G1 X116.613 Y103.498 E.01835
G1 X127.502 Y114.387 E.45247
G1 X127.502 Y113.762 E.01835
G1 X117.238 Y103.498 E.42651
G1 X117.863 Y103.498 E.01835
G1 X127.502 Y113.137 E.40055
G1 X127.502 Y112.513 E.01835
G1 X118.487 Y103.498 E.37459
G1 X119.112 Y103.498 E.01835
G1 X127.502 Y111.888 E.34864
G1 X127.502 Y111.263 E.01835
G1 X119.737 Y103.498 E.32268
G1 X120.362 Y103.498 E.01835
G1 X127.502 Y110.639 E.29672
G1 X127.502 Y110.014 E.01835
G1 X120.986 Y103.498 E.27076
G1 X121.611 Y103.498 E.01835
G1 X127.502 Y109.389 E.24481
G1 X127.502 Y108.764 E.01835
G1 X122.236 Y103.498 E.21885
G1 X122.86 Y103.498 E.01835
G1 X127.502 Y108.14 E.19289
G1 X127.502 Y107.515 E.01835
G1 X123.485 Y103.498 E.16693
G1 X124.11 Y103.498 E.01835
G1 X127.502 Y106.89 E.14098
G1 X127.502 Y106.266 E.01835
G1 X124.734 Y103.498 E.11502
G1 X125.359 Y103.498 E.01835
G1 X127.502 Y105.641 E.08906
G1 X127.502 Y105.016 E.01837
G1 X125.984 Y103.498 E.06306
G3 X126.954 Y103.843 I.007 J1.517 E.03085
G1 X127.619 Y104.509 E.02766
; stop printing object flowrate_m20 id:279172874362 copy 0
G1 E-.5 F900
M106 S0
;TYPE:Custom
; filament end gcode
G1 F1200 E-5
M400
M104 S0 T1
M106 S0
M140 S0
M141 S0
M400
G90
M73 P100 R0
; EXECUTABLE_BLOCK_END

; filament used [mm] = 4999.60
; filament used [cm3] = 12.03
; filament used [g] = 14.55
; filament cost = 0.28
; total filament used [g] = 14.55
; total filament cost = 0.28
; total layers count = 10
; estimated printing time (normal mode) = 30m 57s
; estimated first layer printing time (normal mode) = 2s

; CONFIG_BLOCK_START
; accel_to_decel_enable = 1
; accel_to_decel_factor = 50%
; activate_air_filtration = 0
; activate_air_filtration_during_print = 1
; activate_air_filtration_on_completion = 1
; activate_chamber_temp_control = 0
; adaptive_bed_mesh_margin = 0
; adaptive_pressure_advance = 0
; adaptive_pressure_advance_bridges = 0
; adaptive_pressure_advance_model = "0,0,0\n0,0,0"
; adaptive_pressure_advance_overhangs = 0
; additional_cooling_fan_speed = 70
; additional_fan_full_speed_layer = 0
; align_infill_direction_to_model = 0
; alternate_extra_wall = 0
; auxiliary_fan = 0
; bbl_calib_mark_logo = 1
; bbl_use_printhost = 0
; bed_custom_model = 
; bed_custom_texture = 
; bed_exclude_area = 0x0
; bed_mesh_max = 99999,99999
; bed_mesh_min = -99999,-99999
; bed_mesh_probe_distance = 50,50
; bed_temperature_formula = by_highest_temp
; before_layer_change_gcode = ;BEFORE_LAYER_CHANGE\n;[layer_z]\nG92 E0\n
; best_object_pos = 0.5,0.5
; bottom_shell_layers = 3
; bottom_shell_thickness = 0
; bottom_solid_infill_flow_ratio = 1
; bottom_surface_density = 100%
; bottom_surface_filament_id = 0
; bottom_surface_pattern = monotonic
; bridge_acceleration = 50%
; bridge_angle = 0
; bridge_density = 100%
; bridge_flow = 1
; bridge_line_width = 100%
; bridge_no_support = 0
; bridge_speed = 50
; brim_ears_detection_length = 1
; brim_ears_max_angle = 125
; brim_flow_ratio = 1
; brim_object_gap = 0.1
; brim_type = auto_brim
; brim_use_efc_outline = 0
; brim_width = 5
; calib_flowrate_topinfill_special_order = 0
; chamber_minimal_temperature = 0
; chamber_temperature = 0
; change_extrusion_role_gcode = 
; change_filament_gcode = 
; close_additional_fan_first_x_layers = 1
; close_fan_the_first_x_layers = 1
; combine_brims = 0
; complete_print_exhaust_fan_speed = 70
; cool_plate_temp = 35
; cool_plate_temp_initial_layer = 35
; cooling_tube_length = 5
; cooling_tube_retraction = 91.5
; counterbore_hole_bridging = none
; curr_bed_type = High Temp Plate
; default_acceleration = 10000
; default_bed_type = 
; default_filament_colour = ""
; default_filament_profile = "Generic PLA @System"
; default_jerk = 0
; default_junction_deviation = 0
; default_nozzle_volume_type = Standard
; default_print_profile = 0.20mm Standard @MyKlipper
; deretraction_speed = 15
; detect_narrow_internal_solid_infill = 1
; detect_overhang_wall = 1
; detect_thin_wall = 0
; different_settings_to_system = ;compatible_printers;nozzle_temperature;nozzle_temperature_initial_layer;
; disable_m73 = 0
; dont_filter_internal_bridges = disabled
; dont_slow_down_outer_wall = 0
; draft_shield = disabled
; during_print_exhaust_fan_speed = 70
; elefant_foot_compensation = 0
; elefant_foot_compensation_layers = 1
; elefant_foot_layers_density = 100%
; emit_machine_limits_to_gcode = 1
; enable_arc_fitting = 1
; enable_extra_bridge_layer = disabled
; enable_filament_ramming = 0
; enable_long_retraction_when_cut = 0
; enable_overhang_bridge_fan = 1
; enable_overhang_speed = 1
; enable_power_loss_recovery = printer_configuration
; enable_pressure_advance = 0
; enable_prime_tower = 0
; enable_support = 0
; enable_tower_interface_cooldown_during_tower = 0
; enable_tower_interface_features = 0
; enable_wrapping_detection = 0
; enforce_support_layers = 0
; eng_plate_temp = 0
; eng_plate_temp_initial_layer = 0
; ensure_vertical_shell_thickness = ensure_all
; exclude_object = 0
; extra_loading_move = -2
; extra_perimeters_on_overhangs = 0
; extra_solid_infills = 
; extruder_ams_count = 1#0|4#0;1#0|4#0
; extruder_clearance_height_to_lid = 140
; extruder_clearance_height_to_rod = 36
; extruder_clearance_radius = 65
; extruder_colour = #EDEDED
; extruder_offset = 0x0
; extruder_printable_area = 
; extruder_printable_height = 0
; extruder_type = Direct Drive
; extruder_variant_list = "Direct Drive Standard"
; extrusion_rate_smoothing_external_perimeter_only = 0
; fan_cooling_layer_time = 100
; fan_kickstart = 0
; fan_max_speed = 100
; fan_min_speed = 100
; fan_speedup_overhangs = 1
; fan_speedup_time = 0
; filament_adaptive_volumetric_speed = 0
; filament_adhesiveness_category = 0
; filament_change_extrusion_role_gcode = ""
; filament_change_length = 10
; filament_colour = #EDEDED
; filament_colour_type = 1
; filament_cooling_before_tower = 10
; filament_cooling_final_speed = 3.4
; filament_cooling_initial_speed = 2.2
; filament_cooling_moves = 4
; filament_cost = 18.99
; filament_density = 1.21
; filament_diameter = 1.75
; filament_end_gcode = "; filament end gcode\n"
; filament_extruder_variant = "Direct Drive Standard"
; filament_flow_ratio = 1
; filament_flush_temp = 0
; filament_flush_volumetric_speed = 0
; filament_ids = OGFSNL04
; filament_is_support = 0
; filament_loading_speed = 28
; filament_loading_speed_start = 3
; filament_long_retractions_when_cut = 1
; filament_map = 1
; filament_map_mode = Auto For Flush
; filament_max_volumetric_speed = 12
; filament_minimal_purge_on_wipe_tower = 15
; filament_multi_colour = #EDEDED
; filament_multitool_ramming = 0
; filament_multitool_ramming_flow = 10
; filament_multitool_ramming_volume = 10
; filament_notes = ""
; filament_printable = 3
; filament_ramming_parameters = "120 100 6.6 6.8 7.2 7.6 7.9 8.2 8.7 9.4 9.9 10.0| 0.05 6.6 0.45 6.8 0.95 7.8 1.45 8.3 1.95 9.7 2.45 10 2.95 7.6 3.45 7.6 3.95 7.6 4.45 7.6 4.95 7.6"
; filament_retraction_distances_when_cut = 18
; filament_self_index = 1
; filament_settings_id = "SUNLU PLA+ 2.0 @System - Loom T1"
; filament_shrink = 100%
; filament_shrinkage_compensation_z = 100%
; filament_soluble = 0
; filament_stamping_distance = 0
; filament_stamping_loading_speed = 0
; filament_start_gcode = "; Filament gcode\n"
; filament_toolchange_delay = 0
; filament_tower_interface_pre_extrusion_dist = 10
; filament_tower_interface_pre_extrusion_length = 0
; filament_tower_interface_print_temp = -1
; filament_tower_interface_purge_volume = 20
; filament_tower_ironing_area = 4
; filament_type = PLA
; filament_unloading_speed = 90
; filament_unloading_speed_start = 100
; filament_vendor = SUNLU
; file_start_gcode = 
; filename_format = {input_filename_base}_{filament_type[0]}_{print_time}.gcode
; fill_multiline = 1
; filter_out_gap_fill = 0
; first_layer_flow_ratio = 1
; first_layer_print_sequence = 0
; first_x_layer_fan_speed = 0
; flashforge_serial_number = 
; flush_into_infill = 0
; flush_into_objects = 0
; flush_into_support = 1
; flush_multiplier = 0.3
; flush_volumes_matrix = 0
; flush_volumes_vector = 140,140
; full_fan_speed_layer = 0
; fuzzy_skin = disabled_fuzzy
; fuzzy_skin_first_layer = 0
; fuzzy_skin_layers_between_ripple_offset = 1
; fuzzy_skin_mode = displacement
; fuzzy_skin_noise_type = classic
; fuzzy_skin_octaves = 4
; fuzzy_skin_persistence = 0.5
; fuzzy_skin_point_distance = 0.3
; fuzzy_skin_ripple_offset = 50%
; fuzzy_skin_ripples_per_layer = 15
; fuzzy_skin_scale = 1
; fuzzy_skin_thickness = 0.2
; gap_fill_flow_ratio = 1
; gap_fill_target = nowhere
; gap_infill_speed = 250
; gcode_add_line_number = 0
; gcode_comments = 0
; gcode_flavor = klipper
; gcode_label_objects = 1
; grab_length = 0
; gyroid_optimized = 0
; has_scarf_joint_seam = 0
; head_wrap_detect_zone = 
; high_current_on_filament_swap = 0
; hole_to_polyhole = 0
; hole_to_polyhole_threshold = 0.01
; hole_to_polyhole_twisted = 1
; host_type = moonraker
; hot_plate_temp = 55
; hot_plate_temp_initial_layer = 55
; idle_temperature = 0
; independent_support_layer_height = 1
; infill_anchor = 400%
; infill_anchor_max = 20
; infill_combination = 0
; infill_combination_max_layer_height = 100%
; infill_direction = 45
; infill_jerk = 9
; infill_lock_depth = 1
; infill_overhang_angle = 60
; infill_shift_step = 0.4
; infill_wall_overlap = 15%
; inherits_group = ;"SUNLU PLA+ 2.0 @System";
; initial_layer_acceleration = 500
; initial_layer_infill_speed = 105
; initial_layer_jerk = 9
; initial_layer_line_width = 0.4
; initial_layer_min_bead_width = 85%
; initial_layer_print_height = 0.2
; initial_layer_speed = 50
; initial_layer_travel_acceleration = 100%
; initial_layer_travel_jerk = 100%
; initial_layer_travel_speed = 100%
; inner_wall_acceleration = 10000
; inner_wall_filament_id = 0
; inner_wall_flow_ratio = 1
; inner_wall_jerk = 9
; inner_wall_line_width = 0.4
; inner_wall_speed = 300
; input_shaping_damp_x = 0.1
; input_shaping_damp_y = 0.1
; input_shaping_emit = 0
; input_shaping_freq_x = 0
; input_shaping_freq_y = 0
; input_shaping_type = Default
; interface_shells = 0
; interlocking_beam = 0
; interlocking_beam_layer_count = 2
; interlocking_beam_width = 0.8
; interlocking_boundary_avoidance = 2
; interlocking_depth = 2
; interlocking_orientation = 22.5
; internal_bridge_angle = 0
; internal_bridge_density = 100%
; internal_bridge_fan_speed = -1
; internal_bridge_flow = 1
; internal_bridge_speed = 150%
; internal_solid_filament_id = 0
; internal_solid_infill_acceleration = 100%
; internal_solid_infill_flow_ratio = 1
; internal_solid_infill_line_width = 0.4
; internal_solid_infill_pattern = monotonic
; internal_solid_infill_speed = 250
; ironing_angle = 0
; ironing_angle_fixed = 0
; ironing_expansion = 0
; ironing_fan_speed = -1
; ironing_flow = 10%
; ironing_inset = 0
; ironing_pattern = rectilinear
; ironing_spacing = 0.15
; ironing_speed = 30
; ironing_type = no ironing
; is_infill_first = 0
; lateral_lattice_angle_1 = -45
; lateral_lattice_angle_2 = 45
; layer_change_gcode = ;AFTER_LAYER_CHANGE\n;[layer_z]\nSET_PRINT_STATS_INFO CURRENT_LAYER={layer_num + 1}
; layer_height = 0.2
; lightning_overhang_angle = 45
; lightning_prune_angle = 45
; lightning_straightening_angle = 45
; line_width = 0.4
; long_retractions_when_cut = 0
; long_retractions_when_ec = 0
; machine_end_gcode = G1 F1200 E-5\nM400\nM104 S0 T1\nM106 S0\nM140 S0\nM141 S0\nM400\nG90
; machine_load_filament_time = 0
; machine_max_acceleration_e = 5000,5000
; machine_max_acceleration_extruding = 10000,20000
; machine_max_acceleration_retracting = 5000,5000
; machine_max_acceleration_travel = 20000,20000
; machine_max_acceleration_x = 10000,20000
; machine_max_acceleration_y = 10000,20000
; machine_max_acceleration_z = 500,200
; machine_max_jerk_e = 2.5,2.5
; machine_max_jerk_x = 9,9
; machine_max_jerk_y = 9,9
; machine_max_jerk_z = 0.2,0.4
; machine_max_junction_deviation = 0.01
; machine_max_speed_e = 25,25
; machine_max_speed_x = 500,200
; machine_max_speed_y = 500,200
; machine_max_speed_z = 12,12
; machine_min_extruding_rate = 0,0
; machine_min_travel_rate = 0,0
; machine_pause_gcode = PAUSE
; machine_start_gcode = SET_PRINT_STATS_INFO TOTAL_LAYER={total_layer_count}\nSET_PRESSURE_ADVANCE EXTRUDER=extruder1 SMOOTH_TIME=0.04\nSET_PRESSURE_ADVANCE EXTRUDER=extruder1 ADVANCE=0.03\nSET_VELOCITY_LIMIT MINIMUM_CRUISE_RATIO=0.6\nM104 S[nozzle_temperature_initial_layer] T1\nM140 S[bed_temperature_initial_layer_single]\nM141 S0\nG21\nG90\nM83\nG92 E0\nG0 Z10 F900\nM190 S[bed_temperature_initial_layer_single]\nM191 S0\nM400\nM109 S[nozzle_temperature_initial_layer] T1\nT1 R ; FibreSeek macro: switch to right nozzle, apply offsets + mesh offset\nMOVE_TO_BRUSH_STATION\nCLEAN_NOZZLE\nMOVE_OUT_BRUSH_STATION\nG92 E0
; machine_tool_change_time = 0
; machine_unload_filament_time = 0
; make_overhang_printable = 0
; make_overhang_printable_angle = 55
; make_overhang_printable_hole_size = 0
; manual_filament_change = 0
; master_extruder_id = 1
; max_bridge_length = 10
; max_layer_height = 0.32
; max_resonance_avoidance_speed = 120
; max_travel_detour_distance = 0
; max_volumetric_extrusion_rate_slope = 0
; max_volumetric_extrusion_rate_slope_segment_length = 3
; min_bead_width = 85%
; min_feature_size = 25%
; min_layer_height = 0.08
; min_length_factor = 0.5
; min_resonance_avoidance_speed = 70
; min_skirt_length = 0
; min_width_top_surface = 300%
; minimum_sparse_infill_area = 15
; mmu_segmented_region_interlocking_depth = 0
; mmu_segmented_region_max_width = 0
; notes = 
; nozzle_diameter = 0.4
; nozzle_flush_dataset = 0
; nozzle_height = 2.5
; nozzle_hrc = 0
; nozzle_temperature = 205
; nozzle_temperature_initial_layer = 210
; nozzle_temperature_range_high = 240
; nozzle_temperature_range_low = 190
; nozzle_type = hardened_steel
; nozzle_volume = 0
; nozzle_volume_type = Standard
; only_one_wall_first_layer = 0
; only_one_wall_top = 1
; ooze_prevention = 0
; other_layers_print_sequence = 0
; other_layers_print_sequence_nums = 0
; outer_wall_acceleration = 5000
; outer_wall_filament_id = 0
; outer_wall_flow_ratio = 1
; outer_wall_jerk = 9
; outer_wall_line_width = 0.4
; outer_wall_speed = 200
; overhang_1_4_speed = 0
; overhang_2_4_speed = 50
; overhang_3_4_speed = 30
; overhang_4_4_speed = 10
; overhang_fan_speed = 100
; overhang_fan_threshold = 50%
; overhang_flow_ratio = 1
; overhang_reverse = 0
; overhang_reverse_internal_only = 0
; overhang_reverse_threshold = 50%
; parallel_printheads_bed_exclude_areas = 
; parallel_printheads_count = 1
; parking_pos_retraction = 92
; part_cooling_fan_min_pwm = 0
; pellet_flow_coefficient = 0.4157
; pellet_modded_printer = 0
; physical_extruder_map = 0
; post_process = 
; precise_outer_wall = 1
; precise_z_height = 0
; preferred_orientation = 0
; preheat_steps = 1
; preheat_time = 30
; pressure_advance = 0.02
; prime_tower_brim_width = 3
; prime_tower_enable_framework = 0
; prime_tower_flat_ironing = 0
; prime_tower_infill_gap = 150%
; prime_tower_skip_points = 1
; prime_tower_width = 35
; prime_volume = 45
; print_compatible_printers = "Loom P1 0.4 nozzle"
; print_extruder_id = 1
; print_extruder_variant = "Direct Drive Standard"
; print_flow_ratio = 1
; print_order = default
; print_sequence = by layer
; print_settings_id = process template @Loom P1 0.4 nozzle
; printable_area = 0x0,305x0,305x305,0x305
; printable_height = 245
; printer_agent = moonraker
; printer_extruder_id = 1
; printer_extruder_variant = "Direct Drive Standard"
; printer_model = Loom P1
; printer_notes = 
; printer_settings_id = Loom P1 0.4 nozzle
; printer_structure = undefine
; printer_technology = FFF
; printer_variant = 0.4
; printhost_authorization_type = key
; printhost_ssl_ignore_revoke = 0
; printing_by_object_gcode = 
; process_change_extrusion_role_gcode = 
; purge_in_prime_tower = 0
; raft_contact_distance = 0.1
; raft_expansion = 1.5
; raft_first_layer_density = 90%
; raft_first_layer_expansion = 2
; raft_layers = 0
; reduce_crossing_wall = 0
; reduce_fan_stop_start_freq = 1
; reduce_infill_retraction = 1
; relative_bridge_angle = 0
; required_nozzle_HRC = 3
; resolution = 0.012
; resonance_avoidance = 0
; retract_before_wipe = 70%
; retract_length_toolchange = 2
; retract_lift_above = 0
; retract_lift_below = 0
; retract_lift_enforce = All Surfaces
; retract_restart_extra = 0
; retract_restart_extra_toolchange = 0
; retract_when_changing_layer = 1
; retraction_distances_when_cut = 18
; retraction_distances_when_ec = 10
; retraction_length = 0.5
; retraction_minimum_travel = 1
; retraction_speed = 15
; role_based_wipe_speed = 1
; scan_first_layer = 0
; scarf_angle_threshold = 155
; scarf_joint_flow_ratio = 1
; scarf_joint_speed = 100%
; scarf_overhang_threshold = 40%
; seam_gap = 10%
; seam_position = aligned
; seam_slope_conditional = 0
; seam_slope_entire_loop = 0
; seam_slope_inner_walls = 0
; seam_slope_min_length = 20
; seam_slope_start_height = 0
; seam_slope_steps = 10
; seam_slope_type = none
; set_other_flow_ratios = 0
; silent_mode = 0
; single_extruder_multi_material = 0
; single_extruder_multi_material_priming = 0
; single_loop_draft_shield = 0
; skeleton_infill_density = 25%
; skeleton_infill_line_width = 100%
; skin_infill_density = 25%
; skin_infill_depth = 2
; skin_infill_line_width = 100%
; skirt_distance = 2
; skirt_height = 1
; skirt_loops = 0
; skirt_speed = 50
; skirt_start_angle = -135
; skirt_type = combined
; slice_closing_radius = 0.049
; slicing_mode = regular
; slow_down_for_layer_cooling = 1
; slow_down_layer_time = 4
; slow_down_layers = 0
; slow_down_min_speed = 10
; slowdown_for_curled_perimeters = 0
; small_area_infill_flow_compensation = 0
; small_area_infill_flow_compensation_model = 0,0;"\n0.2,0.4444";"\n0.4,0.6145";"\n0.6,0.7059";"\n0.8,0.7619";"\n1.5,0.8571";"\n2,0.8889";"\n3,0.9231";"\n5,0.9520";"\n10,1"
; small_perimeter_speed = 50%
; small_perimeter_threshold = 0
; solid_infill_direction = 45
; solid_infill_rotate_template = 
; sparse_infill_acceleration = 100%
; sparse_infill_density = 15%
; sparse_infill_filament_id = 0
; sparse_infill_flow_ratio = 1
; sparse_infill_line_width = 0.4
; sparse_infill_pattern = crosshatch
; sparse_infill_rotate_template = 
; sparse_infill_speed = 270
; spiral_finishing_flow_ratio = 0
; spiral_mode = 0
; spiral_mode_max_xy_smoothing = 200%
; spiral_mode_smooth = 0
; spiral_starting_flow_ratio = 0
; staggered_inner_seams = 0
; standby_temperature_delta = -5
; start_end_points = 30x-3,54x245
; supertack_plate_temp = 45
; supertack_plate_temp_initial_layer = 45
; support_air_filtration = 1
; support_angle = 0
; support_base_pattern = default
; support_base_pattern_spacing = 2.5
; support_bottom_interface_spacing = 0.5
; support_bottom_z_distance = 0.2
; support_chamber_temp_control = 1
; support_critical_regions_only = 0
; support_expansion = 0
; support_filament = 0
; support_flow_ratio = 1
; support_interface_bottom_layers = 2
; support_interface_filament = 0
; support_interface_flow_ratio = 1
; support_interface_loop_pattern = 0
; support_interface_not_for_body = 1
; support_interface_pattern = auto
; support_interface_spacing = 0.5
; support_interface_speed = 80
; support_interface_top_layers = 2
; support_ironing = 0
; support_ironing_flow = 10%
; support_ironing_pattern = rectilinear
; support_ironing_spacing = 0.1
; support_line_width = 0.4
; support_material_interface_fan_speed = -1
; support_multi_bed_types = 0
; support_object_first_layer_gap = 0.2
; support_object_skip_flush = 0
; support_object_xy_distance = 0.35
; support_on_build_plate_only = 0
; support_parallel_printheads = 0
; support_remove_small_overhang = 1
; support_speed = 150
; support_style = default
; support_threshold_angle = 30
; support_threshold_overlap = 50%
; support_top_z_distance = 0.2
; support_type = normal(auto)
; symmetric_infill_y_axis = 0
; temperature_vitrification = 54
; template_custom_gcode = 
; textured_cool_plate_temp = 40
; textured_cool_plate_temp_initial_layer = 40
; textured_plate_temp = 55
; textured_plate_temp_initial_layer = 55
; thick_bridges = 0
; thick_internal_bridges = 1
; thumbnails = 48x48/PNG, 300x300/PNG
; thumbnails_format = PNG
; time_cost = 0
; time_lapse_gcode = 
; timelapse_type = 0
; tool_change_on_wipe_tower = 0
; top_bottom_infill_wall_overlap = 25%
; top_shell_layers = 5
; top_shell_thickness = 0.6
; top_solid_infill_flow_ratio = 1
; top_surface_acceleration = 2000
; top_surface_density = 100%
; top_surface_filament_id = 0
; top_surface_jerk = 9
; top_surface_line_width = 0.4
; top_surface_pattern = monotonicline
; top_surface_speed = 200
; travel_acceleration = 10000
; travel_jerk = 12
; travel_slope = 3
; travel_speed = 500
; travel_speed_z = 0
; tree_support_angle_slow = 25
; tree_support_auto_brim = 1
; tree_support_branch_angle = 45
; tree_support_branch_angle_organic = 40
; tree_support_branch_diameter = 2
; tree_support_branch_diameter_angle = 5
; tree_support_branch_diameter_organic = 2
; tree_support_branch_distance = 5
; tree_support_branch_distance_organic = 1
; tree_support_brim_width = 3
; tree_support_tip_diameter = 0.8
; tree_support_top_rate = 30%
; tree_support_wall_count = 0
; upward_compatible_machine = 
; use_3mf = 0
; use_firmware_retraction = 0
; use_relative_e_distances = 1
; volumetric_speed_coefficients = ""
; wall_direction = ccw
; wall_distribution_count = 1
; wall_generator = classic
; wall_loops = 2
; wall_maximum_deviation = 0.025
; wall_maximum_resolution = 0.5
; wall_sequence = inner wall/outer wall
; wall_transition_angle = 10
; wall_transition_filter_deviation = 25%
; wall_transition_length = 100%
; wipe = 0
; wipe_before_external_loop = 0
; wipe_distance = 1
; wipe_on_loops = 0
; wipe_speed = 80%
; wipe_tower_bridging = 10
; wipe_tower_cone_angle = 30
; wipe_tower_extra_flow = 100%
; wipe_tower_extra_rib_length = 0
; wipe_tower_extra_spacing = 100%
; wipe_tower_filament = 0
; wipe_tower_fillet_wall = 1
; wipe_tower_max_purge_speed = 90
; wipe_tower_no_sparse_layers = 0
; wipe_tower_rib_width = 8
; wipe_tower_rotation_angle = 0
; wipe_tower_type = type2
; wipe_tower_wall_type = rib
; wipe_tower_x = 165.000
; wipe_tower_x = 165
; wipe_tower_y = 250.000
; wipe_tower_y = 250
; wiping_volumes_extruders = 70,70,70,70,70,70,70,70,70,70
; wrapping_detection_gcode = 
; wrapping_detection_layers = 20
; wrapping_exclude_area = 
; xy_contour_compensation = 0
; xy_hole_compensation = 0
; z_hop = 0.2
; z_hop_types = Normal Lift
; z_offset = 0
; zaa_dont_alternate_fill_direction = 0
; zaa_enabled = 0
; zaa_min_z = 0.05
; zaa_minimize_perimeter_height = 35
; first_layer_bed_temperature = 55
; bed_shape = 0x0,305x0,305x305,0x305
; first_layer_temperature = 210
; first_layer_height = 0.200
; CONFIG_BLOCK_END


