; HEADER_BLOCK_START
; generated by OrcaSlicer 2.4.2 on 2026-09-15 at 12:15:28
; total layer number: 10
; filament_density: 1.21
; filament_diameter: 1.75
; max_z_height: 2.00
; filament: 1
; HEADER_BLOCK_END

; external perimeters extrusion width = 0.40mm
; perimeters extrusion width = 0.40mm
; infill extrusion width = 0.40mm
; solid infill extrusion width = 0.48mm
; top infill extrusion width = 0.48mm
; first layer extrusion width = 0.40mm

; external perimeters extrusion width = 0.40mm
; perimeters extrusion width = 0.40mm
; infill extrusion width = 0.40mm
; solid infill extrusion width = 0.48mm
; top infill extrusion width = 0.48mm
; first layer extrusion width = 0.40mm

; external perimeters extrusion width = 0.40mm
; perimeters extrusion width = 0.40mm
; infill extrusion width = 0.40mm
; solid infill extrusion width = 0.48mm
; top infill extrusion width = 0.48mm
; first layer extrusion width = 0.40mm

; external perimeters extrusion width = 0.40mm
; perimeters extrusion width = 0.40mm
; infill extrusion width = 0.40mm
; solid infill extrusion width = 0.48mm
; top infill extrusion width = 0.48mm
; first layer extrusion width = 0.40mm

; external perimeters extrusion width = 0.40mm
; perimeters extrusion width = 0.40mm
; infill extrusion width = 0.40mm
; solid infill extrusion width = 0.48mm
; top infill extrusion width = 0.48mm
; first layer extrusion width = 0.40mm

; external perimeters extrusion width = 0.40mm
; perimeters extrusion width = 0.40mm
; infill extrusion width = 0.40mm
; solid infill extrusion width = 0.48mm
; top infill extrusion width = 0.48mm
; first layer extrusion width = 0.40mm

; external perimeters extrusion width = 0.40mm
; perimeters extrusion width = 0.40mm
; infill extrusion width = 0.40mm
; solid infill extrusion width = 0.48mm
; top infill extrusion width = 0.48mm
; first layer extrusion width = 0.40mm

; external perimeters extrusion width = 0.40mm
; perimeters extrusion width = 0.40mm
; infill extrusion width = 0.40mm
; solid infill extrusion width = 0.48mm
; top infill extrusion width = 0.48mm
; first layer extrusion width = 0.40mm

; external perimeters extrusion width = 0.40mm
; perimeters extrusion width = 0.40mm
; infill extrusion width = 0.40mm
; solid infill extrusion width = 0.48mm
; top infill extrusion width = 0.48mm
; first layer extrusion width = 0.40mm

; external perimeters extrusion width = 0.40mm
; perimeters extrusion width = 0.40mm
; infill extrusion width = 0.40mm
; solid infill extrusion width = 0.48mm
; top infill extrusion width = 0.48mm
; first layer extrusion width = 0.40mm

; EXECUTABLE_BLOCK_START
M73 P0 R33
;TYPE:Custom
SET_PRINT_STATS_INFO TOTAL_LAYER=10
SET_PRESSURE_ADVANCE EXTRUDER=extruder1 SMOOTH_TIME=0.04
SET_PRESSURE_ADVANCE EXTRUDER=extruder1 ADVANCE=0.03
SET_VELOCITY_LIMIT MINIMUM_CRUISE_RATIO=0.6
M104 S210 T1
M140 S55
M141 S0
G21
G90
M83
G92 E0
G0 Z10 F900
M190 S55
M191 S0
M400
M109 S210 T1
T1 R ; FibreSeek macro: switch to right nozzle, apply offsets + mesh offset
MOVE_TO_BRUSH_STATION
CLEAN_NOZZLE
MOVE_OUT_BRUSH_STATION
G92 E0
G90
G21
M83 ; use relative distances for extrusion
; Filament gcode
M106 S0
;LAYER_CHANGE
;Z:0.2
;HEIGHT:0.2
;BEFORE_LAYER_CHANGE
;0.2
G92 E0

G1 E-.5 F900
;AFTER_LAYER_CHANGE
;0.2
SET_PRINT_STATS_INFO CURRENT_LAYER=1
;_SET_FAN_SPEED_CHANGING_LAYER
SET_VELOCITY_LIMIT ACCEL=500 ACCEL_TO_DECEL=250
; printing object flowrate_m3 id:0 copy 0
SET_VELOCITY_LIMIT ACCEL=10000 ACCEL_TO_DECEL=5000
G1 Z.4 F30000
G1 X210.181 Y170.024
G1 Z.4
G1 Z.2
G1 E.5 F900
SET_VELOCITY_LIMIT ACCEL=500 ACCEL_TO_DECEL=250
;TYPE:Inner wall
;WIDTH:0.4
G1 F3000
G3 X209.958 Y170.043 I-.2 J-1.043 E.00644
G1 X203.958 Y170.043 E.1728
G2 X201.043 Y172.958 I.062 J2.977 E.13115
G1 X201.043 Y178.958 E.1728
G3 X199.958 Y180.043 I-1.062 J.023 E.04937
G1 X184.042 Y180.043 E.4584
G3 X182.957 Y178.958 I-.023 J-1.062 E.04937
G1 X182.957 Y172.958 E.1728
G2 X180.042 Y170.043 I-2.977 J.062 E.13115
G1 X174.042 Y170.043 E.1728
G3 X172.957 Y168.958 I-.023 J-1.062 E.04936
G1 X172.957 Y153.042 E.4584
G3 X174.042 Y151.957 I1.062 J-.023 E.04936
G1 X209.976 Y151.959 E1.03491
G3 X211.043 Y153.042 I.008 J1.059 E.04885
G1 X211.043 Y168.958 E.4584
G3 X210.22 Y170.016 I-1.062 J.023 E.04177
SET_VELOCITY_LIMIT ACCEL=10000 ACCEL_TO_DECEL=5000
G1 X210.243 Y170.376 F30000
SET_VELOCITY_LIMIT ACCEL=500 ACCEL_TO_DECEL=250
G1 F3000
G3 X209.974 Y170.4 I-.261 J-1.394 E.00778
G1 X203.974 Y170.4 E.1728
G2 X201.4 Y172.974 I.046 J2.619 E.11589
G1 X201.4 Y178.974 E.1728
G3 X199.974 Y180.4 I-1.418 J.008 E.06462
G1 X184.026 Y180.4 E.4593
G3 X182.6 Y178.974 I-.008 J-1.418 E.06462
G1 X182.6 Y172.974 E.1728
G2 X180.026 Y170.4 I-2.619 J.045 E.11589
G1 X174.026 Y170.4 E.1728
G3 X172.6 Y168.974 I-.008 J-1.418 E.06462
G1 X172.6 Y153.026 E.4593
G3 X174.026 Y151.6 I1.418 J-.008 E.06462
G1 X209.991 Y151.602 E1.03581
G3 X211.4 Y153.026 I-.007 J1.416 E.06411
G1 X211.4 Y168.974 E.4593
G3 X210.282 Y170.368 I-1.418 J.008 E.05568
SET_VELOCITY_LIMIT ACCEL=10000 ACCEL_TO_DECEL=5000
G1 X210.312 Y170.77 F30000
SET_VELOCITY_LIMIT ACCEL=500 ACCEL_TO_DECEL=250
;TYPE:Outer wall
G1 F3000
G3 X209.991 Y170.8 I-.33 J-1.788 E.00929
G1 X203.991 Y170.8 E.1728
G2 X201.8 Y172.991 I.028 J2.219 E.0988
G1 X201.8 Y178.991 E.1728
G3 X199.991 Y180.8 I-1.818 J-.01 E.08171
G1 X184.009 Y180.8 E.46031
G3 X182.2 Y178.991 I.01 J-1.818 E.08171
G1 X182.2 Y172.991 E.1728
G2 X180.009 Y170.8 I-2.219 J.028 E.0988
G1 X174.009 Y170.8 E.1728
G3 X172.2 Y168.991 I.01 J-1.818 E.08171
G1 X172.2 Y153.009 E.46031
G3 X174.009 Y151.2 I1.818 J.01 E.08171
G1 X210.009 Y151.202 E1.03682
G3 X211.8 Y153.009 I-.025 J1.816 E.0812
G1 X211.8 Y168.991 E.46031
G3 X210.351 Y170.762 I-1.818 J-.01 E.07127
SET_VELOCITY_LIMIT ACCEL=10000 ACCEL_TO_DECEL=5000
G1 E-.5 F900
G1 Z.4 F30000
G1 X210.916 Y169.169 Z.4
G1 Z.2
G1 E.5 F900
SET_VELOCITY_LIMIT ACCEL=500 ACCEL_TO_DECEL=250
;TYPE:Bottom surface
;WIDTH:0.400898
G1 F6300
G1 X210.493 Y169.592 E.01726
G3 X209.803 Y169.775 I-.571 J-.759 E.02112
G1 X210.775 Y168.803 E.03968
G1 X210.775 Y168.297 E.01462
G1 X209.297 Y169.775 E.06035
G1 X208.791 Y169.775 E.01462
G1 X210.775 Y167.791 E.08102
G1 X210.775 Y167.285 E.01462
G1 X208.285 Y169.775 E.1017
G1 X207.778 Y169.775 E.01462
G1 X210.775 Y166.778 E.12237
G1 X210.775 Y166.272 E.01462
G1 X207.272 Y169.775 E.14304
G1 X206.766 Y169.775 E.01462
G1 X210.775 Y165.766 E.16371
G1 X210.775 Y165.26 E.01462
G1 X206.26 Y169.775 E.18438
G1 X205.753 Y169.775 E.01462
G1 X210.775 Y164.753 E.20505
G1 X210.775 Y164.247 E.01462
G1 X205.247 Y169.775 E.22573
G1 X204.741 Y169.775 E.01462
G1 X210.775 Y163.741 E.2464
G1 X210.775 Y163.235 E.01462
G1 X204.235 Y169.775 E.26707
G2 X203.707 Y169.796 I-.144 J3.024 E.01525
G1 X210.775 Y162.728 E.2886
G1 X210.775 Y162.222 E.01462
G1 X202.819 Y170.178 E.32487
SET_VELOCITY_LIMIT ACCEL=10000 ACCEL_TO_DECEL=5000
G1 E-.5 F900
G1 Z.4 F30000
G1 X200.916 Y179.169 Z.4
G1 Z.2
G1 E.5 F900
SET_VELOCITY_LIMIT ACCEL=500 ACCEL_TO_DECEL=250
G1 F6300
G1 X200.493 Y179.592 E.01726
G3 X199.803 Y179.775 I-.571 J-.759 E.02112
G1 X200.775 Y178.803 E.03968
G1 X200.775 Y178.297 E.01462
G1 X199.297 Y179.775 E.06035
G1 X198.791 Y179.775 E.01462
G1 X200.775 Y177.791 E.08102
G1 X200.775 Y177.285 E.01462
G1 X198.285 Y179.775 E.1017
G1 X197.778 Y179.775 E.01462
G1 X200.775 Y176.778 E.12237
G1 X200.775 Y176.272 E.01462
G1 X197.272 Y179.775 E.14304
G1 X196.766 Y179.775 E.01462
G1 X200.775 Y175.766 E.16371
G1 X200.775 Y175.26 E.01462
G1 X196.26 Y179.775 E.18438
G1 X195.753 Y179.775 E.01462
G1 X200.775 Y174.753 E.20505
G1 X200.775 Y174.247 E.01462
G1 X195.247 Y179.775 E.22573
G1 X194.741 Y179.775 E.01462
G1 X200.775 Y173.741 E.2464
G1 X200.775 Y173.235 E.01462
G1 X194.235 Y179.775 E.26707
G1 X193.728 Y179.775 E.01462
G1 X200.796 Y172.707 E.2886
G3 X200.915 Y172.082 I1.833 J.025 E.01848
G1 X193.222 Y179.775 E.31414
G1 X192.716 Y179.775 E.01462
G1 X210.775 Y161.716 E.73741
G1 X210.775 Y161.209 E.01462
G1 X192.209 Y179.775 E.75808
G1 X191.703 Y179.775 E.01462
G1 X210.775 Y160.703 E.77876
G1 X210.775 Y160.197 E.01462
G1 X191.197 Y179.775 E.79943
G1 X190.691 Y179.775 E.01462
M73 P1 R33
G1 X210.775 Y159.691 E.8201
G1 X210.775 Y159.184 E.01462
G1 X190.184 Y179.775 E.84077
G1 X189.678 Y179.775 E.01462
G1 X210.775 Y158.678 E.86144
G1 X210.775 Y158.172 E.01462
G1 X189.172 Y179.775 E.88211
G1 X188.666 Y179.775 E.01462
G1 X210.775 Y157.666 E.90279
G1 X210.775 Y157.159 E.01462
G1 X188.159 Y179.775 E.92346
G1 X187.653 Y179.775 E.01462
G1 X210.775 Y156.653 E.94413
G1 X210.775 Y156.147 E.01462
G1 X187.147 Y179.775 E.9648
G1 X186.641 Y179.775 E.01462
G1 X210.775 Y155.641 E.98547
G1 X210.775 Y155.134 E.01462
G1 X186.134 Y179.775 E1.00615
G1 X185.628 Y179.775 E.01462
G1 X210.775 Y154.628 E1.02682
G1 X210.775 Y154.122 E.01462
G1 X185.122 Y179.775 E1.04749
G1 X184.616 Y179.775 E.01462
G1 X210.775 Y153.616 E1.06816
G1 X210.775 Y153.109 E.01462
G1 X184.109 Y179.775 E1.08883
G3 X183.68 Y179.698 I-.028 J-1.074 E.01267
G1 X210.698 Y152.68 E1.10319
G2 X210.476 Y152.396 I-1.19 J.701 E.01044
G1 X183.396 Y179.476 E1.10573
G3 X183.241 Y179.125 I1.221 J-.752 E.01111
G1 X210.125 Y152.241 E1.09777
G2 X209.633 Y152.226 I-.327 J2.807 E.01423
G1 X183.225 Y178.635 E1.07831
G1 X183.225 Y178.128 E.01462
G1 X209.127 Y152.226 E1.05764
G1 X208.621 Y152.226 E.01462
G1 X183.225 Y177.622 E1.03697
G1 X183.225 Y177.116 E.01462
G1 X208.114 Y152.226 E1.0163
G1 X207.608 Y152.226 E.01462
G1 X183.225 Y176.61 E.99563
G1 X183.225 Y176.103 E.01462
G1 X207.102 Y152.226 E.97496
G1 X206.596 Y152.226 E.01462
G1 X183.225 Y175.597 E.95429
G1 X183.225 Y175.091 E.01462
G1 X206.089 Y152.226 E.93362
G1 X205.583 Y152.226 E.01462
G1 X183.225 Y174.584 E.91295
G1 X183.225 Y174.078 E.01462
G1 X205.077 Y152.226 E.89228
G1 X204.571 Y152.226 E.01462
G1 X183.225 Y173.572 E.8716
G1 X183.225 Y173.066 E.01462
G1 X204.064 Y152.226 E.85093
G1 X203.558 Y152.226 E.01462
G1 X183.194 Y172.591 E.83153
G2 X183.108 Y172.17 I-1.236 J.032 E.01246
G1 X203.052 Y152.226 E.81435
G1 X202.546 Y152.226 E.01462
G1 X182.984 Y171.787 E.79874
G1 X182.823 Y171.442 E.011
G1 X202.04 Y152.226 E.78464
G1 X201.533 Y152.226 E.01462
G1 X182.623 Y171.137 E.77217
G2 X182.401 Y170.852 I-.919 J.485 E.01047
G1 X201.027 Y152.226 E.76053
G1 X200.521 Y152.226 E.01462
G1 X182.148 Y170.598 E.75019
G2 X181.863 Y170.377 I-.77 J.697 E.01047
G1 X200.015 Y152.226 E.74116
G1 X199.508 Y152.226 E.01462
G1 X181.558 Y170.177 E.73297
G1 X181.213 Y170.016 E.011
G1 X199.002 Y152.226 E.7264
G1 X198.496 Y152.226 E.01462
M73 P2 R33
G1 X180.83 Y169.892 E.72134
G2 X180.409 Y169.806 I-.453 J1.15 E.01246
G1 X197.99 Y152.226 E.71785
G1 X197.483 Y152.226 E.01462
G1 X179.934 Y169.775 E.71658
G1 X179.428 Y169.775 E.01462
G1 X196.977 Y152.226 E.71658
G1 X196.471 Y152.226 E.01462
G1 X178.922 Y169.775 E.71658
G1 X178.415 Y169.775 E.01462
G1 X195.965 Y152.226 E.71658
G1 X195.458 Y152.226 E.01462
G1 X177.909 Y169.775 E.71658
G1 X177.403 Y169.775 E.01462
G1 X194.952 Y152.226 E.71659
G1 X194.446 Y152.226 E.01462
G1 X176.897 Y169.775 E.71659
G1 X176.39 Y169.775 E.01462
G1 X193.94 Y152.226 E.71659
G1 X193.434 Y152.226 E.01462
G1 X175.884 Y169.775 E.71659
G1 X175.378 Y169.775 E.01462
M73 P2 R32
G1 X192.927 Y152.226 E.71659
G1 X192.421 Y152.226 E.01462
G1 X174.872 Y169.775 E.71659
G1 X174.365 Y169.775 E.01462
G1 X191.915 Y152.226 E.71659
G1 X191.409 Y152.226 E.01462
G1 X173.875 Y169.759 E.71595
G3 X173.524 Y169.604 I.403 J-1.379 E.01111
G1 X190.902 Y152.226 E.7096
G1 X190.396 Y152.226 E.01462
G1 X173.302 Y169.32 E.69799
G3 X173.225 Y168.891 I.997 J-.401 E.01267
G1 X189.89 Y152.226 E.68047
G1 X189.384 Y152.226 E.01462
G1 X173.225 Y168.384 E.6598
G1 X173.225 Y167.878 E.01462
G1 X188.877 Y152.226 E.63913
G1 X188.371 Y152.225 E.01462
G1 X173.225 Y167.372 E.61846
G1 X173.225 Y166.865 E.01462
G1 X187.865 Y152.225 E.59779
G1 X187.359 Y152.225 E.01462
G1 X173.225 Y166.359 E.57712
G1 X173.225 Y165.853 E.01462
G1 X186.852 Y152.225 E.55645
G1 X186.346 Y152.225 E.01462
G1 X173.225 Y165.347 E.53578
G1 X173.225 Y164.84 E.01462
G1 X185.84 Y152.225 E.51511
G1 X185.334 Y152.225 E.01462
G1 X173.225 Y164.334 E.49444
G1 X173.225 Y163.828 E.01462
G1 X184.827 Y152.225 E.47376
G1 X184.321 Y152.225 E.01462
G1 X173.225 Y163.322 E.45309
G1 X173.225 Y162.815 E.01462
G1 X183.815 Y152.225 E.43242
G1 X183.309 Y152.225 E.01462
G1 X173.225 Y162.309 E.41175
G1 X173.225 Y161.803 E.01462
G1 X182.803 Y152.225 E.39108
G1 X182.296 Y152.225 E.01462
G1 X173.225 Y161.297 E.37041
G1 X173.225 Y160.79 E.01462
G1 X181.79 Y152.225 E.34974
G1 X181.284 Y152.225 E.01462
G1 X173.225 Y160.284 E.32907
G1 X173.225 Y159.778 E.01462
G1 X180.778 Y152.225 E.3084
G1 X180.271 Y152.225 E.01462
G1 X173.225 Y159.272 E.28773
G1 X173.225 Y158.765 E.01462
G1 X179.765 Y152.225 E.26705
G1 X179.259 Y152.225 E.01462
G1 X173.225 Y158.259 E.24638
G1 X173.225 Y157.753 E.01462
G1 X178.753 Y152.225 E.22571
G1 X178.246 Y152.225 E.01462
G1 X173.225 Y157.247 E.20504
G1 X173.225 Y156.74 E.01462
G1 X177.74 Y152.225 E.18437
G1 X177.234 Y152.225 E.01462
G1 X173.225 Y156.234 E.1637
G1 X173.225 Y155.728 E.01462
G1 X176.728 Y152.225 E.14303
G1 X176.221 Y152.225 E.01462
G1 X173.225 Y155.222 E.12236
G1 X173.225 Y154.715 E.01462
G1 X175.715 Y152.225 E.10169
G1 X175.209 Y152.225 E.01462
G1 X173.225 Y154.209 E.08102
G1 X173.225 Y153.703 E.01462
G1 X174.703 Y152.225 E.06035
G1 X174.197 Y152.225 E.01462
G1 X173.225 Y153.197 E.03967
G3 X173.408 Y152.507 I.943 J-.119 E.02113
G1 X173.831 Y152.084 E.01724
; stop printing object flowrate_m3 id:0 copy 0
; printing object flowrate_m6 id:403726925917 copy 0
SET_VELOCITY_LIMIT ACCEL=10000 ACCEL_TO_DECEL=5000
G1 E-.5 F900
G1 Z.4 F30000
G1 X193.947 Y144.465 Z.4
G1 Z.2
G1 E.5 F900
SET_VELOCITY_LIMIT ACCEL=500 ACCEL_TO_DECEL=250
;TYPE:Inner wall
;WIDTH:0.4
G1 F3000
G1 X193.254 Y143.124 E.04214
G1 X193.118 Y141.678 E.04053
G1 X190.782 Y141.568 E.06526
G1 X190.557 Y142.79 E.03469
G1 X190.521 Y143.152 E.01016
G1 X190.442 Y145.697 E.07106
G1 X193.909 Y144.478 E.10259
SET_VELOCITY_LIMIT ACCEL=10000 ACCEL_TO_DECEL=5000
G1 X193.441 Y144.264 F30000
SET_VELOCITY_LIMIT ACCEL=500 ACCEL_TO_DECEL=250
G1 F3000
G1 X192.916 Y143.248 E.03194
G1 X192.885 Y143.112 E.00388
G1 X192.789 Y142.02 E.0306
G1 X191.076 Y141.939 E.04785
G1 X190.91 Y142.84 E.02557
G1 X190.877 Y143.175 E.00941
G1 X190.815 Y145.187 E.05619
G1 X193.404 Y144.278 E.07659
SET_VELOCITY_LIMIT ACCEL=10000 ACCEL_TO_DECEL=5000
G1 E-.5 F900
G1 Z.4 F30000
G1 X210.181 Y138.024 Z.4
G1 Z.2
G1 E.5 F900
SET_VELOCITY_LIMIT ACCEL=500 ACCEL_TO_DECEL=250
G1 F3000
G3 X209.958 Y138.043 I-.2 J-1.043 E.00624
G1 X203.958 Y138.043 E.16746
G2 X201.043 Y140.958 I.062 J2.977 E.1271
G1 X201.043 Y146.958 E.16746
G3 X199.958 Y148.043 I-1.062 J.023 E.04784
G1 X184.042 Y148.043 E.44422
G3 X182.957 Y146.958 I-.023 J-1.062 E.04784
M73 P3 R32
G1 X182.957 Y140.958 E.16746
G2 X180.042 Y138.043 I-2.977 J.062 E.1271
G1 X174.042 Y138.043 E.16746
G3 X172.957 Y136.958 I-.023 J-1.062 E.04784
G1 X172.957 Y121.042 E.44423
G3 X174.042 Y119.957 I1.062 J-.023 E.04784
G1 X209.976 Y119.959 E1.0029
G3 X211.043 Y121.042 I.008 J1.059 E.04734
G1 X211.043 Y136.958 E.44422
G3 X210.22 Y138.016 I-1.062 J.023 E.04048
SET_VELOCITY_LIMIT ACCEL=10000 ACCEL_TO_DECEL=5000
G1 X210.243 Y138.376 F30000
SET_VELOCITY_LIMIT ACCEL=500 ACCEL_TO_DECEL=250
G1 F3000
G3 X209.974 Y138.4 I-.261 J-1.394 E.00754
G1 X203.974 Y138.4 E.16746
G2 X201.4 Y140.974 I.046 J2.619 E.11231
G1 X201.4 Y146.974 E.16746
G3 X199.974 Y148.4 I-1.418 J.008 E.06262
G1 X184.026 Y148.4 E.44509
G3 X182.6 Y146.974 I-.008 J-1.418 E.06262
G1 X182.6 Y140.974 E.16746
G2 X180.026 Y138.4 I-2.619 J.046 E.11231
G1 X174.026 Y138.4 E.16746
G3 X172.6 Y136.974 I-.008 J-1.418 E.06262
G1 X172.6 Y121.026 E.4451
G3 X174.026 Y119.6 I1.418 J-.008 E.06262
G1 X209.991 Y119.602 E1.00377
G3 X211.4 Y121.026 I-.007 J1.416 E.06212
G1 X211.4 Y136.974 E.44509
G3 X210.282 Y138.368 I-1.418 J.008 E.05396
SET_VELOCITY_LIMIT ACCEL=10000 ACCEL_TO_DECEL=5000
G1 X210.312 Y138.77 F30000
SET_VELOCITY_LIMIT ACCEL=500 ACCEL_TO_DECEL=250
;TYPE:Outer wall
G1 F3000
G3 X209.991 Y138.8 I-.33 J-1.788 E.009
G1 X203.991 Y138.8 E.16746
G2 X201.8 Y140.991 I.028 J2.219 E.09574
G1 X201.8 Y146.991 E.16746
G3 X199.991 Y148.8 I-1.818 J-.01 E.07918
G1 X184.009 Y148.8 E.44607
G3 X182.2 Y146.991 I.01 J-1.818 E.07918
G1 X182.2 Y140.991 E.16746
G2 X180.009 Y138.8 I-2.219 J.028 E.09574
G1 X174.009 Y138.8 E.16746
G3 X172.2 Y136.991 I.01 J-1.818 E.07918
G1 X172.2 Y121.009 E.44607
G3 X174.009 Y119.2 I1.818 J.01 E.07918
G1 X210.009 Y119.202 E1.00475
G3 X211.8 Y121.009 I-.025 J1.816 E.07869
G1 X211.8 Y136.991 E.44607
G3 X210.351 Y138.762 I-1.818 J-.01 E.06906
SET_VELOCITY_LIMIT ACCEL=10000 ACCEL_TO_DECEL=5000
G1 E-.5 F900
G1 Z.4 F30000
G1 X200.169 Y147.916 Z.4
G1 Z.2
G1 E.5 F900
SET_VELOCITY_LIMIT ACCEL=500 ACCEL_TO_DECEL=250
;TYPE:Bottom surface
;WIDTH:0.400898
G1 F6300
G1 X200.592 Y147.493 E.01673
G2 X200.775 Y146.803 I-.759 J-.571 E.02047
G1 X199.803 Y147.775 E.03845
G1 X199.297 Y147.775 E.01417
G1 X200.775 Y146.297 E.05849
G1 X200.775 Y145.791 E.01417
G1 X198.791 Y147.775 E.07852
G1 X198.285 Y147.775 E.01417
G1 X200.775 Y145.285 E.09855
G1 X200.775 Y144.778 E.01417
G1 X197.778 Y147.775 E.11858
G1 X197.272 Y147.775 E.01417
G1 X200.775 Y144.272 E.13862
G1 X200.775 Y143.766 E.01417
G1 X196.766 Y147.775 E.15865
G1 X196.26 Y147.775 E.01417
G1 X200.775 Y143.26 E.17868
G1 X200.775 Y142.753 E.01417
G1 X195.753 Y147.775 E.19871
G1 X195.247 Y147.775 E.01417
G1 X200.775 Y142.247 E.21875
G1 X200.775 Y141.741 E.01417
G1 X194.741 Y147.775 E.23878
G1 X194.235 Y147.775 E.01417
G1 X200.775 Y141.235 E.25881
G3 X200.796 Y140.707 I3.024 J-.144 E.01478
G1 X193.728 Y147.775 E.27967
G1 X193.222 Y147.775 E.01417
G1 X201.178 Y139.819 E.31482
SET_VELOCITY_LIMIT ACCEL=10000 ACCEL_TO_DECEL=5000
G1 E-.5 F900
G1 Z.4 F30000
G1 X210.169 Y137.916 Z.4
G1 Z.2
G1 E.5 F900
SET_VELOCITY_LIMIT ACCEL=500 ACCEL_TO_DECEL=250
G1 F6300
G1 X210.592 Y137.493 E.01673
G2 X210.775 Y136.803 I-.759 J-.571 E.02047
G1 X209.803 Y137.775 E.03845
G1 X209.297 Y137.775 E.01417
G1 X210.775 Y136.297 E.05849
G1 X210.775 Y135.791 E.01417
G1 X208.791 Y137.775 E.07852
G1 X208.285 Y137.775 E.01417
G1 X210.775 Y135.285 E.09855
G1 X210.775 Y134.778 E.01417
G1 X207.778 Y137.775 E.11858
G1 X207.272 Y137.775 E.01417
G1 X210.775 Y134.272 E.13862
G1 X210.775 Y133.766 E.01417
G1 X206.766 Y137.775 E.15865
G1 X206.26 Y137.775 E.01417
G1 X210.775 Y133.26 E.17868
G1 X210.775 Y132.753 E.01417
G1 X205.753 Y137.775 E.19871
G1 X205.247 Y137.775 E.01417
G1 X210.775 Y132.247 E.21875
G1 X210.775 Y131.741 E.01417
G1 X204.741 Y137.775 E.23878
G1 X204.235 Y137.775 E.01417
G1 X210.775 Y131.235 E.25881
G1 X210.775 Y130.728 E.01417
G1 X203.707 Y137.796 E.27967
G2 X203.082 Y137.915 I.025 J1.833 E.01791
G1 X210.775 Y130.222 E.30442
G1 X210.775 Y129.716 E.01417
G1 X192.716 Y147.775 E.71461
G1 X192.209 Y147.775 E.01417
G1 X210.775 Y129.209 E.73464
G1 X210.775 Y128.703 E.01417
G1 X191.703 Y147.775 E.75467
G1 X191.197 Y147.775 E.01417
G1 X210.775 Y128.197 E.7747
G1 X210.775 Y127.691 E.01417
G1 X194.164 Y144.302 E.65729
G1 X194.326 Y144.616 E.00989
G1 X193.592 Y144.874 E.02178
G1 X190.691 Y147.775 E.11481
G1 X190.184 Y147.775 E.01417
G1 X192.812 Y145.148 E.10395
G1 X192.031 Y145.422 E.02315
G1 X189.678 Y147.775 E.0931
G1 X189.172 Y147.775 E.01417
G1 X191.251 Y145.697 E.08225
G1 X190.47 Y145.971 E.02315
G1 X188.666 Y147.775 E.0714
G1 X188.159 Y147.775 E.01417
G1 X190.172 Y145.763 E.07962
G1 X190.188 Y145.24 E.01463
G1 X187.653 Y147.775 E.10029
G1 X187.147 Y147.775 E.01417
G1 X190.204 Y144.718 E.12097
G1 X190.22 Y144.195 E.01463
G1 X186.641 Y147.775 E.14165
G1 X186.134 Y147.775 E.01417
G1 X190.237 Y143.673 E.16232
G1 X190.253 Y143.15 E.01463
G1 X185.628 Y147.775 E.183
G1 X185.122 Y147.775 E.01417
G1 X190.324 Y142.573 E.20586
G1 X190.439 Y141.952 E.01766
G1 X184.455 Y147.936 E.23677
SET_VELOCITY_LIMIT ACCEL=10000 ACCEL_TO_DECEL=5000
G1 E-.5 F900
M73 P4 R32
G1 Z.4 F30000
G1 X193.872 Y144.087 Z.4
G1 Z.2
G1 E.5 F900
SET_VELOCITY_LIMIT ACCEL=500 ACCEL_TO_DECEL=250
G1 F6300
G1 X210.775 Y127.184 E.66884
G1 X210.775 Y126.678 E.01417
G1 X193.819 Y143.634 E.67094
G1 X193.647 Y143.3 E.01051
G1 X210.775 Y126.172 E.67777
G1 X210.775 Y125.666 E.01417
G1 X193.505 Y142.936 E.68336
G1 X193.462 Y142.473 E.013
G1 X210.775 Y125.159 E.68509
G1 X210.775 Y124.653 E.01417
G1 X193.418 Y142.01 E.68682
G1 X193.374 Y141.548 E.013
G1 X210.775 Y124.147 E.68855
G1 X210.775 Y123.641 E.01417
G1 X193.011 Y141.405 E.70293
G1 X192.527 Y141.382 E.01354
G1 X210.775 Y123.134 E.72206
G1 X210.775 Y122.628 E.01417
G1 X192.044 Y141.359 E.74118
G1 X191.561 Y141.336 E.01354
G1 X210.775 Y122.122 E.76031
G1 X210.775 Y121.616 E.01417
G1 X190.924 Y141.467 E.78551
SET_VELOCITY_LIMIT ACCEL=10000 ACCEL_TO_DECEL=5000
G1 E-.5 F900
G1 Z.4 F30000
G1 X183.957 Y147.928 Z.4
G1 Z.2
G1 E.5 F900
SET_VELOCITY_LIMIT ACCEL=500 ACCEL_TO_DECEL=250
G1 F6300
G1 X210.775 Y121.109 E1.0612
G2 X210.698 Y120.68 I-1.074 J-.028 E.01228
G1 X183.68 Y147.698 E1.06907
G3 X183.396 Y147.476 I.701 J-1.19 E.01012
G1 X210.476 Y120.396 E1.07153
G2 X210.125 Y120.241 I-.752 J1.222 E.01077
G1 X183.241 Y147.125 E1.06382
G3 X183.225 Y146.635 I2.797 J-.335 E.01375
G1 X209.633 Y120.226 E1.04497
G1 X209.127 Y120.226 E.01416
G1 X183.225 Y146.128 E1.02493
G1 X183.225 Y145.622 E.01417
G1 X208.621 Y120.226 E1.0049
G1 X208.114 Y120.226 E.01416
G1 X183.225 Y145.116 E.98487
G1 X183.225 Y144.61 E.01417
G1 X207.608 Y120.226 E.96484
G1 X207.102 Y120.226 E.01416
G1 X183.225 Y144.103 E.94481
G1 X183.225 Y143.597 E.01417
G1 X206.596 Y120.226 E.92478
G1 X206.089 Y120.226 E.01416
G1 X183.225 Y143.091 E.90474
G1 X183.225 Y142.585 E.01417
G1 X205.583 Y120.226 E.88471
G1 X205.077 Y120.226 E.01416
G1 X183.225 Y142.078 E.86468
G1 X183.225 Y141.572 E.01417
G1 X204.571 Y120.226 E.84465
G1 X204.064 Y120.226 E.01416
G1 X183.225 Y141.066 E.82462
G2 X183.194 Y140.591 I-2.731 J-.06 E.01334
G1 X203.558 Y120.226 E.80582
G1 X203.052 Y120.226 E.01416
G1 X183.108 Y140.17 E.78917
G2 X182.984 Y139.787 I-1.146 J.16 E.0113
G1 X202.546 Y120.226 E.77404
G1 X202.04 Y120.226 E.01416
G1 X182.823 Y139.442 E.76038
G2 X182.623 Y139.137 I-.967 J.416 E.01028
G1 X201.533 Y120.226 E.74828
G1 X201.027 Y120.226 E.01416
G1 X182.401 Y138.852 E.73701
G1 X182.148 Y138.598 E.01002
G1 X200.521 Y120.226 E.72699
G1 X200.015 Y120.226 E.01416
G1 X181.863 Y138.377 E.71824
G2 X181.558 Y138.177 I-.722 J.766 E.01028
G1 X199.508 Y120.226 E.7103
G1 X199.002 Y120.226 E.01416
G1 X181.213 Y138.016 E.70393
G2 X180.83 Y137.892 I-.542 J1.022 E.0113
G1 X198.496 Y120.226 E.69903
G1 X197.99 Y120.226 E.01416
G1 X180.409 Y137.806 E.69565
G2 X179.934 Y137.775 I-.415 J2.7 E.01334
M73 P5 R32
G1 X197.483 Y120.226 E.69442
G1 X196.977 Y120.226 E.01416
G1 X179.428 Y137.775 E.69442
G1 X178.922 Y137.775 E.01417
G1 X196.471 Y120.226 E.69442
G1 X195.965 Y120.226 E.01416
G1 X178.415 Y137.775 E.69442
G1 X177.909 Y137.775 E.01417
G1 X195.458 Y120.226 E.69442
G1 X194.952 Y120.226 E.01416
G1 X177.403 Y137.775 E.69442
G1 X176.897 Y137.775 E.01417
G1 X194.446 Y120.226 E.69442
G1 X193.94 Y120.226 E.01416
G1 X176.39 Y137.775 E.69443
G1 X175.884 Y137.775 E.01417
G1 X193.434 Y120.226 E.69443
G1 X192.927 Y120.226 E.01416
G1 X175.378 Y137.775 E.69443
G1 X174.872 Y137.775 E.01417
M73 P5 R31
G1 X192.421 Y120.226 E.69443
G1 X191.915 Y120.226 E.01416
G1 X174.365 Y137.775 E.69443
G3 X173.875 Y137.759 I-.156 J-2.811 E.01375
G1 X191.409 Y120.226 E.69381
G1 X190.902 Y120.226 E.01416
G1 X173.524 Y137.604 E.68765
G3 X173.302 Y137.32 I.969 J-.985 E.01012
G1 X190.396 Y120.226 E.6764
G1 X189.89 Y120.226 E.01416
G1 X173.225 Y136.891 E.65943
G1 X173.225 Y136.384 E.01417
G1 X189.384 Y120.226 E.6394
G1 X188.877 Y120.226 E.01416
G1 X173.225 Y135.878 E.61937
G1 X173.225 Y135.372 E.01417
G1 X188.371 Y120.225 E.59933
G1 X187.865 Y120.225 E.01416
G1 X173.225 Y134.866 E.5793
G1 X173.225 Y134.359 E.01417
G1 X187.359 Y120.225 E.55927
G1 X186.852 Y120.225 E.01416
G1 X173.225 Y133.853 E.53924
G1 X173.225 Y133.347 E.01417
G1 X186.346 Y120.225 E.51921
G1 X185.84 Y120.225 E.01416
G1 X173.225 Y132.84 E.49918
G1 X173.225 Y132.334 E.01417
G1 X185.334 Y120.225 E.47914
G1 X184.828 Y120.225 E.01416
G1 X173.225 Y131.828 E.45911
G1 X173.225 Y131.322 E.01417
G1 X184.321 Y120.225 E.43908
G1 X183.815 Y120.225 E.01416
G1 X173.225 Y130.815 E.41905
G1 X173.225 Y130.309 E.01417
G1 X183.309 Y120.225 E.39902
G1 X182.803 Y120.225 E.01416
G1 X173.225 Y129.803 E.37899
G1 X173.225 Y129.297 E.01417
G1 X182.296 Y120.225 E.35895
G1 X181.79 Y120.225 E.01416
G1 X173.225 Y128.79 E.33892
G1 X173.225 Y128.284 E.01417
G1 X181.284 Y120.225 E.31889
G1 X180.778 Y120.225 E.01416
G1 X173.225 Y127.778 E.29886
G1 X173.225 Y127.272 E.01417
G1 X180.271 Y120.225 E.27883
G1 X179.765 Y120.225 E.01416
G1 X173.225 Y126.765 E.2588
G1 X173.225 Y126.259 E.01417
G1 X179.259 Y120.225 E.23877
G1 X178.753 Y120.225 E.01416
G1 X173.225 Y125.753 E.21873
G1 X173.225 Y125.247 E.01417
G1 X178.246 Y120.225 E.1987
G1 X177.74 Y120.225 E.01416
G1 X173.225 Y124.74 E.17867
G1 X173.225 Y124.234 E.01417
G1 X177.234 Y120.225 E.15864
G1 X176.728 Y120.225 E.01416
G1 X173.225 Y123.728 E.13861
G1 X173.225 Y123.222 E.01417
G1 X176.222 Y120.225 E.11858
G1 X175.715 Y120.225 E.01416
G1 X173.225 Y122.715 E.09854
G1 X173.225 Y122.209 E.01417
G1 X175.209 Y120.225 E.07851
G1 X174.703 Y120.225 E.01416
G1 X173.225 Y121.703 E.05848
G1 X173.225 Y121.197 E.01417
G1 X174.197 Y120.225 E.03845
G2 X173.507 Y120.408 I-.119 J.943 E.02047
G1 X173.084 Y120.831 E.01671
SET_VELOCITY_LIMIT ACCEL=10000 ACCEL_TO_DECEL=5000
G1 E-.5 F900
G1 Z.4 F30000
G1 X191.889 Y144.556 Z.4
G1 Z.2
G1 E.5 F900
SET_VELOCITY_LIMIT ACCEL=500 ACCEL_TO_DECEL=250
;WIDTH:0.430731
G1 F6300
G1 X192.715 Y143.73 E.03543
G1 X192.532 Y143.364 E.01239
G1 X191.306 Y144.591 E.05259
G1 X191.233 Y144.617 E.00235
G1 X191.249 Y144.099 E.01568
G1 X192.463 Y142.885 E.05207
G1 X192.421 Y142.403 E.01465
G1 X192.398 Y142.402 E.00071
G1 X191.266 Y143.533 E.0485
G3 X191.302 Y142.95 I4.324 J-.032 E.01774
G1 X192.028 Y142.224 E.03112
; stop printing object flowrate_m6 id:403726925917 copy 0
; printing object flowrate_m7 id:1228360646943 copy 0
SET_VELOCITY_LIMIT ACCEL=10000 ACCEL_TO_DECEL=5000
G1 E-.5 F900
G1 Z.4 F30000
G1 X210.181 Y106.024 Z.4
G1 Z.2
G1 E.5 F900
SET_VELOCITY_LIMIT ACCEL=500 ACCEL_TO_DECEL=250
;TYPE:Inner wall
;WIDTH:0.4
G1 F3000
G3 X209.958 Y106.043 I-.2 J-1.043 E.00618
G1 X203.958 Y106.043 E.16568
G2 X201.043 Y108.958 I.062 J2.977 E.12574
G1 X201.043 Y114.958 E.16568
G3 X199.958 Y116.043 I-1.062 J.023 E.04733
G1 X184.042 Y116.043 E.4395
G3 X182.957 Y114.958 I-.023 J-1.062 E.04733
G1 X182.957 Y108.958 E.16568
G2 X180.042 Y106.043 I-2.977 J.062 E.12575
G1 X174.042 Y106.043 E.16568
G3 X172.957 Y104.958 I-.023 J-1.062 E.04733
G1 X172.957 Y89.042 E.4395
G3 X174.042 Y87.957 I1.062 J-.023 E.04733
G1 X209.976 Y87.959 E.99224
G3 X211.043 Y89.042 I.008 J1.059 E.04684
M73 P6 R31
G1 X211.043 Y104.958 E.4395
G3 X210.22 Y106.016 I-1.062 J.023 E.04005
SET_VELOCITY_LIMIT ACCEL=10000 ACCEL_TO_DECEL=5000
G1 X210.243 Y106.376 F30000
SET_VELOCITY_LIMIT ACCEL=500 ACCEL_TO_DECEL=250
G1 F3000
G3 X209.974 Y106.4 I-.261 J-1.394 E.00746
G1 X203.974 Y106.4 E.16568
G2 X201.4 Y108.974 I.046 J2.619 E.11111
G1 X201.4 Y114.974 E.16568
G3 X199.974 Y116.4 I-1.418 J.008 E.06195
G1 X184.026 Y116.4 E.44036
G3 X182.6 Y114.974 I-.012 J-1.414 E.062
G1 X182.6 Y108.974 E.16568
G2 X180.026 Y106.4 I-2.619 J.046 E.11111
G1 X174.026 Y106.4 E.16568
G3 X172.6 Y104.974 I-.008 J-1.418 E.06195
G1 X172.6 Y89.026 E.44036
G3 X174.026 Y87.6 I1.418 J-.008 E.06195
G1 X209.991 Y87.602 E.9931
G3 X211.4 Y89.026 I-.007 J1.416 E.06146
G1 X211.4 Y104.974 E.44036
G3 X210.282 Y106.368 I-1.418 J.008 E.05339
SET_VELOCITY_LIMIT ACCEL=10000 ACCEL_TO_DECEL=5000
G1 X210.312 Y106.77 F30000
SET_VELOCITY_LIMIT ACCEL=500 ACCEL_TO_DECEL=250
;TYPE:Outer wall
G1 F3000
G3 X209.991 Y106.8 I-.33 J-1.788 E.00891
G1 X203.991 Y106.8 E.16568
G2 X201.8 Y108.991 I.028 J2.219 E.09473
G1 X201.8 Y114.991 E.16568
G3 X199.991 Y116.8 I-1.818 J-.01 E.07834
G1 X184.009 Y116.8 E.44132
G3 X182.2 Y114.991 I.006 J-1.814 E.07838
G1 X182.2 Y108.991 E.16568
G2 X180.009 Y106.8 I-2.219 J.028 E.09473
G1 X174.009 Y106.8 E.16568
G3 X172.2 Y104.991 I.01 J-1.818 E.07834
G1 X172.2 Y89.009 E.44132
G3 X174.009 Y87.2 I1.818 J.01 E.07834
G1 X210.009 Y87.202 E.99406
G3 X211.8 Y89.009 I-.025 J1.816 E.07785
G1 X211.8 Y104.991 E.44132
G3 X210.351 Y106.762 I-1.818 J-.01 E.06833
SET_VELOCITY_LIMIT ACCEL=10000 ACCEL_TO_DECEL=5000
G1 E-.5 F900
G1 Z.4 F30000
G1 X210.916 Y105.169 Z.4
G1 Z.2
G1 E.5 F900
SET_VELOCITY_LIMIT ACCEL=500 ACCEL_TO_DECEL=250
;TYPE:Bottom surface
;WIDTH:0.400898
G1 F6300
G1 X210.493 Y105.592 E.01655
G3 X209.803 Y105.775 I-.571 J-.759 E.02025
G1 X210.775 Y104.803 E.03804
G1 X210.775 Y104.297 E.01401
G1 X209.297 Y105.775 E.05786
G1 X208.791 Y105.775 E.01401
G1 X210.775 Y103.791 E.07768
G1 X210.775 Y103.285 E.01401
G1 X208.285 Y105.775 E.0975
G1 X207.778 Y105.775 E.01401
G1 X210.775 Y102.778 E.11732
G1 X210.775 Y102.272 E.01401
G1 X207.272 Y105.775 E.13714
G1 X206.766 Y105.775 E.01401
G1 X210.775 Y101.766 E.15696
G1 X210.775 Y101.26 E.01401
G1 X206.26 Y105.775 E.17678
G1 X205.753 Y105.775 E.01401
G1 X210.775 Y100.753 E.1966
G1 X210.775 Y100.247 E.01401
G1 X205.247 Y105.775 E.21642
G1 X204.741 Y105.775 E.01401
G1 X210.775 Y99.741 E.23624
G1 X210.775 Y99.235 E.01401
G1 X204.235 Y105.775 E.25606
G2 X203.707 Y105.796 I-.144 J3.024 E.01462
G1 X210.775 Y98.728 E.2767
G1 X210.775 Y98.222 E.01401
G1 X202.819 Y106.178 E.31147
SET_VELOCITY_LIMIT ACCEL=10000 ACCEL_TO_DECEL=5000
G1 E-.5 F900
G1 Z.4 F30000
G1 X200.916 Y115.169 Z.4
G1 Z.2
G1 E.5 F900
SET_VELOCITY_LIMIT ACCEL=500 ACCEL_TO_DECEL=250
G1 F6300
G1 X200.493 Y115.592 E.01655
G3 X199.803 Y115.775 I-.571 J-.759 E.02025
G1 X200.775 Y114.803 E.03804
G1 X200.775 Y114.297 E.01401
G1 X199.297 Y115.775 E.05786
G1 X198.791 Y115.775 E.01401
G1 X200.775 Y113.791 E.07768
G1 X200.775 Y113.285 E.01401
G1 X198.285 Y115.775 E.0975
G1 X197.778 Y115.775 E.01401
G1 X200.775 Y112.778 E.11732
G1 X200.775 Y112.272 E.01401
G1 X197.272 Y115.775 E.13714
G1 X196.766 Y115.775 E.01401
G1 X200.775 Y111.766 E.15696
G1 X200.775 Y111.26 E.01401
G1 X196.26 Y115.775 E.17678
G1 X195.753 Y115.775 E.01401
G1 X200.775 Y110.753 E.1966
G1 X200.775 Y110.247 E.01401
G1 X195.247 Y115.775 E.21642
G1 X194.741 Y115.775 E.01401
G1 X200.775 Y109.741 E.23624
G1 X200.775 Y109.235 E.01401
G1 X194.235 Y115.775 E.25606
G1 X193.728 Y115.775 E.01401
G1 X200.796 Y108.707 E.2767
G3 X200.915 Y108.082 I1.833 J.025 E.01772
G1 X193.222 Y115.775 E.30118
G1 X192.716 Y115.775 E.01401
G1 X210.775 Y97.716 E.707
G1 X210.775 Y97.209 E.01401
G1 X192.209 Y115.775 E.72682
G1 X191.703 Y115.775 E.01401
G1 X210.775 Y96.703 E.74664
G1 X210.775 Y96.197 E.01401
G1 X191.197 Y115.775 E.76646
G1 X190.691 Y115.775 E.01401
G1 X210.775 Y95.691 E.78628
G1 X210.775 Y95.184 E.01401
G1 X190.184 Y115.775 E.8061
G1 X189.678 Y115.775 E.01401
G1 X210.775 Y94.678 E.82592
G1 X210.775 Y94.172 E.01401
G1 X189.172 Y115.775 E.84574
G1 X188.666 Y115.775 E.01401
G1 X210.775 Y93.666 E.86556
G1 X210.775 Y93.159 E.01401
G1 X188.159 Y115.775 E.88538
G1 X187.653 Y115.775 E.01401
G1 X210.775 Y92.653 E.9052
G1 X210.775 Y92.147 E.01401
G1 X187.147 Y115.775 E.92502
G1 X186.641 Y115.775 E.01401
G1 X210.775 Y91.641 E.94484
G1 X210.775 Y91.134 E.01401
M73 P7 R31
G1 X186.134 Y115.775 E.96465
G1 X185.628 Y115.775 E.01401
G1 X210.775 Y90.628 E.98447
G1 X210.775 Y90.122 E.01401
G1 X185.122 Y115.775 E1.00429
G1 X184.616 Y115.775 E.01401
G1 X210.775 Y89.616 E1.02411
G1 X210.775 Y89.109 E.01401
G1 X184.109 Y115.775 E1.04393
G3 X183.68 Y115.698 I-.028 J-1.074 E.01215
G1 X210.698 Y88.68 E1.0577
G2 X210.476 Y88.396 I-1.19 J.701 E.01001
G1 X183.396 Y115.476 E1.06013
G3 X183.241 Y115.125 I1.221 J-.752 E.01065
G1 X210.125 Y88.241 E1.0525
G2 X209.633 Y88.226 I-.327 J2.807 E.01365
G1 X183.225 Y114.635 E1.03385
G1 X183.225 Y114.128 E.01401
G1 X209.127 Y88.226 E1.01403
G1 X208.621 Y88.226 E.01401
G1 X183.225 Y113.622 E.99421
G1 X183.225 Y113.116 E.01401
G1 X208.114 Y88.226 E.97439
G1 X207.608 Y88.226 E.01401
G1 X183.225 Y112.61 E.95457
G1 X183.225 Y112.103 E.01401
G1 X207.102 Y88.226 E.93475
G1 X206.596 Y88.226 E.01401
G1 X183.225 Y111.597 E.91494
G1 X183.225 Y111.091 E.01401
G1 X206.089 Y88.226 E.89512
G1 X205.583 Y88.226 E.01401
G1 X183.225 Y110.584 E.8753
G1 X183.225 Y110.078 E.01401
G1 X205.077 Y88.226 E.85548
G1 X204.571 Y88.226 E.01401
G1 X183.225 Y109.572 E.83566
G1 X183.225 Y109.066 E.01401
G1 X204.064 Y88.226 E.81584
G1 X203.558 Y88.226 E.01401
G1 X183.194 Y108.591 E.79724
G2 X183.108 Y108.17 I-1.236 J.032 E.01195
G1 X203.052 Y88.226 E.78077
G1 X202.546 Y88.226 E.01401
G1 X182.984 Y107.787 E.7658
G1 X182.823 Y107.442 E.01055
G1 X202.04 Y88.226 E.75229
G1 X201.533 Y88.226 E.01401
G1 X182.623 Y107.137 E.74032
G2 X182.401 Y106.852 I-.919 J.485 E.01004
G1 X201.027 Y88.226 E.72917
G1 X200.521 Y88.226 E.01401
G1 X182.148 Y106.598 E.71926
G2 X181.863 Y106.377 I-.77 J.698 E.01004
G1 X200.015 Y88.226 E.7106
G1 X199.508 Y88.226 E.01401
G1 X181.558 Y106.177 E.70274
G1 X181.213 Y106.016 E.01055
G1 X199.002 Y88.226 E.69644
G1 X198.496 Y88.226 E.01401
G1 X180.83 Y105.892 E.69159
G2 X180.409 Y105.806 I-.453 J1.15 E.01195
G1 X197.99 Y88.226 E.68825
G1 X197.483 Y88.226 E.01401
G1 X179.934 Y105.775 E.68703
G1 X179.428 Y105.775 E.01401
G1 X196.977 Y88.226 E.68703
G1 X196.471 Y88.226 E.01401
G1 X178.922 Y105.775 E.68703
G1 X178.415 Y105.775 E.01401
G1 X195.965 Y88.226 E.68703
G1 X195.458 Y88.226 E.01401
G1 X177.909 Y105.775 E.68703
G1 X177.403 Y105.775 E.01401
G1 X194.952 Y88.226 E.68704
G1 X194.446 Y88.226 E.01401
G1 X176.897 Y105.775 E.68704
G1 X176.39 Y105.775 E.01401
G1 X193.94 Y88.226 E.68704
G1 X193.434 Y88.226 E.01401
M73 P8 R31
G1 X175.884 Y105.775 E.68704
G1 X175.378 Y105.775 E.01401
G1 X192.927 Y88.226 E.68704
G1 X192.421 Y88.226 E.01401
G1 X174.872 Y105.775 E.68704
G1 X174.365 Y105.775 E.01401
G1 X191.915 Y88.226 E.68704
G1 X191.409 Y88.226 E.01401
G1 X173.875 Y105.759 E.68643
G3 X173.524 Y105.604 I.402 J-1.378 E.01065
G1 X190.902 Y88.226 E.68033
G1 X190.396 Y88.226 E.01401
G1 X173.302 Y105.32 E.66921
G3 X173.225 Y104.891 I.997 J-.401 E.01215
G1 X189.89 Y88.226 E.65241
G1 X189.384 Y88.226 E.01401
M73 P8 R30
G1 X173.225 Y104.384 E.63259
G1 X173.225 Y103.878 E.01401
G1 X188.877 Y88.226 E.61278
G1 X188.371 Y88.225 E.01401
G1 X173.225 Y103.372 E.59296
G1 X173.225 Y102.865 E.01401
G1 X187.865 Y88.225 E.57314
G1 X187.359 Y88.225 E.01401
G1 X173.225 Y102.359 E.55332
G1 X173.225 Y101.853 E.01401
G1 X186.852 Y88.225 E.5335
G1 X186.346 Y88.225 E.01401
G1 X173.225 Y101.347 E.51368
G1 X173.225 Y100.84 E.01401
G1 X185.84 Y88.225 E.49386
G1 X185.334 Y88.225 E.01401
G1 X173.225 Y100.334 E.47405
G1 X173.225 Y99.828 E.01401
G1 X184.827 Y88.225 E.45423
G1 X184.321 Y88.225 E.01401
G1 X173.225 Y99.322 E.43441
G1 X173.225 Y98.815 E.01401
G1 X183.815 Y88.225 E.41459
G1 X183.309 Y88.225 E.01401
G1 X173.225 Y98.309 E.39477
G1 X173.225 Y97.803 E.01401
G1 X182.803 Y88.225 E.37495
G1 X182.296 Y88.225 E.01401
G1 X173.225 Y97.297 E.35513
G1 X173.225 Y96.79 E.01401
G1 X181.79 Y88.225 E.33532
G1 X181.284 Y88.225 E.01401
G1 X173.225 Y96.284 E.3155
G1 X173.225 Y95.778 E.01401
G1 X180.778 Y88.225 E.29568
G1 X180.271 Y88.225 E.01401
G1 X173.225 Y95.272 E.27586
G1 X173.225 Y94.765 E.01401
G1 X179.765 Y88.225 E.25604
G1 X179.259 Y88.225 E.01401
G1 X173.225 Y94.259 E.23622
G1 X173.225 Y93.753 E.01401
G1 X178.753 Y88.225 E.21641
G1 X178.246 Y88.225 E.01401
G1 X173.225 Y93.247 E.19659
G1 X173.225 Y92.74 E.01401
G1 X177.74 Y88.225 E.17677
G1 X177.234 Y88.225 E.01401
G1 X173.225 Y92.234 E.15695
G1 X173.225 Y91.728 E.01401
G1 X176.728 Y88.225 E.13713
G1 X176.221 Y88.225 E.01401
G1 X173.225 Y91.222 E.11731
G1 X173.225 Y90.715 E.01401
G1 X175.715 Y88.225 E.09749
G1 X175.209 Y88.225 E.01401
G1 X173.225 Y90.209 E.07768
G1 X173.225 Y89.703 E.01401
G1 X174.703 Y88.225 E.05786
G1 X174.197 Y88.225 E.01401
G1 X173.225 Y89.197 E.03804
G3 X173.408 Y88.507 I.943 J-.119 E.02026
G1 X173.831 Y88.084 E.01653
; stop printing object flowrate_m7 id:1228360646943 copy 0
; printing object flowrate_m8 id:1344324764009 copy 0
SET_VELOCITY_LIMIT ACCEL=10000 ACCEL_TO_DECEL=5000
G1 E-.5 F900
G1 Z.4 F30000
G1 X168.181 Y106.024 Z.4
G1 Z.2
G1 E.5 F900
SET_VELOCITY_LIMIT ACCEL=500 ACCEL_TO_DECEL=250
;TYPE:Inner wall
;WIDTH:0.4
G1 F3000
G3 X167.958 Y106.043 I-.2 J-1.043 E.00611
G1 X161.958 Y106.043 E.1639
G2 X159.043 Y108.958 I.062 J2.977 E.12439
G1 X159.043 Y114.958 E.1639
G3 X157.958 Y116.043 I-1.062 J.023 E.04682
G1 X142.042 Y116.043 E.43477
G3 X140.957 Y114.958 I-.023 J-1.062 E.04682
G1 X140.957 Y108.958 E.1639
G2 X138.042 Y106.043 I-2.977 J.062 E.12439
G1 X132.042 Y106.043 E.1639
G3 X130.957 Y104.958 I-.023 J-1.062 E.04682
G1 X130.957 Y89.042 E.43477
G3 X132.042 Y87.957 I1.062 J-.023 E.04682
G1 X167.976 Y87.959 E.98157
G3 X169.043 Y89.042 I.008 J1.059 E.04634
G1 X169.043 Y104.958 E.43477
G3 X168.22 Y106.016 I-1.062 J.023 E.03962
SET_VELOCITY_LIMIT ACCEL=10000 ACCEL_TO_DECEL=5000
G1 X168.243 Y106.376 F30000
SET_VELOCITY_LIMIT ACCEL=500 ACCEL_TO_DECEL=250
G1 F3000
G3 X167.974 Y106.4 I-.261 J-1.394 E.00738
G1 X161.974 Y106.4 E.1639
G2 X159.4 Y108.974 I.046 J2.619 E.10992
G1 X159.4 Y114.974 E.1639
G3 X157.974 Y116.4 I-1.418 J.008 E.06129
G1 X142.026 Y116.4 E.43562
G3 X140.6 Y114.974 I-.008 J-1.418 E.06129
G1 X140.6 Y108.974 E.1639
G2 X138.026 Y106.4 I-2.619 J.046 E.10992
G1 X132.026 Y106.4 E.1639
G3 X130.6 Y104.974 I-.008 J-1.418 E.06129
G1 X130.6 Y89.026 E.43562
G3 X132.026 Y87.6 I1.418 J-.008 E.06129
G1 X167.991 Y87.602 E.98242
G3 X169.4 Y89.026 I-.007 J1.416 E.0608
G1 X169.4 Y104.974 E.43562
G3 X168.282 Y106.368 I-1.418 J.008 E.05281
SET_VELOCITY_LIMIT ACCEL=10000 ACCEL_TO_DECEL=5000
G1 X168.312 Y106.77 F30000
SET_VELOCITY_LIMIT ACCEL=500 ACCEL_TO_DECEL=250
;TYPE:Outer wall
G1 F3000
G3 X167.991 Y106.8 I-.33 J-1.788 E.00881
G1 X161.991 Y106.8 E.1639
G2 X159.8 Y108.991 I.028 J2.219 E.09371
G1 X159.8 Y114.991 E.1639
G3 X157.991 Y116.8 I-1.818 J-.01 E.0775
M73 P9 R30
G1 X142.009 Y116.8 E.43658
G3 X140.2 Y114.991 I.01 J-1.818 E.0775
G1 X140.2 Y108.991 E.1639
G2 X138.009 Y106.8 I-2.219 J.028 E.09371
G1 X132.009 Y106.8 E.1639
G3 X130.2 Y104.991 I.01 J-1.818 E.0775
G1 X130.2 Y89.009 E.43658
G3 X132.009 Y87.2 I1.818 J.01 E.0775
G1 X168.009 Y87.202 E.98337
G3 X169.8 Y89.009 I-.025 J1.816 E.07701
G1 X169.8 Y104.991 E.43658
G3 X168.351 Y106.762 I-1.818 J-.01 E.06759
SET_VELOCITY_LIMIT ACCEL=10000 ACCEL_TO_DECEL=5000
G1 E-.5 F900
G1 Z.4 F30000
G1 X168.916 Y105.169 Z.4
G1 Z.2
G1 E.5 F900
SET_VELOCITY_LIMIT ACCEL=500 ACCEL_TO_DECEL=250
;TYPE:Bottom surface
;WIDTH:0.400898
G1 F6300
G1 X168.493 Y105.592 E.01637
G3 X167.803 Y105.775 I-.571 J-.759 E.02003
G1 X168.775 Y104.803 E.03764
G1 X168.775 Y104.297 E.01386
G1 X167.297 Y105.775 E.05724
G1 X166.791 Y105.775 E.01386
G1 X168.775 Y103.791 E.07685
G1 X168.775 Y103.285 E.01386
G1 X166.285 Y105.775 E.09645
G1 X165.778 Y105.775 E.01386
G1 X168.775 Y102.778 E.11606
G1 X168.775 Y102.272 E.01386
G1 X165.272 Y105.775 E.13567
G1 X164.766 Y105.775 E.01386
G1 X168.775 Y101.766 E.15527
G1 X168.775 Y101.26 E.01386
G1 X164.26 Y105.775 E.17488
G1 X163.753 Y105.775 E.01386
G1 X168.775 Y100.753 E.19448
G1 X168.775 Y100.247 E.01386
G1 X163.247 Y105.775 E.21409
G1 X162.741 Y105.775 E.01386
G1 X168.775 Y99.741 E.2337
G1 X168.775 Y99.235 E.01386
G1 X162.235 Y105.775 E.2533
G2 X161.707 Y105.796 I-.144 J3.024 E.01447
G1 X168.775 Y98.728 E.27372
G1 X168.775 Y98.222 E.01386
G1 X160.819 Y106.178 E.30813
SET_VELOCITY_LIMIT ACCEL=10000 ACCEL_TO_DECEL=5000
G1 E-.5 F900
G1 Z.4 F30000
G1 X158.916 Y115.169 Z.4
G1 Z.2
G1 E.5 F900
SET_VELOCITY_LIMIT ACCEL=500 ACCEL_TO_DECEL=250
G1 F6300
G1 X158.493 Y115.592 E.01637
G3 X157.803 Y115.775 I-.571 J-.759 E.02003
G1 X158.775 Y114.803 E.03764
G1 X158.775 Y114.297 E.01386
G1 X157.297 Y115.775 E.05724
G1 X156.791 Y115.775 E.01386
G1 X158.775 Y113.791 E.07685
G1 X158.775 Y113.285 E.01386
G1 X156.285 Y115.775 E.09645
G1 X155.778 Y115.775 E.01386
G1 X158.775 Y112.778 E.11606
G1 X158.775 Y112.272 E.01386
G1 X155.272 Y115.775 E.13567
G1 X154.766 Y115.775 E.01386
G1 X158.775 Y111.766 E.15527
G1 X158.775 Y111.26 E.01386
G1 X154.26 Y115.775 E.17488
G1 X153.753 Y115.775 E.01386
G1 X158.775 Y110.753 E.19449
G1 X158.775 Y110.247 E.01386
G1 X153.247 Y115.775 E.21409
G1 X152.741 Y115.775 E.01386
G1 X158.775 Y109.741 E.2337
G1 X158.775 Y109.235 E.01386
G1 X152.235 Y115.775 E.2533
G1 X151.728 Y115.775 E.01386
G1 X158.796 Y108.707 E.27372
G3 X158.915 Y108.082 I1.833 J.025 E.01753
G1 X151.222 Y115.775 E.29794
G1 X150.716 Y115.775 E.01386
G1 X168.775 Y97.716 E.6994
G1 X168.775 Y97.209 E.01386
G1 X150.209 Y115.775 E.71901
G1 X149.703 Y115.775 E.01386
G1 X168.775 Y96.703 E.73861
G1 X168.775 Y96.197 E.01386
G1 X149.197 Y115.775 E.75822
G1 X148.691 Y115.775 E.01386
G1 X168.775 Y95.691 E.77783
G1 X168.775 Y95.184 E.01386
G1 X148.184 Y115.775 E.79743
G1 X147.678 Y115.775 E.01386
G1 X168.775 Y94.678 E.81704
G1 X168.775 Y94.172 E.01386
G1 X147.172 Y115.775 E.83664
G1 X146.666 Y115.775 E.01386
G1 X168.775 Y93.666 E.85625
G1 X168.775 Y93.159 E.01386
G1 X146.159 Y115.775 E.87586
G1 X145.653 Y115.775 E.01386
G1 X168.775 Y92.653 E.89546
G1 X168.775 Y92.147 E.01386
G1 X145.147 Y115.775 E.91507
G1 X144.641 Y115.775 E.01386
G1 X168.775 Y91.641 E.93468
G1 X168.775 Y91.134 E.01386
G1 X144.134 Y115.775 E.95428
G1 X143.628 Y115.775 E.01386
G1 X168.775 Y90.628 E.97389
G1 X168.775 Y90.122 E.01386
G1 X143.122 Y115.775 E.99349
G1 X142.616 Y115.775 E.01386
G1 X168.775 Y89.616 E1.0131
G1 X168.775 Y89.109 E.01386
G1 X142.109 Y115.775 E1.03271
G3 X141.68 Y115.698 I-.028 J-1.074 E.01202
G1 X168.698 Y88.68 E1.04633
G2 X168.476 Y88.396 I-1.19 J.701 E.00991
G1 X141.396 Y115.476 E1.04873
G3 X141.241 Y115.125 I1.222 J-.752 E.01054
G1 X168.125 Y88.241 E1.04118
G2 X167.633 Y88.226 I-.327 J2.807 E.0135
M73 P10 R30
G1 X141.225 Y114.635 E1.02273
G1 X141.225 Y114.128 E.01386
G1 X167.127 Y88.226 E1.00313
G1 X166.621 Y88.226 E.01386
G1 X141.225 Y113.622 E.98352
G1 X141.225 Y113.116 E.01386
G1 X166.114 Y88.226 E.96391
G1 X165.608 Y88.226 E.01386
G1 X141.225 Y112.61 E.94431
G1 X141.225 Y112.103 E.01386
G1 X165.102 Y88.226 E.9247
G1 X164.596 Y88.226 E.01386
G1 X141.225 Y111.597 E.9051
G1 X141.225 Y111.091 E.01386
G1 X164.089 Y88.226 E.88549
G1 X163.583 Y88.226 E.01386
G1 X141.225 Y110.584 E.86589
G1 X141.225 Y110.078 E.01386
G1 X163.077 Y88.226 E.84628
G1 X162.571 Y88.226 E.01386
G1 X141.225 Y109.572 E.82668
G1 X141.225 Y109.066 E.01386
G1 X162.064 Y88.226 E.80707
G1 X161.558 Y88.226 E.01386
G1 X141.194 Y108.591 E.78867
G2 X141.108 Y108.17 I-1.236 J.032 E.01182
G1 X161.052 Y88.226 E.77238
G1 X160.546 Y88.226 E.01386
G1 X140.984 Y107.787 E.75757
G1 X140.823 Y107.442 E.01043
G1 X160.04 Y88.226 E.7442
G1 X159.533 Y88.226 E.01386
G1 X140.623 Y107.137 E.73236
G2 X140.401 Y106.852 I-.919 J.485 E.00993
G1 X159.027 Y88.226 E.72133
G1 X158.521 Y88.226 E.01386
G1 X140.148 Y106.598 E.71152
G2 X139.863 Y106.377 I-.77 J.697 E.00993
G1 X158.015 Y88.226 E.70296
G1 X157.508 Y88.226 E.01386
G1 X139.558 Y106.177 E.69519
G1 X139.213 Y106.016 E.01043
G1 X157.002 Y88.226 E.68895
G1 X156.496 Y88.226 E.01386
G1 X138.83 Y105.892 E.68416
G2 X138.409 Y105.806 I-.453 J1.151 E.01182
G1 X155.99 Y88.226 E.68085
G1 X155.483 Y88.226 E.01386
G1 X137.934 Y105.775 E.67964
G1 X137.428 Y105.775 E.01386
G1 X154.977 Y88.226 E.67964
G1 X154.471 Y88.226 E.01386
G1 X136.922 Y105.775 E.67965
G1 X136.415 Y105.775 E.01386
G1 X153.965 Y88.226 E.67965
G1 X153.458 Y88.226 E.01386
G1 X135.909 Y105.775 E.67965
G1 X135.403 Y105.775 E.01386
G1 X152.952 Y88.226 E.67965
G1 X152.446 Y88.226 E.01386
G1 X134.897 Y105.775 E.67965
G1 X134.39 Y105.775 E.01386
G1 X151.94 Y88.226 E.67965
G1 X151.434 Y88.226 E.01386
G1 X133.884 Y105.775 E.67965
G1 X133.378 Y105.775 E.01386
G1 X150.927 Y88.226 E.67965
G1 X150.421 Y88.226 E.01386
G1 X132.872 Y105.775 E.67965
G1 X132.365 Y105.775 E.01386
G1 X149.915 Y88.226 E.67965
G1 X149.409 Y88.226 E.01386
G1 X131.875 Y105.759 E.67905
G3 X131.524 Y105.604 I.403 J-1.379 E.01054
G1 X148.902 Y88.226 E.67302
G1 X148.396 Y88.226 E.01386
G1 X131.302 Y105.32 E.66201
G3 X131.225 Y104.891 I.997 J-.401 E.01202
G1 X147.89 Y88.226 E.6454
G1 X147.384 Y88.226 E.01386
G1 X131.225 Y104.384 E.62579
G1 X131.225 Y103.878 E.01386
G1 X146.877 Y88.226 E.60619
G1 X146.371 Y88.225 E.01386
M73 P11 R30
G1 X131.225 Y103.372 E.58658
G1 X131.225 Y102.865 E.01386
G1 X145.865 Y88.225 E.56698
G1 X145.359 Y88.225 E.01386
G1 X131.225 Y102.359 E.54737
G1 X131.225 Y101.853 E.01386
G1 X144.852 Y88.225 E.52777
G1 X144.346 Y88.225 E.01386
G1 X131.225 Y101.347 E.50816
G1 X131.225 Y100.84 E.01386
G1 X143.84 Y88.225 E.48855
G1 X143.334 Y88.225 E.01386
G1 X131.225 Y100.334 E.46895
G1 X131.225 Y99.828 E.01386
M73 P11 R29
G1 X142.827 Y88.225 E.44934
G1 X142.321 Y88.225 E.01386
G1 X131.225 Y99.322 E.42974
G1 X131.225 Y98.815 E.01386
G1 X141.815 Y88.225 E.41013
G1 X141.309 Y88.225 E.01386
G1 X131.225 Y98.309 E.39053
G1 X131.225 Y97.803 E.01386
G1 X140.803 Y88.225 E.37092
G1 X140.296 Y88.225 E.01386
G1 X131.225 Y97.297 E.35132
G1 X131.225 Y96.79 E.01386
G1 X139.79 Y88.225 E.33171
G1 X139.284 Y88.225 E.01386
G1 X131.225 Y96.284 E.31211
G1 X131.225 Y95.778 E.01386
G1 X138.778 Y88.225 E.2925
G1 X138.271 Y88.225 E.01386
G1 X131.225 Y95.272 E.27289
G1 X131.225 Y94.765 E.01386
G1 X137.765 Y88.225 E.25329
G1 X137.259 Y88.225 E.01386
G1 X131.225 Y94.259 E.23368
G1 X131.225 Y93.753 E.01386
G1 X136.753 Y88.225 E.21408
G1 X136.246 Y88.225 E.01386
G1 X131.225 Y93.247 E.19447
G1 X131.225 Y92.74 E.01386
G1 X135.74 Y88.225 E.17487
G1 X135.234 Y88.225 E.01386
G1 X131.225 Y92.234 E.15526
G1 X131.225 Y91.728 E.01386
G1 X134.728 Y88.225 E.13566
G1 X134.221 Y88.225 E.01386
G1 X131.225 Y91.222 E.11605
G1 X131.225 Y90.715 E.01386
G1 X133.715 Y88.225 E.09645
G1 X133.209 Y88.225 E.01386
G1 X131.225 Y90.209 E.07684
G1 X131.225 Y89.703 E.01386
G1 X132.703 Y88.225 E.05724
G1 X132.197 Y88.225 E.01386
G1 X131.225 Y89.197 E.03763
G3 X131.408 Y88.507 I.943 J-.119 E.02004
G1 X131.831 Y88.084 E.01635
; stop printing object flowrate_m8 id:1344324764009 copy 0
; printing object flowrate_m5 id:0 copy 0
SET_VELOCITY_LIMIT ACCEL=10000 ACCEL_TO_DECEL=5000
G1 E-.5 F900
G1 Z.4 F30000
G1 X168.181 Y138.024 Z.4
G1 Z.2
G1 E.5 F900
SET_VELOCITY_LIMIT ACCEL=500 ACCEL_TO_DECEL=250
;TYPE:Inner wall
;WIDTH:0.4
G1 F3000
G3 X167.958 Y138.043 I-.2 J-1.043 E.00631
G1 X161.958 Y138.043 E.16924
G2 X159.043 Y140.958 I.062 J2.977 E.12845
G1 X159.043 Y146.958 E.16924
G3 X157.958 Y148.043 I-1.062 J.023 E.04835
G1 X142.042 Y148.043 E.44895
G3 X140.957 Y146.958 I-.023 J-1.062 E.04835
G1 X140.957 Y140.958 E.16924
G2 X138.042 Y138.043 I-2.977 J.062 E.12845
G1 X132.042 Y138.043 E.16924
G3 X130.957 Y136.958 I-.023 J-1.062 E.04835
G1 X130.957 Y121.042 E.44895
G3 X132.042 Y119.957 I1.062 J-.023 E.04835
G1 X167.976 Y119.959 E1.01357
G3 X169.043 Y121.042 I.008 J1.059 E.04785
G1 X169.043 Y136.958 E.44895
G3 X168.22 Y138.016 I-1.062 J.023 E.04091
SET_VELOCITY_LIMIT ACCEL=10000 ACCEL_TO_DECEL=5000
G1 X168.243 Y138.376 F30000
SET_VELOCITY_LIMIT ACCEL=500 ACCEL_TO_DECEL=250
G1 F3000
G3 X167.974 Y138.4 I-.261 J-1.394 E.00762
G1 X161.974 Y138.4 E.16924
G2 X159.4 Y140.974 I.046 J2.619 E.1135
G1 X159.4 Y146.974 E.16924
G3 X157.974 Y148.4 I-1.418 J.008 E.06329
G1 X142.026 Y148.4 E.44983
G3 X140.6 Y146.974 I-.012 J-1.414 E.06334
G1 X140.6 Y140.974 E.16924
G2 X138.026 Y138.4 I-2.619 J.046 E.1135
G1 X132.026 Y138.4 E.16924
G3 X130.6 Y136.974 I-.008 J-1.418 E.06329
G1 X130.6 Y121.026 E.44983
G3 X132.026 Y119.6 I1.418 J-.008 E.06329
G1 X167.991 Y119.602 E1.01445
G3 X169.4 Y121.026 I-.007 J1.416 E.06279
G1 X169.4 Y136.974 E.44983
G3 X168.282 Y138.368 I-1.418 J.008 E.05453
SET_VELOCITY_LIMIT ACCEL=10000 ACCEL_TO_DECEL=5000
G1 X168.312 Y138.77 F30000
SET_VELOCITY_LIMIT ACCEL=500 ACCEL_TO_DECEL=250
;TYPE:Outer wall
G1 F3000
G3 X167.991 Y138.8 I-.33 J-1.788 E.0091
G1 X161.991 Y138.8 E.16924
G2 X159.8 Y140.991 I.028 J2.219 E.09676
G1 X159.8 Y146.991 E.16924
G3 X157.991 Y148.8 I-1.818 J-.01 E.08002
G1 X142.009 Y148.8 E.45081
G3 X140.2 Y146.991 I.007 J-1.816 E.08006
G1 X140.2 Y140.991 E.16924
G2 X138.009 Y138.8 I-2.219 J.028 E.09676
G1 X132.009 Y138.8 E.16924
G3 X130.2 Y136.991 I.01 J-1.818 E.08002
G1 X130.2 Y121.009 E.45082
G3 X132.009 Y119.2 I1.818 J.01 E.08002
G1 X168.009 Y119.202 E1.01544
G3 X169.8 Y121.009 I-.025 J1.816 E.07952
G1 X169.8 Y136.991 E.45081
G3 X168.351 Y138.762 I-1.818 J-.01 E.0698
SET_VELOCITY_LIMIT ACCEL=10000 ACCEL_TO_DECEL=5000
G1 E-.5 F900
G1 Z.4 F30000
G1 X168.916 Y137.169 Z.4
G1 Z.2
G1 E.5 F900
SET_VELOCITY_LIMIT ACCEL=500 ACCEL_TO_DECEL=250
;TYPE:Bottom surface
;WIDTH:0.400898
G1 F6300
G1 X168.493 Y137.592 E.01691
G3 X167.803 Y137.775 I-.571 J-.759 E.02068
G1 X168.775 Y136.803 E.03886
G1 X168.775 Y136.297 E.01432
G1 X167.297 Y137.775 E.05911
G1 X166.791 Y137.775 E.01432
G1 X168.775 Y135.791 E.07935
G1 X168.775 Y135.285 E.01432
G1 X166.285 Y137.775 E.0996
G1 X165.778 Y137.775 E.01432
G1 X168.775 Y134.778 E.11984
G1 X168.775 Y134.272 E.01432
G1 X165.272 Y137.775 E.14009
G1 X164.766 Y137.775 E.01432
G1 X168.775 Y133.766 E.16034
G1 X168.775 Y133.26 E.01432
G1 X164.26 Y137.775 E.18058
G1 X163.753 Y137.775 E.01432
M73 P12 R29
G1 X168.775 Y132.753 E.20083
G1 X168.775 Y132.247 E.01432
G1 X163.247 Y137.775 E.22107
G1 X162.741 Y137.775 E.01432
G1 X168.775 Y131.741 E.24132
G1 X168.775 Y131.235 E.01432
G1 X162.235 Y137.775 E.26156
G2 X161.707 Y137.796 I-.144 J3.024 E.01494
G1 X168.775 Y130.728 E.28265
G1 X168.775 Y130.222 E.01432
G1 X160.819 Y138.178 E.31817
SET_VELOCITY_LIMIT ACCEL=10000 ACCEL_TO_DECEL=5000
G1 E-.5 F900
G1 Z.4 F30000
G1 X158.916 Y147.169 Z.4
G1 Z.2
G1 E.5 F900
SET_VELOCITY_LIMIT ACCEL=500 ACCEL_TO_DECEL=250
G1 F6300
G1 X158.493 Y147.592 E.01691
G3 X157.803 Y147.775 I-.571 J-.759 E.02068
G1 X158.775 Y146.803 E.03886
G1 X158.775 Y146.297 E.01432
G1 X157.297 Y147.775 E.05911
G1 X156.791 Y147.775 E.01432
G1 X158.775 Y145.791 E.07935
G1 X158.775 Y145.285 E.01432
G1 X156.285 Y147.775 E.0996
G1 X155.778 Y147.775 E.01432
G1 X158.775 Y144.778 E.11984
G1 X158.775 Y144.272 E.01432
G1 X155.272 Y147.775 E.14009
G1 X154.766 Y147.775 E.01432
G1 X158.775 Y143.766 E.16034
G1 X158.775 Y143.26 E.01432
G1 X154.26 Y147.775 E.18058
G1 X153.753 Y147.775 E.01432
G1 X158.775 Y142.753 E.20083
G1 X158.775 Y142.247 E.01432
G1 X153.247 Y147.775 E.22107
G1 X152.741 Y147.775 E.01432
G1 X158.775 Y141.741 E.24132
G1 X158.775 Y141.235 E.01432
G1 X152.235 Y147.775 E.26156
G1 X151.728 Y147.775 E.01432
G1 X158.796 Y140.707 E.28265
G3 X158.915 Y140.082 I1.833 J.025 E.0181
G1 X151.222 Y147.775 E.30766
G1 X150.716 Y147.775 E.01432
G1 X168.775 Y129.716 E.72221
G1 X168.775 Y129.209 E.01432
G1 X150.209 Y147.775 E.74245
G1 X149.703 Y147.775 E.01432
G1 X168.775 Y128.703 E.7627
G1 X168.775 Y128.197 E.01432
G1 X149.197 Y147.775 E.78294
G1 X148.691 Y147.775 E.01432
G1 X168.775 Y127.691 E.80319
G1 X168.775 Y127.184 E.01432
G1 X148.184 Y147.775 E.82344
G1 X147.678 Y147.775 E.01432
G1 X168.775 Y126.678 E.84368
G1 X168.775 Y126.172 E.01432
G1 X147.172 Y147.775 E.86393
G1 X146.666 Y147.775 E.01432
G1 X168.775 Y125.666 E.88417
G1 X168.775 Y125.159 E.01432
G1 X146.159 Y147.775 E.90442
G1 X145.653 Y147.775 E.01432
G1 X168.775 Y124.653 E.92466
G1 X168.775 Y124.147 E.01432
G1 X145.147 Y147.775 E.94491
G1 X144.641 Y147.775 E.01432
G1 X168.775 Y123.641 E.96515
G1 X168.775 Y123.134 E.01432
G1 X144.134 Y147.775 E.9854
G1 X143.628 Y147.775 E.01432
G1 X168.775 Y122.628 E1.00565
G1 X168.775 Y122.122 E.01432
G1 X143.122 Y147.775 E1.02589
G1 X142.616 Y147.775 E.01432
G1 X168.775 Y121.616 E1.04614
G1 X168.775 Y121.109 E.01432
G1 X142.109 Y147.775 E1.06638
G3 X141.68 Y147.698 I-.028 J-1.074 E.01241
G1 X168.698 Y120.68 E1.08045
G2 X168.476 Y120.396 I-1.19 J.701 E.01023
G1 X141.396 Y147.476 E1.08293
G3 X141.241 Y147.125 I1.221 J-.752 E.01088
G1 X168.125 Y120.241 E1.07514
G2 X167.633 Y120.226 I-.327 J2.807 E.01394
G1 X141.225 Y146.635 E1.05608
G1 X141.225 Y146.128 E.01432
G1 X167.127 Y120.226 E1.03584
G1 X166.621 Y120.226 E.01432
G1 X141.225 Y145.622 E1.01559
G1 X141.225 Y145.116 E.01432
G1 X166.114 Y120.226 E.99535
G1 X165.608 Y120.226 E.01432
G1 X141.225 Y144.61 E.9751
G1 X141.225 Y144.103 E.01432
G1 X165.102 Y120.226 E.95486
G1 X164.596 Y120.226 E.01432
G1 X141.225 Y143.597 E.93461
G1 X141.225 Y143.091 E.01432
G1 X164.089 Y120.226 E.91437
G1 X163.583 Y120.226 E.01432
M73 P13 R29
G1 X141.225 Y142.584 E.89412
G1 X141.225 Y142.078 E.01432
G1 X163.077 Y120.226 E.87388
G1 X162.571 Y120.226 E.01432
G1 X141.225 Y141.572 E.85363
G1 X141.225 Y141.066 E.01432
G1 X162.064 Y120.226 E.83339
G1 X161.558 Y120.226 E.01432
G1 X141.194 Y140.591 E.81439
G2 X141.108 Y140.17 I-1.236 J.032 E.0122
G1 X161.052 Y120.226 E.79756
G1 X160.546 Y120.226 E.01432
G1 X140.984 Y139.787 E.78227
G1 X140.823 Y139.442 E.01077
G1 X160.04 Y120.226 E.76846
G1 X159.533 Y120.226 E.01432
G1 X140.623 Y139.137 E.75624
G2 X140.401 Y138.852 I-.919 J.485 E.01025
G1 X159.027 Y120.226 E.74485
G1 X158.521 Y120.226 E.01432
G1 X140.148 Y138.598 E.73473
G2 X139.863 Y138.377 I-.77 J.698 E.01025
G1 X158.015 Y120.226 E.72588
G1 X157.508 Y120.226 E.01432
G1 X139.558 Y138.177 E.71786
G1 X139.213 Y138.016 E.01077
G1 X157.002 Y120.226 E.71142
G1 X156.496 Y120.226 E.01432
G1 X138.83 Y137.892 E.70647
G2 X138.409 Y137.806 I-.453 J1.151 E.0122
G1 X155.99 Y120.226 E.70305
G1 X155.483 Y120.226 E.01432
G1 X137.934 Y137.775 E.70181
G1 X137.428 Y137.775 E.01432
G1 X154.977 Y120.226 E.70181
G1 X154.471 Y120.226 E.01432
G1 X136.922 Y137.775 E.70181
G1 X136.415 Y137.775 E.01432
G1 X153.965 Y120.226 E.70181
G1 X153.458 Y120.226 E.01432
G1 X135.909 Y137.775 E.70181
G1 X135.403 Y137.775 E.01432
G1 X152.952 Y120.226 E.70181
G1 X152.446 Y120.226 E.01432
G1 X134.897 Y137.775 E.70181
G1 X134.39 Y137.775 E.01432
G1 X151.94 Y120.226 E.70181
G1 X151.434 Y120.226 E.01432
G1 X133.884 Y137.775 E.70181
G1 X133.378 Y137.775 E.01432
G1 X150.927 Y120.226 E.70181
G1 X150.421 Y120.226 E.01432
G1 X132.872 Y137.775 E.70181
G1 X132.365 Y137.775 E.01432
G1 X149.915 Y120.226 E.70182
G1 X149.409 Y120.226 E.01432
G1 X131.875 Y137.759 E.70119
G3 X131.524 Y137.604 I.402 J-1.378 E.01088
G1 X148.902 Y120.226 E.69496
G1 X148.396 Y120.226 E.01432
G1 X131.302 Y137.32 E.6836
G3 X131.225 Y136.891 I.997 J-.401 E.01241
G1 X147.89 Y120.226 E.66644
G1 X147.384 Y120.226 E.01432
G1 X131.225 Y136.384 E.6462
G1 X131.225 Y135.878 E.01432
G1 X146.877 Y120.226 E.62595
G1 X146.371 Y120.225 E.01432
G1 X131.225 Y135.372 E.60571
G1 X131.225 Y134.865 E.01432
G1 X145.865 Y120.225 E.58546
G1 X145.359 Y120.225 E.01432
G1 X131.225 Y134.359 E.56522
G1 X131.225 Y133.853 E.01432
G1 X144.852 Y120.225 E.54497
G1 X144.346 Y120.225 E.01432
G1 X131.225 Y133.347 E.52473
G1 X131.225 Y132.84 E.01432
G1 X143.84 Y120.225 E.50449
G1 X143.334 Y120.225 E.01432
G1 X131.225 Y132.334 E.48424
G1 X131.225 Y131.828 E.01432
G1 X142.827 Y120.225 E.464
G1 X142.321 Y120.225 E.01432
G1 X131.225 Y131.322 E.44375
G1 X131.225 Y130.815 E.01432
G1 X141.815 Y120.225 E.42351
G1 X141.309 Y120.225 E.01432
G1 X131.225 Y130.309 E.40326
G1 X131.225 Y129.803 E.01432
M73 P14 R29
G1 X140.803 Y120.225 E.38302
G1 X140.296 Y120.225 E.01432
G1 X131.225 Y129.297 E.36277
G1 X131.225 Y128.79 E.01432
G1 X139.79 Y120.225 E.34253
G1 X139.284 Y120.225 E.01432
G1 X131.225 Y128.284 E.32228
G1 X131.225 Y127.778 E.01432
G1 X138.778 Y120.225 E.30204
G1 X138.271 Y120.225 E.01432
G1 X131.225 Y127.272 E.28179
G1 X131.225 Y126.765 E.01432
G1 X137.765 Y120.225 E.26155
G1 X137.259 Y120.225 E.01432
M73 P14 R28
G1 X131.225 Y126.259 E.2413
G1 X131.225 Y125.753 E.01432
G1 X136.753 Y120.225 E.22106
G1 X136.246 Y120.225 E.01432
G1 X131.225 Y125.247 E.20081
G1 X131.225 Y124.74 E.01432
G1 X135.74 Y120.225 E.18057
G1 X135.234 Y120.225 E.01432
G1 X131.225 Y124.234 E.16033
G1 X131.225 Y123.728 E.01432
G1 X134.728 Y120.225 E.14008
G1 X134.221 Y120.225 E.01432
G1 X131.225 Y123.222 E.11984
G1 X131.225 Y122.715 E.01432
G1 X133.715 Y120.225 E.09959
G1 X133.209 Y120.225 E.01432
G1 X131.225 Y122.209 E.07935
G1 X131.225 Y121.703 E.01432
G1 X132.703 Y120.225 E.0591
G1 X132.197 Y120.225 E.01432
G1 X131.225 Y121.197 E.03886
G3 X131.408 Y120.507 I.943 J-.119 E.02069
G1 X131.831 Y120.084 E.01689
; stop printing object flowrate_m5 id:0 copy 0
; printing object flowrate_m2 id:8247625146344371234 copy 0
SET_VELOCITY_LIMIT ACCEL=10000 ACCEL_TO_DECEL=5000
G1 E-.5 F900
G1 Z.4 F30000
G1 X168.181 Y170.024 Z.4
G1 Z.2
G1 E.5 F900
SET_VELOCITY_LIMIT ACCEL=500 ACCEL_TO_DECEL=250
;TYPE:Inner wall
;WIDTH:0.4
G1 F3000
G3 X167.958 Y170.043 I-.2 J-1.043 E.00651
G1 X161.958 Y170.043 E.17458
G2 X159.043 Y172.958 I.062 J2.977 E.13251
G1 X159.043 Y178.958 E.17458
G3 X157.958 Y180.043 I-1.062 J.023 E.04987
G1 X142.042 Y180.043 E.46313
G3 X140.957 Y178.958 I-.023 J-1.062 E.04987
G1 X140.957 Y172.958 E.17458
G2 X138.042 Y170.043 I-2.977 J.062 E.13251
G1 X132.042 Y170.043 E.17458
G3 X130.957 Y168.958 I-.023 J-1.062 E.04987
G1 X130.957 Y153.042 E.46313
G3 X132.042 Y151.957 I1.062 J-.023 E.04987
G1 X167.976 Y151.959 E1.04558
G3 X169.043 Y153.042 I.008 J1.059 E.04936
G1 X169.043 Y168.958 E.46313
G3 X168.22 Y170.016 I-1.062 J.023 E.04221
SET_VELOCITY_LIMIT ACCEL=10000 ACCEL_TO_DECEL=5000
G1 X168.243 Y170.376 F30000
SET_VELOCITY_LIMIT ACCEL=500 ACCEL_TO_DECEL=250
G1 F3000
G3 X167.974 Y170.4 I-.261 J-1.394 E.00786
G1 X161.974 Y170.4 E.17458
G2 X159.4 Y172.974 I.046 J2.619 E.11709
G1 X159.4 Y178.974 E.17458
G3 X157.974 Y180.4 I-1.418 J.008 E.06528
G1 X142.026 Y180.4 E.46403
G3 X140.6 Y178.974 I-.008 J-1.418 E.06528
G1 X140.6 Y172.974 E.17458
G2 X138.026 Y170.4 I-2.619 J.046 E.11709
G1 X132.026 Y170.4 E.17458
G3 X130.6 Y168.974 I-.008 J-1.418 E.06528
G1 X130.6 Y153.026 E.46404
G3 X132.026 Y151.6 I1.418 J-.008 E.06528
G1 X167.991 Y151.602 E1.04649
G3 X169.4 Y153.026 I-.007 J1.416 E.06477
G1 X169.4 Y168.974 E.46403
G3 X168.282 Y170.368 I-1.418 J.008 E.05626
SET_VELOCITY_LIMIT ACCEL=10000 ACCEL_TO_DECEL=5000
G1 X168.312 Y170.77 F30000
SET_VELOCITY_LIMIT ACCEL=500 ACCEL_TO_DECEL=250
;TYPE:Outer wall
G1 F3000
G3 X167.991 Y170.8 I-.33 J-1.788 E.00939
G1 X161.991 Y170.8 E.17458
G2 X159.8 Y172.991 I.028 J2.219 E.09982
G1 X159.8 Y178.991 E.17458
G3 X157.991 Y180.8 I-1.818 J-.01 E.08255
G1 X142.009 Y180.8 E.46505
G3 X140.2 Y178.991 I.01 J-1.818 E.08255
G1 X140.2 Y172.991 E.17458
G2 X138.009 Y170.8 I-2.219 J.028 E.09982
G1 X132.009 Y170.8 E.17458
G3 X130.2 Y168.991 I.01 J-1.818 E.08255
G1 X130.2 Y153.009 E.46505
G3 X132.009 Y151.2 I1.818 J.01 E.08255
G1 X168.009 Y151.202 E1.04751
G3 X169.8 Y153.009 I-.025 J1.816 E.08203
G1 X169.8 Y168.991 E.46505
G3 X168.351 Y170.762 I-1.818 J-.01 E.072
SET_VELOCITY_LIMIT ACCEL=10000 ACCEL_TO_DECEL=5000
G1 E-.5 F900
G1 Z.4 F30000
G1 X168.916 Y169.169 Z.4
G1 Z.2
G1 E.5 F900
SET_VELOCITY_LIMIT ACCEL=500 ACCEL_TO_DECEL=250
;TYPE:Bottom surface
;WIDTH:0.400898
G1 F6300
G1 X168.493 Y169.592 E.01744
G3 X167.803 Y169.775 I-.571 J-.759 E.02134
G1 X168.775 Y168.803 E.04009
G1 X168.775 Y168.297 E.01477
G1 X167.297 Y169.775 E.06097
G1 X166.791 Y169.775 E.01477
G1 X168.775 Y167.791 E.08186
G1 X168.775 Y167.285 E.01477
G1 X166.285 Y169.775 E.10274
G1 X165.778 Y169.775 E.01477
G1 X168.775 Y166.778 E.12363
G1 X168.775 Y166.272 E.01477
G1 X165.272 Y169.775 E.14451
G1 X164.766 Y169.775 E.01477
G1 X168.775 Y165.766 E.1654
G1 X168.775 Y165.26 E.01477
G1 X164.26 Y169.775 E.18628
G1 X163.753 Y169.775 E.01477
G1 X168.775 Y164.753 E.20717
G1 X168.775 Y164.247 E.01477
G1 X163.247 Y169.775 E.22805
G1 X162.741 Y169.775 E.01477
G1 X168.775 Y163.741 E.24894
G1 X168.775 Y163.235 E.01477
G1 X162.235 Y169.775 E.26982
G2 X161.707 Y169.796 I-.144 J3.024 E.01541
G1 X168.775 Y162.728 E.29157
G1 X168.775 Y162.222 E.01477
G1 X160.819 Y170.178 E.32822
SET_VELOCITY_LIMIT ACCEL=10000 ACCEL_TO_DECEL=5000
G1 E-.5 F900
G1 Z.4 F30000
G1 X158.916 Y179.169 Z.4
G1 Z.2
G1 E.5 F900
SET_VELOCITY_LIMIT ACCEL=500 ACCEL_TO_DECEL=250
G1 F6300
G1 X158.493 Y179.592 E.01744
G3 X157.803 Y179.775 I-.571 J-.759 E.02134
G1 X158.775 Y178.803 E.04009
G1 X158.775 Y178.297 E.01477
G1 X157.297 Y179.775 E.06097
G1 X156.791 Y179.775 E.01477
G1 X158.775 Y177.791 E.08186
G1 X158.775 Y177.285 E.01477
G1 X156.285 Y179.775 E.10274
G1 X155.778 Y179.775 E.01477
G1 X158.775 Y176.778 E.12363
G1 X158.775 Y176.272 E.01477
G1 X155.272 Y179.775 E.14451
G1 X154.766 Y179.775 E.01477
G1 X158.775 Y175.766 E.1654
G1 X158.775 Y175.26 E.01477
G1 X154.26 Y179.775 E.18628
G1 X153.753 Y179.775 E.01477
G1 X158.775 Y174.753 E.20717
G1 X158.775 Y174.247 E.01477
G1 X153.247 Y179.775 E.22805
G1 X152.741 Y179.775 E.01477
G1 X158.775 Y173.741 E.24894
G1 X158.775 Y173.235 E.01477
G1 X152.235 Y179.775 E.26982
M73 P15 R28
G1 X151.728 Y179.775 E.01477
G1 X158.796 Y172.707 E.29157
G3 X158.915 Y172.082 I1.833 J.025 E.01867
G1 X151.222 Y179.775 E.31737
G1 X150.716 Y179.775 E.01477
G1 X168.775 Y161.716 E.74501
G1 X168.775 Y161.209 E.01477
G1 X150.209 Y179.775 E.7659
G1 X149.703 Y179.775 E.01477
G1 X168.775 Y160.703 E.78678
G1 X168.775 Y160.197 E.01477
G1 X149.197 Y179.775 E.80767
G1 X148.691 Y179.775 E.01477
G1 X168.775 Y159.691 E.82855
G1 X168.775 Y159.184 E.01477
G1 X148.184 Y179.775 E.84944
G1 X147.678 Y179.775 E.01477
G1 X168.775 Y158.678 E.87032
G1 X168.775 Y158.172 E.01477
G1 X147.172 Y179.775 E.89121
G1 X146.666 Y179.775 E.01477
G1 X168.775 Y157.666 E.91209
G1 X168.775 Y157.159 E.01477
G1 X146.159 Y179.775 E.93298
G1 X145.653 Y179.775 E.01477
G1 X168.775 Y156.653 E.95386
G1 X168.775 Y156.147 E.01477
G1 X145.147 Y179.775 E.97475
G1 X144.641 Y179.775 E.01477
G1 X168.775 Y155.641 E.99563
G1 X168.775 Y155.134 E.01477
G1 X144.134 Y179.775 E1.01652
G1 X143.628 Y179.775 E.01477
G1 X168.775 Y154.628 E1.0374
G1 X168.775 Y154.122 E.01477
G1 X143.122 Y179.775 E1.05829
G1 X142.616 Y179.775 E.01477
G1 X168.775 Y153.616 E1.07917
G1 X168.775 Y153.109 E.01477
G1 X142.109 Y179.775 E1.10006
G3 X141.68 Y179.698 I-.028 J-1.074 E.0128
G1 X168.698 Y152.68 E1.11456
G2 X168.476 Y152.396 I-1.19 J.701 E.01055
G1 X141.396 Y179.476 E1.11713
G3 X141.241 Y179.125 I1.221 J-.752 E.01122
G1 X168.125 Y152.241 E1.10909
G2 X167.633 Y152.226 I-.327 J2.807 E.01438
G1 X141.225 Y178.635 E1.08943
G1 X141.225 Y178.128 E.01477
G1 X167.127 Y152.226 E1.06855
G1 X166.621 Y152.226 E.01477
G1 X141.225 Y177.622 E1.04766
G1 X141.225 Y177.116 E.01477
G1 X166.114 Y152.226 E1.02678
G1 X165.608 Y152.226 E.01477
G1 X141.225 Y176.61 E1.00589
G1 X141.225 Y176.103 E.01477
G1 X165.102 Y152.226 E.98501
G1 X164.596 Y152.226 E.01477
G1 X141.225 Y175.597 E.96413
G1 X141.225 Y175.091 E.01477
G1 X164.089 Y152.226 E.94324
G1 X163.583 Y152.226 E.01477
G1 X141.225 Y174.584 E.92236
G1 X141.225 Y174.078 E.01477
G1 X163.077 Y152.226 E.90147
G1 X162.571 Y152.226 E.01477
G1 X141.225 Y173.572 E.88059
G1 X141.225 Y173.066 E.01477
G1 X162.064 Y152.226 E.85971
G1 X161.558 Y152.226 E.01477
G1 X141.194 Y172.591 E.84011
G2 X141.108 Y172.17 I-1.236 J.032 E.01259
G1 X161.052 Y152.226 E.82275
G1 X160.546 Y152.226 E.01477
G1 X140.984 Y171.787 E.80697
G1 X140.823 Y171.442 E.01111
G1 X160.04 Y152.226 E.79273
G1 X159.533 Y152.226 E.01477
M73 P16 R28
G1 X140.623 Y171.137 E.78013
G2 X140.401 Y170.852 I-.919 J.485 E.01058
G1 X159.027 Y152.226 E.76837
G1 X158.521 Y152.226 E.01477
G1 X140.148 Y170.598 E.75793
G2 X139.863 Y170.377 I-.77 J.697 E.01058
G1 X158.015 Y152.226 E.7488
G1 X157.508 Y152.226 E.01477
G1 X139.558 Y170.177 E.74052
G1 X139.213 Y170.016 E.01111
G1 X157.002 Y152.226 E.73388
G1 X156.496 Y152.226 E.01477
G1 X138.83 Y169.892 E.72877
G2 X138.409 Y169.806 I-.453 J1.15 E.01259
G1 X155.99 Y152.226 E.72525
G1 X155.483 Y152.226 E.01477
G1 X137.934 Y169.775 E.72397
G1 X137.428 Y169.775 E.01477
G1 X154.977 Y152.226 E.72397
G1 X154.471 Y152.226 E.01477
G1 X136.922 Y169.775 E.72397
G1 X136.415 Y169.775 E.01477
G1 X153.965 Y152.226 E.72397
G1 X153.458 Y152.226 E.01477
G1 X135.909 Y169.775 E.72397
G1 X135.403 Y169.775 E.01477
G1 X152.952 Y152.226 E.72397
G1 X152.446 Y152.226 E.01477
G1 X134.897 Y169.775 E.72397
G1 X134.39 Y169.775 E.01477
G1 X151.94 Y152.226 E.72397
G1 X151.434 Y152.226 E.01477
G1 X133.884 Y169.775 E.72398
G1 X133.378 Y169.775 E.01477
G1 X150.927 Y152.226 E.72398
G1 X150.421 Y152.226 E.01477
G1 X132.872 Y169.775 E.72398
G1 X132.365 Y169.775 E.01477
G1 X149.915 Y152.226 E.72398
G1 X149.409 Y152.226 E.01477
G1 X131.875 Y169.759 E.72333
G3 X131.524 Y169.604 I.403 J-1.379 E.01122
G1 X148.902 Y152.226 E.71691
G1 X148.396 Y152.226 E.01477
G1 X131.302 Y169.32 E.70519
G3 X131.225 Y168.891 I.997 J-.401 E.0128
G1 X147.89 Y152.226 E.68749
G1 X147.384 Y152.226 E.01477
G1 X131.225 Y168.384 E.6666
G1 X131.225 Y167.878 E.01477
G1 X146.877 Y152.226 E.64572
G1 X146.371 Y152.225 E.01477
G1 X131.225 Y167.372 E.62484
G1 X131.225 Y166.865 E.01477
G1 X145.865 Y152.225 E.60395
G1 X145.359 Y152.225 E.01477
G1 X131.225 Y166.359 E.58307
G1 X131.225 Y165.853 E.01477
G1 X144.852 Y152.225 E.56218
G1 X144.346 Y152.225 E.01477
G1 X131.225 Y165.347 E.5413
G1 X131.225 Y164.84 E.01477
G1 X143.84 Y152.225 E.52042
G1 X143.334 Y152.225 E.01477
G1 X131.225 Y164.334 E.49953
G1 X131.225 Y163.828 E.01477
G1 X142.827 Y152.225 E.47865
G1 X142.321 Y152.225 E.01477
G1 X131.225 Y163.322 E.45776
G1 X131.225 Y162.815 E.01477
G1 X141.815 Y152.225 E.43688
G1 X141.309 Y152.225 E.01477
G1 X131.225 Y162.309 E.416
G1 X131.225 Y161.803 E.01477
G1 X140.803 Y152.225 E.39511
G1 X140.296 Y152.225 E.01477
G1 X131.225 Y161.297 E.37423
G1 X131.225 Y160.79 E.01477
G1 X139.79 Y152.225 E.35334
G1 X139.284 Y152.225 E.01477
G1 X131.225 Y160.284 E.33246
G1 X131.225 Y159.778 E.01477
G1 X138.778 Y152.225 E.31158
G1 X138.271 Y152.225 E.01477
G1 X131.225 Y159.272 E.29069
G1 X131.225 Y158.765 E.01477
G1 X137.765 Y152.225 E.26981
G1 X137.259 Y152.225 E.01477
G1 X131.225 Y158.259 E.24892
G1 X131.225 Y157.753 E.01477
G1 X136.753 Y152.225 E.22804
G1 X136.246 Y152.225 E.01477
G1 X131.225 Y157.247 E.20716
G1 X131.225 Y156.74 E.01477
G1 X135.74 Y152.225 E.18627
G1 X135.234 Y152.225 E.01477
G1 X131.225 Y156.234 E.16539
G1 X131.225 Y155.728 E.01477
G1 X134.728 Y152.225 E.1445
G1 X134.221 Y152.225 E.01477
G1 X131.225 Y155.222 E.12362
G1 X131.225 Y154.715 E.01477
G1 X133.715 Y152.225 E.10274
G1 X133.209 Y152.225 E.01477
G1 X131.225 Y154.209 E.08185
G1 X131.225 Y153.703 E.01477
G1 X132.703 Y152.225 E.06097
G1 X132.197 Y152.225 E.01477
G1 X131.225 Y153.197 E.04008
M73 P17 R28
G3 X131.408 Y152.507 I.943 J-.119 E.02135
G1 X131.831 Y152.084 E.01742
; stop printing object flowrate_m2 id:8247625146344371234 copy 0
; printing object flowrate_0 id:111516266160479 copy 0
SET_VELOCITY_LIMIT ACCEL=10000 ACCEL_TO_DECEL=5000
G1 E-.5 F900
G1 Z.4 F30000
G1 X168.518 Y184.103 Z.4
G1 Z.2
G1 E.5 F900
SET_VELOCITY_LIMIT ACCEL=500 ACCEL_TO_DECEL=250
;TYPE:Inner wall
;WIDTH:0.4
G1 F3000
G3 X169.043 Y185.042 I-.534 J.915 E.0335
G1 X169.043 Y200.958 E.47258
G3 X167.958 Y202.043 I-1.062 J.023 E.05089
G1 X161.958 Y202.043 E.17815
G2 X159.043 Y204.958 I.062 J2.977 E.13521
G1 X159.043 Y210.958 E.17815
G3 X157.958 Y212.043 I-1.062 J.023 E.05089
M73 P17 R27
G1 X142.042 Y212.043 E.47258
G3 X140.957 Y210.958 I-.023 J-1.062 E.05089
G1 X140.957 Y204.958 E.17815
G2 X138.042 Y202.043 I-2.977 J.062 E.13521
G1 X132.042 Y202.043 E.17815
G3 X130.957 Y200.958 I-.023 J-1.062 E.05089
G1 X130.957 Y185.042 E.47258
G3 X132.042 Y183.957 I1.062 J-.023 E.05089
G1 X167.976 Y183.959 E1.06692
G3 X168.483 Y184.083 I.008 J1.059 E.01568
SET_VELOCITY_LIMIT ACCEL=10000 ACCEL_TO_DECEL=5000
G1 X168.696 Y183.794 F30000
SET_VELOCITY_LIMIT ACCEL=500 ACCEL_TO_DECEL=250
G1 F3000
G3 X169.4 Y185.026 I-.712 J1.224 E.04414
G1 X169.4 Y200.974 E.4735
G3 X167.974 Y202.4 I-1.418 J.008 E.06662
G1 X161.974 Y202.4 E.17815
G2 X159.4 Y204.974 I.046 J2.619 E.11948
G1 X159.4 Y210.974 E.17815
G3 X157.974 Y212.4 I-1.418 J.008 E.06662
G1 X142.026 Y212.4 E.4735
G3 X140.6 Y210.974 I-.008 J-1.418 E.06662
G1 X140.6 Y204.974 E.17815
G2 X138.026 Y202.4 I-2.619 J.046 E.11948
G1 X132.026 Y202.4 E.17815
G3 X130.6 Y200.974 I-.008 J-1.418 E.06662
G1 X130.6 Y185.026 E.47351
G3 X132.026 Y183.6 I1.418 J-.008 E.06662
G1 X167.991 Y183.602 E1.06785
G3 X168.662 Y183.774 I-.007 J1.416 E.02077
SET_VELOCITY_LIMIT ACCEL=10000 ACCEL_TO_DECEL=5000
G1 X168.896 Y183.447 F30000
SET_VELOCITY_LIMIT ACCEL=500 ACCEL_TO_DECEL=250
;TYPE:Outer wall
G1 F3000
G3 X169.8 Y185.009 I-.913 J1.57 E.05605
G1 X169.8 Y200.991 E.47454
G3 X167.991 Y202.8 I-1.818 J-.01 E.08424
G1 X161.991 Y202.8 E.17815
G2 X159.8 Y204.991 I.028 J2.219 E.10186
G1 X159.8 Y210.991 E.17815
G3 X157.991 Y212.8 I-1.818 J-.01 E.08424
G1 X142.009 Y212.8 E.47454
G3 X140.2 Y210.991 I.01 J-1.818 E.08424
G1 X140.2 Y204.991 E.17815
G2 X138.009 Y202.8 I-2.219 J.028 E.10186
G1 X132.009 Y202.8 E.17815
G3 X130.2 Y200.991 I.01 J-1.818 E.08424
G1 X130.2 Y185.009 E.47454
G3 X132.009 Y183.2 I1.818 J.01 E.08424
G1 X168.009 Y183.202 E1.06888
G3 X168.862 Y183.428 I-.025 J1.816 E.02647
SET_VELOCITY_LIMIT ACCEL=10000 ACCEL_TO_DECEL=5000
G1 E-.5 F900
G1 Z.4 F30000
G1 X168.916 Y201.169 Z.4
G1 Z.2
G1 E.5 F900
SET_VELOCITY_LIMIT ACCEL=500 ACCEL_TO_DECEL=250
;TYPE:Bottom surface
;WIDTH:0.400898
G1 F6300
G1 X168.493 Y201.592 E.0178
G3 X167.803 Y201.775 I-.571 J-.759 E.02177
G1 X168.775 Y200.803 E.04091
G1 X168.775 Y200.297 E.01507
G1 X167.297 Y201.775 E.06222
G1 X166.791 Y201.775 E.01507
G1 X168.775 Y199.791 E.08353
G1 X168.775 Y199.285 E.01507
G1 X166.285 Y201.775 E.10484
G1 X165.778 Y201.775 E.01507
G1 X168.775 Y198.778 E.12615
G1 X168.775 Y198.272 E.01507
G1 X165.272 Y201.775 E.14746
G1 X164.766 Y201.775 E.01507
G1 X168.775 Y197.766 E.16877
G1 X168.775 Y197.26 E.01507
G1 X164.26 Y201.775 E.19009
G1 X163.753 Y201.775 E.01507
G1 X168.775 Y196.753 E.2114
G1 X168.775 Y196.247 E.01507
G1 X163.247 Y201.775 E.23271
G1 X162.741 Y201.775 E.01507
G1 X168.775 Y195.741 E.25402
G1 X168.775 Y195.235 E.01507
G1 X162.235 Y201.775 E.27533
G2 X161.707 Y201.796 I-.144 J3.024 E.01572
G1 X168.775 Y194.728 E.29752
G1 X168.775 Y194.222 E.01507
G1 X160.819 Y202.178 E.33492
SET_VELOCITY_LIMIT ACCEL=10000 ACCEL_TO_DECEL=5000
G1 E-.5 F900
G1 Z.4 F30000
G1 X158.916 Y211.169 Z.4
G1 Z.2
G1 E.5 F900
SET_VELOCITY_LIMIT ACCEL=500 ACCEL_TO_DECEL=250
G1 F6300
G1 X158.493 Y211.592 E.0178
G3 X157.803 Y211.775 I-.571 J-.759 E.02177
G1 X158.775 Y210.803 E.04091
G1 X158.775 Y210.297 E.01507
G1 X157.297 Y211.775 E.06222
G1 X156.791 Y211.775 E.01507
G1 X158.775 Y209.791 E.08353
G1 X158.775 Y209.285 E.01507
G1 X156.285 Y211.775 E.10484
G1 X155.778 Y211.775 E.01507
G1 X158.775 Y208.778 E.12615
G1 X158.775 Y208.272 E.01507
G1 X155.272 Y211.775 E.14746
G1 X154.766 Y211.775 E.01507
G1 X158.775 Y207.766 E.16877
G1 X158.775 Y207.26 E.01507
G1 X154.26 Y211.775 E.19009
G1 X153.753 Y211.775 E.01507
G1 X158.775 Y206.753 E.2114
G1 X158.775 Y206.247 E.01507
G1 X153.247 Y211.775 E.23271
G1 X152.741 Y211.775 E.01507
G1 X158.775 Y205.741 E.25402
G1 X158.775 Y205.235 E.01507
G1 X152.235 Y211.775 E.27533
G1 X151.728 Y211.775 E.01507
G1 X158.796 Y204.707 E.29752
G3 X158.915 Y204.082 I1.833 J.025 E.01905
G1 X151.222 Y211.775 E.32385
G1 X150.716 Y211.775 E.01507
G1 X168.775 Y193.716 E.76022
G1 X168.775 Y193.209 E.01507
G1 X150.209 Y211.775 E.78153
G1 X149.703 Y211.775 E.01507
G1 X168.775 Y192.703 E.80284
G1 X168.775 Y192.197 E.01507
G1 X149.197 Y211.775 E.82415
G1 X148.691 Y211.775 E.01507
G1 X168.775 Y191.691 E.84546
G1 X168.775 Y191.184 E.01507
G1 X148.184 Y211.775 E.86677
G1 X147.678 Y211.775 E.01507
G1 X168.775 Y190.678 E.88809
G1 X168.775 Y190.172 E.01507
G1 X147.172 Y211.775 E.9094
M73 P18 R27
G1 X146.666 Y211.775 E.01507
G1 X168.775 Y189.666 E.93071
G1 X168.775 Y189.159 E.01507
G1 X146.159 Y211.775 E.95202
G1 X145.653 Y211.775 E.01507
G1 X168.775 Y188.653 E.97333
G1 X168.775 Y188.147 E.01507
G1 X145.147 Y211.775 E.99464
G1 X144.641 Y211.775 E.01507
G1 X168.775 Y187.641 E1.01595
G1 X168.775 Y187.134 E.01507
G1 X144.134 Y211.775 E1.03726
G1 X143.628 Y211.775 E.01507
G1 X168.775 Y186.628 E1.05857
G1 X168.775 Y186.122 E.01507
G1 X143.122 Y211.775 E1.07989
G1 X142.616 Y211.775 E.01507
G1 X168.775 Y185.616 E1.1012
G1 X168.775 Y185.109 E.01507
G1 X142.109 Y211.775 E1.12251
G3 X141.68 Y211.698 I-.028 J-1.074 E.01306
G1 X168.698 Y184.68 E1.13731
G2 X168.476 Y184.396 I-1.19 J.701 E.01077
G1 X141.396 Y211.476 E1.13993
G3 X141.241 Y211.125 I1.221 J-.752 E.01145
G1 X168.125 Y184.241 E1.13172
G2 X167.633 Y184.226 I-.327 J2.807 E.01467
G1 X141.225 Y210.635 E1.11166
G1 X141.225 Y210.128 E.01507
G1 X167.127 Y184.226 E1.09035
G1 X166.621 Y184.226 E.01507
G1 X141.225 Y209.622 E1.06904
G1 X141.225 Y209.116 E.01507
G1 X166.114 Y184.226 E1.04773
G1 X165.608 Y184.226 E.01507
G1 X141.225 Y208.61 E1.02642
G1 X141.225 Y208.103 E.01507
G1 X165.102 Y184.226 E1.00511
G1 X164.596 Y184.226 E.01507
G1 X141.225 Y207.597 E.9838
G1 X141.225 Y207.091 E.01507
G1 X164.089 Y184.226 E.96249
G1 X163.583 Y184.226 E.01507
G1 X141.225 Y206.584 E.94118
G1 X141.225 Y206.078 E.01507
G1 X163.077 Y184.226 E.91987
G1 X162.571 Y184.226 E.01507
G1 X141.225 Y205.572 E.89856
G1 X141.225 Y205.066 E.01507
G1 X162.064 Y184.226 E.87725
G1 X161.558 Y184.226 E.01507
G1 X141.194 Y204.591 E.85725
G2 X141.108 Y204.17 I-1.236 J.032 E.01285
G1 X161.052 Y184.226 E.83954
G1 X160.546 Y184.226 E.01507
G1 X140.984 Y203.787 E.82344
G1 X140.823 Y203.442 E.01134
G1 X160.04 Y184.226 E.80891
G1 X159.533 Y184.226 E.01507
G1 X140.623 Y203.137 E.79605
G2 X140.401 Y202.852 I-.919 J.485 E.01079
G1 X159.027 Y184.226 E.78405
G1 X158.521 Y184.226 E.01507
G1 X140.148 Y202.598 E.7734
G2 X139.863 Y202.377 I-.77 J.697 E.01079
G1 X158.015 Y184.226 E.76408
G1 X157.508 Y184.226 E.01507
G1 X139.558 Y202.177 E.75564
G1 X139.213 Y202.016 E.01134
G1 X157.002 Y184.226 E.74886
G1 X156.496 Y184.226 E.01507
G1 X138.83 Y201.892 E.74365
G2 X138.409 Y201.806 I-.453 J1.15 E.01285
G1 X155.99 Y184.226 E.74005
G1 X155.483 Y184.226 E.01507
G1 X137.934 Y201.775 E.73874
G1 X137.428 Y201.775 E.01507
G1 X154.977 Y184.226 E.73874
G1 X154.471 Y184.226 E.01507
M73 P19 R27
G1 X136.922 Y201.775 E.73875
G1 X136.415 Y201.775 E.01507
G1 X153.965 Y184.226 E.73875
G1 X153.458 Y184.226 E.01507
G1 X135.909 Y201.775 E.73875
G1 X135.403 Y201.775 E.01507
G1 X152.952 Y184.226 E.73875
G1 X152.446 Y184.226 E.01507
G1 X134.897 Y201.775 E.73875
G1 X134.39 Y201.775 E.01507
G1 X151.94 Y184.226 E.73875
G1 X151.434 Y184.226 E.01507
G1 X133.884 Y201.775 E.73875
G1 X133.378 Y201.775 E.01507
G1 X150.927 Y184.226 E.73875
G1 X150.421 Y184.226 E.01507
G1 X132.872 Y201.775 E.73875
G1 X132.365 Y201.775 E.01507
G1 X149.915 Y184.226 E.73875
G1 X149.409 Y184.226 E.01507
G1 X131.875 Y201.759 E.7381
G3 X131.524 Y201.604 I.403 J-1.379 E.01145
G1 X148.902 Y184.226 E.73154
G1 X148.396 Y184.226 E.01507
G1 X131.302 Y201.32 E.71958
G3 X131.225 Y200.891 I.997 J-.401 E.01307
G1 X147.89 Y184.226 E.70152
G1 X147.384 Y184.226 E.01507
G1 X131.225 Y200.384 E.68021
G1 X131.225 Y199.878 E.01507
G1 X146.877 Y184.226 E.6589
G1 X146.371 Y184.225 E.01507
G1 X131.225 Y199.372 E.63759
G1 X131.225 Y198.865 E.01507
G1 X145.865 Y184.225 E.61628
G1 X145.359 Y184.225 E.01507
G1 X131.225 Y198.359 E.59497
G1 X131.225 Y197.853 E.01507
G1 X144.852 Y184.225 E.57366
G1 X144.346 Y184.225 E.01507
G1 X131.225 Y197.347 E.55235
G1 X131.225 Y196.84 E.01507
G1 X143.84 Y184.225 E.53104
G1 X143.334 Y184.225 E.01507
G1 X131.225 Y196.334 E.50973
G1 X131.225 Y195.828 E.01507
G1 X142.827 Y184.225 E.48842
G1 X142.321 Y184.225 E.01507
G1 X131.225 Y195.322 E.46711
G1 X131.225 Y194.815 E.01507
G1 X141.815 Y184.225 E.4458
G1 X141.309 Y184.225 E.01507
G1 X131.225 Y194.309 E.42449
G1 X131.225 Y193.803 E.01507
G1 X140.803 Y184.225 E.40318
G1 X140.296 Y184.225 E.01507
G1 X131.225 Y193.297 E.38187
G1 X131.225 Y192.79 E.01507
G1 X139.79 Y184.225 E.36056
G1 X139.284 Y184.225 E.01507
G1 X131.225 Y192.284 E.33925
G1 X131.225 Y191.778 E.01507
G1 X138.778 Y184.225 E.31793
G1 X138.271 Y184.225 E.01507
G1 X131.225 Y191.272 E.29662
G1 X131.225 Y190.765 E.01507
G1 X137.765 Y184.225 E.27531
G1 X137.259 Y184.225 E.01507
G1 X131.225 Y190.259 E.254
G1 X131.225 Y189.753 E.01507
G1 X136.753 Y184.225 E.23269
G1 X136.246 Y184.225 E.01507
G1 X131.225 Y189.247 E.21138
G1 X131.225 Y188.74 E.01507
G1 X135.74 Y184.225 E.19007
G1 X135.234 Y184.225 E.01507
G1 X131.225 Y188.234 E.16876
G1 X131.225 Y187.728 E.01507
G1 X134.728 Y184.225 E.14745
G1 X134.221 Y184.225 E.01507
G1 X131.225 Y187.222 E.12614
G1 X131.225 Y186.715 E.01507
G1 X133.715 Y184.225 E.10483
G1 X133.209 Y184.225 E.01507
G1 X131.225 Y186.209 E.08352
G1 X131.225 Y185.703 E.01507
G1 X132.703 Y184.225 E.06221
G1 X132.197 Y184.225 E.01507
G1 X131.225 Y185.197 E.0409
G3 X131.408 Y184.507 I.943 J-.119 E.02178
G1 X131.831 Y184.084 E.01778
; stop printing object flowrate_0 id:111516266160479 copy 0
; printing object flowrate_m1 id:8318823020889268071 copy 0
SET_VELOCITY_LIMIT ACCEL=10000 ACCEL_TO_DECEL=5000
G1 E-.5 F900
G1 Z.4 F30000
G1 X126.181 Y170.024 Z.4
G1 Z.2
G1 E.5 F900
SET_VELOCITY_LIMIT ACCEL=500 ACCEL_TO_DECEL=250
;TYPE:Inner wall
;WIDTH:0.4
G1 F3000
G3 X125.958 Y170.043 I-.2 J-1.043 E.00657
G1 X119.958 Y170.043 E.17637
G2 X117.043 Y172.958 I.062 J2.977 E.13386
G1 X117.043 Y178.958 E.17637
G3 X115.958 Y180.043 I-1.062 J.023 E.05038
G1 X100.042 Y180.043 E.46785
G3 X98.957 Y178.958 I-.023 J-1.062 E.05038
G1 X98.957 Y172.958 E.17637
G2 X96.042 Y170.043 I-2.977 J.062 E.13386
G1 X90.042 Y170.043 E.17637
G3 X88.957 Y168.958 I-.023 J-1.062 E.05038
G1 X88.957 Y153.042 E.46785
G3 X90.042 Y151.957 I1.062 J-.023 E.05038
G1 X125.976 Y151.959 E1.05625
G3 X127.043 Y153.042 I.008 J1.059 E.04986
G1 X127.043 Y168.958 E.46785
G3 X126.22 Y170.016 I-1.062 J.023 E.04264
SET_VELOCITY_LIMIT ACCEL=10000 ACCEL_TO_DECEL=5000
G1 X126.243 Y170.376 F30000
SET_VELOCITY_LIMIT ACCEL=500 ACCEL_TO_DECEL=250
G1 F3000
G3 X125.974 Y170.4 I-.261 J-1.394 E.00795
G1 X119.974 Y170.4 E.17637
G2 X117.4 Y172.974 I.046 J2.619 E.11828
G1 X117.4 Y178.974 E.17637
G3 X115.974 Y180.4 I-1.418 J.008 E.06595
G1 X100.026 Y180.4 E.46877
G3 X98.6 Y178.974 I-.008 J-1.418 E.06595
M73 P20 R27
G1 X98.6 Y172.974 E.17637
G2 X96.026 Y170.4 I-2.619 J.046 E.11828
G1 X90.026 Y170.4 E.17637
G3 X88.6 Y168.974 I-.008 J-1.418 E.06595
M73 P20 R26
G1 X88.6 Y153.026 E.46877
G3 X90.026 Y151.6 I1.418 J-.008 E.06595
G1 X125.991 Y151.602 E1.05717
G3 X127.4 Y153.026 I-.007 J1.416 E.06543
G1 X127.4 Y168.974 E.46877
G3 X126.282 Y170.368 I-1.418 J.008 E.05683
SET_VELOCITY_LIMIT ACCEL=10000 ACCEL_TO_DECEL=5000
G1 X126.312 Y170.77 F30000
SET_VELOCITY_LIMIT ACCEL=500 ACCEL_TO_DECEL=250
;TYPE:Outer wall
G1 F3000
G3 X125.991 Y170.8 I-.33 J-1.788 E.00948
G1 X119.991 Y170.8 E.17637
G2 X117.8 Y172.991 I.028 J2.219 E.10084
G1 X117.8 Y178.991 E.17637
G3 X115.991 Y180.8 I-1.818 J-.01 E.08339
G1 X100.009 Y180.8 E.4698
G3 X98.2 Y178.991 I.01 J-1.818 E.08339
G1 X98.2 Y172.991 E.17637
G2 X96.009 Y170.8 I-2.219 J.028 E.10084
G1 X90.009 Y170.8 E.17637
G3 X88.2 Y168.991 I.01 J-1.818 E.08339
G1 X88.2 Y153.009 E.4698
G3 X90.009 Y151.2 I1.818 J.01 E.08339
G1 X126.009 Y151.202 E1.05819
G3 X127.8 Y153.009 I-.025 J1.816 E.08287
G1 X127.8 Y168.991 E.4698
G3 X126.351 Y170.762 I-1.818 J-.01 E.07274
SET_VELOCITY_LIMIT ACCEL=10000 ACCEL_TO_DECEL=5000
G1 E-.5 F900
G1 Z.4 F30000
G1 X126.916 Y169.169 Z.4
G1 Z.2
G1 E.5 F900
SET_VELOCITY_LIMIT ACCEL=500 ACCEL_TO_DECEL=250
;TYPE:Bottom surface
;WIDTH:0.400898
G1 F6300
G1 X126.493 Y169.592 E.01762
G3 X125.803 Y169.775 I-.571 J-.759 E.02155
G1 X126.775 Y168.803 E.0405
G1 X126.775 Y168.297 E.01492
G1 X125.297 Y169.775 E.0616
G1 X124.791 Y169.775 E.01492
G1 X126.775 Y167.791 E.08269
G1 X126.775 Y167.285 E.01492
G1 X124.285 Y169.775 E.10379
G1 X123.778 Y169.775 E.01492
G1 X126.775 Y166.778 E.12489
G1 X126.775 Y166.272 E.01492
G1 X123.272 Y169.775 E.14599
G1 X122.766 Y169.775 E.01492
G1 X126.775 Y165.766 E.16709
G1 X126.775 Y165.26 E.01492
G1 X122.26 Y169.775 E.18818
G1 X121.753 Y169.775 E.01492
G1 X126.775 Y164.753 E.20928
G1 X126.775 Y164.247 E.01492
G1 X121.247 Y169.775 E.23038
G1 X120.741 Y169.775 E.01492
G1 X126.775 Y163.741 E.25148
G1 X126.775 Y163.235 E.01492
G1 X120.235 Y169.775 E.27258
G2 X119.707 Y169.796 I-.144 J3.024 E.01557
G1 X126.775 Y162.728 E.29455
G1 X126.775 Y162.222 E.01492
G1 X118.819 Y170.178 E.33157
SET_VELOCITY_LIMIT ACCEL=10000 ACCEL_TO_DECEL=5000
G1 E-.5 F900
G1 Z.4 F30000
G1 X116.916 Y179.169 Z.4
G1 Z.2
G1 E.5 F900
SET_VELOCITY_LIMIT ACCEL=500 ACCEL_TO_DECEL=250
G1 F6300
G1 X116.493 Y179.592 E.01762
G3 X115.803 Y179.775 I-.571 J-.759 E.02155
G1 X116.775 Y178.803 E.0405
G1 X116.775 Y178.297 E.01492
G1 X115.297 Y179.775 E.0616
G1 X114.791 Y179.775 E.01492
G1 X116.775 Y177.791 E.08269
G1 X116.775 Y177.285 E.01492
G1 X114.285 Y179.775 E.10379
G1 X113.778 Y179.775 E.01492
G1 X116.775 Y176.778 E.12489
G1 X116.775 Y176.272 E.01492
G1 X113.272 Y179.775 E.14599
G1 X112.766 Y179.775 E.01492
G1 X116.775 Y175.766 E.16709
G1 X116.775 Y175.26 E.01492
G1 X112.26 Y179.775 E.18818
G1 X111.753 Y179.775 E.01492
G1 X116.775 Y174.753 E.20928
G1 X116.775 Y174.247 E.01492
G1 X111.247 Y179.775 E.23038
G1 X110.741 Y179.775 E.01492
G1 X116.775 Y173.741 E.25148
G1 X116.775 Y173.235 E.01492
G1 X110.235 Y179.775 E.27258
G1 X109.728 Y179.775 E.01492
G1 X116.796 Y172.707 E.29455
G3 X116.915 Y172.082 I1.833 J.025 E.01886
G1 X109.222 Y179.775 E.32061
G1 X108.716 Y179.775 E.01492
G1 X126.775 Y161.716 E.75262
G1 X126.775 Y161.209 E.01492
G1 X108.209 Y179.775 E.77371
G1 X107.703 Y179.775 E.01492
G1 X126.775 Y160.703 E.79481
G1 X126.775 Y160.197 E.01492
G1 X107.197 Y179.775 E.81591
G1 X106.691 Y179.775 E.01492
G1 X126.775 Y159.691 E.83701
G1 X126.775 Y159.184 E.01492
G1 X106.184 Y179.775 E.85811
G1 X105.678 Y179.775 E.01492
G1 X126.775 Y158.678 E.8792
G1 X126.775 Y158.172 E.01492
G1 X105.172 Y179.775 E.9003
G1 X104.666 Y179.775 E.01492
G1 X126.775 Y157.666 E.9214
G1 X126.775 Y157.159 E.01492
G1 X104.159 Y179.775 E.9425
G1 X103.653 Y179.775 E.01492
G1 X126.775 Y156.653 E.9636
G1 X126.775 Y156.147 E.01492
G1 X103.147 Y179.775 E.98469
G1 X102.641 Y179.775 E.01492
G1 X126.775 Y155.641 E1.00579
G1 X126.775 Y155.134 E.01492
G1 X102.134 Y179.775 E1.02689
G1 X101.628 Y179.775 E.01492
G1 X126.775 Y154.628 E1.04799
G1 X126.775 Y154.122 E.01492
G1 X101.122 Y179.775 E1.06909
G1 X100.616 Y179.775 E.01492
M73 P21 R26
G1 X126.775 Y153.616 E1.09018
G1 X126.775 Y153.109 E.01492
G1 X100.109 Y179.775 E1.11128
G3 X99.68 Y179.698 I-.028 J-1.074 E.01293
G1 X126.698 Y152.68 E1.12594
G2 X126.476 Y152.396 I-1.19 J.701 E.01066
G1 X99.396 Y179.476 E1.12853
G3 X99.241 Y179.125 I1.221 J-.752 E.01134
G1 X126.125 Y152.241 E1.12041
G2 X125.633 Y152.226 I-.327 J2.807 E.01453
G1 X99.225 Y178.635 E1.10055
G1 X99.225 Y178.128 E.01492
G1 X125.127 Y152.226 E1.07945
G1 X124.621 Y152.226 E.01492
G1 X99.225 Y177.622 E1.05835
G1 X99.225 Y177.116 E.01492
G1 X124.114 Y152.226 E1.03726
G1 X123.608 Y152.226 E.01492
G1 X99.225 Y176.61 E1.01616
G1 X99.225 Y176.103 E.01492
G1 X123.102 Y152.226 E.99506
G1 X122.596 Y152.226 E.01492
G1 X99.225 Y175.597 E.97396
G1 X99.225 Y175.091 E.01492
G1 X122.089 Y152.226 E.95287
G1 X121.583 Y152.226 E.01492
G1 X99.225 Y174.584 E.93177
G1 X99.225 Y174.078 E.01492
G1 X121.077 Y152.226 E.91067
G1 X120.571 Y152.226 E.01492
G1 X99.225 Y173.572 E.88958
G1 X99.225 Y173.066 E.01492
G1 X120.064 Y152.226 E.86848
G1 X119.558 Y152.226 E.01492
G1 X99.194 Y172.591 E.84868
G2 X99.108 Y172.17 I-1.236 J.032 E.01272
G1 X119.052 Y152.226 E.83114
G1 X118.546 Y152.226 E.01492
G1 X98.984 Y171.787 E.81521
G1 X98.823 Y171.442 E.01123
G1 X118.04 Y152.226 E.80082
G1 X117.533 Y152.226 E.01492
G1 X98.623 Y171.137 E.78809
G2 X98.401 Y170.852 I-.919 J.485 E.01069
G1 X117.027 Y152.226 E.77621
G1 X116.521 Y152.226 E.01492
G1 X98.148 Y170.598 E.76566
G2 X97.863 Y170.377 I-.77 J.697 E.01069
G1 X116.015 Y152.226 E.75644
G1 X115.508 Y152.226 E.01492
G1 X97.558 Y170.177 E.74808
G1 X97.213 Y170.016 E.01123
G1 X115.002 Y152.226 E.74137
G1 X114.496 Y152.226 E.01492
G1 X96.83 Y169.892 E.73621
G2 X96.409 Y169.806 I-.453 J1.15 E.01272
G1 X113.99 Y152.226 E.73265
G1 X113.483 Y152.226 E.01492
G1 X95.934 Y169.775 E.73136
G1 X95.428 Y169.775 E.01492
G1 X112.977 Y152.226 E.73136
G1 X112.471 Y152.226 E.01492
G1 X94.922 Y169.775 E.73136
G1 X94.415 Y169.775 E.01492
G1 X111.965 Y152.226 E.73136
G1 X111.458 Y152.226 E.01492
G1 X93.909 Y169.775 E.73136
G1 X93.403 Y169.775 E.01492
G1 X110.952 Y152.226 E.73136
G1 X110.446 Y152.226 E.01492
G1 X92.897 Y169.775 E.73136
G1 X92.39 Y169.775 E.01492
G1 X109.94 Y152.226 E.73136
G1 X109.434 Y152.226 E.01492
G1 X91.884 Y169.775 E.73136
G1 X91.378 Y169.775 E.01492
G1 X108.927 Y152.226 E.73136
G1 X108.421 Y152.226 E.01492
G1 X90.872 Y169.775 E.73137
G1 X90.365 Y169.775 E.01492
M73 P22 R26
G1 X107.915 Y152.226 E.73137
G1 X107.409 Y152.226 E.01492
G1 X89.875 Y169.759 E.73072
G3 X89.524 Y169.604 I.403 J-1.379 E.01134
G1 X106.902 Y152.226 E.72423
G1 X106.396 Y152.226 E.01492
G1 X89.302 Y169.32 E.71238
G3 X89.225 Y168.891 I.997 J-.401 E.01294
G1 X105.89 Y152.226 E.6945
G1 X105.384 Y152.226 E.01492
G1 X89.225 Y168.384 E.67341
G1 X89.225 Y167.878 E.01492
G1 X104.877 Y152.226 E.65231
G1 X104.371 Y152.225 E.01492
G1 X89.225 Y167.372 E.63121
G1 X89.225 Y166.865 E.01492
G1 X103.865 Y152.225 E.61012
G1 X103.359 Y152.225 E.01492
G1 X89.225 Y166.359 E.58902
G1 X89.225 Y165.853 E.01492
G1 X102.852 Y152.225 E.56792
G1 X102.346 Y152.225 E.01492
G1 X89.225 Y165.347 E.54682
G1 X89.225 Y164.84 E.01492
G1 X101.84 Y152.225 E.52573
G1 X101.334 Y152.225 E.01492
G1 X89.225 Y164.334 E.50463
G1 X89.225 Y163.828 E.01492
G1 X100.827 Y152.225 E.48353
G1 X100.321 Y152.225 E.01492
G1 X89.225 Y163.322 E.46244
G1 X89.225 Y162.815 E.01492
G1 X99.815 Y152.225 E.44134
G1 X99.309 Y152.225 E.01492
G1 X89.225 Y162.309 E.42024
G1 X89.225 Y161.803 E.01492
G1 X98.803 Y152.225 E.39914
G1 X98.296 Y152.225 E.01492
G1 X89.225 Y161.297 E.37805
G1 X89.225 Y160.79 E.01492
G1 X97.79 Y152.225 E.35695
G1 X97.284 Y152.225 E.01492
G1 X89.225 Y160.284 E.33585
G1 X89.225 Y159.778 E.01492
G1 X96.778 Y152.225 E.31476
G1 X96.271 Y152.225 E.01492
G1 X89.225 Y159.272 E.29366
G1 X89.225 Y158.765 E.01492
G1 X95.765 Y152.225 E.27256
G1 X95.259 Y152.225 E.01492
G1 X89.225 Y158.259 E.25146
G1 X89.225 Y157.753 E.01492
G1 X94.753 Y152.225 E.23037
G1 X94.246 Y152.225 E.01492
G1 X89.225 Y157.247 E.20927
G1 X89.225 Y156.74 E.01492
G1 X93.74 Y152.225 E.18817
G1 X93.234 Y152.225 E.01492
G1 X89.225 Y156.234 E.16708
G1 X89.225 Y155.728 E.01492
G1 X92.728 Y152.225 E.14598
G1 X92.221 Y152.225 E.01492
G1 X89.225 Y155.222 E.12488
G1 X89.225 Y154.715 E.01492
G1 X91.715 Y152.225 E.10378
G1 X91.209 Y152.225 E.01492
G1 X89.225 Y154.209 E.08269
G1 X89.225 Y153.703 E.01492
G1 X90.703 Y152.225 E.06159
G1 X90.197 Y152.225 E.01492
G1 X89.225 Y153.197 E.04049
G3 X89.408 Y152.507 I.943 J-.119 E.02156
G1 X89.831 Y152.084 E.0176
; stop printing object flowrate_m1 id:8318823020889268071 copy 0
; printing object flowrate_m4 id:0 copy 0
SET_VELOCITY_LIMIT ACCEL=10000 ACCEL_TO_DECEL=5000
G1 E-.5 F900
G1 Z.4 F30000
G1 X111.162 Y144.795 Z.4
G1 Z.2
G1 E.5 F900
SET_VELOCITY_LIMIT ACCEL=500 ACCEL_TO_DECEL=250
;TYPE:Inner wall
;WIDTH:0.4
G1 F3000
G1 X108.338 Y145.68 E.08435
G1 X109.792 Y147.744 E.07198
G1 X111.162 Y147.31 E.04097
G1 X111.162 Y144.835 E.07055
SET_VELOCITY_LIMIT ACCEL=10000 ACCEL_TO_DECEL=5000
G1 E-.5 F900
G1 Z.4 F30000
G1 X126.181 Y138.024 Z.4
G1 Z.2
G1 E.5 F900
SET_VELOCITY_LIMIT ACCEL=500 ACCEL_TO_DECEL=250
G1 F3000
G3 X125.958 Y138.043 I-.2 J-1.043 E.00637
G1 X119.958 Y138.043 E.17102
G2 X117.043 Y140.958 I.062 J2.977 E.1298
G1 X117.043 Y146.958 E.17102
G3 X115.958 Y148.043 I-1.062 J.023 E.04886
G1 X110.632 Y148.043 E.1518
G1 X110.604 Y147.861 E.00524
G1 X111.519 Y147.572 E.02735
G1 X111.519 Y144.309 E.09299
G1 X107.764 Y145.485 E.11216
G1 X109.565 Y148.043 E.08918
G1 X100.042 Y148.043 E.27146
G3 X98.957 Y146.958 I-.023 J-1.062 E.04886
G1 X98.957 Y140.958 E.17102
G2 X96.042 Y138.043 I-2.977 J.062 E.1298
G1 X90.042 Y138.043 E.17102
G3 X88.957 Y136.958 I-.023 J-1.062 E.04886
G1 X88.957 Y121.042 E.45368
G3 X90.042 Y119.957 I1.062 J-.023 E.04886
G1 X125.976 Y119.959 E1.02424
G3 X127.043 Y121.042 I.008 J1.059 E.04835
G1 X127.043 Y136.958 E.45367
G3 X126.22 Y138.016 I-1.062 J.023 E.04134
SET_VELOCITY_LIMIT ACCEL=10000 ACCEL_TO_DECEL=5000
G1 X126.243 Y138.376 F30000
SET_VELOCITY_LIMIT ACCEL=500 ACCEL_TO_DECEL=250
G1 F3000
G3 X125.974 Y138.4 I-.261 J-1.394 E.0077
G1 X119.974 Y138.4 E.17102
G2 X117.4 Y140.974 I.046 J2.619 E.1147
G1 X117.4 Y146.974 E.17102
G3 X115.974 Y148.4 I-1.418 J.008 E.06395
G1 X100.026 Y148.4 E.45456
G3 X98.6 Y146.974 I-.012 J-1.414 E.064
G1 X98.6 Y140.974 E.17102
G2 X96.026 Y138.4 I-2.619 J.046 E.1147
G1 X90.026 Y138.4 E.17102
G3 X88.6 Y136.974 I-.008 J-1.418 E.06395
G1 X88.6 Y121.026 E.45457
G3 X90.026 Y119.6 I1.418 J-.008 E.06395
G1 X125.991 Y119.602 E1.02513
G3 X127.4 Y121.026 I-.007 J1.416 E.06345
G1 X127.4 Y136.974 E.45456
G3 X126.282 Y138.368 I-1.418 J.008 E.05511
SET_VELOCITY_LIMIT ACCEL=10000 ACCEL_TO_DECEL=5000
G1 X126.312 Y138.77 F30000
SET_VELOCITY_LIMIT ACCEL=500 ACCEL_TO_DECEL=250
;TYPE:Outer wall
G1 F3000
G3 X125.991 Y138.8 I-.33 J-1.788 E.0092
G1 X119.991 Y138.8 E.17102
G2 X117.8 Y140.991 I.028 J2.219 E.09778
G1 X117.8 Y146.991 E.17102
G3 X115.991 Y148.8 I-1.818 J-.01 E.08087
G1 X100.009 Y148.8 E.45556
G3 X98.2 Y146.991 I.007 J-1.816 E.0809
M73 P23 R25
G1 X98.2 Y140.991 E.17102
G2 X96.009 Y138.8 I-2.219 J.028 E.09778
G1 X90.009 Y138.8 E.17102
G3 X88.2 Y136.991 I.01 J-1.818 E.08087
G1 X88.2 Y121.009 E.45556
G3 X90.009 Y119.2 I1.818 J.01 E.08087
G1 X126.009 Y119.202 E1.02613
G3 X127.8 Y121.009 I-.025 J1.816 E.08036
G1 X127.8 Y136.991 E.45556
G3 X126.351 Y138.762 I-1.818 J-.01 E.07053
SET_VELOCITY_LIMIT ACCEL=10000 ACCEL_TO_DECEL=5000
G1 E-.5 F900
G1 Z.4 F30000
G1 X116.169 Y147.916 Z.4
G1 Z.2
G1 E.5 F900
SET_VELOCITY_LIMIT ACCEL=500 ACCEL_TO_DECEL=250
;TYPE:Bottom surface
;WIDTH:0.400898
G1 F6300
G1 X116.592 Y147.493 E.01708
G2 X116.775 Y146.803 I-.759 J-.571 E.0209
G1 X115.803 Y147.775 E.03927
G1 X115.297 Y147.775 E.01447
G1 X116.775 Y146.297 E.05973
G1 X116.775 Y145.791 E.01447
G1 X114.791 Y147.775 E.08019
G1 X114.285 Y147.775 E.01447
G1 X116.775 Y145.285 E.10065
G1 X116.775 Y144.778 E.01447
G1 X113.778 Y147.775 E.12111
G1 X113.272 Y147.775 E.01447
G1 X116.775 Y144.272 E.14157
G1 X116.775 Y143.766 E.01447
G1 X112.766 Y147.775 E.16202
G1 X112.26 Y147.775 E.01447
G1 X116.775 Y143.26 E.18248
G1 X116.775 Y142.753 E.01447
G1 X111.938 Y147.59 E.19546
G1 X111.909 Y147.402 E.00544
G1 X111.787 Y147.421 E.00354
G1 X111.787 Y147.235 E.0053
G1 X116.775 Y142.247 E.20159
G1 X116.775 Y141.741 E.01447
G1 X111.787 Y146.729 E.20159
G1 X111.787 Y146.223 E.01447
G1 X116.775 Y141.235 E.20159
G3 X116.796 Y140.707 I3.023 J-.144 E.0151
G1 X111.787 Y145.717 E.20243
G1 X111.787 Y145.21 E.01447
G1 X117.178 Y139.819 E.21787
SET_VELOCITY_LIMIT ACCEL=10000 ACCEL_TO_DECEL=5000
G1 E-.5 F900
G1 Z.4 F30000
G1 X126.169 Y137.916 Z.4
G1 Z.2
G1 E.5 F900
SET_VELOCITY_LIMIT ACCEL=500 ACCEL_TO_DECEL=250
G1 F6300
G1 X126.592 Y137.493 E.01708
G2 X126.775 Y136.803 I-.759 J-.571 E.0209
G1 X125.803 Y137.775 E.03927
G1 X125.297 Y137.775 E.01447
G1 X126.775 Y136.297 E.05973
G1 X126.775 Y135.791 E.01447
G1 X124.791 Y137.775 E.08019
G1 X124.285 Y137.775 E.01447
G1 X126.775 Y135.285 E.10065
G1 X126.775 Y134.778 E.01447
G1 X123.778 Y137.775 E.12111
G1 X123.272 Y137.775 E.01447
G1 X126.775 Y134.272 E.14157
G1 X126.775 Y133.766 E.01447
G1 X122.766 Y137.775 E.16202
G1 X122.26 Y137.775 E.01447
G1 X126.775 Y133.26 E.18248
G1 X126.775 Y132.753 E.01447
G1 X121.753 Y137.775 E.20294
G1 X121.247 Y137.775 E.01447
G1 X126.775 Y132.247 E.2234
G1 X126.775 Y131.741 E.01447
G1 X120.741 Y137.775 E.24386
G1 X120.235 Y137.775 E.01447
G1 X126.775 Y131.235 E.26432
G1 X126.775 Y130.728 E.01447
G1 X119.707 Y137.796 E.28562
G2 X119.082 Y137.915 I.025 J1.833 E.01829
G1 X126.775 Y130.222 E.3109
G1 X126.775 Y129.716 E.01447
G1 X111.787 Y144.704 E.6057
G1 X111.787 Y144.198 E.01447
G1 X126.775 Y129.209 E.6057
G1 X126.775 Y128.703 E.01447
G1 X111.418 Y144.06 E.62059
G1 X110.681 Y144.291 E.02207
G1 X126.775 Y128.197 E.65038
G1 X126.775 Y127.691 E.01447
G1 X109.944 Y144.522 E.68017
G1 X109.207 Y144.752 E.02207
G1 X126.775 Y127.184 E.70995
G1 X126.775 Y126.678 E.01447
G1 X108.225 Y145.228 E.74965
SET_VELOCITY_LIMIT ACCEL=10000 ACCEL_TO_DECEL=5000
G1 E-.5 F900
G1 Z.4 F30000
G1 X109.027 Y147.464 Z.4
G1 Z.2
G1 E.5 F900
SET_VELOCITY_LIMIT ACCEL=500 ACCEL_TO_DECEL=250
G1 F6300
G1 X108.716 Y147.775 E.01257
G1 X108.209 Y147.775 E.01447
G1 X108.702 Y147.282 E.01991
G1 X108.493 Y146.985 E.01038
G1 X107.703 Y147.775 E.03192
G1 X107.197 Y147.775 E.01447
G1 X108.284 Y146.688 E.04392
G1 X108.075 Y146.391 E.01038
G1 X106.691 Y147.775 E.05593
G1 X106.184 Y147.775 E.01447
G1 X107.865 Y146.094 E.06793
G1 X107.656 Y145.797 E.01038
G1 X105.678 Y147.775 E.07994
G1 X105.172 Y147.775 E.01447
G1 X126.775 Y126.172 E.87302
G1 X126.775 Y125.666 E.01447
G1 X104.666 Y147.775 E.89348
G1 X104.159 Y147.775 E.01447
G1 X126.775 Y125.159 E.91394
G1 X126.775 Y124.653 E.01447
G1 X103.653 Y147.775 E.9344
G1 X103.147 Y147.775 E.01447
G1 X126.775 Y124.147 E.95486
G1 X126.775 Y123.641 E.01447
G1 X102.641 Y147.775 E.97531
G1 X102.134 Y147.775 E.01447
G1 X126.775 Y123.134 E.99577
G1 X126.775 Y122.628 E.01447
G1 X101.628 Y147.775 E1.01623
G1 X101.122 Y147.775 E.01447
G1 X126.775 Y122.122 E1.03669
G1 X126.775 Y121.616 E.01447
G1 X100.616 Y147.775 E1.05715
G1 X100.109 Y147.775 E.01447
G1 X126.775 Y121.109 E1.07761
G2 X126.698 Y120.68 I-1.074 J-.028 E.01254
G1 X99.68 Y147.698 E1.09182
G3 X99.396 Y147.476 I.701 J-1.19 E.01034
G1 X126.476 Y120.396 E1.09433
G2 X126.125 Y120.241 I-.752 J1.222 E.01099
M73 P24 R25
G1 X99.241 Y147.125 E1.08645
G3 X99.225 Y146.635 I2.797 J-.335 E.01404
G1 X125.633 Y120.226 E1.0672
G1 X125.127 Y120.226 E.01447
G1 X99.225 Y146.128 E1.04674
G1 X99.225 Y145.622 E.01447
G1 X124.621 Y120.226 E1.02628
G1 X124.114 Y120.226 E.01447
G1 X99.225 Y145.116 E1.00583
G1 X99.225 Y144.61 E.01447
G1 X123.608 Y120.226 E.98537
G1 X123.102 Y120.226 E.01447
G1 X99.225 Y144.103 E.96491
G1 X99.225 Y143.597 E.01447
G1 X122.596 Y120.226 E.94445
G1 X122.089 Y120.226 E.01447
G1 X99.225 Y143.091 E.92399
G1 X99.225 Y142.585 E.01447
G1 X121.583 Y120.226 E.90354
G1 X121.077 Y120.226 E.01447
G1 X99.225 Y142.078 E.88308
G1 X99.225 Y141.572 E.01447
G1 X120.571 Y120.226 E.86262
G1 X120.064 Y120.226 E.01447
G1 X99.225 Y141.066 E.84216
G2 X99.194 Y140.591 I-2.731 J-.06 E.01362
G1 X119.558 Y120.226 E.82296
G1 X119.052 Y120.226 E.01447
G1 X99.108 Y140.17 E.80596
G2 X98.984 Y139.787 I-1.146 J.16 E.01154
G1 X118.546 Y120.226 E.79051
G1 X118.04 Y120.226 E.01447
G1 X98.823 Y139.442 E.77655
G2 X98.623 Y139.137 I-.967 J.416 E.0105
G1 X117.533 Y120.226 E.76421
G1 X117.027 Y120.226 E.01447
G1 X98.401 Y138.852 E.75269
G1 X98.148 Y138.598 E.01023
G1 X116.521 Y120.226 E.74246
G1 X116.015 Y120.226 E.01447
G1 X97.863 Y138.377 E.73352
G2 X97.558 Y138.177 I-.722 J.766 E.0105
G1 X115.508 Y120.226 E.72541
G1 X115.002 Y120.226 E.01447
G1 X97.213 Y138.016 E.71891
G2 X96.83 Y137.892 I-.542 J1.022 E.01154
G1 X114.496 Y120.226 E.7139
G1 X113.99 Y120.226 E.01447
G1 X96.409 Y137.806 E.71045
G2 X95.934 Y137.775 I-.415 J2.7 E.01362
G1 X113.483 Y120.226 E.70919
G1 X112.977 Y120.226 E.01447
G1 X95.428 Y137.775 E.7092
G1 X94.922 Y137.775 E.01447
G1 X112.471 Y120.226 E.7092
G1 X111.965 Y120.226 E.01447
G1 X94.415 Y137.775 E.7092
G1 X93.909 Y137.775 E.01447
G1 X111.458 Y120.226 E.7092
G1 X110.952 Y120.226 E.01447
G1 X93.403 Y137.775 E.7092
G1 X92.897 Y137.775 E.01447
G1 X110.446 Y120.226 E.7092
G1 X109.94 Y120.226 E.01447
G1 X92.39 Y137.775 E.7092
G1 X91.884 Y137.775 E.01447
G1 X109.434 Y120.226 E.7092
G1 X108.927 Y120.226 E.01447
G1 X91.378 Y137.775 E.7092
G1 X90.872 Y137.775 E.01447
G1 X108.421 Y120.226 E.7092
G1 X107.915 Y120.226 E.01447
G1 X90.365 Y137.775 E.7092
G3 X89.875 Y137.759 I-.156 J-2.812 E.01404
G1 X107.409 Y120.226 E.70857
G1 X106.902 Y120.226 E.01447
G1 X89.524 Y137.604 E.70228
G3 X89.302 Y137.32 I.969 J-.985 E.01034
G1 X106.396 Y120.226 E.6908
G1 X105.89 Y120.226 E.01447
G1 X89.225 Y136.891 E.67346
G1 X89.225 Y136.384 E.01447
G1 X105.384 Y120.226 E.653
G1 X104.877 Y120.226 E.01447
M73 P25 R25
G1 X89.225 Y135.878 E.63254
G1 X89.225 Y135.372 E.01447
G1 X104.371 Y120.225 E.61209
G1 X103.865 Y120.225 E.01447
G1 X89.225 Y134.866 E.59163
G1 X89.225 Y134.359 E.01447
G1 X103.359 Y120.225 E.57117
G1 X102.852 Y120.225 E.01447
G1 X89.225 Y133.853 E.55071
G1 X89.225 Y133.347 E.01447
G1 X102.346 Y120.225 E.53025
G1 X101.84 Y120.225 E.01447
G1 X89.225 Y132.84 E.5098
G1 X89.225 Y132.334 E.01447
G1 X101.334 Y120.225 E.48934
G1 X100.828 Y120.225 E.01447
G1 X89.225 Y131.828 E.46888
G1 X89.225 Y131.322 E.01447
G1 X100.321 Y120.225 E.44842
G1 X99.815 Y120.225 E.01447
G1 X89.225 Y130.815 E.42797
G1 X89.225 Y130.309 E.01447
G1 X99.309 Y120.225 E.40751
G1 X98.803 Y120.225 E.01447
G1 X89.225 Y129.803 E.38705
G1 X89.225 Y129.297 E.01447
G1 X98.296 Y120.225 E.36659
G1 X97.79 Y120.225 E.01447
G1 X89.225 Y128.79 E.34613
G1 X89.225 Y128.284 E.01447
G1 X97.284 Y120.225 E.32568
G1 X96.778 Y120.225 E.01447
G1 X89.225 Y127.778 E.30522
G1 X89.225 Y127.272 E.01447
G1 X96.271 Y120.225 E.28476
G1 X95.765 Y120.225 E.01447
G1 X89.225 Y126.765 E.2643
G1 X89.225 Y126.259 E.01447
G1 X95.259 Y120.225 E.24385
G1 X94.753 Y120.225 E.01447
G1 X89.225 Y125.753 E.22339
G1 X89.225 Y125.247 E.01447
G1 X94.246 Y120.225 E.20293
G1 X93.74 Y120.225 E.01447
G1 X89.225 Y124.74 E.18247
G1 X89.225 Y124.234 E.01447
G1 X93.234 Y120.225 E.16201
G1 X92.728 Y120.225 E.01447
G1 X89.225 Y123.728 E.14156
G1 X89.225 Y123.222 E.01447
G1 X92.222 Y120.225 E.1211
G1 X91.715 Y120.225 E.01447
G1 X89.225 Y122.715 E.10064
G1 X89.225 Y122.209 E.01447
G1 X91.209 Y120.225 E.08018
G1 X90.703 Y120.225 E.01447
G1 X89.225 Y121.703 E.05972
G1 X89.225 Y121.197 E.01447
G1 X90.197 Y120.225 E.03927
G2 X89.507 Y120.408 I-.119 J.943 E.02091
G1 X89.084 Y120.831 E.01707
SET_VELOCITY_LIMIT ACCEL=10000 ACCEL_TO_DECEL=5000
G1 E-.5 F900
G1 Z.4 F30000
G1 X109.874 Y147.445 Z.4
G1 Z.2
G1 E.5 F900
SET_VELOCITY_LIMIT ACCEL=500 ACCEL_TO_DECEL=250
;WIDTH:0.40605
G1 F6300
G1 X110.762 Y146.556 E.03642
G1 X110.762 Y146.043 E.01489
G1 X109.777 Y147.028 E.04039
G1 X109.564 Y146.727 E.01068
G1 X110.762 Y145.529 E.04909
G1 X110.762 Y145.34 E.0055
G1 X110.29 Y145.487 E.01433
G1 X109.352 Y146.425 E.03846
G1 X109.14 Y146.124 E.01068
G1 X109.788 Y145.476 E.02655
SET_VELOCITY_LIMIT ACCEL=10000 ACCEL_TO_DECEL=5000
G1 E-.5 F900
G1 Z.4 F30000
G1 X111.318 Y147.844 Z.4
G1 Z.2
G1 E.5 F900
SET_VELOCITY_LIMIT ACCEL=500 ACCEL_TO_DECEL=250
;TYPE:Gap infill
;WIDTH:0.135394
G1 F6300
G1 X111.508 Y147.815 E.00142
;WIDTH:0.157631
G1 X111.698 Y147.785 E.00176
; stop printing object flowrate_m4 id:0 copy 0
; printing object flowrate_m9 id:0 copy 0
SET_VELOCITY_LIMIT ACCEL=10000 ACCEL_TO_DECEL=5000
G1 E-.5 F900
G1 Z.4 F30000
G1 X112.385 Y110.296 Z.4
G1 Z.2
G1 E.5 F900
SET_VELOCITY_LIMIT ACCEL=500 ACCEL_TO_DECEL=250
;TYPE:Inner wall
;WIDTH:0.4
G1 F3000
G1 X108.964 Y111.381 E.09697
G1 X109.622 Y112.8 E.04224
G1 X109.726 Y114.148 E.03653
G1 X112.207 Y114.167 E.06704
G1 X112.338 Y112.602 E.04241
G1 X112.384 Y110.336 E.06125
SET_VELOCITY_LIMIT ACCEL=10000 ACCEL_TO_DECEL=5000
G1 X112.018 Y110.787 F30000
SET_VELOCITY_LIMIT ACCEL=500 ACCEL_TO_DECEL=250
G1 F3000
G1 X109.459 Y111.599 E.07254
G1 X109.964 Y112.688 E.03243
G1 X109.995 Y112.842 E.00424
G1 X110.06 Y113.793 E.02575
G1 X111.879 Y113.807 E.04916
G1 X111.981 Y112.584 E.03317
G1 X112.017 Y110.827 E.04748
SET_VELOCITY_LIMIT ACCEL=10000 ACCEL_TO_DECEL=5000
G1 E-.5 F900
G1 Z.4 F30000
G1 X126.181 Y106.024 Z.4
G1 Z.2
G1 E.5 F900
SET_VELOCITY_LIMIT ACCEL=500 ACCEL_TO_DECEL=250
G1 F3000
G3 X125.958 Y106.043 I-.2 J-1.043 E.00604
G1 X119.958 Y106.043 E.16211
G2 X117.043 Y108.958 I.062 J2.977 E.12304
G1 X117.043 Y114.958 E.16211
G3 X115.958 Y116.043 I-1.062 J.023 E.04631
G1 X100.042 Y116.043 E.43005
G3 X98.957 Y114.958 I-.023 J-1.062 E.04631
G1 X98.957 Y108.958 E.16211
G2 X96.042 Y106.043 I-2.977 J.062 E.12304
G1 X90.042 Y106.043 E.16211
G3 X88.957 Y104.958 I-.023 J-1.062 E.04631
G1 X88.957 Y89.042 E.43005
G3 X90.042 Y87.957 I1.062 J-.023 E.04631
G1 X125.976 Y87.959 E.9709
G3 X127.043 Y89.042 I.008 J1.059 E.04583
G1 X127.043 Y104.958 E.43005
G3 X126.22 Y106.016 I-1.062 J.023 E.03919
SET_VELOCITY_LIMIT ACCEL=10000 ACCEL_TO_DECEL=5000
G1 X126.243 Y106.376 F30000
SET_VELOCITY_LIMIT ACCEL=500 ACCEL_TO_DECEL=250
G1 F3000
G3 X125.974 Y106.4 I-.261 J-1.394 E.0073
G1 X119.974 Y106.4 E.16211
G2 X117.4 Y108.974 I.046 J2.619 E.10872
G1 X117.4 Y114.974 E.16211
G3 X115.974 Y116.4 I-1.418 J.008 E.06062
G1 X100.026 Y116.4 E.43089
G3 X98.6 Y114.974 I-.008 J-1.418 E.06062
G1 X98.6 Y108.974 E.16211
G2 X96.026 Y106.4 I-2.619 J.046 E.10873
G1 X90.026 Y106.4 E.16211
G3 X88.6 Y104.974 I-.008 J-1.418 E.06062
G1 X88.6 Y89.026 E.43089
G3 X90.026 Y87.6 I1.418 J-.008 E.06062
G1 X125.991 Y87.602 E.97174
G3 X127.4 Y89.026 I-.007 J1.416 E.06014
G1 X127.4 Y104.974 E.43089
G3 X126.282 Y106.368 I-1.418 J.008 E.05224
SET_VELOCITY_LIMIT ACCEL=10000 ACCEL_TO_DECEL=5000
G1 X126.312 Y106.77 F30000
SET_VELOCITY_LIMIT ACCEL=500 ACCEL_TO_DECEL=250
;TYPE:Outer wall
G1 F3000
G3 X125.991 Y106.8 I-.33 J-1.788 E.00872
G1 X119.991 Y106.8 E.16211
G2 X117.8 Y108.991 I.028 J2.219 E.09269
G1 X117.8 Y114.991 E.16211
G3 X115.991 Y116.8 I-1.818 J-.01 E.07665
G1 X100.009 Y116.8 E.43183
G3 X98.2 Y114.991 I.01 J-1.818 E.07665
G1 X98.2 Y108.991 E.16211
G2 X96.009 Y106.8 I-2.219 J.028 E.09269
G1 X90.009 Y106.8 E.16211
G3 X88.2 Y104.991 I.01 J-1.818 E.07665
M73 P25 R24
G1 X88.2 Y89.009 E.43183
G3 X90.009 Y87.2 I1.818 J.01 E.07665
G1 X126.009 Y87.202 E.97268
G3 X127.8 Y89.009 I-.025 J1.816 E.07618
M73 P26 R24
G1 X127.8 Y104.991 E.43183
G3 X126.351 Y106.762 I-1.818 J-.01 E.06686
SET_VELOCITY_LIMIT ACCEL=10000 ACCEL_TO_DECEL=5000
G1 E-.5 F900
G1 Z.4 F30000
G1 X126.916 Y105.169 Z.4
G1 Z.2
G1 E.5 F900
SET_VELOCITY_LIMIT ACCEL=500 ACCEL_TO_DECEL=250
;TYPE:Bottom surface
;WIDTH:0.400898
G1 F6300
G1 X126.493 Y105.592 E.01619
G3 X125.803 Y105.775 I-.571 J-.759 E.01981
G1 X126.775 Y104.803 E.03723
G1 X126.775 Y104.297 E.01371
G1 X125.297 Y105.775 E.05662
G1 X124.791 Y105.775 E.01371
G1 X126.775 Y103.791 E.07601
G1 X126.775 Y103.285 E.01371
G1 X124.285 Y105.775 E.09541
G1 X123.778 Y105.775 E.01371
G1 X126.775 Y102.778 E.1148
G1 X126.775 Y102.272 E.01371
G1 X123.272 Y105.775 E.13419
G1 X122.766 Y105.775 E.01371
G1 X126.775 Y101.766 E.15358
G1 X126.775 Y101.26 E.01371
G1 X122.26 Y105.775 E.17298
G1 X121.753 Y105.775 E.01371
G1 X126.775 Y100.753 E.19237
G1 X126.775 Y100.247 E.01371
G1 X121.247 Y105.775 E.21176
G1 X120.741 Y105.775 E.01371
G1 X126.775 Y99.741 E.23116
G1 X126.775 Y99.235 E.01371
G1 X120.235 Y105.775 E.25055
G2 X119.707 Y105.796 I-.144 J3.024 E.01431
G1 X126.775 Y98.728 E.27075
G1 X126.775 Y98.222 E.01371
G1 X118.819 Y106.178 E.30478
SET_VELOCITY_LIMIT ACCEL=10000 ACCEL_TO_DECEL=5000
G1 E-.5 F900
G1 Z.4 F30000
G1 X116.169 Y115.916 Z.4
G1 Z.2
G1 E.5 F900
SET_VELOCITY_LIMIT ACCEL=500 ACCEL_TO_DECEL=250
G1 F6300
G1 X116.592 Y115.493 E.01619
G2 X116.775 Y114.803 I-.759 J-.571 E.01981
G1 X115.803 Y115.775 E.03723
G1 X115.297 Y115.775 E.01371
G1 X116.775 Y114.297 E.05662
G1 X116.775 Y113.791 E.01371
G1 X114.791 Y115.775 E.07601
G1 X114.285 Y115.775 E.01371
G1 X116.775 Y113.285 E.09541
G1 X116.775 Y112.778 E.01371
G1 X113.778 Y115.775 E.1148
G1 X113.272 Y115.775 E.01371
G1 X116.775 Y112.272 E.13419
G1 X116.775 Y111.766 E.01371
G1 X112.766 Y115.775 E.15359
G1 X112.26 Y115.775 E.01371
G1 X116.775 Y111.26 E.17298
G1 X116.775 Y110.753 E.01371
G1 X111.753 Y115.775 E.19237
G1 X111.247 Y115.775 E.01371
G1 X116.775 Y110.247 E.21176
G1 X116.775 Y109.741 E.01371
G1 X112.487 Y114.029 E.16425
G1 X112.453 Y114.437 E.01109
G1 X112.082 Y114.434 E.01005
G1 X110.741 Y115.775 E.05139
G1 X110.235 Y115.775 E.01371
G1 X111.58 Y114.43 E.05154
G1 X111.078 Y114.426 E.01361
G1 X109.728 Y115.775 E.05169
G1 X109.222 Y115.775 E.01371
G1 X110.575 Y114.422 E.05184
G1 X110.073 Y114.418 E.01361
G1 X108.716 Y115.775 E.05199
G1 X108.209 Y115.775 E.01371
G1 X109.57 Y114.414 E.05214
G1 X109.478 Y114.413 E.00251
G1 X109.448 Y114.03 E.01041
G1 X107.703 Y115.775 E.06685
G1 X107.197 Y115.775 E.01371
G1 X109.412 Y113.56 E.08485
G1 X109.376 Y113.09 E.01277
G1 X106.691 Y115.775 E.10286
G1 X106.184 Y115.775 E.01371
G1 X109.274 Y112.686 E.11835
G1 X109.114 Y112.34 E.01033
G1 X105.678 Y115.775 E.1316
G1 X105.172 Y115.775 E.01371
G1 X108.953 Y111.994 E.14485
G1 X108.793 Y111.648 E.01033
G1 X104.505 Y115.936 E.16426
SET_VELOCITY_LIMIT ACCEL=10000 ACCEL_TO_DECEL=5000
G1 E-.5 F900
G1 Z.4 F30000
G1 X112.358 Y113.652 Z.4
G1 Z.2
G1 E.5 F900
SET_VELOCITY_LIMIT ACCEL=500 ACCEL_TO_DECEL=250
G1 F6300
G1 X116.775 Y109.235 E.16922
G3 X116.796 Y108.707 I3.024 J-.144 E.01431
G1 X112.58 Y112.923 E.1615
G2 X112.61 Y112.387 I-4.217 J-.508 E.01457
G1 X117.178 Y107.819 E.17497
SET_VELOCITY_LIMIT ACCEL=10000 ACCEL_TO_DECEL=5000
G1 E-.5 F900
G1 Z.4 F30000
G1 X112.457 Y112.034 Z.4
G1 Z.2
G1 E.5 F900
SET_VELOCITY_LIMIT ACCEL=500 ACCEL_TO_DECEL=250
G1 F6300
G1 X126.775 Y97.716 E.54848
G1 X126.775 Y97.209 E.01371
G1 X112.632 Y111.353 E.5418
G1 X112.642 Y110.836 E.014
G1 X126.775 Y96.703 E.54139
G1 X126.775 Y96.197 E.01371
G1 X112.653 Y110.32 E.54099
G1 X112.661 Y109.928 E.01062
G1 X112.481 Y109.985 E.00509
G1 X126.775 Y95.691 E.54755
G1 X126.775 Y95.184 E.01371
G1 X111.74 Y110.22 E.57596
G1 X110.998 Y110.455 E.02107
G1 X126.775 Y94.678 E.60436
G1 X126.775 Y94.172 E.01371
G1 X110.257 Y110.69 E.63277
G1 X109.515 Y110.926 E.02107
G1 X126.775 Y93.666 E.66118
G1 X126.775 Y93.159 E.01371
G1 X104.159 Y115.775 E.86634
G1 X103.653 Y115.775 E.01371
G1 X126.775 Y92.653 E.88573
G1 X126.775 Y92.147 E.01371
G1 X103.147 Y115.775 E.90512
G1 X102.641 Y115.775 E.01371
G1 X126.775 Y91.641 E.92452
G1 X126.775 Y91.134 E.01371
G1 X102.134 Y115.775 E.94391
G1 X101.628 Y115.775 E.01371
G1 X126.775 Y90.628 E.9633
G1 X126.775 Y90.122 E.01371
G1 X101.122 Y115.775 E.9827
G1 X100.616 Y115.775 E.01371
G1 X126.775 Y89.616 E1.00209
G1 X126.775 Y89.109 E.01371
G1 X100.109 Y115.775 E1.02148
G3 X99.68 Y115.698 I-.028 J-1.074 E.01189
G1 X126.698 Y88.68 E1.03495
G2 X126.476 Y88.396 I-1.19 J.701 E.0098
G1 X99.396 Y115.476 E1.03733
G3 X99.241 Y115.125 I1.222 J-.752 E.01042
G1 X126.125 Y88.241 E1.02987
G2 X125.633 Y88.226 I-.327 J2.807 E.01335
M73 P27 R24
G1 X99.225 Y114.635 E1.01162
G1 X99.225 Y114.128 E.01371
G1 X125.127 Y88.226 E.99222
G1 X124.621 Y88.226 E.01371
G1 X99.225 Y113.622 E.97283
G1 X99.225 Y113.116 E.01371
G1 X124.114 Y88.226 E.95344
G1 X123.608 Y88.226 E.01371
G1 X99.225 Y112.61 E.93405
G1 X99.225 Y112.103 E.01371
G1 X123.102 Y88.226 E.91465
G1 X122.596 Y88.226 E.01371
G1 X99.225 Y111.597 E.89526
G1 X99.225 Y111.091 E.01371
G1 X122.089 Y88.226 E.87587
G1 X121.583 Y88.226 E.01371
G1 X99.225 Y110.585 E.85648
G1 X99.225 Y110.078 E.01371
G1 X121.077 Y88.226 E.83708
G1 X120.571 Y88.226 E.01371
G1 X99.225 Y109.572 E.81769
G1 X99.225 Y109.066 E.01371
G1 X120.064 Y88.226 E.7983
G1 X119.558 Y88.226 E.01371
G1 X99.194 Y108.591 E.7801
G2 X99.108 Y108.17 I-1.236 J.032 E.01169
G1 X119.052 Y88.226 E.76398
G1 X118.546 Y88.226 E.01371
G1 X98.984 Y107.787 E.74933
G1 X98.823 Y107.442 E.01032
G1 X118.04 Y88.226 E.73611
G1 X117.533 Y88.226 E.01371
G1 X98.623 Y107.137 E.7244
G2 X98.401 Y106.852 I-.919 J.485 E.00982
G1 X117.027 Y88.226 E.71349
G1 X116.521 Y88.226 E.01371
G1 X98.148 Y106.598 E.70379
G2 X97.863 Y106.377 I-.77 J.697 E.00982
G1 X116.015 Y88.226 E.69532
G1 X115.508 Y88.226 E.01371
G1 X97.558 Y106.177 E.68763
G1 X97.213 Y106.016 E.01032
G1 X115.002 Y88.226 E.68146
G1 X114.496 Y88.226 E.01371
G1 X96.83 Y105.892 E.67672
G2 X96.409 Y105.806 I-.453 J1.15 E.01169
G1 X113.99 Y88.226 E.67345
G1 X113.483 Y88.226 E.01371
G1 X95.934 Y105.775 E.67226
G1 X95.428 Y105.775 E.01371
G1 X112.977 Y88.226 E.67226
G1 X112.471 Y88.226 E.01371
G1 X94.922 Y105.775 E.67226
G1 X94.415 Y105.775 E.01371
G1 X111.965 Y88.226 E.67226
G1 X111.458 Y88.226 E.01371
G1 X93.909 Y105.775 E.67226
G1 X93.403 Y105.775 E.01371
G1 X110.952 Y88.226 E.67226
G1 X110.446 Y88.226 E.01371
G1 X92.897 Y105.775 E.67226
G1 X92.39 Y105.775 E.01371
G1 X109.94 Y88.226 E.67226
G1 X109.434 Y88.226 E.01371
G1 X91.884 Y105.775 E.67226
G1 X91.378 Y105.775 E.01371
G1 X108.927 Y88.226 E.67226
G1 X108.421 Y88.226 E.01371
G1 X90.872 Y105.775 E.67227
G1 X90.365 Y105.775 E.01371
G1 X107.915 Y88.226 E.67227
G1 X107.409 Y88.226 E.01371
G1 X89.875 Y105.759 E.67167
G3 X89.524 Y105.604 I.402 J-1.378 E.01042
G1 X106.902 Y88.226 E.6657
G1 X106.396 Y88.226 E.01371
G1 X89.302 Y105.32 E.65482
G3 X89.225 Y104.891 I.997 J-.401 E.01189
G1 X105.89 Y88.226 E.63838
G1 X105.384 Y88.226 E.01371
G1 X89.225 Y104.384 E.61899
G1 X89.225 Y103.878 E.01371
G1 X104.877 Y88.226 E.5996
G1 X104.371 Y88.225 E.01371
M73 P28 R24
G1 X89.225 Y103.372 E.58021
G1 X89.225 Y102.866 E.01371
G1 X103.865 Y88.225 E.56081
G1 X103.359 Y88.225 E.01371
G1 X89.225 Y102.359 E.54142
G1 X89.225 Y101.853 E.01371
G1 X102.852 Y88.225 E.52203
G1 X102.346 Y88.225 E.01371
G1 X89.225 Y101.347 E.50264
G1 X89.225 Y100.84 E.01371
G1 X101.84 Y88.225 E.48325
G1 X101.334 Y88.225 E.01371
G1 X89.225 Y100.334 E.46385
G1 X89.225 Y99.828 E.01371
G1 X100.828 Y88.225 E.44446
G1 X100.321 Y88.225 E.01371
G1 X89.225 Y99.322 E.42507
G1 X89.225 Y98.815 E.01371
G1 X99.815 Y88.225 E.40568
G1 X99.309 Y88.225 E.01371
G1 X89.225 Y98.309 E.38628
G1 X89.225 Y97.803 E.01371
G1 X98.803 Y88.225 E.36689
G1 X98.296 Y88.225 E.01371
G1 X89.225 Y97.297 E.3475
G1 X89.225 Y96.79 E.01371
G1 X97.79 Y88.225 E.32811
G1 X97.284 Y88.225 E.01371
G1 X89.225 Y96.284 E.30871
G1 X89.225 Y95.778 E.01371
G1 X96.778 Y88.225 E.28932
G1 X96.271 Y88.225 E.01371
G1 X89.225 Y95.272 E.26993
G1 X89.225 Y94.765 E.01371
G1 X95.765 Y88.225 E.25054
G1 X95.259 Y88.225 E.01371
G1 X89.225 Y94.259 E.23115
G1 X89.225 Y93.753 E.01371
G1 X94.753 Y88.225 E.21175
G1 X94.246 Y88.225 E.01371
G1 X89.225 Y93.247 E.19236
G1 X89.225 Y92.74 E.01371
G1 X93.74 Y88.225 E.17297
G1 X93.234 Y88.225 E.01371
G1 X89.225 Y92.234 E.15358
G1 X89.225 Y91.728 E.01371
G1 X92.728 Y88.225 E.13418
G1 X92.222 Y88.225 E.01371
G1 X89.225 Y91.222 E.11479
G1 X89.225 Y90.715 E.01371
G1 X91.715 Y88.225 E.0954
G1 X91.209 Y88.225 E.01371
G1 X89.225 Y90.209 E.07601
G1 X89.225 Y89.703 E.01371
G1 X90.703 Y88.225 E.05661
G1 X90.197 Y88.225 E.01371
G1 X89.225 Y89.197 E.03722
G3 X89.408 Y88.507 I.943 J-.119 E.01982
G1 X89.831 Y88.084 E.01618
SET_VELOCITY_LIMIT ACCEL=10000 ACCEL_TO_DECEL=5000
G1 E-.5 F900
G1 Z.4 F30000
G1 X110.894 Y113.56 Z.4
G1 Z.2
G1 E.5 F900
SET_VELOCITY_LIMIT ACCEL=500 ACCEL_TO_DECEL=250
;WIDTH:0.422703
G1 F6300
G1 X111.554 Y112.9 E.02682
G2 X111.587 Y112.33 I-4.479 J-.545 E.01642
G1 X110.52 Y113.397 E.04334
G1 X110.433 Y113.396 E.00249
G1 X110.405 Y112.975 E.01213
G1 X111.598 Y111.782 E.04848
G1 X111.607 Y111.337 E.01278
G1 X111.458 Y111.384 E.00448
G1 X110.326 Y112.517 E.04602
G1 X110.155 Y112.15 E.01162
G1 X110.918 Y111.387 E.031
; stop printing object flowrate_m9 id:0 copy 0
M106 S255
;LAYER_CHANGE
;Z:0.4
;HEIGHT:0.2
;BEFORE_LAYER_CHANGE
;0.4
G92 E0

G1 E-.5 F900
;AFTER_LAYER_CHANGE
;0.4
SET_PRINT_STATS_INFO CURRENT_LAYER=2
;_SET_FAN_SPEED_CHANGING_LAYER
SET_VELOCITY_LIMIT ACCEL=10000 ACCEL_TO_DECEL=5000
M104 S205 ; set nozzle temperature
M140 S55 ; set bed temperature
; printing object flowrate_m3 id:0 copy 0
G1 Z.6 F30000
G1 X188.397 Y174.601 Z.6
G1 Z.4
G1 E.5 F900
SET_VELOCITY_LIMIT ACCEL=5000 ACCEL_TO_DECEL=2500
;TYPE:Outer wall
;WIDTH:0.4
G1 F10393.592
G1 X188.397 Y175.742 E.03286
G1 X191.06 Y175.742 E.0767
G1 X191.06 Y174.73 E.02912
G1 X192.362 Y174.904 E.03784
G3 X192.65 Y174.094 I2.157 J.309 E.02493
G3 X193.594 Y173.728 I.739 J.506 E.03098
G3 X194.148 Y175.45 I-.221 J1.021 E.06297
G3 X193.099 Y175.676 I-.727 J-.821 E.0323
G1 X192.692 Y175.577 E.01205
G1 X192.834 Y176.698 E.03254
G3 X193.858 Y176.889 I.254 J1.481 E.03064
G3 X193.37 Y178.218 I-.443 J.591 E.0545
G3 X192.525 Y177.511 I0 J-.858 E.03446
G1 X192.441 Y177.107 E.01186
G1 X191.299 Y177.31 E.03338
G2 X191.574 Y178.188 I3.705 J-.676 E.02655
G2 X192.031 Y178.771 I2.334 J-1.36 E.02138
G2 X194.75 Y178.72 I1.328 J-1.713 E.08466
G2 X195.067 Y176.646 I-1.084 J-1.227 E.0656
G2 X194.759 Y176.309 I-1.678 J1.223 E.01317
G2 X195.269 Y175.862 I-1.388 J-2.098 E.01958
G2 X195.555 Y174.364 I-1.584 J-1.079 E.04518
G2 X195.231 Y173.611 I-1.607 J.245 E.02387
G1 X194.968 Y173.293 E.01187
G2 X194.022 Y172.772 I-1.674 J1.923 E.03135
G2 X193.184 Y172.71 I-.631 J2.844 E.02428
G2 X192.259 Y172.99 I.058 J1.86 E.02814
G1 X191.935 Y173.214 E.01135
G2 X191.401 Y174.008 I1.806 J1.792 E.02773
G2 X191.253 Y174.668 I3.814 J1.198 E.0195
G1 X191.06 Y174.649 E.00559
G1 X191.06 Y174.601 E.00139
G1 X188.437 Y174.601 E.07555
SET_VELOCITY_LIMIT ACCEL=10000 ACCEL_TO_DECEL=5000
G1 E-.5 F900
G1 Z.6 F30000
G1 X210.181 Y170.024 Z.6
G1 Z.4
G1 E.5 F900
;TYPE:Inner wall
G1 F10393.592
G3 X209.958 Y170.043 I-.2 J-1.043 E.00644
G1 X203.958 Y170.043 E.1728
G1 X203.746 Y170.061 E.00613
G1 X180.254 Y170.061 E.6766
G1 X180.042 Y170.043 E.00613
G1 X174.042 Y170.043 E.1728
G3 X172.957 Y168.958 I-.023 J-1.062 E.04936
G1 X172.957 Y153.042 E.4584
G3 X174.042 Y151.957 I1.062 J-.023 E.04936
G1 X209.969 Y151.958 E1.03472
G3 X211.043 Y153.042 I.014 J1.06 E.04906
G1 X211.043 Y168.958 E.4584
G3 X210.22 Y170.016 I-1.062 J.023 E.04177
G1 X210.243 Y170.376 F30000
G1 F10393.592
G3 X209.974 Y170.4 I-.261 J-1.394 E.00778
G1 X203.974 Y170.4 E.1728
G1 X203.762 Y170.419 E.00613
G1 X180.238 Y170.419 E.6775
G1 X180.026 Y170.4 E.00613
G1 X174.026 Y170.4 E.1728
G3 X172.6 Y168.974 I-.008 J-1.418 E.06462
G1 X172.6 Y153.026 E.4593
G3 X174.026 Y151.6 I1.418 J-.008 E.06462
G1 X210 Y151.602 E1.03606
G3 X211.4 Y153.026 I-.014 J1.415 E.06385
G1 X211.4 Y168.974 E.4593
G3 X210.282 Y170.368 I-1.418 J.008 E.05568
SET_VELOCITY_LIMIT ACCEL=5000 ACCEL_TO_DECEL=2500
G1 X210.312 Y170.77 F30000
;TYPE:Outer wall
G1 F10393.592
G3 X209.991 Y170.8 I-.33 J-1.788 E.00929
G1 X203.991 Y170.8 E.1728
G2 X201.8 Y172.991 I.028 J2.219 E.0988
G1 X201.8 Y178.991 E.1728
G3 X199.991 Y180.8 I-1.818 J-.01 E.08171
G1 X184.009 Y180.8 E.46031
G3 X182.2 Y178.991 I.01 J-1.818 E.08171
G1 X182.2 Y172.991 E.1728
G2 X180.009 Y170.8 I-2.219 J.028 E.0988
G1 X174.009 Y170.8 E.1728
G3 X172.2 Y168.991 I.003 J-1.812 E.08179
G1 X172.2 Y153.009 E.46031
G3 X174.009 Y151.2 I1.818 J.01 E.08171
G1 X210.035 Y151.204 E1.03757
G3 X211.8 Y153.009 I-.048 J1.812 E.08043
G1 X211.8 Y168.991 E.46031
G3 X210.351 Y170.762 I-1.818 J-.01 E.07127
SET_VELOCITY_LIMIT ACCEL=10000 ACCEL_TO_DECEL=5000
G1 E-.5 F900
G1 Z.6 F30000
G1 X209.736 Y169.906 Z.6
G1 Z.4
G1 E.5 F900
;TYPE:Sparse infill
G1 F10393.592
G1 X210.745 Y168.897 E.04111
G1 X210.745 Y167.454 E.04155
G1 X208.454 Y169.745 E.09333
G1 X207.011 Y169.745 E.04155
G1 X210.745 Y166.011 E.15209
G1 X210.745 Y164.568 E.04155
G1 X205.568 Y169.745 E.21086
G1 X204.126 Y169.745 E.04155
G1 X210.745 Y163.126 E.26963
G1 X210.745 Y161.683 E.04155
G1 X202.664 Y169.764 E.32915
G1 X201.221 Y169.764 E.04155
G1 X210.745 Y160.24 E.38791
G1 X210.745 Y158.797 E.04155
G1 X199.779 Y169.764 E.44668
G1 X198.336 Y169.764 E.04155
G1 X210.745 Y157.354 E.50545
G1 X210.745 Y155.912 E.04155
G1 X196.893 Y169.764 E.56421
G1 X195.45 Y169.764 E.04155
G1 X210.745 Y154.469 E.62298
G2 X210.743 Y153.028 I-8.231 J-.707 E.04154
G1 X194.007 Y169.764 E.68165
G1 X192.565 Y169.764 E.04155
G1 X210.064 Y152.265 E.71274
G2 X208.63 Y152.255 I-.771 J8.189 E.04133
G1 X191.122 Y169.764 E.71312
G1 X189.679 Y169.764 E.04155
G1 X207.187 Y152.255 E.71312
G1 X205.745 Y152.255 E.04155
G1 X188.236 Y169.764 E.71313
G1 X186.793 Y169.764 E.04155
G1 X204.302 Y152.255 E.71313
G1 X202.859 Y152.255 E.04155
G1 X185.35 Y169.764 E.71313
G1 X183.908 Y169.764 E.04155
G1 X201.416 Y152.255 E.71313
G1 X199.973 Y152.255 E.04155
G1 X182.465 Y169.764 E.71313
G1 X181.022 Y169.764 E.04155
G1 X198.531 Y152.255 E.71313
G1 X197.088 Y152.255 E.04155
G1 X179.598 Y169.745 E.71238
G1 X178.155 Y169.745 E.04155
G1 X195.645 Y152.255 E.71238
G1 X194.202 Y152.255 E.04155
G1 X176.712 Y169.745 E.71238
G1 X175.269 Y169.745 E.04155
G1 X192.76 Y152.255 E.71238
G1 X191.317 Y152.255 E.04155
G1 X173.849 Y169.723 E.71148
G3 X173.255 Y168.874 I.173 J-.754 E.0327
G1 X189.874 Y152.255 E.67691
G1 X188.431 Y152.255 E.04155
G1 X173.255 Y167.432 E.61815
G1 X173.255 Y165.989 E.04155
G1 X186.988 Y152.255 E.55938
G1 X185.546 Y152.255 E.04155
G1 X173.255 Y164.546 E.50062
G1 X173.255 Y163.103 E.04155
G1 X184.103 Y152.255 E.44185
G1 X182.66 Y152.255 E.04155
G1 X173.255 Y161.66 E.38309
G1 X173.255 Y160.217 E.04155
G1 X181.217 Y152.255 E.32432
M73 P28 R23
G1 X179.775 Y152.255 E.04155
G1 X173.255 Y158.775 E.26556
G1 X173.255 Y157.332 E.04155
G1 X178.332 Y152.255 E.20679
G1 X176.889 Y152.255 E.04155
G1 X173.255 Y155.889 E.14803
G1 X173.255 Y154.446 E.04155
G1 X175.446 Y152.255 E.08926
G2 X173.998 Y152.26 I-.696 J8.274 E.04175
G1 X173.094 Y153.164 E.03684
G1 E-.5 F900
G1 Z.6 F30000
G1 X183.506 Y180.619 Z.6
G1 Z.4
G1 E.5 F900
SET_VELOCITY_LIMIT ACCEL=2000 ACCEL_TO_DECEL=1000
;TYPE:Top surface
;WIDTH:0.481271
G1 F8220
G1 X182.848 Y179.961 E.03287
G3 X182.499 Y178.992 I1.161 J-.966 E.03718
G1 X184.008 Y180.501 E.07546
G1 X184.629 Y180.502 E.02196
G1 X182.498 Y178.371 E.10658
G1 X182.498 Y177.751 E.02192
G1 X185.249 Y180.502 E.13757
G1 X185.869 Y180.502 E.02192
G1 X182.498 Y177.131 E.16857
G1 X182.498 Y176.511 E.02192
G1 X186.489 Y180.502 E.19957
G1 X187.109 Y180.502 E.02192
G1 X182.498 Y175.891 E.23056
G1 X182.498 Y175.271 E.02192
G1 X187.729 Y180.502 E.26156
G1 X188.349 Y180.502 E.02192
G1 X182.498 Y174.651 E.29256
G1 X182.498 Y174.031 E.02192
M73 P29 R23
G1 X188.969 Y180.502 E.32355
G1 X189.589 Y180.502 E.02192
G1 X182.498 Y173.411 E.35455
G2 X182.48 Y172.773 I-3.655 J-.217 E.02259
G1 X190.209 Y180.502 E.38644
G1 X190.829 Y180.502 E.02192
G1 X182.242 Y171.916 E.42933
G1 X182.165 Y171.75 E.00645
G2 X181.26 Y170.842 I-2.376 J1.463 E.04573
G1 X181.286 Y170.759 E.00307
G1 X181.706 Y170.759 E.01484
G1 X191.448 Y180.502 E.48715
G1 X192.068 Y180.502 E.02192
G1 X182.325 Y170.759 E.48715
G1 X182.945 Y170.759 E.02192
G1 X192.688 Y180.502 E.48715
G1 X193.308 Y180.502 E.02192
G1 X188.845 Y176.039 E.22314
G1 X189.465 Y176.039 E.02192
G1 X191.082 Y177.656 E.08083
G2 X191.835 Y178.999 I2.422 J-.476 E.05535
G2 X192.571 Y179.407 I1.81 J-2.394 E.02986
G1 X192.905 Y179.479 E.01209
G1 X194.125 Y180.699 E.06097
SET_VELOCITY_LIMIT ACCEL=10000 ACCEL_TO_DECEL=5000
G1 E-.5 F900
G1 Z.6 F30000
G1 X193.371 Y179.325 Z.6
G1 Z.4
G1 E.5 F900
SET_VELOCITY_LIMIT ACCEL=2000 ACCEL_TO_DECEL=1000
G1 F8220
G1 X194.548 Y180.502 E.05885
G1 X195.168 Y180.502 E.02192
G1 X194.079 Y179.413 E.05445
G2 X194.521 Y179.236 I-.904 J-2.891 E.01687
G1 X195.788 Y180.502 E.06333
G1 X196.408 Y180.502 E.02192
G1 X194.892 Y178.986 E.07581
G2 X195.192 Y178.667 I-1.451 J-1.666 E.01553
G1 X197.028 Y180.502 E.09178
G1 X197.648 Y180.502 E.02192
G1 X195.425 Y178.28 E.11111
G2 X195.571 Y177.806 I-1.889 J-.841 E.01758
G1 X198.268 Y180.502 E.13482
G1 X198.888 Y180.502 E.02192
G1 X195.584 Y177.199 E.16516
G2 X195.202 Y176.341 I-1.553 J.177 E.03373
G2 X195.281 Y176.276 I-.2 J-.323 E.00363
G1 X199.507 Y180.502 E.21132
G2 X200.115 Y180.49 I.235 J-3.481 E.02153
G1 X195.567 Y175.942 E.22742
G2 X195.773 Y175.528 I-1.496 J-1.004 E.01639
G1 X200.61 Y180.365 E.24184
G2 X200.989 Y180.124 I-.718 J-1.553 E.01593
G1 X195.7 Y174.835 E.26445
SET_VELOCITY_LIMIT ACCEL=10000 ACCEL_TO_DECEL=5000
G1 E-.5 F900
G1 Z.6 F30000
G1 X193.381 Y175.616 Z.6
G1 Z.4
G1 E.5 F900
SET_VELOCITY_LIMIT ACCEL=2000 ACCEL_TO_DECEL=1000
G1 F8220
G1 X192.669 Y174.904 E.03562
G3 X192.805 Y174.42 I2.413 J.417 E.0178
G1 X193.747 Y175.362 E.04711
G2 X194.059 Y175.054 I-.257 J-.573 E.01583
G1 X193.085 Y174.08 E.04873
G3 X193.696 Y174.071 I.315 J.661 E.02228
G1 X194.311 Y174.686 E.03077
SET_VELOCITY_LIMIT ACCEL=10000 ACCEL_TO_DECEL=5000
G1 E-.5 F900
G1 Z.6 F30000
G1 X192.584 Y177.298 Z.6
G1 Z.4
G1 E.5 F900
SET_VELOCITY_LIMIT ACCEL=2000 ACCEL_TO_DECEL=1000
G1 F8220
G1 X193.174 Y177.888 E.02953
G2 X193.71 Y177.805 I.179 J-.61 E.01982
G1 X192.898 Y176.993 E.0406
G3 X193.632 Y177.107 I.199 J1.138 E.02674
G1 X194.044 Y177.519 E.02061
SET_VELOCITY_LIMIT ACCEL=10000 ACCEL_TO_DECEL=5000
G1 E-.5 F900
G1 Z.6 F30000
G1 X191.26 Y177.215 Z.6
G1 Z.4
G1 E.5 F900
SET_VELOCITY_LIMIT ACCEL=2000 ACCEL_TO_DECEL=1000
G1 F8220
G1 X190.085 Y176.039 E.05876
G1 X190.705 Y176.039 E.02192
G1 X191.617 Y176.951 E.0456
G1 X192.144 Y176.858 E.0189
G1 X191.325 Y176.039 E.04092
G1 X191.358 Y176.039 E.00116
G1 X191.358 Y175.452 E.02076
G1 X192.524 Y176.618 E.05829
G1 X192.434 Y175.908 E.02529
G1 X191.404 Y174.878 E.0515
SET_VELOCITY_LIMIT ACCEL=10000 ACCEL_TO_DECEL=5000
G1 E-.5 F900
G1 Z.6 F30000
G1 X188.296 Y175.49 Z.6
G1 Z.4
G1 E.5 F900
SET_VELOCITY_LIMIT ACCEL=2000 ACCEL_TO_DECEL=1000
G1 F8220
G1 X183.565 Y170.759 E.23652
G1 X184.185 Y170.759 E.02192
G1 X188.099 Y174.673 E.19569
G1 X188.099 Y174.303 E.01308
G1 X188.349 Y174.303 E.00883
G1 X184.805 Y170.759 E.17719
G1 X185.425 Y170.759 E.02192
G1 X188.969 Y174.303 E.17719
G1 X189.589 Y174.303 E.02192
G1 X186.045 Y170.759 E.17719
G1 X186.665 Y170.759 E.02192
G1 X190.209 Y174.303 E.17719
G1 X190.829 Y174.303 E.02192
G1 X187.285 Y170.759 E.17719
G1 X187.905 Y170.759 E.02192
G1 X191.105 Y173.959 E.16001
G3 X191.299 Y173.534 I1.943 J.629 E.01658
G1 X188.525 Y170.759 E.13872
G1 X189.145 Y170.759 E.02192
G1 X191.568 Y173.183 E.12117
G3 X191.889 Y172.884 I.745 J.479 E.01567
G1 X189.765 Y170.759 E.10623
G1 X190.384 Y170.759 E.02192
G1 X192.268 Y172.643 E.09418
G3 X192.72 Y172.475 I.989 J1.971 E.01708
G1 X191.004 Y170.759 E.08578
G1 X191.624 Y170.759 E.02192
G1 X193.464 Y172.599 E.09199
SET_VELOCITY_LIMIT ACCEL=10000 ACCEL_TO_DECEL=5000
G1 E-.5 F900
G1 Z.6 F30000
G1 X192.048 Y170.563 Z.6
G1 Z.4
G1 E.5 F900
SET_VELOCITY_LIMIT ACCEL=2000 ACCEL_TO_DECEL=1000
G1 F8220
G1 X193.94 Y172.455 E.0946
G3 X194.782 Y172.788 I-.315 J2.025 E.03228
G1 X195.174 Y173.075 E.01718
G3 X195.799 Y174.082 I-1.9 J1.876 E.04226
G3 X195.856 Y174.371 I-1.493 J.447 E.01046
G1 X201.273 Y179.788 E.27083
G2 X201.454 Y179.349 I-1.422 J-.843 E.01684
G1 X192.864 Y170.759 E.42949
G1 X193.484 Y170.759 E.02192
G1 X201.502 Y178.777 E.40091
G1 X201.502 Y178.157 E.02192
G1 X194.104 Y170.759 E.36991
G1 X194.724 Y170.759 E.02192
G1 X201.502 Y177.538 E.33892
G1 X201.502 Y176.918 E.02192
G1 X195.344 Y170.759 E.30792
G1 X195.964 Y170.759 E.02192
G1 X201.502 Y176.298 E.27692
G1 X201.502 Y175.678 E.02192
G1 X196.584 Y170.759 E.24593
G1 X197.204 Y170.759 E.02192
G1 X201.502 Y175.058 E.21493
G1 X201.502 Y174.438 E.02192
G1 X197.824 Y170.759 E.18394
G1 X198.443 Y170.759 E.02192
G1 X201.502 Y173.818 E.15294
G1 X201.502 Y173.198 E.02192
G1 X199.063 Y170.759 E.12194
G1 X199.683 Y170.759 E.02192
G1 X201.534 Y172.61 E.09256
G1 X201.663 Y172.119 E.01795
G1 X200.303 Y170.759 E.068
G1 X200.923 Y170.759 E.02192
G1 X201.868 Y171.704 E.04723
G1 X202.131 Y171.347 E.01567
G1 X201.543 Y170.759 E.0294
G1 X202.163 Y170.759 E.02192
G1 X202.591 Y171.187 E.02139
; stop printing object flowrate_m3 id:0 copy 0
; printing object flowrate_m6 id:403726925917 copy 0
SET_VELOCITY_LIMIT ACCEL=10000 ACCEL_TO_DECEL=5000
G1 E-.5 F900
G1 Z.6 F30000
G1 X191.451 Y143.436 Z.6
G1 Z.4
G1 E.5 F900
SET_VELOCITY_LIMIT ACCEL=5000 ACCEL_TO_DECEL=2500
;TYPE:Outer wall
;WIDTH:0.258814
G1 F12000
G1 X190.862 Y143.422 E.00994
G1 X191.062 Y142.601 F30000
;WIDTH:0.4
G1 F10725.302
G1 X188.399 Y142.601 E.07433
G1 X188.399 Y143.742 E.03184
G1 X191.237 Y143.742 E.07921
G2 X191.357 Y145.177 I6.706 J.162 E.04028
G2 X191.59 Y145.832 I3.157 J-.754 E.01944
G1 X191.921 Y146.461 E.01983
G2 X192.672 Y147.042 I2.029 J-1.845 E.02665
G2 X193.589 Y147.225 I1.004 J-2.639 E.02621
G2 X194.886 Y146.779 I.052 J-1.956 E.03911
G2 X195.422 Y145.894 I-1.415 J-1.463 E.0292
G1 X195.538 Y145.349 E.01556
G1 X194.41 Y145.261 E.03157
G3 X194.134 Y145.968 I-1.899 J-.334 E.02132
G3 X192.899 Y145.924 I-.597 J-.601 E.03866
G3 X192.478 Y145.095 I1.443 J-1.254 E.02622
G1 X192.389 Y144.658 E.01244
G2 X194.569 Y144.848 I1.234 J-1.558 E.06467
G2 X195.031 Y144.487 I-1.678 J-2.628 E.01637
G2 X195.529 Y143.567 I-1.859 J-1.6 E.02944
G2 X195.026 Y141.344 I-2.481 J-.607 E.06592
G2 X193.284 Y140.725 I-1.465 J1.36 E.05363
G2 X192.216 Y141.131 I.088 J1.838 E.03243
G1 X191.861 Y141.449 E.0133
G2 X191.345 Y142.589 I3.55 J2.297 E.03506
G2 X191.266 Y143.122 I3.143 J.736 E.01504
G1 X191.062 Y143.111 E.00569
G1 X191.062 Y142.641 E.01314
SET_VELOCITY_LIMIT ACCEL=10000 ACCEL_TO_DECEL=5000
G1 E-.5 F900
G1 Z.6 F30000
G1 X210.181 Y138.024 Z.6
G1 Z.4
G1 E.5 F900
;TYPE:Inner wall
G1 F10725.302
G3 X209.958 Y138.043 I-.2 J-1.043 E.00624
G1 X203.958 Y138.043 E.16746
G1 X203.746 Y138.061 E.00594
G1 X180.254 Y138.061 E.65567
G1 X180.042 Y138.043 E.00594
G1 X174.042 Y138.043 E.16746
G3 X172.957 Y136.958 I-.023 J-1.062 E.04784
G1 X172.957 Y121.042 E.44423
G3 X174.042 Y119.957 I1.062 J-.023 E.04784
G1 X209.969 Y119.958 E1.00271
G3 X211.043 Y121.042 I.014 J1.06 E.04754
G1 X211.043 Y136.958 E.44422
G3 X210.22 Y138.016 I-1.062 J.023 E.04048
G1 X210.243 Y138.376 F30000
G1 F10725.302
G3 X209.974 Y138.4 I-.261 J-1.394 E.00754
G1 X203.974 Y138.4 E.16746
G1 X203.762 Y138.419 E.00594
G1 X180.238 Y138.419 E.65654
G1 X180.026 Y138.4 E.00594
G1 X174.026 Y138.4 E.16746
G3 X172.6 Y136.974 I-.008 J-1.418 E.06262
G1 X172.6 Y121.026 E.4451
G3 X174.026 Y119.6 I1.418 J-.008 E.06262
G1 X210 Y119.602 E1.00402
G3 X211.4 Y121.026 I-.014 J1.415 E.06188
G1 X211.4 Y136.974 E.44509
G3 X210.282 Y138.368 I-1.418 J.008 E.05396
SET_VELOCITY_LIMIT ACCEL=5000 ACCEL_TO_DECEL=2500
G1 X210.312 Y138.77 F30000
;TYPE:Outer wall
G1 F10725.302
G3 X209.991 Y138.8 I-.33 J-1.788 E.009
G1 X203.991 Y138.8 E.16746
G2 X201.8 Y140.991 I.028 J2.219 E.09574
G1 X201.8 Y146.991 E.16746
G3 X199.991 Y148.8 I-1.818 J-.01 E.07918
G1 X184.009 Y148.8 E.44607
G3 X182.2 Y146.991 I.01 J-1.818 E.07918
G1 X182.2 Y140.991 E.16746
G2 X180.009 Y138.8 I-2.219 J.028 E.09574
G1 X174.009 Y138.8 E.16746
G3 X172.2 Y136.991 I.01 J-1.818 E.07918
G1 X172.2 Y121.009 E.44607
G3 X174.009 Y119.2 I1.818 J.01 E.07918
G1 X210.035 Y119.204 E1.00548
G3 X211.8 Y121.009 I-.048 J1.812 E.07795
G1 X211.8 Y136.991 E.44607
G3 X210.351 Y138.762 I-1.818 J-.01 E.06906
SET_VELOCITY_LIMIT ACCEL=10000 ACCEL_TO_DECEL=5000
G1 E-.5 F900
G1 Z.6 F30000
G1 X209.736 Y137.906 Z.6
G1 Z.4
G1 E.5 F900
;TYPE:Sparse infill
G1 F10725.302
G1 X210.745 Y136.897 E.03983
G1 X210.745 Y135.454 E.04027
G1 X208.454 Y137.745 E.09044
G1 X207.011 Y137.745 E.04027
G1 X210.745 Y134.011 E.14739
G1 X210.745 Y132.568 E.04027
G1 X205.568 Y137.745 E.20434
G1 X204.126 Y137.745 E.04027
G1 X210.745 Y131.126 E.26129
G1 X210.745 Y129.683 E.04027
G1 X202.664 Y137.764 E.31897
G1 X201.221 Y137.764 E.04027
G1 X210.745 Y128.24 E.37592
G1 X210.745 Y126.797 E.04027
G1 X199.779 Y137.764 E.43286
G1 X198.336 Y137.764 E.04027
G1 X210.745 Y125.354 E.48981
G1 X210.745 Y123.912 E.04027
G1 X196.893 Y137.764 E.54676
G1 X195.45 Y137.764 E.04027
G1 X210.745 Y122.469 E.60371
G2 X210.743 Y121.028 I-8.234 J-.707 E.04026
G1 X194.007 Y137.764 E.66057
G1 X192.565 Y137.764 E.04027
G1 X210.064 Y120.265 E.69069
G2 X208.63 Y120.255 I-.771 J8.19 E.04006
G1 X191.122 Y137.764 E.69107
G1 X189.679 Y137.764 E.04027
G1 X207.187 Y120.255 E.69107
G1 X205.745 Y120.255 E.04027
G1 X188.236 Y137.764 E.69107
G1 X186.793 Y137.764 E.04027
G1 X204.302 Y120.255 E.69107
G1 X202.859 Y120.255 E.04027
G1 X185.35 Y137.764 E.69107
G1 X183.908 Y137.764 E.04027
G1 X201.416 Y120.255 E.69107
G1 X199.973 Y120.255 E.04027
G1 X182.465 Y137.764 E.69108
G1 X181.022 Y137.764 E.04027
G1 X198.531 Y120.255 E.69108
G1 X197.088 Y120.255 E.04027
G1 X179.598 Y137.745 E.69035
G1 X178.155 Y137.745 E.04027
G1 X195.645 Y120.255 E.69035
G1 X194.202 Y120.255 E.04027
G1 X176.712 Y137.745 E.69035
G1 X175.269 Y137.745 E.04027
G1 X192.76 Y120.255 E.69035
G1 X191.317 Y120.255 E.04027
G1 X173.849 Y137.723 E.68948
G3 X173.255 Y136.874 I.173 J-.754 E.03169
G1 X189.874 Y120.255 E.65597
G1 X188.431 Y120.255 E.04027
G1 X173.255 Y135.432 E.59903
G1 X173.255 Y133.989 E.04027
G1 X186.988 Y120.255 E.54208
G1 X185.546 Y120.255 E.04027
G1 X173.255 Y132.546 E.48513
G1 X173.255 Y131.103 E.04027
G1 X184.103 Y120.255 E.42819
G1 X182.66 Y120.255 E.04027
G1 X173.255 Y129.66 E.37124
G1 X173.255 Y128.217 E.04027
G1 X181.217 Y120.255 E.31429
G1 X179.775 Y120.255 E.04027
G1 X173.255 Y126.775 E.25734
G1 X173.255 Y125.332 E.04027
G1 X178.332 Y120.255 E.2004
G1 X176.889 Y120.255 E.04027
G1 X173.255 Y123.889 E.14345
G1 X173.255 Y122.446 E.04027
G1 X175.446 Y120.255 E.0865
G2 X173.998 Y120.26 I-.696 J8.275 E.04046
G1 X173.094 Y121.164 E.0357
G1 E-.5 F900
G1 Z.6 F30000
G1 X182.381 Y147.494 Z.6
G1 Z.4
G1 E.5 F900
SET_VELOCITY_LIMIT ACCEL=2000 ACCEL_TO_DECEL=1000
;TYPE:Top surface
;WIDTH:0.481271
G1 F8220
G1 X183.039 Y148.152 E.03185
G2 X184.008 Y148.501 I.966 J-1.161 E.03603
G1 X182.499 Y146.992 E.07313
G1 X182.498 Y146.371 E.02128
G1 X184.629 Y148.502 E.10328
G1 X185.249 Y148.502 E.02124
G1 X182.498 Y145.751 E.13332
G1 X182.498 Y145.131 E.02124
G1 X185.869 Y148.502 E.16336
G1 X186.489 Y148.502 E.02124
G1 X182.498 Y144.511 E.19339
G1 X182.498 Y143.891 E.02124
G1 X187.109 Y148.502 E.22343
G1 X187.729 Y148.502 E.02124
G1 X182.498 Y143.271 E.25347
G1 X182.498 Y142.651 E.02124
G1 X188.349 Y148.502 E.28351
G1 X188.969 Y148.502 E.02124
G1 X182.498 Y142.031 E.31355
G1 X182.498 Y141.411 E.02124
G1 X189.589 Y148.502 E.34358
G1 X190.209 Y148.502 E.02124
G1 X182.48 Y140.773 E.37449
G1 X182.462 Y140.566 E.00714
G1 X182.349 Y140.145 E.01493
G1 X182.242 Y139.916 E.00867
G1 X190.829 Y148.502 E.41606
G1 X191.448 Y148.502 E.02124
G1 X181.706 Y138.759 E.47208
G1 X182.325 Y138.759 E.02124
G1 X192.068 Y148.502 E.47208
G1 X192.688 Y148.502 E.02124
G1 X182.945 Y138.759 E.47208
G1 X183.565 Y138.759 E.02124
G1 X188.101 Y143.295 E.21978
G1 X188.101 Y142.675 E.02124
G1 X184.185 Y138.759 E.18974
M73 P30 R23
G1 X184.805 Y138.759 E.02124
G1 X188.349 Y142.303 E.17171
G1 X188.969 Y142.303 E.02124
G1 X185.425 Y138.759 E.17171
G1 X186.045 Y138.759 E.02124
G1 X189.589 Y142.303 E.17171
G1 X190.209 Y142.303 E.02124
G1 X186.665 Y138.759 E.17171
G1 X187.285 Y138.759 E.02124
G1 X190.829 Y142.303 E.17171
G1 X191.12 Y142.303 E.00999
G3 X191.209 Y142.063 I1.112 J.275 E.00877
G1 X187.905 Y138.759 E.1601
G1 X188.525 Y138.759 E.02124
G1 X191.414 Y141.648 E.13998
G1 X191.636 Y141.251 E.0156
G1 X189.145 Y138.759 E.12073
G1 X189.765 Y138.759 E.02124
G1 X191.963 Y140.958 E.10654
G3 X192.324 Y140.699 I1.59 J1.832 E.01524
G1 X190.384 Y138.759 E.09397
G1 X191.004 Y138.759 E.02124
G1 X192.758 Y140.513 E.08499
G3 X193.289 Y140.424 I.92 J3.854 E.01846
G1 X191.428 Y138.563 E.0902
SET_VELOCITY_LIMIT ACCEL=10000 ACCEL_TO_DECEL=5000
G1 E-.5 F900
G1 Z.6 F30000
G1 X188.649 Y143.843 Z.6
G1 Z.4
G1 E.5 F900
SET_VELOCITY_LIMIT ACCEL=2000 ACCEL_TO_DECEL=1000
G1 F8220
G1 X193.308 Y148.502 E.22577
G1 X193.928 Y148.502 E.02124
G1 X192.841 Y147.415 E.05268
G3 X192.085 Y147.016 I.495 J-1.857 E.02955
G1 X191.681 Y146.645 E.01878
G1 X191.274 Y145.848 E.03065
G1 X189.465 Y144.039 E.08764
G1 X190.085 Y144.039 E.02124
G1 X191.017 Y144.971 E.04515
G3 X190.957 Y144.291 I5.31 J-.813 E.02341
G1 X190.509 Y143.843 E.02173
SET_VELOCITY_LIMIT ACCEL=10000 ACCEL_TO_DECEL=5000
G1 E-.5 F900
G1 Z.6 F30000
G1 X192.993 Y145.087 Z.6
G1 Z.4
G1 E.5 F900
SET_VELOCITY_LIMIT ACCEL=2000 ACCEL_TO_DECEL=1000
G1 F8220
G1 X193.772 Y145.867 E.03776
G2 X194.037 Y145.512 I-.243 J-.458 E.01568
G1 X193.711 Y145.186 E.01581
SET_VELOCITY_LIMIT ACCEL=10000 ACCEL_TO_DECEL=5000
G1 E-.5 F900
G1 Z.6 F30000
G1 X193.345 Y147.299 Z.6
G1 Z.4
G1 E.5 F900
SET_VELOCITY_LIMIT ACCEL=2000 ACCEL_TO_DECEL=1000
G1 F8220
G1 X194.548 Y148.502 E.05828
G1 X195.168 Y148.502 E.02124
G1 X194.127 Y147.461 E.05044
G2 X194.596 Y147.31 I-.279 J-1.672 E.01694
G1 X195.788 Y148.502 E.05775
G1 X196.408 Y148.502 E.02124
G1 X194.98 Y147.074 E.0692
G1 X195.084 Y147.005 E.00428
G1 X195.292 Y146.766 E.01086
G1 X197.028 Y148.502 E.08413
G1 X197.648 Y148.502 E.02124
G1 X195.546 Y146.4 E.10186
G1 X195.581 Y146.339 E.00242
G2 X195.715 Y145.949 I-1.425 J-.708 E.01415
G1 X198.268 Y148.502 E.12371
G1 X198.888 Y148.502 E.02124
G1 X195.823 Y145.438 E.14847
G1 X195.9 Y145.079 E.01259
G1 X195.427 Y145.042 E.01625
G1 X195.156 Y144.771 E.01314
G1 X195.25 Y144.692 E.0042
G1 X195.438 Y144.432 E.01098
G1 X199.507 Y148.502 E.1972
G2 X200.115 Y148.49 I.235 J-3.48 E.02086
G1 X195.673 Y144.048 E.21526
G2 X195.828 Y143.583 I-1.948 J-.91 E.01682
G1 X200.61 Y148.365 E.23169
G2 X200.989 Y148.124 I-.718 J-1.553 E.01544
G1 X195.695 Y142.83 E.25653
SET_VELOCITY_LIMIT ACCEL=10000 ACCEL_TO_DECEL=5000
G1 E-.5 F900
G1 Z.6 F30000
G1 X192.048 Y138.563 Z.6
G1 Z.4
G1 E.5 F900
SET_VELOCITY_LIMIT ACCEL=2000 ACCEL_TO_DECEL=1000
G1 F8220
G1 X193.921 Y140.436 E.09078
G3 X195.73 Y141.982 I-.366 J2.26 E.08573
G3 X195.836 Y142.351 I-1.188 J.542 E.01322
G1 X201.273 Y147.788 E.26342
G2 X201.454 Y147.349 I-1.422 J-.843 E.01632
G1 X192.864 Y138.759 E.4162
G1 X193.484 Y138.759 E.02124
G1 X201.502 Y146.777 E.38851
G1 X201.502 Y146.158 E.02124
G1 X194.104 Y138.759 E.35847
G1 X194.724 Y138.759 E.02124
G1 X201.502 Y145.538 E.32844
G1 X201.502 Y144.918 E.02124
G1 X195.344 Y138.759 E.2984
G1 X195.964 Y138.759 E.02124
G1 X201.502 Y144.298 E.26836
G1 X201.502 Y143.678 E.02124
G1 X196.584 Y138.759 E.23832
G1 X197.204 Y138.759 E.02124
G1 X201.502 Y143.058 E.20829
G1 X201.502 Y142.438 E.02124
G1 X197.823 Y138.759 E.17825
G1 X198.443 Y138.759 E.02124
G1 X201.502 Y141.818 E.14821
G1 X201.502 Y141.198 E.02124
G1 X199.063 Y138.759 E.11817
G1 X199.683 Y138.759 E.02124
G1 X201.534 Y140.61 E.08969
G1 X201.663 Y140.119 E.0174
G1 X200.303 Y138.759 E.06589
G1 X200.923 Y138.759 E.02124
G1 X201.868 Y139.704 E.04577
G1 X202.131 Y139.347 E.01519
G1 X201.543 Y138.759 E.02849
G1 X202.163 Y138.759 E.02124
G1 X202.591 Y139.187 E.02072
SET_VELOCITY_LIMIT ACCEL=10000 ACCEL_TO_DECEL=5000
G1 E-.5 F900
G1 Z.6 F30000
G1 X193.854 Y143.957 Z.6
G1 Z.4
G1 E.5 F900
SET_VELOCITY_LIMIT ACCEL=5000 ACCEL_TO_DECEL=2500
;TYPE:Outer wall
;WIDTH:0.4
G1 F10725.302
G3 X192.652 Y143.568 I-.381 J-.875 E.03853
G3 X192.704 Y142.167 I1.183 J-.658 E.04115
G3 X193.696 Y141.731 I.818 J.516 E.03208
G3 X194.384 Y142.421 I-.272 J.96 E.02841
G3 X194.385 Y143.363 I-1.778 J.473 E.02659
G3 X193.891 Y143.941 I-.912 J-.28 E.02184
SET_VELOCITY_LIMIT ACCEL=10000 ACCEL_TO_DECEL=5000
G1 X193.444 Y143.934 F30000
SET_VELOCITY_LIMIT ACCEL=2000 ACCEL_TO_DECEL=1000
;TYPE:Top surface
;WIDTH:0.55315
G1 F7506.001
G1 X192.891 Y143.381 E.03119
G3 X192.836 Y142.605 I.901 J-.453 E.03185
G1 X193.854 Y143.622 E.05738
G2 X194.121 Y143.168 I-.391 J-.537 E.02161
G1 X193.108 Y142.155 E.05714
G3 X193.728 Y142.053 I.392 J.451 E.02636
G1 X194.327 Y142.652 E.03381
; stop printing object flowrate_m6 id:403726925917 copy 0
; printing object flowrate_m7 id:1228360646943 copy 0
SET_VELOCITY_LIMIT ACCEL=10000 ACCEL_TO_DECEL=5000
G1 E-.5 F900
G1 Z.6 F30000
G1 X192.142 Y108.839 Z.6
G1 Z.4
G1 E.5 F900
SET_VELOCITY_LIMIT ACCEL=5000 ACCEL_TO_DECEL=2500
;TYPE:Outer wall
;WIDTH:0.4
G1 F10840.628
G2 X194.039 Y114.053 I9.393 J-.465 E.15553
G1 X191.319 Y114.053 E.0751
G1 X191.319 Y115.161 E.0306
G1 X195.603 Y115.161 E.11829
G1 X195.603 Y114.316 E.02335
G3 X193.354 Y109.433 I6.906 J-6.14 E.1506
G1 X193.297 Y108.839 E.01649
G1 X192.182 Y108.839 E.03079
SET_VELOCITY_LIMIT ACCEL=10000 ACCEL_TO_DECEL=5000
G1 E-.5 F900
G1 Z.6 F30000
G1 X188.397 Y110.64 Z.6
G1 Z.4
G1 E.5 F900
SET_VELOCITY_LIMIT ACCEL=5000 ACCEL_TO_DECEL=2500
G1 F10840.628
G1 X188.397 Y111.78 E.0315
G1 X191.06 Y111.78 E.07354
G1 X191.06 Y110.64 E.0315
G1 X188.437 Y110.64 E.07244
SET_VELOCITY_LIMIT ACCEL=10000 ACCEL_TO_DECEL=5000
G1 E-.5 F900
G1 Z.6 F30000
G1 X210.181 Y106.024 Z.6
G1 Z.4
G1 E.5 F900
;TYPE:Inner wall
G1 F10840.628
G3 X209.958 Y106.043 I-.2 J-1.043 E.00617
G1 X203.958 Y106.043 E.16568
G1 X203.746 Y106.061 E.00587
G1 X180.254 Y106.061 E.6487
G1 X180.042 Y106.043 E.00587
G1 X174.042 Y106.043 E.16568
G3 X172.957 Y104.958 I-.023 J-1.062 E.04733
G1 X172.957 Y89.042 E.4395
G3 X174.042 Y87.957 I1.062 J-.023 E.04733
G1 X209.969 Y87.958 E.99205
G3 X211.043 Y89.042 I.014 J1.06 E.04703
G1 X211.043 Y104.958 E.4395
G3 X210.22 Y106.016 I-1.062 J.023 E.04005
G1 X210.243 Y106.376 F30000
G1 F10840.628
G3 X209.974 Y106.4 I-.261 J-1.394 E.00746
G1 X203.974 Y106.4 E.16568
G1 X203.762 Y106.419 E.00587
G1 X180.238 Y106.419 E.64956
G1 X180.026 Y106.4 E.00587
G1 X174.026 Y106.4 E.16568
G3 X172.6 Y104.974 I-.008 J-1.418 E.06195
G1 X172.6 Y89.026 E.44036
G3 X174.026 Y87.6 I1.418 J-.008 E.06195
G1 X210 Y87.602 E.99334
G3 X211.4 Y89.026 I-.014 J1.415 E.06122
G1 X211.4 Y104.974 E.44036
G3 X210.282 Y106.368 I-1.418 J.008 E.05339
SET_VELOCITY_LIMIT ACCEL=5000 ACCEL_TO_DECEL=2500
G1 X210.312 Y106.77 F30000
;TYPE:Outer wall
G1 F10840.628
G3 X209.991 Y106.8 I-.33 J-1.788 E.00891
G1 X203.991 Y106.8 E.16568
G2 X201.8 Y108.991 I.028 J2.219 E.09473
G1 X201.8 Y114.991 E.16568
G3 X199.991 Y116.8 I-1.818 J-.01 E.07834
G1 X184.009 Y116.8 E.44132
G3 X182.2 Y114.991 I.01 J-1.818 E.07834
G1 X182.2 Y108.991 E.16568
G2 X180.009 Y106.8 I-2.219 J.028 E.09473
G1 X174.009 Y106.8 E.16568
G3 X172.2 Y104.991 I.01 J-1.818 E.07834
G1 X172.2 Y89.009 E.44132
G3 X174.009 Y87.2 I1.818 J.01 E.07834
G1 X210.035 Y87.204 E.99478
G3 X211.8 Y89.009 I-.048 J1.812 E.07712
G1 X211.8 Y104.991 E.44132
G3 X210.351 Y106.762 I-1.818 J-.01 E.06833
SET_VELOCITY_LIMIT ACCEL=10000 ACCEL_TO_DECEL=5000
G1 E-.5 F900
G1 Z.6 F30000
G1 X209.736 Y105.906 Z.6
G1 Z.4
G1 E.5 F900
;TYPE:Sparse infill
G1 F10840.628
G1 X210.745 Y104.897 E.03941
G1 X210.745 Y103.454 E.03984
G1 X208.454 Y105.745 E.08948
G1 X207.011 Y105.745 E.03984
G1 X210.745 Y102.011 E.14582
G1 X210.745 Y100.568 E.03984
G1 X205.568 Y105.745 E.20216
G1 X204.126 Y105.745 E.03984
G1 X210.745 Y99.126 E.25851
G1 X210.745 Y97.683 E.03984
G1 X202.664 Y105.764 E.31557
G1 X201.221 Y105.764 E.03984
G1 X210.745 Y96.24 E.37192
G1 X210.745 Y94.797 E.03984
G1 X199.779 Y105.764 E.42826
G1 X198.336 Y105.764 E.03984
G1 X210.745 Y93.354 E.4846
G1 X210.745 Y91.912 E.03984
G1 X196.893 Y105.764 E.54095
G1 X195.45 Y105.764 E.03984
G1 X210.745 Y90.469 E.59729
G2 X210.743 Y89.028 I-8.231 J-.707 E.03983
G1 X194.007 Y105.764 E.65354
G1 X192.565 Y105.764 E.03984
G1 X210.064 Y88.265 E.68335
G2 X208.63 Y88.255 I-.771 J8.19 E.03963
G1 X191.122 Y105.764 E.68372
G1 X189.679 Y105.764 E.03984
G1 X207.187 Y88.255 E.68372
G1 X205.745 Y88.255 E.03984
G1 X188.236 Y105.764 E.68372
G1 X186.793 Y105.764 E.03984
G1 X204.302 Y88.255 E.68372
G1 X202.859 Y88.255 E.03984
G1 X185.35 Y105.764 E.68372
G1 X183.908 Y105.764 E.03984
G1 X201.416 Y88.255 E.68372
G1 X199.973 Y88.255 E.03984
G1 X182.465 Y105.764 E.68372
G1 X181.022 Y105.764 E.03984
G1 X198.531 Y88.255 E.68373
G1 X197.088 Y88.255 E.03984
G1 X179.598 Y105.745 E.683
G1 X178.155 Y105.745 E.03984
G1 X195.645 Y88.255 E.683
G1 X194.202 Y88.255 E.03984
G1 X176.712 Y105.745 E.68301
G1 X175.269 Y105.745 E.03984
G1 X192.76 Y88.255 E.68301
G1 X191.317 Y88.255 E.03984
G1 X173.849 Y105.723 E.68214
G3 X173.255 Y104.874 I.173 J-.754 E.03135
G1 X189.874 Y88.255 E.649
G1 X188.431 Y88.255 E.03984
G1 X173.255 Y103.432 E.59265
G1 X173.255 Y101.989 E.03984
G1 X186.988 Y88.255 E.53631
G1 X185.546 Y88.255 E.03984
G1 X173.255 Y100.546 E.47997
G1 X173.255 Y99.103 E.03984
G1 X184.103 Y88.255 E.42363
G1 X182.66 Y88.255 E.03984
G1 X173.255 Y97.66 E.36729
G1 X173.255 Y96.217 E.03984
G1 X181.217 Y88.255 E.31095
G1 X179.775 Y88.255 E.03984
G1 X173.255 Y94.775 E.25461
G1 X173.255 Y93.332 E.03984
G1 X178.332 Y88.255 E.19826
G1 X176.889 Y88.255 E.03984
G1 X173.255 Y91.889 E.14192
G1 X173.255 Y90.446 E.03984
G1 X175.446 Y88.255 E.08558
G2 X173.998 Y88.26 I-.696 J8.273 E.04003
G1 X173.094 Y89.164 E.03532
G1 E-.5 F900
G1 Z.6 F30000
G1 X183.506 Y116.619 Z.6
G1 Z.4
G1 E.5 F900
SET_VELOCITY_LIMIT ACCEL=2000 ACCEL_TO_DECEL=1000
;TYPE:Top surface
;WIDTH:0.481271
G1 F8220
G1 X182.848 Y115.961 E.03151
G3 X182.499 Y114.992 I1.161 J-.966 E.03565
G1 X184.008 Y116.501 E.07235
G1 X184.629 Y116.502 E.02105
G1 X182.498 Y114.371 E.10218
G1 X182.498 Y113.751 E.02101
G1 X185.249 Y116.502 E.1319
G1 X185.869 Y116.502 E.02101
G1 X182.498 Y113.131 E.16162
G1 X182.498 Y112.511 E.02101
G1 X186.489 Y116.502 E.19134
G1 X187.109 Y116.502 E.02101
G1 X182.498 Y111.891 E.22106
G1 X182.498 Y111.271 E.02101
G1 X187.729 Y116.502 E.25077
G1 X188.349 Y116.502 E.02101
G1 X182.498 Y110.651 E.28049
G1 X182.498 Y110.031 E.02101
G1 X188.969 Y116.502 E.31021
G1 X189.589 Y116.502 E.02101
G1 X182.498 Y109.411 E.33993
G2 X182.48 Y108.773 I-3.654 J-.217 E.02166
G1 X190.209 Y116.502 E.3705
G1 X190.829 Y116.502 E.02101
G1 X182.242 Y107.916 E.41163
G1 X182.165 Y107.75 E.00619
G2 X181.26 Y106.842 I-2.376 J1.463 E.04385
G1 X181.286 Y106.759 E.00295
G1 X181.706 Y106.759 E.01422
G1 X191.448 Y116.502 E.46706
G1 X192.068 Y116.502 E.02101
G1 X182.325 Y106.759 E.46706
G1 X182.945 Y106.759 E.02101
G1 X191.021 Y114.835 E.38715
G1 X191.021 Y114.215 E.02101
G1 X188.884 Y112.078 E.10244
G1 X189.504 Y112.078 E.02101
G1 X191.181 Y113.755 E.08039
G1 X191.801 Y113.755 E.02101
G1 X190.124 Y112.078 E.08039
G1 X190.744 Y112.078 E.02101
G1 X192.421 Y113.755 E.08039
G1 X193.041 Y113.755 E.02101
G1 X191.358 Y112.072 E.08068
G1 X191.358 Y111.452 E.02101
G1 X193.735 Y113.829 E.11395
SET_VELOCITY_LIMIT ACCEL=10000 ACCEL_TO_DECEL=5000
G1 E-.5 F900
G1 Z.6 F30000
G1 X191.448 Y115.262 Z.6
G1 Z.4
G1 E.5 F900
SET_VELOCITY_LIMIT ACCEL=2000 ACCEL_TO_DECEL=1000
G1 F8220
G1 X192.688 Y116.502 E.05944
G1 X193.308 Y116.502 E.02101
G1 X192.265 Y115.459 E.05001
G1 X192.885 Y115.459 E.02101
G1 X193.928 Y116.502 E.05001
G1 X194.548 Y116.502 E.02101
G1 X193.505 Y115.459 E.05001
G1 X194.125 Y115.459 E.02101
G1 X195.168 Y116.502 E.05001
G1 X195.788 Y116.502 E.02101
G1 X194.745 Y115.459 E.05001
G1 X195.365 Y115.459 E.02101
G1 X196.408 Y116.502 E.05001
G1 X197.028 Y116.502 E.02101
G1 X195.901 Y115.375 E.05402
G1 X195.901 Y114.755 E.02101
G1 X197.648 Y116.502 E.08374
G1 X198.268 Y116.502 E.02101
G1 X195.534 Y113.769 E.13103
G3 X194.483 Y112.098 I6.708 J-5.386 E.06708
G1 X198.888 Y116.502 E.21115
G1 X199.507 Y116.502 E.02101
G1 X194.033 Y111.028 E.26243
G3 X193.778 Y110.153 I7.689 J-2.719 E.03093
G1 X200.115 Y116.49 E.30382
G2 X200.61 Y116.365 I-.117 J-1.5 E.01738
M73 P31 R23
G1 X193.432 Y109.187 E.34409
SET_VELOCITY_LIMIT ACCEL=10000 ACCEL_TO_DECEL=5000
G1 E-.5 F900
G1 Z.6 F30000
G1 X188.296 Y111.49 Z.6
G1 Z.4
G1 E.5 F900
SET_VELOCITY_LIMIT ACCEL=2000 ACCEL_TO_DECEL=1000
G1 F8220
G1 X183.565 Y106.759 E.22677
G1 X184.185 Y106.759 E.02101
G1 X188.099 Y110.673 E.18762
G1 X188.099 Y110.342 E.01123
G1 X188.388 Y110.342 E.00979
G1 X184.805 Y106.759 E.17175
G1 X185.425 Y106.759 E.02101
G1 X189.008 Y110.342 E.17175
G1 X189.628 Y110.342 E.02101
G1 X186.045 Y106.759 E.17175
G1 X186.665 Y106.759 E.02101
G1 X190.444 Y110.539 E.18117
SET_VELOCITY_LIMIT ACCEL=10000 ACCEL_TO_DECEL=5000
G1 E-.5 F900
G1 Z.6 F30000
G1 X192.926 Y112.4 Z.6
G1 Z.4
G1 E.5 F900
SET_VELOCITY_LIMIT ACCEL=2000 ACCEL_TO_DECEL=1000
G1 F8220
G1 X191.358 Y110.832 E.07515
G1 X191.358 Y110.342 E.01663
G1 X190.867 Y110.342 E.01663
G1 X187.285 Y106.759 E.17175
G1 X187.905 Y106.759 E.02101
G1 X192.213 Y111.067 E.20653
G3 X192.008 Y110.242 I9.198 J-2.724 E.02883
G1 X188.525 Y106.759 E.16698
G1 X189.145 Y106.759 E.02101
G1 X191.896 Y109.51 E.13188
G1 X191.843 Y108.838 E.02287
G1 X189.765 Y106.759 E.09964
G1 X190.384 Y106.759 E.02101
G1 X192.166 Y108.541 E.08542
G1 X192.786 Y108.541 E.02101
G1 X191.004 Y106.759 E.08542
G1 X191.624 Y106.759 E.02101
G1 X200.989 Y116.124 E.44895
G2 X201.273 Y115.788 I-.812 J-.972 E.01499
G1 X192.244 Y106.759 E.43282
G1 X192.864 Y106.759 E.02101
G1 X201.454 Y115.349 E.41178
G2 X201.502 Y114.777 I-2.353 J-.487 E.01949
G1 X193.484 Y106.759 E.38438
G1 X194.104 Y106.759 E.02101
G1 X201.502 Y114.157 E.35466
G1 X201.502 Y113.538 E.02101
G1 X194.724 Y106.759 E.32494
G1 X195.344 Y106.759 E.02101
G1 X201.502 Y112.918 E.29522
G1 X201.502 Y112.298 E.02101
G1 X195.964 Y106.759 E.2655
G1 X196.584 Y106.759 E.02101
G1 X201.502 Y111.678 E.23579
G1 X201.502 Y111.058 E.02101
G1 X197.204 Y106.759 E.20607
G1 X197.824 Y106.759 E.02101
G1 X201.502 Y110.438 E.17635
G1 X201.502 Y109.818 E.02101
G1 X198.443 Y106.759 E.14663
G1 X199.063 Y106.759 E.02101
G1 X201.502 Y109.198 E.11691
G3 X201.534 Y108.61 I3.375 J-.11 E.01998
G1 X199.683 Y106.759 E.08874
G1 X200.303 Y106.759 E.02101
G1 X201.663 Y108.119 E.06519
G1 X201.868 Y107.704 E.01569
G1 X200.923 Y106.759 E.04528
G1 X201.543 Y106.759 E.02101
G1 X202.131 Y107.347 E.02819
G1 X202.449 Y107.046 E.01486
G1 X201.966 Y106.563 E.02316
; stop printing object flowrate_m7 id:1228360646943 copy 0
; printing object flowrate_m8 id:1344324764009 copy 0
SET_VELOCITY_LIMIT ACCEL=10000 ACCEL_TO_DECEL=5000
G1 E-.5 F900
G1 Z.6 F30000
G1 X149.054 Y111.742 Z.6
G1 Z.4
G1 E.5 F900
SET_VELOCITY_LIMIT ACCEL=5000 ACCEL_TO_DECEL=2500
;TYPE:Outer wall
;WIDTH:0.4
G1 F10958.461
G1 X149.054 Y110.816 E.02528
G1 X149.26 Y110.809 E.00564
G2 X149.796 Y112.049 I1.648 J.024 E.03803
G1 X150.094 Y112.287 E.01041
G2 X149.536 Y113.82 I.865 J1.183 E.04728
G2 X149.809 Y114.458 I1.357 J-.202 E.01916
G1 X150.031 Y114.727 E.00952
G2 X151.42 Y115.225 I1.361 J-1.608 E.0412
G2 X152.343 Y115.034 I-.05 J-2.562 E.0259
G2 X152.822 Y114.716 I-1.456 J-2.713 E.01571
G2 X153.286 Y113.975 I-1.545 J-1.483 E.02406
G2 X153.22 Y112.813 I-1.579 J-.493 E.03249
G2 X152.765 Y112.279 I-1.376 J.71 E.01933
G2 X153.284 Y111.791 I-1.691 J-2.317 E.01949
G2 X153.565 Y110.32 I-1.619 J-1.072 E.04201
G2 X153.257 Y109.586 I-1.573 J.23 E.02197
G1 X153.003 Y109.275 E.01097
G2 X152.063 Y108.769 I-1.616 J1.879 E.0294
G2 X151.218 Y108.715 I-.629 J3.218 E.02319
G2 X150.211 Y109.025 I.046 J1.945 E.02913
G1 X149.861 Y109.277 E.01179
G2 X149.339 Y110.139 I1.64 J1.582 E.02774
G2 X149.256 Y110.717 I3.067 J.735 E.01599
G1 X149.054 Y110.706 E.00554
G1 X149.054 Y110.601 E.00288
G1 X146.391 Y110.601 E.07275
G1 X146.391 Y111.742 E.03116
G1 X149.014 Y111.742 E.07166
SET_VELOCITY_LIMIT ACCEL=10000 ACCEL_TO_DECEL=5000
G1 E-.5 F900
G1 Z.6 F30000
G1 X168.181 Y106.024 Z.6
G1 Z.4
G1 E.5 F900
;TYPE:Inner wall
G1 F10958.461
G3 X167.958 Y106.043 I-.2 J-1.043 E.00611
G1 X161.958 Y106.043 E.1639
G1 X161.746 Y106.061 E.00581
G1 X138.254 Y106.061 E.64172
G1 X138.042 Y106.043 E.00581
G1 X132.042 Y106.043 E.1639
G3 X130.957 Y104.958 I-.023 J-1.062 E.04682
G1 X130.957 Y89.042 E.43477
G3 X132.042 Y87.957 I1.062 J-.023 E.04682
G1 X167.969 Y87.958 E.98138
G3 X169.043 Y89.042 I.014 J1.06 E.04653
G1 X169.043 Y104.958 E.43477
G3 X168.22 Y106.016 I-1.062 J.023 E.03962
G1 X168.243 Y106.376 F30000
G1 F10958.461
G3 X167.974 Y106.4 I-.261 J-1.394 E.00738
G1 X161.974 Y106.4 E.1639
G1 X161.762 Y106.419 E.00581
G1 X138.238 Y106.419 E.64258
G1 X138.026 Y106.4 E.00581
G1 X132.026 Y106.4 E.1639
G3 X130.6 Y104.974 I-.008 J-1.418 E.06129
G1 X130.6 Y89.026 E.43563
G3 X132.026 Y87.6 I1.418 J-.008 E.06129
G1 X168 Y87.602 E.98266
G3 X169.4 Y89.026 I-.014 J1.415 E.06056
G1 X169.4 Y104.974 E.43562
G3 X168.282 Y106.368 I-1.418 J.008 E.05281
SET_VELOCITY_LIMIT ACCEL=5000 ACCEL_TO_DECEL=2500
G1 X168.312 Y106.77 F30000
;TYPE:Outer wall
G1 F10958.461
G3 X167.991 Y106.8 I-.33 J-1.788 E.00881
G1 X161.991 Y106.8 E.1639
G2 X159.8 Y108.991 I.028 J2.219 E.09371
G1 X159.8 Y114.991 E.1639
G3 X157.991 Y116.8 I-1.818 J-.01 E.0775
G1 X142.009 Y116.8 E.43658
G3 X140.2 Y114.991 I.01 J-1.818 E.0775
G1 X140.2 Y108.991 E.1639
G2 X138.009 Y106.8 I-2.219 J.028 E.09371
G1 X132.009 Y106.8 E.1639
G3 X130.2 Y104.991 I.01 J-1.818 E.0775
G1 X130.2 Y89.009 E.43658
G3 X132.009 Y87.2 I1.813 J.004 E.07756
G1 X168.035 Y87.204 E.98408
G3 X169.8 Y89.009 I-.048 J1.812 E.07629
G1 X169.8 Y104.991 E.43658
G3 X168.351 Y106.762 I-1.818 J-.01 E.06759
SET_VELOCITY_LIMIT ACCEL=10000 ACCEL_TO_DECEL=5000
G1 E-.5 F900
G1 Z.6 F30000
G1 X167.736 Y105.906 Z.6
G1 Z.4
G1 E.5 F900
;TYPE:Sparse infill
G1 F10958.461
G1 X168.745 Y104.897 E.03899
G1 X168.745 Y103.454 E.03941
G1 X166.454 Y105.745 E.08852
G1 X165.011 Y105.745 E.03941
G1 X168.745 Y102.011 E.14425
G1 X168.745 Y100.568 E.03941
G1 X163.568 Y105.745 E.19999
G1 X162.126 Y105.745 E.03941
G1 X168.745 Y99.126 E.25573
G1 X168.745 Y97.683 E.03941
G1 X160.664 Y105.764 E.31218
G1 X159.221 Y105.764 E.03941
G1 X168.745 Y96.24 E.36792
G1 X168.745 Y94.797 E.03941
G1 X157.779 Y105.764 E.42365
G1 X156.336 Y105.764 E.03941
G1 X168.745 Y93.354 E.47939
G1 X168.745 Y91.912 E.03941
G1 X154.893 Y105.764 E.53513
G1 X153.45 Y105.764 E.03941
G1 X168.745 Y90.469 E.59087
G2 X168.743 Y89.028 I-8.231 J-.707 E.0394
G1 X152.007 Y105.764 E.64651
G1 X150.565 Y105.764 E.03941
G1 X168.064 Y88.265 E.676
G2 X166.63 Y88.255 I-.771 J8.19 E.0392
G1 X149.122 Y105.764 E.67636
G1 X147.679 Y105.764 E.03941
G1 X165.187 Y88.255 E.67637
G1 X163.745 Y88.255 E.03941
G1 X146.236 Y105.764 E.67637
G1 X144.793 Y105.764 E.03941
G1 X162.302 Y88.255 E.67637
G1 X160.859 Y88.255 E.03941
G1 X143.35 Y105.764 E.67637
G1 X141.908 Y105.764 E.03941
G1 X159.416 Y88.255 E.67637
G1 X157.973 Y88.255 E.03941
G1 X140.465 Y105.764 E.67637
G1 X139.022 Y105.764 E.03941
G1 X156.531 Y88.255 E.67637
G1 X155.088 Y88.255 E.03941
G1 X137.598 Y105.745 E.67566
G1 X136.155 Y105.745 E.03941
G1 X153.645 Y88.255 E.67566
G1 X152.202 Y88.255 E.03941
G1 X134.712 Y105.745 E.67566
G1 X133.269 Y105.745 E.03941
G1 X150.76 Y88.255 E.67566
G1 X149.317 Y88.255 E.03941
G1 X131.849 Y105.723 E.67481
G3 X131.255 Y104.874 I.173 J-.754 E.03101
G1 X147.874 Y88.255 E.64202
G1 X146.431 Y88.255 E.03941
G1 X131.255 Y103.432 E.58628
G1 X131.255 Y101.989 E.03941
G1 X144.988 Y88.255 E.53055
G1 X143.546 Y88.255 E.03941
G1 X131.255 Y100.546 E.47481
G1 X131.255 Y99.103 E.03941
G1 X142.103 Y88.255 E.41908
G1 X140.66 Y88.255 E.03941
G1 X131.255 Y97.66 E.36334
G1 X131.255 Y96.217 E.03941
G1 X139.217 Y88.255 E.3076
G1 X137.775 Y88.255 E.03941
G1 X131.255 Y94.775 E.25187
G1 X131.255 Y93.332 E.03941
G1 X136.332 Y88.255 E.19613
G1 X134.889 Y88.255 E.03941
G1 X131.255 Y91.889 E.1404
G1 X131.255 Y90.446 E.03941
G1 X133.446 Y88.255 E.08466
G2 X131.998 Y88.26 I-.696 J8.275 E.0396
G1 X131.094 Y89.164 E.03494
G1 E-.5 F900
G1 Z.6 F30000
G1 X141.506 Y116.619 Z.6
G1 Z.4
G1 E.5 F900
SET_VELOCITY_LIMIT ACCEL=2000 ACCEL_TO_DECEL=1000
;TYPE:Top surface
;WIDTH:0.481271
G1 F8220
G1 X140.848 Y115.961 E.03118
G3 X140.499 Y114.992 I1.161 J-.966 E.03526
G1 X142.008 Y116.501 E.07157
G1 X142.629 Y116.502 E.02083
G1 X140.498 Y114.371 E.10108
G1 X140.498 Y113.751 E.02079
G1 X143.249 Y116.502 E.13048
G1 X143.869 Y116.502 E.02079
G1 X140.498 Y113.131 E.15988
G1 X140.498 Y112.511 E.02079
G1 X144.489 Y116.502 E.18928
G1 X145.109 Y116.502 E.02079
G1 X140.498 Y111.891 E.21868
G1 X140.498 Y111.271 E.02079
G1 X145.729 Y116.502 E.24808
G1 X146.349 Y116.502 E.02079
G1 X140.498 Y110.651 E.27748
G1 X140.498 Y110.031 E.02079
G1 X146.969 Y116.502 E.30687
G1 X147.589 Y116.502 E.02079
G1 X140.498 Y109.411 E.33627
G2 X140.48 Y108.773 I-3.654 J-.217 E.02142
G1 X148.209 Y116.502 E.36652
G1 X148.829 Y116.502 E.02079
G1 X140.242 Y107.916 E.4072
G1 X140.165 Y107.75 E.00612
G2 X139.26 Y106.842 I-2.376 J1.464 E.04337
G1 X139.286 Y106.759 E.00292
G1 X139.706 Y106.759 E.01407
G1 X149.448 Y116.502 E.46204
G1 X150.068 Y116.502 E.02079
G1 X140.325 Y106.759 E.46204
G1 X140.945 Y106.759 E.02079
G1 X150.688 Y116.502 E.46204
G1 X151.308 Y116.502 E.02079
G1 X146.845 Y112.039 E.21164
G1 X147.465 Y112.039 E.02079
G1 X149.235 Y113.809 E.08391
G2 X149.57 Y114.637 I1.705 J-.208 E.03032
G1 X149.827 Y114.947 E.0135
G2 X150.802 Y115.456 I1.644 J-1.964 E.03717
G1 X150.898 Y115.472 E.00323
G1 X151.928 Y116.502 E.04887
G1 X152.548 Y116.502 E.02079
G1 X151.558 Y115.513 E.04693
G2 X152.103 Y115.437 I-.113 J-2.828 E.01847
G1 X153.168 Y116.502 E.0505
G1 X153.788 Y116.502 E.02079
G1 X152.546 Y115.261 E.05888
G2 X152.918 Y115.013 I-1.136 J-2.111 E.01501
G1 X154.408 Y116.502 E.07063
G1 X155.028 Y116.502 E.02079
G1 X153.224 Y114.698 E.08555
G2 X153.469 Y114.324 I-1.508 J-1.255 E.01505
G1 X155.648 Y116.502 E.10331
G1 X156.268 Y116.502 E.02079
G1 X153.617 Y113.852 E.12568
G1 X153.664 Y113.467 E.013
G1 X153.648 Y113.262 E.0069
G1 X156.888 Y116.502 E.15365
G1 X157.507 Y116.502 E.02079
G1 X153.257 Y112.252 E.20156
G2 X153.55 Y111.925 I-2.069 J-2.146 E.01474
G1 X158.115 Y116.49 E.2165
G2 X158.61 Y116.365 I-.117 J-1.5 E.01719
G1 X153.758 Y111.513 E.23008
G2 X153.885 Y111.02 I-2.157 J-.817 E.01711
G1 X158.989 Y116.124 E.24207
G2 X159.273 Y115.788 I-.812 J-.972 E.01483
G1 X153.632 Y110.147 E.2675
SET_VELOCITY_LIMIT ACCEL=10000 ACCEL_TO_DECEL=5000
G1 E-.5 F900
G1 Z.6 F30000
G1 X149.404 Y113.358 Z.6
G1 Z.4
G1 E.5 F900
SET_VELOCITY_LIMIT ACCEL=2000 ACCEL_TO_DECEL=1000
G1 F8220
G1 X148.085 Y112.039 E.06255
G1 X148.705 Y112.039 E.02079
M73 P31 R22
G1 X149.368 Y112.702 E.03142
G3 X149.614 Y112.328 I1.542 J.748 E.01505
G1 X149.128 Y111.843 E.02302
SET_VELOCITY_LIMIT ACCEL=10000 ACCEL_TO_DECEL=5000
G1 E-.5 F900
G1 Z.6 F30000
G1 X146.29 Y111.484 Z.6
G1 Z.4
G1 E.5 F900
SET_VELOCITY_LIMIT ACCEL=2000 ACCEL_TO_DECEL=1000
G1 F8220
G1 X141.565 Y106.759 E.22404
G1 X142.185 Y106.759 E.02079
G1 X146.093 Y110.667 E.18532
G1 X146.093 Y110.303 E.0122
G1 X146.349 Y110.303 E.00858
G1 X142.805 Y106.759 E.16806
G1 X143.425 Y106.759 E.02079
G1 X146.969 Y110.303 E.16806
G1 X147.589 Y110.303 E.02079
G1 X144.045 Y106.759 E.16806
G1 X144.665 Y106.759 E.02079
G1 X148.209 Y110.303 E.16806
G1 X148.829 Y110.303 E.02079
G1 X145.285 Y106.759 E.16806
G1 X145.905 Y106.759 E.02079
G1 X149.09 Y109.945 E.15105
G3 X149.293 Y109.528 I1.745 J.592 E.01559
G1 X146.525 Y106.759 E.13128
G1 X147.145 Y106.759 E.02079
G1 X149.561 Y109.175 E.11458
G1 X149.654 Y109.059 E.005
G1 X149.893 Y108.887 E.00985
G1 X147.765 Y106.759 E.10092
G1 X148.384 Y106.759 E.02079
G1 X150.271 Y108.646 E.08946
G3 X150.726 Y108.481 I.823 J1.57 E.01629
G1 X149.004 Y106.759 E.08167
G1 X149.624 Y106.759 E.02079
G1 X151.277 Y108.411 E.07835
G1 X151.432 Y108.398 E.00524
G3 X151.929 Y108.444 I-.021 J2.934 E.01674
G1 X150.244 Y106.759 E.07989
G1 X150.864 Y106.759 E.02079
G1 X159.454 Y115.349 E.40735
G2 X159.502 Y114.777 I-2.353 J-.487 E.01928
G1 X151.484 Y106.759 E.38025
G1 X152.104 Y106.759 E.02079
G1 X159.502 Y114.158 E.35085
G1 X159.502 Y113.538 E.02079
M73 P32 R22
G1 X152.724 Y106.759 E.32145
G1 X153.344 Y106.759 E.02079
G1 X159.502 Y112.918 E.29205
G1 X159.502 Y112.298 E.02079
G1 X153.964 Y106.759 E.26265
G1 X154.584 Y106.759 E.02079
G1 X159.502 Y111.678 E.23325
G1 X159.502 Y111.058 E.02079
G1 X155.204 Y106.759 E.20385
G1 X155.823 Y106.759 E.02079
G1 X159.502 Y110.438 E.17446
G1 X159.502 Y109.818 E.02079
G1 X156.443 Y106.759 E.14506
G1 X157.063 Y106.759 E.02079
G1 X159.502 Y109.198 E.11566
G3 X159.534 Y108.61 I3.375 J-.11 E.01976
G1 X157.683 Y106.759 E.08779
G1 X158.303 Y106.759 E.02079
G1 X159.663 Y108.119 E.06449
G1 X159.868 Y107.704 E.01553
G1 X158.923 Y106.759 E.04479
G1 X159.543 Y106.759 E.02079
G1 X160.131 Y107.347 E.02789
G1 X160.449 Y107.046 E.0147
G1 X159.966 Y106.563 E.02291
SET_VELOCITY_LIMIT ACCEL=10000 ACCEL_TO_DECEL=5000
G1 E-.5 F900
G1 Z.6 F30000
G1 X152.165 Y109.993 Z.6
G1 Z.4
G1 E.5 F900
SET_VELOCITY_LIMIT ACCEL=5000 ACCEL_TO_DECEL=2500
;TYPE:Outer wall
;WIDTH:0.4
G1 F10958.461
G3 X152.433 Y110.917 I-.686 J.701 E.02748
G3 X151.416 Y111.733 I-.996 J-.199 E.03868
G3 X150.424 Y110.597 I-.012 J-.991 E.04684
G3 X151.542 Y109.714 I.991 J.106 E.04335
G3 X152.136 Y109.965 I-.064 J.979 E.01794
SET_VELOCITY_LIMIT ACCEL=10000 ACCEL_TO_DECEL=5000
G1 E-.5 F900
G1 Z.6 F30000
G1 X150.525 Y110.825 Z.6
G1 Z.4
G1 E.5 F900
SET_VELOCITY_LIMIT ACCEL=2000 ACCEL_TO_DECEL=1000
;TYPE:Top surface
;WIDTH:0.521798
G1 F8171.274
G1 X151.025 Y111.325 E.02591
G2 X151.744 Y111.366 I.401 J-.696 E.02734
G1 X150.783 Y110.405 E.04981
G3 X151.123 Y110.068 I.607 J.274 E.01794
G1 X152.086 Y111.031 E.04989
G2 X152.047 Y110.315 I-.718 J-.32 E.0273
G1 X151.549 Y109.817 E.02579
SET_VELOCITY_LIMIT ACCEL=10000 ACCEL_TO_DECEL=5000
G1 E-.5 F900
G1 Z.6 F30000
G1 X150.87 Y112.954 Z.6
G1 Z.4
G1 E.5 F900
SET_VELOCITY_LIMIT ACCEL=5000 ACCEL_TO_DECEL=2500
;TYPE:Outer wall
;WIDTH:0.4
G1 F10958.461
G3 X151.436 Y112.737 I.525 J.523 E.01707
G1 X151.597 Y112.752 E.00441
G3 X151.428 Y114.218 I-.132 J.727 E.06082
G3 X150.842 Y112.983 I-.033 J-.741 E.04748
SET_VELOCITY_LIMIT ACCEL=10000 ACCEL_TO_DECEL=5000
G1 E-.5 F900
G1 Z.6 F30000
G1 X151.419 Y114.115 Z.6
G1 Z.4
G1 E.5 F900
SET_VELOCITY_LIMIT ACCEL=2000 ACCEL_TO_DECEL=1000
;TYPE:Top surface
;WIDTH:0.503611
G1 F8220
G1 X151.016 Y113.713 E.02007
G3 X151.101 Y113.146 I.421 J-.226 E.02163
G1 X151.755 Y113.8 E.03257
G2 X151.838 Y113.232 I-.328 J-.338 E.02175
G1 X151.446 Y112.84 E.01956
; stop printing object flowrate_m8 id:1344324764009 copy 0
; printing object flowrate_m5 id:0 copy 0
SET_VELOCITY_LIMIT ACCEL=10000 ACCEL_TO_DECEL=5000
G1 E-.5 F900
G1 Z.6 F30000
G1 X149.343 Y143.706 Z.6
G1 Z.4
G1 E.5 F900
SET_VELOCITY_LIMIT ACCEL=5000 ACCEL_TO_DECEL=2500
;TYPE:Outer wall
;WIDTH:0.4
G1 F10612.404
G1 X149.994 Y147.159 E.09911
G1 X153.343 Y147.159 E.09448
G1 X153.343 Y146.055 E.03114
G1 X150.913 Y146.055 E.06855
G1 X150.706 Y145.024 E.02966
G2 X152.71 Y144.869 I.863 J-1.869 E.05922
G1 X153.03 Y144.616 E.0115
G2 X153.548 Y143.699 I-1.794 J-1.619 E.02996
G2 X153.107 Y141.539 I-2.447 J-.625 E.06434
G2 X152.336 Y140.931 I-2.087 J1.853 E.02784
G2 X151.379 Y140.738 I-1.045 J2.711 E.02767
G1 X151.177 Y140.754 E.0057
G2 X150.239 Y141.024 I.044 J1.919 E.02784
G1 X149.906 Y141.245 E.01128
G2 X149.372 Y142.039 I1.765 J1.765 E.02715
G2 X149.231 Y142.676 I3.667 J1.14 E.01844
G1 X149.038 Y142.658 E.00549
G1 X149.038 Y142.642 E.00045
G1 X146.374 Y142.642 E.07512
G1 X146.374 Y143.783 E.03218
G1 X149.038 Y143.783 E.07512
G1 X149.038 Y142.779 E.02832
G1 X150.38 Y142.892 E.03799
G3 X150.633 Y142.131 I1.802 J.176 E.02282
G3 X151.962 Y141.939 I.758 J.553 E.0422
G3 X152.443 Y143.01 I-.826 J1.015 E.03434
G3 X152.144 Y143.864 I-1.309 J.021 E.02608
G3 X150.359 Y143.574 I-.778 J-.851 E.05863
G1 X149.382 Y143.701 E.02779
SET_VELOCITY_LIMIT ACCEL=10000 ACCEL_TO_DECEL=5000
G1 E-.5 F900
G1 Z.6 F30000
G1 X168.181 Y138.024 Z.6
G1 Z.4
G1 E.5 F900
;TYPE:Inner wall
G1 F10612.404
G3 X167.958 Y138.043 I-.2 J-1.043 E.00631
G1 X161.958 Y138.043 E.16924
G1 X161.746 Y138.061 E.006
G1 X138.254 Y138.061 E.66265
G1 X138.042 Y138.043 E.006
G1 X132.042 Y138.043 E.16924
G3 X130.957 Y136.958 I-.023 J-1.062 E.04835
G1 X130.957 Y121.042 E.44895
G3 X132.042 Y119.957 I1.062 J-.023 E.04835
G1 X167.969 Y119.958 E1.01338
G3 X169.043 Y121.042 I.014 J1.06 E.04804
G1 X169.043 Y136.958 E.44895
G3 X168.22 Y138.016 I-1.062 J.023 E.04091
G1 X168.243 Y138.376 F30000
G1 F10612.404
G3 X167.974 Y138.4 I-.261 J-1.394 E.00762
G1 X161.974 Y138.4 E.16924
G1 X161.762 Y138.419 E.006
G1 X138.238 Y138.419 E.66353
G1 X138.026 Y138.4 E.006
G1 X132.026 Y138.4 E.16924
G3 X130.6 Y136.974 I-.008 J-1.418 E.06329
G1 X130.6 Y121.026 E.44983
G3 X132.026 Y119.6 I1.418 J-.008 E.06328
G1 X168 Y119.602 E1.0147
G3 X169.4 Y121.026 I-.014 J1.415 E.06254
G1 X169.4 Y136.974 E.44983
G3 X168.282 Y138.368 I-1.418 J.008 E.05454
SET_VELOCITY_LIMIT ACCEL=5000 ACCEL_TO_DECEL=2500
G1 X168.312 Y138.77 F30000
;TYPE:Outer wall
G1 F10612.404
G3 X167.991 Y138.8 I-.33 J-1.788 E.0091
G1 X161.991 Y138.8 E.16924
G2 X159.8 Y140.991 I.028 J2.219 E.09676
G1 X159.8 Y146.991 E.16924
G3 X157.991 Y148.8 I-1.818 J-.01 E.08002
G1 X142.009 Y148.8 E.45081
G3 X140.2 Y146.991 I.01 J-1.818 E.08002
G1 X140.2 Y140.991 E.16924
G2 X138.009 Y138.8 I-2.219 J.028 E.09676
G1 X132.009 Y138.8 E.16924
G3 X130.2 Y136.991 I.01 J-1.818 E.08002
G1 X130.2 Y121.009 E.45082
G3 X132.009 Y119.2 I1.818 J.01 E.08002
G1 X168.035 Y119.204 E1.01617
G3 X169.8 Y121.009 I-.048 J1.812 E.07878
G1 X169.8 Y136.991 E.45081
G3 X168.351 Y138.762 I-1.818 J-.01 E.0698
SET_VELOCITY_LIMIT ACCEL=10000 ACCEL_TO_DECEL=5000
G1 E-.5 F900
G1 Z.6 F30000
G1 X167.736 Y137.906 Z.6
G1 Z.4
G1 E.5 F900
;TYPE:Sparse infill
G1 F10612.404
G1 X168.745 Y136.897 E.04026
G1 X168.745 Y135.454 E.0407
G1 X166.454 Y137.745 E.0914
G1 X165.011 Y137.745 E.0407
G1 X168.745 Y134.011 E.14896
G1 X168.745 Y132.568 E.0407
G1 X163.568 Y137.745 E.20651
G1 X162.126 Y137.745 E.0407
G1 X168.745 Y131.126 E.26407
G1 X168.745 Y129.683 E.0407
G1 X160.664 Y137.764 E.32236
G1 X159.221 Y137.764 E.0407
G1 X168.745 Y128.24 E.37991
G1 X168.745 Y126.797 E.0407
G1 X157.779 Y137.764 E.43747
G1 X156.336 Y137.764 E.0407
G1 X168.745 Y125.354 E.49502
G1 X168.745 Y123.912 E.0407
G1 X154.893 Y137.764 E.55258
G1 X153.45 Y137.764 E.0407
G1 X168.745 Y122.469 E.61013
G2 X168.743 Y121.028 I-8.234 J-.707 E.04068
G1 X152.007 Y137.764 E.66759
G1 X150.565 Y137.764 E.0407
G1 X168.064 Y120.265 E.69804
G2 X166.63 Y120.255 I-.771 J8.19 E.04048
G1 X149.122 Y137.764 E.69842
G1 X147.679 Y137.764 E.0407
G1 X165.187 Y120.255 E.69842
G1 X163.745 Y120.255 E.0407
G1 X146.236 Y137.764 E.69842
G1 X144.793 Y137.764 E.0407
G1 X162.302 Y120.255 E.69842
G1 X160.859 Y120.255 E.0407
G1 X143.35 Y137.764 E.69842
G1 X141.908 Y137.764 E.0407
G1 X159.416 Y120.255 E.69843
G1 X157.973 Y120.255 E.0407
G1 X140.465 Y137.764 E.69843
G1 X139.022 Y137.764 E.0407
G1 X156.531 Y120.255 E.69843
G1 X155.088 Y120.255 E.0407
G1 X137.598 Y137.745 E.69769
G1 X136.155 Y137.745 E.0407
G1 X153.645 Y120.255 E.69769
G1 X152.202 Y120.255 E.0407
G1 X134.712 Y137.745 E.69769
G1 X133.269 Y137.745 E.0407
G1 X150.76 Y120.255 E.6977
G1 X149.317 Y120.255 E.0407
G1 X131.849 Y137.723 E.69681
G3 X131.255 Y136.874 I.173 J-.754 E.03202
G1 X147.874 Y120.255 E.66295
G1 X146.431 Y120.255 E.0407
G1 X131.255 Y135.432 E.6054
G1 X131.255 Y133.989 E.0407
G1 X144.988 Y120.255 E.54785
G1 X143.546 Y120.255 E.0407
G1 X131.255 Y132.546 E.49029
G1 X131.255 Y131.103 E.0407
G1 X142.103 Y120.255 E.43274
G1 X140.66 Y120.255 E.0407
G1 X131.255 Y129.66 E.37519
G1 X131.255 Y128.217 E.0407
G1 X139.217 Y120.255 E.31763
G1 X137.775 Y120.255 E.0407
G1 X131.255 Y126.775 E.26008
G1 X131.255 Y125.332 E.0407
G1 X136.332 Y120.255 E.20253
G1 X134.889 Y120.255 E.0407
G1 X131.255 Y123.889 E.14498
G1 X131.255 Y122.446 E.0407
G1 X133.446 Y120.255 E.08742
G2 X131.998 Y120.26 I-.696 J8.274 E.04089
G1 X131.094 Y121.164 E.03608
G1 E-.5 F900
G1 Z.6 F30000
G1 X140.381 Y147.494 Z.6
G1 Z.4
G1 E.5 F900
SET_VELOCITY_LIMIT ACCEL=2000 ACCEL_TO_DECEL=1000
;TYPE:Top surface
;WIDTH:0.481271
G1 F8220
G1 X141.039 Y148.152 E.03219
G2 X142.008 Y148.501 I.966 J-1.161 E.03641
G1 X140.499 Y146.992 E.07391
G1 X140.498 Y146.371 E.02151
G1 X142.629 Y148.502 E.10438
G1 X143.249 Y148.502 E.02147
G1 X140.498 Y145.751 E.13474
G1 X140.498 Y145.131 E.02147
G1 X143.869 Y148.502 E.16509
G1 X144.489 Y148.502 E.02147
G1 X140.498 Y144.511 E.19545
G1 X140.498 Y143.891 E.02147
G1 X145.109 Y148.502 E.22581
G1 X145.729 Y148.502 E.02147
G1 X140.498 Y143.271 E.25617
G1 X140.498 Y142.651 E.02147
G1 X146.349 Y148.502 E.28652
G1 X146.969 Y148.502 E.02147
G1 X140.498 Y142.031 E.31688
G1 X140.498 Y141.411 E.02147
G1 X147.589 Y148.502 E.34724
G1 X148.209 Y148.502 E.02147
G1 X140.48 Y140.773 E.37847
G1 X140.462 Y140.566 E.00721
G1 X140.349 Y140.145 E.01509
G1 X140.242 Y139.916 E.00877
G1 X148.829 Y148.502 E.42048
G1 X149.448 Y148.502 E.02147
G1 X139.706 Y138.759 E.47711
G1 X140.325 Y138.759 E.02147
G1 X150.068 Y148.502 E.47711
G1 X150.688 Y148.502 E.02147
G1 X140.945 Y138.759 E.47711
G1 X141.565 Y138.759 E.02147
G1 X146.077 Y143.271 E.22091
G1 X146.077 Y142.651 E.02147
G1 X142.185 Y138.759 E.19056
G1 X142.805 Y138.759 E.02147
G1 X146.39 Y142.344 E.17554
G1 X147.01 Y142.344 E.02147
G1 X143.425 Y138.759 E.17554
G1 X144.045 Y138.759 E.02147
G1 X147.63 Y142.344 E.17554
G1 X148.25 Y142.344 E.02147
G1 X144.665 Y138.759 E.17554
G1 X145.285 Y138.759 E.02147
G1 X148.87 Y142.344 E.17554
G1 X148.992 Y142.344 E.00426
G3 X149.089 Y141.943 I2.395 J.365 E.01428
G1 X145.905 Y138.759 E.15593
G1 X146.525 Y138.759 E.02147
G1 X149.291 Y141.526 E.13547
G3 X149.566 Y141.181 I2.046 J1.352 E.01529
G1 X147.145 Y138.759 E.11859
G1 X147.765 Y138.759 E.02147
G1 X149.898 Y140.893 E.10447
G3 X150.285 Y140.659 I1.504 J2.057 E.01566
G1 X148.384 Y138.759 E.09305
G1 X149.004 Y138.759 E.02147
G1 X150.751 Y140.506 E.08553
G3 X151.31 Y140.444 I.852 J5.175 E.01946
G1 X149.428 Y138.563 E.09216
SET_VELOCITY_LIMIT ACCEL=10000 ACCEL_TO_DECEL=5000
G1 E-.5 F900
G1 Z.6 F30000
G1 X149.44 Y142.914 Z.6
G1 Z.4
G1 E.5 F900
SET_VELOCITY_LIMIT ACCEL=2000 ACCEL_TO_DECEL=1000
G1 F8220
G1 X149.864 Y143.338 E.02076
G1 X150.412 Y143.267 E.01915
G1 X150.333 Y143.187 E.0039
G1 X150.616 Y143.211 E.00986
G1 X150.68 Y142.914 E.01051
G1 X151.601 Y143.836 E.04513
G2 X151.974 Y143.589 I-.089 J-.54 E.01595
G1 X150.806 Y142.421 E.0572
G3 X151.108 Y142.103 I.636 J.302 E.01544
G1 X152.31 Y143.305 E.05885
SET_VELOCITY_LIMIT ACCEL=10000 ACCEL_TO_DECEL=5000
G1 E-.5 F900
G1 Z.6 F30000
G1 X151.188 Y145.282 Z.6
G1 Z.4
G1 E.5 F900
SET_VELOCITY_LIMIT ACCEL=2000 ACCEL_TO_DECEL=1000
G1 F8220
G1 X151.663 Y145.757 E.02327
G1 X152.283 Y145.757 E.02147
G1 X151.997 Y145.471 E.01402
G2 X152.484 Y145.339 I-.174 J-1.605 E.01757
G1 X153.1 Y145.954 E.03013
SET_VELOCITY_LIMIT ACCEL=10000 ACCEL_TO_DECEL=5000
G1 E-.5 F900
G1 Z.6 F30000
G1 X151.505 Y148.699 Z.6
G1 Z.4
G1 E.5 F900
SET_VELOCITY_LIMIT ACCEL=2000 ACCEL_TO_DECEL=1000
G1 F8220
G1 X150.263 Y147.457 E.06082
G1 X149.747 Y147.457 E.01787
G1 X149.627 Y146.821 E.02241
G1 X146.886 Y144.08 E.13421
G1 X147.506 Y144.08 E.02147
G1 X149.483 Y146.057 E.09679
G1 X149.339 Y145.293 E.02692
G1 X148.126 Y144.08 E.05938
G1 X148.746 Y144.08 E.02147
G1 X149.441 Y144.776 E.03405
SET_VELOCITY_LIMIT ACCEL=10000 ACCEL_TO_DECEL=5000
G1 E-.5 F900
G1 Z.6 F30000
G1 X150.686 Y147.26 Z.6
G1 Z.4
G1 E.5 F900
SET_VELOCITY_LIMIT ACCEL=2000 ACCEL_TO_DECEL=1000
G1 F8220
G1 X151.928 Y148.502 E.06082
G1 X152.548 Y148.502 E.02147
G1 X151.503 Y147.457 E.05119
G1 X152.123 Y147.457 E.02147
G1 X153.168 Y148.502 E.05119
G1 X153.788 Y148.502 E.02147
G1 X152.743 Y147.457 E.05119
G1 X153.363 Y147.457 E.02147
G1 X154.408 Y148.502 E.05119
G1 X155.028 Y148.502 E.02147
G1 X153.641 Y147.115 E.06791
G1 X153.641 Y146.496 E.02147
G1 X155.648 Y148.502 E.09826
G1 X156.268 Y148.502 E.02147
G1 X152.879 Y145.114 E.16593
G2 X153.226 Y144.84 I-1.291 J-1.993 E.01531
G1 X156.888 Y148.502 E.17932
G1 X157.507 Y148.502 E.02147
G1 X153.497 Y144.491 E.19641
G2 X153.724 Y144.099 I-1.926 J-1.376 E.01573
G1 X158.115 Y148.49 E.21506
G2 X158.61 Y148.365 I-.117 J-1.5 E.01775
G1 X153.866 Y143.62 E.23233
G2 X153.924 Y143.059 I-7.394 J-1.054 E.01955
G1 X158.989 Y148.124 E.24805
G2 X159.273 Y147.788 I-.812 J-.972 E.01531
G1 X153.832 Y142.347 E.26645
G2 X152.94 Y140.973 I-2.47 J.626 E.05773
G2 X152.005 Y140.52 I-1.288 J1.467 E.03644
G1 X150.244 Y138.759 E.08621
G1 X150.864 Y138.759 E.02147
G1 X159.454 Y147.349 E.42063
G2 X159.502 Y146.777 I-2.353 J-.487 E.01991
G1 X151.484 Y138.759 E.39264
G1 X152.104 Y138.759 E.02147
G1 X159.502 Y146.157 E.36229
G1 X159.502 Y145.538 E.02147
G1 X152.724 Y138.759 E.33193
G1 X153.344 Y138.759 E.02147
G1 X159.502 Y144.918 E.30157
G1 X159.502 Y144.298 E.02147
G1 X153.964 Y138.759 E.27121
G1 X154.584 Y138.759 E.02147
M73 P33 R22
G1 X159.502 Y143.678 E.24086
G1 X159.502 Y143.058 E.02147
G1 X155.204 Y138.759 E.2105
G1 X155.824 Y138.759 E.02147
G1 X159.502 Y142.438 E.18014
G1 X159.502 Y141.818 E.02147
G1 X156.443 Y138.759 E.14979
G1 X157.063 Y138.759 E.02147
G1 X159.502 Y141.198 E.11943
G3 X159.534 Y140.61 I3.375 J-.11 E.02041
G1 X157.683 Y138.759 E.09065
G1 X158.303 Y138.759 E.02147
G1 X159.663 Y140.119 E.06659
G1 X159.868 Y139.704 E.01603
G1 X158.923 Y138.759 E.04625
G1 X159.543 Y138.759 E.02147
G1 X160.131 Y139.347 E.02879
G1 X160.449 Y139.046 E.01518
G1 X159.966 Y138.563 E.02366
; stop printing object flowrate_m5 id:0 copy 0
; printing object flowrate_m2 id:8247625146344371234 copy 0
SET_VELOCITY_LIMIT ACCEL=10000 ACCEL_TO_DECEL=5000
G1 E-.5 F900
G1 Z.6 F30000
G1 X149.201 Y172.8 Z.6
G1 Z.4
G1 E.5 F900
SET_VELOCITY_LIMIT ACCEL=5000 ACCEL_TO_DECEL=2500
;TYPE:Outer wall
;WIDTH:0.4
G1 F10287.535
G2 X149.671 Y174.243 I2.108 J.111 E.04517
G2 X150.557 Y175.157 I6.035 J-4.96 E.03706
G3 X152.104 Y176.611 I-6.869 J8.859 E.06188
G3 X152.386 Y177.544 I-.929 J.79 E.02919
G3 X151.477 Y178.214 I-.858 J-.213 E.03561
G3 X150.522 Y177.425 I-.055 J-.906 E.03969
G1 X150.485 Y176.992 E.01265
G1 X149.313 Y177.112 E.03427
G2 X149.529 Y178.075 I3.684 J-.317 E.02881
G2 X149.997 Y178.732 I2.347 J-1.179 E.02357
G2 X151.494 Y179.225 I1.45 J-1.884 E.04675
G2 X152.481 Y179.03 I-.037 J-2.774 E.02944
G2 X152.998 Y178.694 I-1.516 J-2.898 E.01794
G2 X153.485 Y177.906 I-1.631 J-1.553 E.02714
G2 X153.027 Y175.964 I-2.036 J-.545 E.06049
G2 X152.019 Y174.963 I-8.636 J7.693 E.04137
G3 X150.821 Y173.908 I11.653 J-14.428 E.04645
G1 X153.572 Y173.908 E.08005
G1 X153.572 Y172.8 E.03224
G1 X149.241 Y172.8 E.12605
SET_VELOCITY_LIMIT ACCEL=10000 ACCEL_TO_DECEL=5000
G1 E-.5 F900
G1 Z.6 F30000
G1 X146.428 Y174.601 Z.6
G1 Z.4
G1 E.5 F900
SET_VELOCITY_LIMIT ACCEL=5000 ACCEL_TO_DECEL=2500
G1 F10287.535
G1 X146.428 Y175.742 E.03319
G1 X149.091 Y175.742 E.0775
G1 X149.091 Y174.601 E.03319
G1 X146.468 Y174.601 E.07633
SET_VELOCITY_LIMIT ACCEL=10000 ACCEL_TO_DECEL=5000
G1 E-.5 F900
G1 Z.6 F30000
G1 X168.181 Y170.024 Z.6
G1 Z.4
G1 E.5 F900
;TYPE:Inner wall
G1 F10287.535
G3 X167.958 Y170.043 I-.2 J-1.043 E.00651
G1 X161.958 Y170.043 E.17458
G1 X161.746 Y170.061 E.00619
G1 X138.254 Y170.061 E.68357
G1 X138.042 Y170.043 E.00619
G1 X132.042 Y170.043 E.17458
G3 X130.957 Y168.958 I-.023 J-1.062 E.04987
G1 X130.957 Y153.042 E.46313
G3 X132.042 Y151.957 I1.062 J-.023 E.04987
G1 X167.969 Y151.958 E1.04538
G3 X169.043 Y153.042 I.014 J1.06 E.04956
G1 X169.043 Y168.958 E.46313
G3 X168.22 Y170.016 I-1.062 J.023 E.04221
G1 X168.243 Y170.376 F30000
G1 F10287.535
G3 X167.974 Y170.4 I-.261 J-1.394 E.00786
G1 X161.974 Y170.4 E.17458
G1 X161.762 Y170.419 E.00619
G1 X138.238 Y170.419 E.68448
G1 X138.026 Y170.4 E.00619
G1 X132.026 Y170.4 E.17458
G3 X130.6 Y168.974 I-.008 J-1.418 E.06528
G1 X130.6 Y153.026 E.46404
G3 X132.026 Y151.6 I1.418 J-.008 E.06528
G1 X168 Y151.602 E1.04674
G3 X169.4 Y153.026 I-.014 J1.415 E.06451
G1 X169.4 Y168.974 E.46403
G3 X168.282 Y170.368 I-1.418 J.008 E.05626
SET_VELOCITY_LIMIT ACCEL=5000 ACCEL_TO_DECEL=2500
G1 X168.312 Y170.77 F30000
;TYPE:Outer wall
G1 F10287.535
G3 X167.991 Y170.8 I-.33 J-1.788 E.00939
G1 X161.991 Y170.8 E.17458
G2 X159.8 Y172.991 I.028 J2.219 E.09982
G1 X159.8 Y178.991 E.17458
G3 X157.991 Y180.8 I-1.818 J-.01 E.08255
G1 X142.009 Y180.8 E.46505
G3 X140.2 Y178.991 I.01 J-1.818 E.08255
G1 X140.2 Y172.991 E.17458
G2 X138.009 Y170.8 I-2.219 J.028 E.09982
G1 X132.009 Y170.8 E.17458
G3 X130.2 Y168.991 I.01 J-1.818 E.08255
G1 X130.2 Y153.009 E.46505
G3 X132.009 Y151.2 I1.818 J.01 E.08255
G1 X168.035 Y151.204 E1.04826
G3 X169.8 Y153.009 I-.048 J1.812 E.08126
G1 X169.8 Y168.991 E.46505
G3 X168.351 Y170.762 I-1.818 J-.01 E.072
SET_VELOCITY_LIMIT ACCEL=10000 ACCEL_TO_DECEL=5000
G1 E-.5 F900
G1 Z.6 F30000
G1 X167.736 Y169.906 Z.6
G1 Z.4
G1 E.5 F900
;TYPE:Sparse infill
G1 F10287.535
G1 X168.745 Y168.897 E.04153
G1 X168.745 Y167.454 E.04198
G1 X166.454 Y169.745 E.09429
G1 X165.011 Y169.745 E.04198
G1 X168.745 Y166.011 E.15366
G1 X168.745 Y164.568 E.04198
G1 X163.568 Y169.745 E.21303
G1 X162.126 Y169.745 E.04198
G1 X168.745 Y163.126 E.27241
G1 X168.745 Y161.683 E.04198
G1 X160.664 Y169.764 E.33254
G1 X159.221 Y169.764 E.04198
G1 X168.745 Y160.24 E.39191
G1 X168.745 Y158.797 E.04198
G1 X157.779 Y169.764 E.45128
G1 X156.336 Y169.764 E.04198
G1 X168.745 Y157.354 E.51066
G1 X168.745 Y155.912 E.04198
G1 X154.893 Y169.764 E.57003
G1 X153.45 Y169.764 E.04198
G1 X168.745 Y154.469 E.6294
G2 X168.743 Y153.028 I-8.231 J-.707 E.04197
G1 X152.007 Y169.764 E.68868
G1 X150.565 Y169.764 E.04198
G1 X168.064 Y152.265 E.72008
G2 X166.63 Y152.255 I-.771 J8.189 E.04176
G1 X149.122 Y169.764 E.72047
G1 X147.679 Y169.764 E.04198
G1 X165.187 Y152.255 E.72048
G1 X163.745 Y152.255 E.04198
G1 X146.236 Y169.764 E.72048
G1 X144.793 Y169.764 E.04198
G1 X162.302 Y152.255 E.72048
G1 X160.859 Y152.255 E.04198
G1 X143.35 Y169.764 E.72048
G1 X141.908 Y169.764 E.04198
G1 X159.416 Y152.255 E.72048
G1 X157.973 Y152.255 E.04198
G1 X140.465 Y169.764 E.72048
G1 X139.022 Y169.764 E.04198
G1 X156.531 Y152.255 E.72048
G1 X155.088 Y152.255 E.04198
G1 X137.598 Y169.745 E.71972
G1 X136.155 Y169.745 E.04198
G1 X153.645 Y152.255 E.71972
G1 X152.202 Y152.255 E.04198
G1 X134.712 Y169.745 E.71973
G1 X133.269 Y169.745 E.04198
G1 X150.76 Y152.255 E.71973
G1 X149.317 Y152.255 E.04198
G1 X131.849 Y169.723 E.71882
G3 X131.255 Y168.874 I.173 J-.754 E.03303
G1 X147.874 Y152.255 E.68389
G1 X146.431 Y152.255 E.04198
G1 X131.255 Y167.432 E.62452
G1 X131.255 Y165.989 E.04198
G1 X144.988 Y152.255 E.56515
G1 X143.546 Y152.255 E.04198
G1 X131.255 Y164.546 E.50578
G1 X131.255 Y163.103 E.04198
G1 X142.103 Y152.255 E.44641
G1 X140.66 Y152.255 E.04198
G1 X131.255 Y161.66 E.38704
G1 X131.255 Y160.217 E.04198
G1 X139.217 Y152.255 E.32767
G1 X137.775 Y152.255 E.04198
G1 X131.255 Y158.775 E.26829
G1 X131.255 Y157.332 E.04198
G1 X136.332 Y152.255 E.20892
G1 X134.889 Y152.255 E.04198
G1 X131.255 Y155.889 E.14955
G1 X131.255 Y154.446 E.04198
G1 X133.446 Y152.255 E.09018
G2 X131.998 Y152.26 I-.696 J8.273 E.04218
G1 X131.094 Y153.164 E.03722
G1 E-.5 F900
G1 Z.6 F30000
G1 X140.381 Y179.494 Z.6
G1 Z.4
G1 E.5 F900
SET_VELOCITY_LIMIT ACCEL=2000 ACCEL_TO_DECEL=1000
;TYPE:Top surface
;WIDTH:0.481271
G1 F8220
G1 X141.039 Y180.152 E.03321
G2 X142.008 Y180.501 I.966 J-1.161 E.03756
G1 X140.499 Y178.992 E.07624
G1 X140.498 Y178.371 E.02219
G1 X142.629 Y180.502 E.10768
G1 X143.249 Y180.502 E.02214
G1 X140.498 Y177.751 E.13899
G1 X140.498 Y177.131 E.02214
G1 X143.869 Y180.502 E.17031
G1 X144.489 Y180.502 E.02214
G1 X140.498 Y176.511 E.20162
G1 X140.498 Y175.891 E.02214
G1 X145.109 Y180.502 E.23294
G1 X145.729 Y180.502 E.02214
G1 X140.498 Y175.271 E.26426
G1 X140.498 Y174.651 E.02214
G1 X146.349 Y180.502 E.29557
G1 X146.969 Y180.502 E.02214
G1 X140.498 Y174.031 E.32689
G1 X140.498 Y173.411 E.02214
G1 X147.589 Y180.502 E.3582
G1 X148.209 Y180.502 E.02214
G1 X140.48 Y172.773 E.39042
G1 X140.462 Y172.566 E.00744
G1 X140.349 Y172.145 E.01556
G1 X140.242 Y171.916 E.00904
G1 X148.829 Y180.502 E.43376
G1 X149.448 Y180.502 E.02214
G1 X139.706 Y170.759 E.49217
G1 X140.325 Y170.759 E.02214
G1 X150.068 Y180.502 E.49217
G1 X150.688 Y180.502 E.02214
G1 X140.945 Y170.759 E.49217
G1 X141.565 Y170.759 E.02214
G1 X146.13 Y175.324 E.23058
G1 X146.13 Y174.704 E.02214
G1 X142.185 Y170.759 E.19926
G1 X142.805 Y170.759 E.02214
G1 X146.349 Y174.303 E.17902
G1 X146.969 Y174.303 E.02214
G1 X143.425 Y170.759 E.17902
G1 X144.045 Y170.759 E.02214
G1 X147.589 Y174.303 E.17902
G1 X148.209 Y174.303 E.02214
G1 X144.665 Y170.759 E.17902
G1 X145.285 Y170.759 E.02214
G1 X148.829 Y174.303 E.17902
G1 X149.351 Y174.303 E.01868
G3 X149.203 Y174.057 I1.058 J-.808 E.01029
G1 X145.905 Y170.759 E.16659
G1 X146.525 Y170.759 E.02214
G1 X148.913 Y173.147 E.12064
G1 X148.894 Y172.509 E.02282
G1 X147.145 Y170.759 E.08838
G1 X147.765 Y170.759 E.02214
G1 X149.507 Y172.502 E.08805
G1 X150.127 Y172.502 E.02214
G1 X148.384 Y170.759 E.08805
G1 X149.004 Y170.759 E.02214
G1 X150.747 Y172.502 E.08805
G1 X151.367 Y172.502 E.02214
G1 X149.624 Y170.759 E.08805
G1 X150.244 Y170.759 E.02214
G1 X151.987 Y172.502 E.08805
G1 X152.607 Y172.502 E.02214
G1 X150.864 Y170.759 E.08805
G1 X151.484 Y170.759 E.02214
G1 X153.424 Y172.699 E.09798
SET_VELOCITY_LIMIT ACCEL=10000 ACCEL_TO_DECEL=5000
G1 E-.5 F900
G1 Z.6 F30000
G1 X146.649 Y175.843 Z.6
G1 Z.4
G1 E.5 F900
SET_VELOCITY_LIMIT ACCEL=2000 ACCEL_TO_DECEL=1000
G1 F8220
G1 X151.308 Y180.502 E.23538
G1 X151.928 Y180.502 E.02214
G1 X150.893 Y179.468 E.05227
G3 X149.798 Y178.958 I.596 J-2.715 E.0435
G3 X149.174 Y177.974 I1.909 J-1.899 E.04195
G3 X149.106 Y177.68 I1.744 J-.559 E.01078
G1 X147.465 Y176.039 E.0829
G1 X148.085 Y176.039 E.02214
G1 X148.982 Y176.936 E.04529
G1 X148.967 Y176.848 E.00318
G1 X149.463 Y176.797 E.01781
G1 X148.705 Y176.039 E.03828
G1 X149.325 Y176.039 E.02214
G1 X150.205 Y176.919 E.04443
SET_VELOCITY_LIMIT ACCEL=10000 ACCEL_TO_DECEL=5000
G1 X150.615 Y177.329 F30000
SET_VELOCITY_LIMIT ACCEL=2000 ACCEL_TO_DECEL=1000
G1 F8220
G1 X151.119 Y177.833 E.02545
G2 X151.768 Y177.862 I.359 J-.742 E.02387
G1 X149.389 Y175.483 E.1202
G1 X149.389 Y174.863 E.02214
G1 X152.226 Y177.7 E.14331
SET_VELOCITY_LIMIT ACCEL=10000 ACCEL_TO_DECEL=5000
G1 E-.5 F900
G1 Z.6 F30000
G1 X151.363 Y179.317 Z.6
G1 Z.4
G1 E.5 F900
SET_VELOCITY_LIMIT ACCEL=2000 ACCEL_TO_DECEL=1000
G1 F8220
G1 X152.548 Y180.502 E.05986
G1 X153.168 Y180.502 E.02214
G1 X152.125 Y179.459 E.0527
G2 X152.592 Y179.306 I-.472 J-2.233 E.01759
G1 X153.788 Y180.502 E.06042
G1 X154.408 Y180.502 E.02214
G1 X152.977 Y179.071 E.07228
G2 X153.309 Y178.784 I-.343 J-.733 E.0159
G1 X155.028 Y180.502 E.0868
G1 X155.648 Y180.502 E.02214
G1 X153.577 Y178.431 E.10461
G2 X153.767 Y178.002 I-1.652 J-.988 E.01683
G1 X156.268 Y180.502 E.12632
G1 X156.888 Y180.502 E.02214
G1 X153.853 Y177.467 E.1533
G2 X153.782 Y176.777 I-2.92 J-.05 E.02486
G1 X157.507 Y180.502 E.18819
G2 X158.115 Y180.49 I.235 J-3.481 E.02175
G1 X151.831 Y174.206 E.31746
G1 X152.451 Y174.206 E.02214
G1 X158.61 Y180.365 E.31112
G2 X158.989 Y180.124 I-.718 J-1.553 E.01609
G1 X153.071 Y174.206 E.29898
G1 X153.691 Y174.206 E.02214
G1 X159.273 Y179.788 E.28198
G2 X159.454 Y179.349 I-1.422 J-.843 E.01702
G1 X153.87 Y173.765 E.28206
G1 X153.87 Y173.145 E.02214
G1 X159.502 Y178.777 E.2845
G1 X159.502 Y178.157 E.02214
G1 X152.104 Y170.759 E.37373
G1 X152.724 Y170.759 E.02214
G1 X159.502 Y177.538 E.34241
G1 X159.502 Y176.918 E.02214
G1 X153.344 Y170.759 E.31109
G1 X153.964 Y170.759 E.02214
G1 X159.502 Y176.298 E.27978
G1 X159.502 Y175.678 E.02214
G1 X154.584 Y170.759 E.24846
G1 X155.204 Y170.759 E.02214
G1 X159.502 Y175.058 E.21715
G1 X159.502 Y174.438 E.02214
G1 X155.824 Y170.759 E.18583
G1 X156.443 Y170.759 E.02214
G1 X159.502 Y173.818 E.15452
G1 X159.502 Y173.198 E.02214
G1 X157.063 Y170.759 E.1232
G1 X157.683 Y170.759 E.02214
G1 X159.534 Y172.61 E.09351
G1 X159.663 Y172.119 E.01814
G1 X158.303 Y170.759 E.0687
G1 X158.923 Y170.759 E.02214
G1 X159.868 Y171.704 E.04771
G1 X160.131 Y171.347 E.01583
G1 X159.543 Y170.759 E.0297
G1 X160.163 Y170.759 E.02214
G1 X160.591 Y171.187 E.02161
; stop printing object flowrate_m2 id:8247625146344371234 copy 0
; printing object flowrate_0 id:111516266160479 copy 0
SET_VELOCITY_LIMIT ACCEL=10000 ACCEL_TO_DECEL=5000
G1 E-.5 F900
G1 Z.6 F30000
G1 X151.217 Y205.095 Z.6
G1 Z.4
G1 E.5 F900
SET_VELOCITY_LIMIT ACCEL=5000 ACCEL_TO_DECEL=2500
;TYPE:Outer wall
;WIDTH:0.4
G1 F10081.784
G2 X149.782 Y204.721 I-1.179 J1.583 E.04516
G2 X148.797 Y205.097 I.061 J1.635 E.03187
G1 X148.475 Y205.398 E.01308
G2 X148.041 Y206.32 I5.04 J2.934 E.03031
G1 X147.995 Y206.481 E.00497
G2 X147.844 Y207.958 I5.494 J1.31 E.04421
G2 X148.072 Y209.733 I6.395 J.08 E.05331
G2 X148.787 Y210.83 I2.449 J-.817 E.0393
G2 X151.321 Y210.735 I1.208 J-1.633 E.0813
G2 X152.083 Y209.057 I-2.106 J-1.968 E.05572
G2 X151.93 Y206.193 I-6.823 J-1.072 E.08576
G2 X151.246 Y205.122 I-2.451 J.81 E.03813
SET_VELOCITY_LIMIT ACCEL=10000 ACCEL_TO_DECEL=5000
G1 E-.5 F900
G1 Z.6 F30000
G1 X168.518 Y184.103 Z.6
G1 Z.4
G1 E.5 F900
;TYPE:Inner wall
G1 F10081.784
G3 X169.043 Y185.042 I-.535 J.915 E.0335
G1 X169.043 Y200.958 E.47258
G3 X167.958 Y202.043 I-1.062 J.023 E.05089
M73 P34 R22
G1 X161.958 Y202.043 E.17815
G1 X161.746 Y202.061 E.00632
G1 X138.254 Y202.061 E.69752
G1 X138.042 Y202.043 E.00632
G1 X132.042 Y202.043 E.17815
G3 X130.957 Y200.958 I-.023 J-1.062 E.05089
G1 X130.957 Y185.042 E.47258
G3 X132.042 Y183.957 I1.062 J-.023 E.05089
G1 X167.969 Y183.958 E1.06672
G3 X168.483 Y184.083 I.014 J1.06 E.01589
G1 X168.696 Y183.794 F30000
G1 F10081.784
G3 X169.4 Y185.026 I-.711 J1.223 E.04414
G1 X169.4 Y200.974 E.4735
G3 X167.974 Y202.4 I-1.418 J.008 E.06662
G1 X161.974 Y202.4 E.17815
G1 X161.762 Y202.419 E.00632
G1 X138.238 Y202.419 E.69845
G1 X138.026 Y202.4 E.00632
G1 X132.026 Y202.4 E.17815
G3 X130.6 Y200.974 I-.008 J-1.418 E.06662
G1 X130.6 Y185.026 E.47351
G3 X132.026 Y183.6 I1.418 J-.008 E.06662
G1 X168 Y183.602 E1.0681
G3 X168.662 Y183.774 I-.014 J1.415 E.0205
SET_VELOCITY_LIMIT ACCEL=5000 ACCEL_TO_DECEL=2500
G1 X168.896 Y183.448 F30000
;TYPE:Outer wall
G1 F10081.784
G3 X169.8 Y185.009 I-.909 J1.569 E.05606
G1 X169.8 Y200.991 E.47454
G3 X167.991 Y202.8 I-1.818 J-.01 E.08424
G1 X161.991 Y202.8 E.17815
G2 X159.8 Y204.991 I.028 J2.219 E.10186
G1 X159.8 Y210.991 E.17815
G3 X157.991 Y212.8 I-1.818 J-.01 E.08424
G1 X142.009 Y212.8 E.47454
G3 X140.2 Y210.991 I.01 J-1.818 E.08424
G1 X140.2 Y204.991 E.17815
G2 X138.009 Y202.8 I-2.219 J.028 E.10186
G1 X132.009 Y202.8 E.17815
G3 X130.2 Y200.991 I.01 J-1.818 E.08423
G1 X130.2 Y185.009 E.47454
G3 X132.009 Y183.2 I1.818 J.01 E.08423
G1 X168.035 Y183.204 E1.06966
G3 X168.861 Y183.428 I-.048 J1.812 E.02568
SET_VELOCITY_LIMIT ACCEL=10000 ACCEL_TO_DECEL=5000
G1 E-.5 F900
G1 Z.6 F30000
G1 X167.736 Y201.906 Z.6
G1 Z.4
G1 E.5 F900
;TYPE:Sparse infill
G1 F10081.784
G1 X168.745 Y200.897 E.04238
G1 X168.745 Y199.454 E.04284
G1 X166.454 Y201.745 E.09621
G1 X165.011 Y201.745 E.04284
G1 X168.745 Y198.011 E.1568
G1 X168.745 Y196.568 E.04284
G1 X163.568 Y201.745 E.21738
G1 X162.126 Y201.745 E.04284
G1 X168.745 Y195.126 E.27796
G1 X168.745 Y193.683 E.04284
G1 X160.664 Y201.764 E.33933
G1 X159.221 Y201.764 E.04284
G1 X168.745 Y192.24 E.39991
G1 X168.745 Y190.797 E.04284
G1 X157.779 Y201.764 E.46049
G1 X156.336 Y201.764 E.04284
G1 X168.745 Y189.354 E.52108
G1 X168.745 Y187.912 E.04284
G1 X154.893 Y201.764 E.58166
G1 X153.45 Y201.764 E.04284
G1 X168.745 Y186.469 E.64225
G2 X168.743 Y185.028 I-8.234 J-.707 E.04282
G1 X152.007 Y201.764 E.70273
G1 X150.565 Y201.764 E.04284
G1 X168.064 Y184.265 E.73478
G2 X166.63 Y184.255 I-.771 J8.19 E.04261
G1 X149.122 Y201.764 E.73518
G1 X147.679 Y201.764 E.04284
G1 X165.187 Y184.255 E.73518
G1 X163.745 Y184.255 E.04284
G1 X146.236 Y201.764 E.73518
G1 X144.793 Y201.764 E.04284
G1 X162.302 Y184.255 E.73518
G1 X160.859 Y184.255 E.04284
G1 X143.35 Y201.764 E.73518
G1 X141.908 Y201.764 E.04284
G1 X159.416 Y184.255 E.73519
G1 X157.973 Y184.255 E.04284
G1 X140.465 Y201.764 E.73519
G1 X139.022 Y201.764 E.04284
G1 X156.531 Y184.255 E.73519
G1 X155.088 Y184.255 E.04284
G1 X137.598 Y201.745 E.73441
G1 X136.155 Y201.745 E.04284
G1 X153.645 Y184.255 E.73441
G1 X152.202 Y184.255 E.04284
G1 X134.712 Y201.745 E.73441
G1 X133.269 Y201.745 E.04284
G1 X150.76 Y184.255 E.73442
G1 X149.317 Y184.255 E.04284
G1 X131.849 Y201.723 E.73349
G3 X131.255 Y200.874 I.173 J-.754 E.03371
G1 X147.874 Y184.255 E.69785
G1 X146.431 Y184.255 E.04284
G1 X131.255 Y199.432 E.63726
G1 X131.255 Y197.989 E.04284
G1 X144.988 Y184.255 E.57668
G1 X143.546 Y184.255 E.04284
G1 X131.255 Y196.546 E.5161
G1 X131.255 Y195.103 E.04284
G1 X142.103 Y184.255 E.45552
G1 X140.66 Y184.255 E.04284
G1 X131.255 Y193.66 E.39493
G1 X131.255 Y192.217 E.04284
G1 X139.217 Y184.255 E.33435
G1 X137.775 Y184.255 E.04284
G1 X131.255 Y190.775 E.27377
G1 X131.255 Y189.332 E.04284
G1 X136.332 Y184.255 E.21319
G1 X134.889 Y184.255 E.04284
G1 X131.255 Y187.889 E.15261
G1 X131.255 Y186.446 E.04284
G1 X133.446 Y184.255 E.09202
G2 X131.998 Y184.26 I-.696 J8.274 E.04304
G1 X131.094 Y185.164 E.03798
G1 E-.5 F900
G1 Z.6 F30000
G1 X140.381 Y211.494 Z.6
G1 Z.4
G1 E.5 F900
SET_VELOCITY_LIMIT ACCEL=2000 ACCEL_TO_DECEL=1000
;TYPE:Top surface
;WIDTH:0.481271
G1 F8212.596
G1 X141.039 Y212.152 E.03389
G2 X142.008 Y212.501 I.966 J-1.161 E.03833
G1 X140.499 Y210.992 E.0778
G1 X140.498 Y210.371 E.02264
G1 X142.629 Y212.502 E.10987
G1 X143.249 Y212.502 E.0226
G1 X140.498 Y209.751 E.14183
G1 X140.498 Y209.131 E.0226
G1 X143.869 Y212.502 E.17378
G1 X144.489 Y212.502 E.0226
G1 X140.498 Y208.511 E.20574
G1 X140.498 Y207.891 E.0226
G1 X145.109 Y212.502 E.23769
G1 X145.729 Y212.502 E.0226
G1 X140.498 Y207.271 E.26965
G1 X140.498 Y206.651 E.0226
G1 X146.349 Y212.502 E.3016
G1 X146.969 Y212.502 E.0226
G1 X140.498 Y206.031 E.33356
G1 X140.498 Y205.411 E.0226
G1 X147.589 Y212.502 E.36551
G1 X148.209 Y212.502 E.0226
G1 X140.48 Y204.773 E.39839
G1 X140.462 Y204.566 E.00759
G1 X140.349 Y204.145 E.01588
G1 X140.242 Y203.916 E.00923
G1 X148.829 Y212.502 E.44261
G1 X149.448 Y212.502 E.0226
G1 X139.706 Y202.759 E.50222
G1 X140.325 Y202.759 E.0226
G1 X150.068 Y212.502 E.50222
G1 X150.688 Y212.502 E.0226
G1 X149.685 Y211.499 E.05169
G2 X150.308 Y211.502 I.323 J-2.747 E.02274
G1 X151.308 Y212.502 E.05156
G1 X151.928 Y212.502 E.0226
G1 X150.811 Y211.385 E.0576
G2 X151.225 Y211.179 I-.834 J-2.195 E.01688
G1 X152.548 Y212.502 E.06821
G1 X153.168 Y212.502 E.0226
G1 X151.57 Y210.904 E.08237
G2 X151.85 Y210.564 I-1.67 J-1.66 E.01608
G1 X153.788 Y212.502 E.0999
G1 X154.408 Y212.502 E.0226
G1 X152.068 Y210.163 E.1206
G2 X152.241 Y209.715 I-3.259 J-1.514 E.01749
G1 X155.028 Y212.502 E.14367
G1 X155.648 Y212.502 E.0226
G1 X152.357 Y209.212 E.1696
G2 X152.43 Y208.665 I-7.848 J-1.323 E.02012
G1 X156.268 Y212.502 E.19781
G1 X156.888 Y212.502 E.0226
G1 X152.453 Y208.067 E.22861
G2 X152.439 Y207.434 I-12.916 J-.037 E.0231
G1 X157.507 Y212.502 E.26127
G2 X158.115 Y212.49 I.235 J-3.481 E.02219
G1 X152.103 Y206.478 E.3099
SET_VELOCITY_LIMIT ACCEL=10000 ACCEL_TO_DECEL=5000
G1 E-.5 F900
G1 Z.6 F30000
G1 X147.992 Y209.806 Z.6
G1 Z.4
G1 E.5 F900
SET_VELOCITY_LIMIT ACCEL=2000 ACCEL_TO_DECEL=1000
G1 F8212.596
G1 X140.945 Y202.759 E.36323
G1 X141.565 Y202.759 E.0226
G1 X147.583 Y208.777 E.31019
G3 X147.549 Y208.123 I6.143 J-.644 E.02386
G1 X142.185 Y202.759 E.27651
G1 X142.805 Y202.759 E.0226
G1 X147.558 Y207.513 E.24502
G3 X147.598 Y206.932 I8.087 J.254 E.02122
G1 X143.425 Y202.759 E.21508
G1 X144.045 Y202.759 E.0226
G1 X147.704 Y206.418 E.18859
G1 X147.709 Y206.4 E.00067
G3 X147.865 Y205.959 I2.17 J.519 E.01709
G1 X144.665 Y202.759 E.16494
G1 X145.285 Y202.759 E.0226
G1 X148.068 Y205.542 E.14346
G1 X148.233 Y205.216 E.01333
G1 X148.299 Y205.154 E.00332
G1 X145.905 Y202.759 E.12344
G1 X146.525 Y202.759 E.0226
G1 X148.622 Y204.856 E.1081
G3 X148.997 Y204.612 I1.081 J1.251 E.01638
G1 X147.145 Y202.759 E.09551
G1 X147.765 Y202.759 E.0226
G1 X149.468 Y204.462 E.0878
G3 X150.026 Y204.4 I.97 J6.173 E.02046
G1 X148.384 Y202.759 E.08459
G1 X149.004 Y202.759 E.0226
G1 X150.759 Y204.514 E.09045
G3 X151.405 Y204.861 I-.95 J2.543 E.02682
G3 X152.125 Y205.88 I-1.845 J2.067 E.04587
G1 X158.61 Y212.365 E.33426
G2 X158.989 Y212.124 I-.718 J-1.553 E.01642
G1 X149.624 Y202.759 E.48274
G1 X150.244 Y202.759 E.0226
G1 X159.273 Y211.788 E.4654
G2 X159.454 Y211.349 I-1.423 J-.843 E.01737
G1 X150.864 Y202.759 E.44277
G1 X151.484 Y202.759 E.0226
G1 X159.502 Y210.777 E.41331
G1 X159.502 Y210.158 E.0226
G1 X152.104 Y202.759 E.38136
G1 X152.724 Y202.759 E.0226
G1 X159.502 Y209.538 E.3494
G1 X159.502 Y208.918 E.0226
G1 X153.344 Y202.759 E.31745
G1 X153.964 Y202.759 E.0226
G1 X159.502 Y208.298 E.28549
G1 X159.502 Y207.678 E.0226
G1 X154.584 Y202.759 E.25354
G1 X155.204 Y202.759 E.0226
G1 X159.502 Y207.058 E.22158
G1 X159.502 Y206.438 E.0226
G1 X155.823 Y202.759 E.18963
G1 X156.443 Y202.759 E.0226
G1 X159.502 Y205.818 E.15767
G1 X159.502 Y205.198 E.0226
G1 X157.063 Y202.759 E.12572
G1 X157.683 Y202.759 E.0226
G1 X159.534 Y204.61 E.09542
G1 X159.663 Y204.119 E.01851
G1 X158.303 Y202.759 E.0701
G1 X158.923 Y202.759 E.0226
G1 X159.868 Y203.704 E.04869
G1 X160.131 Y203.347 E.01616
G1 X159.543 Y202.759 E.03031
G1 X160.163 Y202.759 E.0226
G1 X160.591 Y203.187 E.02205
SET_VELOCITY_LIMIT ACCEL=10000 ACCEL_TO_DECEL=5000
G1 E-.5 F900
G1 Z.6 F30000
G1 X149.458 Y205.93 Z.6
G1 Z.4
G1 E.5 F900
SET_VELOCITY_LIMIT ACCEL=5000 ACCEL_TO_DECEL=2500
;TYPE:Outer wall
;WIDTH:0.4
G1 F10081.784
G3 X150.093 Y205.723 I.54 J.581 E.02048
G3 X150.679 Y206.099 I-.106 J.811 E.02136
G3 X150.997 Y207.459 I-3.35 J1.501 E.04172
G1 X150.998 Y208.461 E.02974
G3 X150.68 Y209.822 I-3.663 J-.137 E.04178
G3 X149.556 Y210.082 I-.692 J-.433 E.03803
G3 X149.353 Y209.877 I.827 J-1.016 E.00859
G3 X149.006 Y208.478 I2.962 J-1.478 E.04314
G3 X149.043 Y206.977 I12.142 J-.452 E.04461
G3 X149.321 Y206.097 I3.645 J.667 E.02746
G3 X149.429 Y205.957 I.677 J.413 E.00527
SET_VELOCITY_LIMIT ACCEL=10000 ACCEL_TO_DECEL=5000
G1 E-.5 F900
G1 Z.6 F30000
G1 X149.244 Y209.316 Z.6
G1 Z.4
G1 E.5 F900
SET_VELOCITY_LIMIT ACCEL=2000 ACCEL_TO_DECEL=1000
;TYPE:Top surface
;WIDTH:0.539196
G1 F7254.028
G1 X149.808 Y209.88 E.03294
G2 X150.362 Y209.732 I.173 J-.464 E.02524
G1 X149.317 Y208.687 E.06098
G3 X149.299 Y207.967 I6.888 J-.538 E.02975
G1 X150.578 Y209.247 E.07468
G2 X150.683 Y208.65 I-2.108 J-.677 E.0251
G1 X149.316 Y207.282 E.07978
G3 X149.419 Y206.683 I2.227 J.073 E.02516
G1 X150.7 Y207.964 E.07476
G2 X150.68 Y207.243 I-4.308 J-.245 E.02981
G1 X149.631 Y206.194 E.06123
G3 X150.041 Y206.016 I.348 J.242 E.01942
M73 P34 R21
G3 X150.187 Y206.048 I-.061 J.634 E.00618
G1 X150.77 Y206.631 E.03403
; stop printing object flowrate_0 id:111516266160479 copy 0
; printing object flowrate_m1 id:8318823020889268071 copy 0
SET_VELOCITY_LIMIT ACCEL=10000 ACCEL_TO_DECEL=5000
G1 E-.5 F900
G1 Z.6 F30000
G1 X109.887 Y172.8 Z.6
G1 Z.4
G1 E.5 F900
SET_VELOCITY_LIMIT ACCEL=5000 ACCEL_TO_DECEL=2500
;TYPE:Outer wall
;WIDTH:0.4
G1 F10183.62
G1 X109.887 Y177.27 E.1314
G2 X108.414 Y176.506 I-3.848 J5.617 E.04891
G1 X108.414 Y177.64 E.03333
G3 X110.046 Y178.914 I-1.59 J3.72 E.06155
G1 X110.238 Y179.225 E.01072
G1 X111.024 Y179.225 E.02312
G1 X111.024 Y172.8 E.18885
G1 X109.927 Y172.8 E.03224
SET_VELOCITY_LIMIT ACCEL=10000 ACCEL_TO_DECEL=5000
G1 E-.5 F900
G1 Z.6 F30000
G1 X104.976 Y174.601 Z.6
G1 Z.4
G1 E.5 F900
SET_VELOCITY_LIMIT ACCEL=5000 ACCEL_TO_DECEL=2500
G1 F10183.62
G1 X104.976 Y175.742 E.03353
G1 X107.639 Y175.742 E.07829
G1 X107.639 Y174.601 E.03353
G1 X105.016 Y174.601 E.07711
SET_VELOCITY_LIMIT ACCEL=10000 ACCEL_TO_DECEL=5000
G1 E-.5 F900
G1 Z.6 F30000
G1 X126.181 Y170.024 Z.6
G1 Z.4
G1 E.5 F900
;TYPE:Inner wall
G1 F10183.62
G3 X125.958 Y170.043 I-.2 J-1.043 E.00657
G1 X119.958 Y170.043 E.17637
G1 X119.746 Y170.061 E.00625
G1 X96.254 Y170.061 E.69055
G1 X96.042 Y170.043 E.00625
G1 X90.042 Y170.043 E.17637
G3 X88.957 Y168.958 I-.023 J-1.062 E.05038
G1 X88.957 Y153.042 E.46785
G3 X90.042 Y151.957 I1.062 J-.023 E.05038
G1 X125.969 Y151.958 E1.05605
G3 X127.043 Y153.042 I.014 J1.06 E.05007
G1 X127.043 Y168.958 E.46785
G3 X126.22 Y170.016 I-1.062 J.023 E.04264
G1 X126.243 Y170.376 F30000
G1 F10183.62
G3 X125.974 Y170.4 I-.261 J-1.394 E.00794
G1 X119.974 Y170.4 E.17637
G1 X119.762 Y170.419 E.00625
G1 X96.238 Y170.419 E.69147
G1 X96.026 Y170.4 E.00625
G1 X90.026 Y170.4 E.17637
G3 X88.6 Y168.974 I-.008 J-1.418 E.06595
G1 X88.6 Y153.026 E.46877
G3 X90.026 Y151.6 I1.418 J-.008 E.06595
G1 X126 Y151.602 E1.05742
G3 X127.4 Y153.026 I-.014 J1.415 E.06517
G1 X127.4 Y168.974 E.46877
G3 X126.282 Y170.368 I-1.418 J.008 E.05683
SET_VELOCITY_LIMIT ACCEL=5000 ACCEL_TO_DECEL=2500
G1 X126.312 Y170.77 F30000
;TYPE:Outer wall
G1 F10183.62
G3 X125.991 Y170.8 I-.33 J-1.788 E.00948
G1 X119.991 Y170.8 E.17637
G2 X117.8 Y172.991 I.028 J2.219 E.10084
G1 X117.8 Y178.991 E.17637
G3 X115.991 Y180.8 I-1.818 J-.01 E.08339
G1 X100.009 Y180.8 E.4698
G3 X98.2 Y178.991 I.01 J-1.818 E.08339
M73 P35 R21
G1 X98.2 Y172.991 E.17637
G2 X96.009 Y170.8 I-2.219 J.028 E.10084
G1 X90.009 Y170.8 E.17637
G3 X88.2 Y168.991 I.01 J-1.818 E.08339
G1 X88.2 Y153.009 E.4698
G3 X90.009 Y151.2 I1.818 J.01 E.08339
G1 X126.035 Y151.204 E1.05896
G3 X127.8 Y153.009 I-.048 J1.812 E.08209
G1 X127.8 Y168.991 E.4698
G3 X126.351 Y170.762 I-1.818 J-.01 E.07274
SET_VELOCITY_LIMIT ACCEL=10000 ACCEL_TO_DECEL=5000
G1 E-.5 F900
G1 Z.6 F30000
G1 X125.736 Y169.906 Z.6
G1 Z.4
G1 E.5 F900
;TYPE:Sparse infill
G1 F10183.62
G1 X126.745 Y168.897 E.04195
G1 X126.745 Y167.454 E.04241
G1 X124.454 Y169.745 E.09525
G1 X123.011 Y169.745 E.04241
G1 X126.745 Y166.011 E.15523
G1 X126.745 Y164.568 E.04241
G1 X121.568 Y169.745 E.21521
G1 X120.126 Y169.745 E.04241
G1 X126.745 Y163.126 E.27518
G1 X126.745 Y161.683 E.04241
G1 X118.664 Y169.764 E.33593
G1 X117.221 Y169.764 E.04241
G1 X126.745 Y160.24 E.39591
G1 X126.745 Y158.797 E.04241
G1 X115.779 Y169.764 E.45589
G1 X114.336 Y169.764 E.04241
G1 X126.745 Y157.354 E.51587
G1 X126.745 Y155.912 E.04241
G1 X112.893 Y169.764 E.57584
G1 X111.45 Y169.764 E.04241
G1 X126.745 Y154.469 E.63582
G2 X126.743 Y153.028 I-8.233 J-.707 E.0424
G1 X110.007 Y169.764 E.6957
G1 X108.565 Y169.764 E.04241
G1 X126.064 Y152.265 E.72743
G2 X124.63 Y152.255 I-.771 J8.189 E.04219
G1 X107.122 Y169.764 E.72783
G1 X105.679 Y169.764 E.04241
G1 X123.187 Y152.255 E.72783
G1 X121.745 Y152.255 E.04241
G1 X104.236 Y169.764 E.72783
G1 X102.793 Y169.764 E.04241
G1 X120.302 Y152.255 E.72783
G1 X118.859 Y152.255 E.04241
G1 X101.35 Y169.764 E.72783
G1 X99.908 Y169.764 E.04241
G1 X117.416 Y152.255 E.72783
G1 X115.973 Y152.255 E.04241
G1 X98.465 Y169.764 E.72784
G1 X97.022 Y169.764 E.04241
G1 X114.531 Y152.255 E.72784
G1 X113.088 Y152.255 E.04241
G1 X95.598 Y169.745 E.72707
G1 X94.155 Y169.745 E.04241
G1 X111.645 Y152.255 E.72707
G1 X110.202 Y152.255 E.04241
G1 X92.712 Y169.745 E.72707
G1 X91.269 Y169.745 E.04241
G1 X108.76 Y152.255 E.72707
G1 X107.317 Y152.255 E.04241
G1 X89.849 Y169.723 E.72615
G3 X89.255 Y168.874 I.173 J-.754 E.03337
G1 X105.874 Y152.255 E.69087
G1 X104.431 Y152.255 E.04241
G1 X89.255 Y167.432 E.63089
G1 X89.255 Y165.989 E.04241
G1 X102.988 Y152.255 E.57091
G1 X101.546 Y152.255 E.04241
G1 X89.255 Y164.546 E.51094
G1 X89.255 Y163.103 E.04241
G1 X100.103 Y152.255 E.45096
G1 X98.66 Y152.255 E.04241
G1 X89.255 Y161.66 E.39099
G1 X89.255 Y160.217 E.04241
G1 X97.217 Y152.255 E.33101
G1 X95.775 Y152.255 E.04241
G1 X89.255 Y158.775 E.27103
G1 X89.255 Y157.332 E.04241
G1 X94.332 Y152.255 E.21106
G1 X92.889 Y152.255 E.04241
G1 X89.255 Y155.889 E.15108
G1 X89.255 Y154.446 E.04241
G1 X91.446 Y152.255 E.0911
G2 X89.998 Y152.26 I-.696 J8.273 E.04261
G1 X89.094 Y153.164 E.0376
G1 E-.5 F900
G1 Z.6 F30000
G1 X98.381 Y179.494 Z.6
G1 Z.4
G1 E.5 F900
SET_VELOCITY_LIMIT ACCEL=2000 ACCEL_TO_DECEL=1000
;TYPE:Top surface
;WIDTH:0.481271
G1 F8220
G1 X99.039 Y180.152 E.03355
G2 X100.008 Y180.501 I.966 J-1.161 E.03795
G1 X98.499 Y178.992 E.07702
G1 X98.498 Y178.371 E.02241
G1 X100.629 Y180.502 E.10878
G1 X101.249 Y180.502 E.02237
G1 X98.498 Y177.751 E.14041
G1 X98.498 Y177.131 E.02237
G1 X101.869 Y180.502 E.17205
G1 X102.489 Y180.502 E.02237
G1 X98.498 Y176.511 E.20368
G1 X98.498 Y175.891 E.02237
G1 X103.109 Y180.502 E.23532
G1 X103.729 Y180.502 E.02237
G1 X98.498 Y175.271 E.26695
G1 X98.498 Y174.651 E.02237
G1 X104.349 Y180.502 E.29859
G1 X104.969 Y180.502 E.02237
G1 X98.498 Y174.031 E.33022
G1 X98.498 Y173.411 E.02237
G1 X105.589 Y180.502 E.36186
G1 X106.209 Y180.502 E.02237
G1 X98.48 Y172.773 E.39441
G1 X98.462 Y172.566 E.00752
G1 X98.349 Y172.145 E.01572
G1 X98.242 Y171.916 E.00914
G1 X106.829 Y180.502 E.43819
G1 X107.448 Y180.502 E.02237
G1 X97.706 Y170.759 E.49719
G1 X98.325 Y170.759 E.02237
G1 X108.068 Y180.502 E.49719
G1 X108.688 Y180.502 E.02237
G1 X98.945 Y170.759 E.49719
G1 X99.565 Y170.759 E.02237
G1 X109.308 Y180.502 E.49719
G1 X109.928 Y180.502 E.02237
G1 X105.465 Y176.039 E.22774
G1 X106.085 Y176.039 E.02237
G1 X110.548 Y180.502 E.22774
G1 X111.168 Y180.502 E.02237
G1 X108.931 Y178.265 E.11415
G2 X108.116 Y177.821 I-4.237 J6.804 E.03351
G1 X108.116 Y177.45 E.01338
G1 X106.705 Y176.039 E.072
G1 X107.325 Y176.039 E.02237
G1 X108.116 Y176.83 E.04036
G1 X108.116 Y176.21 E.02237
G1 X107.937 Y176.031 E.00914
G1 X107.937 Y175.412 E.02237
G1 X109.337 Y176.812 E.07145
SET_VELOCITY_LIMIT ACCEL=10000 ACCEL_TO_DECEL=5000
G1 E-.5 F900
G1 Z.6 F30000
G1 X110.611 Y179.326 Z.6
G1 Z.4
G1 E.5 F900
SET_VELOCITY_LIMIT ACCEL=2000 ACCEL_TO_DECEL=1000
G1 F8220
G1 X111.788 Y180.502 E.06004
G1 X112.408 Y180.502 E.02237
G1 X111.322 Y179.416 E.05542
G1 X111.322 Y178.796 E.02237
G1 X113.028 Y180.502 E.08706
G1 X113.648 Y180.502 E.02237
G1 X111.322 Y178.176 E.11869
G1 X111.322 Y177.556 E.02237
G1 X114.268 Y180.502 E.15033
G1 X114.888 Y180.502 E.02237
G1 X111.322 Y176.936 E.18196
G1 X111.322 Y176.317 E.02237
G1 X115.507 Y180.502 E.2136
G2 X116.115 Y180.49 I.235 J-3.481 E.02197
G1 X111.322 Y175.697 E.24462
G1 X111.322 Y175.077 E.02237
G1 X116.61 Y180.365 E.26985
G2 X116.989 Y180.124 I-.718 J-1.553 E.01626
G1 X111.322 Y174.457 E.28922
G1 X111.322 Y173.837 E.02237
G1 X117.273 Y179.788 E.30369
G2 X117.454 Y179.349 I-1.422 J-.843 E.01719
G1 X111.125 Y173.02 E.32296
SET_VELOCITY_LIMIT ACCEL=10000 ACCEL_TO_DECEL=5000
G1 E-.5 F900
G1 Z.6 F30000
G1 X104.875 Y175.449 Z.6
G1 Z.4
G1 E.5 F900
SET_VELOCITY_LIMIT ACCEL=2000 ACCEL_TO_DECEL=1000
G1 F8220
G1 X100.185 Y170.759 E.23932
G1 X100.805 Y170.759 E.02237
G1 X104.678 Y174.632 E.19765
G1 X104.678 Y174.303 E.01188
G1 X104.969 Y174.303 E.01049
G1 X101.425 Y170.759 E.18084
G1 X102.045 Y170.759 E.02237
G1 X105.589 Y174.303 E.18084
G1 X106.209 Y174.303 E.02237
G1 X102.665 Y170.759 E.18084
G1 X103.285 Y170.759 E.02237
G1 X107.025 Y174.5 E.19088
SET_VELOCITY_LIMIT ACCEL=10000 ACCEL_TO_DECEL=5000
G1 E-.5 F900
G1 Z.6 F30000
G1 X109.786 Y176.641 Z.6
G1 Z.4
G1 E.5 F900
SET_VELOCITY_LIMIT ACCEL=2000 ACCEL_TO_DECEL=1000
G1 F8220
G1 X107.937 Y174.792 E.09436
G1 X107.937 Y174.303 E.01763
G1 X107.449 Y174.303 E.01763
G1 X103.905 Y170.759 E.18084
G1 X104.525 Y170.759 E.02237
G1 X109.59 Y175.824 E.25846
G1 X109.59 Y175.204 E.02237
G1 X105.145 Y170.759 E.22683
G1 X105.765 Y170.759 E.02237
G1 X109.59 Y174.584 E.19519
G1 X109.59 Y173.964 E.02237
G1 X106.384 Y170.759 E.16356
G1 X107.004 Y170.759 E.02237
G1 X109.59 Y173.344 E.13192
G1 X109.59 Y172.724 E.02237
G1 X107.624 Y170.759 E.10029
G1 X108.244 Y170.759 E.02237
G1 X109.987 Y172.502 E.08894
G1 X110.607 Y172.502 E.02237
G1 X108.864 Y170.759 E.08894
G1 X109.484 Y170.759 E.02237
G1 X117.502 Y178.777 E.40918
G1 X117.502 Y178.157 E.02237
G1 X110.104 Y170.759 E.37754
G1 X110.724 Y170.759 E.02237
G1 X117.502 Y177.538 E.3459
G1 X117.502 Y176.918 E.02237
G1 X111.344 Y170.759 E.31427
G1 X111.964 Y170.759 E.02237
G1 X117.502 Y176.298 E.28263
G1 X117.502 Y175.678 E.02237
G1 X112.584 Y170.759 E.251
G1 X113.204 Y170.759 E.02237
G1 X117.502 Y175.058 E.21936
G1 X117.502 Y174.438 E.02237
G1 X113.824 Y170.759 E.18773
G1 X114.443 Y170.759 E.02237
G1 X117.502 Y173.818 E.15609
G1 X117.502 Y173.198 E.02237
G1 X115.063 Y170.759 E.12446
G1 X115.683 Y170.759 E.02237
G1 X117.534 Y172.61 E.09446
G1 X117.663 Y172.119 E.01832
G1 X116.303 Y170.759 E.0694
G1 X116.923 Y170.759 E.02237
G1 X117.868 Y171.704 E.0482
G1 X118.131 Y171.347 E.016
G1 X117.543 Y170.759 E.03001
G1 X118.163 Y170.759 E.02237
G1 X118.591 Y171.187 E.02183
; stop printing object flowrate_m1 id:8318823020889268071 copy 0
; printing object flowrate_m4 id:0 copy 0
SET_VELOCITY_LIMIT ACCEL=10000 ACCEL_TO_DECEL=5000
G1 E-.5 F900
G1 Z.6 F30000
G1 X109.644 Y140.8 Z.6
G1 Z.4
G1 E.5 F900
SET_VELOCITY_LIMIT ACCEL=5000 ACCEL_TO_DECEL=2500
;TYPE:Outer wall
;WIDTH:0.4
G1 F10501.858
G1 X109.644 Y142.237 E.04095
G1 X107.041 Y142.237 E.0742
G1 X107.041 Y142.601 E.01038
G1 X104.409 Y142.601 E.07501
G1 X104.409 Y143.742 E.03252
G1 X107.072 Y143.742 E.07591
G1 X107.072 Y143.48 E.00746
G1 X107.222 Y143.433 E.00447
G1 X109.875 Y147.2 E.13134
G1 X110.78 Y147.2 E.02581
G1 X110.78 Y143.312 E.11083
G1 X111.591 Y143.312 E.0231
G1 X111.591 Y142.237 E.03065
G1 X110.78 Y142.237 E.0231
G1 X110.78 Y140.8 E.04095
G1 X109.684 Y140.8 E.03126
SET_VELOCITY_LIMIT ACCEL=10000 ACCEL_TO_DECEL=5000
G1 E-.5 F900
G1 Z.6 F30000
G1 X126.181 Y138.024 Z.6
G1 Z.4
G1 E.5 F900
;TYPE:Inner wall
G1 F10501.858
G3 X125.958 Y138.043 I-.2 J-1.043 E.00637
G1 X119.958 Y138.043 E.17102
G1 X119.746 Y138.061 E.00606
G1 X96.254 Y138.061 E.66962
G1 X96.042 Y138.043 E.00606
G1 X90.042 Y138.043 E.17102
G3 X88.957 Y136.958 I-.023 J-1.062 E.04886
G1 X88.957 Y121.042 E.45368
G3 X90.042 Y119.957 I1.062 J-.023 E.04886
G1 X125.969 Y119.958 E1.02405
G3 X127.043 Y121.042 I.014 J1.06 E.04855
G1 X127.043 Y136.958 E.45368
G3 X126.22 Y138.016 I-1.062 J.023 E.04134
G1 X126.243 Y138.376 F30000
G1 F10501.858
G3 X125.974 Y138.4 I-.261 J-1.394 E.0077
G1 X119.974 Y138.4 E.17102
G1 X119.762 Y138.419 E.00606
G1 X96.238 Y138.419 E.67051
G1 X96.026 Y138.4 E.00606
G1 X90.026 Y138.4 E.17102
G3 X88.6 Y136.974 I-.008 J-1.418 E.06395
G1 X88.6 Y121.026 E.45457
G3 X90.026 Y119.6 I1.418 J-.008 E.06395
G1 X126 Y119.602 E1.02538
G3 X127.4 Y121.026 I-.014 J1.415 E.06319
G1 X127.4 Y136.974 E.45456
G3 X126.282 Y138.368 I-1.418 J.008 E.05511
SET_VELOCITY_LIMIT ACCEL=5000 ACCEL_TO_DECEL=2500
G1 X126.312 Y138.77 F30000
;TYPE:Outer wall
G1 F10501.858
G3 X125.991 Y138.8 I-.33 J-1.788 E.0092
G1 X119.991 Y138.8 E.17102
G2 X117.8 Y140.991 I.028 J2.219 E.09778
G1 X117.8 Y146.991 E.17102
G3 X115.991 Y148.8 I-1.818 J-.01 E.08087
G1 X100.009 Y148.8 E.45556
G3 X98.2 Y146.991 I.01 J-1.818 E.08087
G1 X98.2 Y140.991 E.17102
G2 X96.009 Y138.8 I-2.219 J.028 E.09778
G1 X90.009 Y138.8 E.17102
G3 X88.2 Y136.991 I.01 J-1.818 E.08087
G1 X88.2 Y121.009 E.45556
G3 X90.009 Y119.2 I1.818 J.01 E.08087
G1 X126.035 Y119.204 E1.02687
G3 X127.8 Y121.009 I-.048 J1.812 E.0796
G1 X127.8 Y136.991 E.45556
G3 X126.351 Y138.762 I-1.818 J-.01 E.07053
SET_VELOCITY_LIMIT ACCEL=10000 ACCEL_TO_DECEL=5000
G1 E-.5 F900
G1 Z.6 F30000
G1 X125.736 Y137.906 Z.6
G1 Z.4
G1 E.5 F900
;TYPE:Sparse infill
G1 F10501.858
G1 X126.745 Y136.897 E.04068
G1 X126.745 Y135.454 E.04113
G1 X124.454 Y137.745 E.09236
G1 X123.011 Y137.745 E.04113
G1 X126.745 Y134.011 E.15053
G1 X126.745 Y132.568 E.04113
G1 X121.568 Y137.745 E.20869
G1 X120.126 Y137.745 E.04113
G1 X126.745 Y131.126 E.26685
G1 X126.745 Y129.683 E.04113
G1 X118.664 Y137.764 E.32575
G1 X117.221 Y137.764 E.04113
G1 X126.745 Y128.24 E.38391
G1 X126.745 Y126.797 E.04113
G1 X115.779 Y137.764 E.44207
G1 X114.336 Y137.764 E.04113
G1 X126.745 Y125.354 E.50023
G1 X126.745 Y123.912 E.04113
G1 X112.893 Y137.764 E.5584
G1 X111.45 Y137.764 E.04113
G1 X126.745 Y122.469 E.61656
G2 X126.743 Y121.028 I-8.235 J-.707 E.04111
G1 X110.007 Y137.764 E.67462
G1 X108.565 Y137.764 E.04113
M73 P36 R21
G1 X126.064 Y120.265 E.70539
G2 X124.63 Y120.255 I-.771 J8.189 E.04091
G1 X107.122 Y137.764 E.70577
G1 X105.679 Y137.764 E.04113
G1 X123.187 Y120.255 E.70577
G1 X121.745 Y120.255 E.04112
G1 X104.236 Y137.764 E.70577
G1 X102.793 Y137.764 E.04113
G1 X120.302 Y120.255 E.70578
G1 X118.859 Y120.255 E.04112
G1 X101.35 Y137.764 E.70578
G1 X99.908 Y137.764 E.04113
G1 X117.416 Y120.255 E.70578
G1 X115.973 Y120.255 E.04112
G1 X98.465 Y137.764 E.70578
G1 X97.022 Y137.764 E.04113
G1 X114.531 Y120.255 E.70578
G1 X113.088 Y120.255 E.04112
G1 X95.598 Y137.745 E.70504
G1 X94.155 Y137.745 E.04113
G1 X111.645 Y120.255 E.70504
G1 X110.202 Y120.255 E.04112
G1 X92.712 Y137.745 E.70504
G1 X91.269 Y137.745 E.04113
G1 X108.76 Y120.255 E.70504
G1 X107.317 Y120.255 E.04112
G1 X89.849 Y137.723 E.70415
G3 X89.255 Y136.874 I.173 J-.754 E.03236
G1 X105.874 Y120.255 E.66993
G1 X104.431 Y120.255 E.04112
G1 X89.255 Y135.432 E.61177
G1 X89.255 Y133.989 E.04113
G1 X102.988 Y120.255 E.55361
G1 X101.546 Y120.255 E.04112
G1 X89.255 Y132.546 E.49546
G1 X89.255 Y131.103 E.04113
G1 X100.103 Y120.255 E.4373
G1 X98.66 Y120.255 E.04112
G1 X89.255 Y129.66 E.37914
G1 X89.255 Y128.217 E.04113
G1 X97.217 Y120.255 E.32098
G1 X95.775 Y120.255 E.04112
G1 X89.255 Y126.775 E.26282
G1 X89.255 Y125.332 E.04113
G1 X94.332 Y120.255 E.20466
G1 X92.889 Y120.255 E.04112
G1 X89.255 Y123.889 E.1465
G1 X89.255 Y122.446 E.04113
G1 X91.446 Y120.255 E.08834
G2 X89.998 Y120.26 I-.696 J8.274 E.04132
G1 X89.094 Y121.164 E.03646
G1 E-.5 F900
G1 Z.6 F30000
G1 X99.506 Y148.619 Z.6
G1 Z.4
G1 E.5 F900
SET_VELOCITY_LIMIT ACCEL=2000 ACCEL_TO_DECEL=1000
;TYPE:Top surface
;WIDTH:0.481271
G1 F8220
G1 X98.848 Y147.961 E.03253
G3 X98.499 Y146.992 I1.161 J-.966 E.0368
G1 X100.008 Y148.501 E.07469
G1 X100.629 Y148.502 E.02173
G1 X98.498 Y146.371 E.10548
G1 X98.498 Y145.751 E.02169
G1 X101.249 Y148.502 E.13616
G1 X101.869 Y148.502 E.02169
G1 X98.498 Y145.131 E.16683
G1 X98.498 Y144.511 E.02169
G1 X102.489 Y148.502 E.19751
G1 X103.109 Y148.502 E.02169
G1 X98.498 Y143.891 E.22819
G1 X98.498 Y143.271 E.02169
G1 X103.729 Y148.502 E.25886
G1 X104.349 Y148.502 E.02169
G1 X98.498 Y142.651 E.28954
G1 X98.498 Y142.031 E.02169
G1 X104.969 Y148.502 E.32022
G1 X105.589 Y148.502 E.02169
G1 X98.498 Y141.411 E.35089
G2 X98.48 Y140.773 I-3.654 J-.217 E.02236
G1 X106.209 Y148.502 E.38246
G1 X106.829 Y148.502 E.02169
G1 X98.242 Y139.916 E.42491
G1 X98.165 Y139.75 E.00639
G2 X97.26 Y138.842 I-2.376 J1.464 E.04526
G1 X97.286 Y138.759 E.00304
G1 X97.706 Y138.759 E.01468
G1 X107.448 Y148.502 E.48213
G1 X108.068 Y148.502 E.02169
G1 X98.325 Y138.759 E.48213
G1 X98.945 Y138.759 E.02169
G1 X108.688 Y148.502 E.48213
G1 X109.308 Y148.502 E.02169
G1 X104.845 Y144.039 E.22084
G1 X105.465 Y144.039 E.02169
G1 X109.928 Y148.502 E.22084
G1 X110.548 Y148.502 E.02169
G1 X106.085 Y144.039 E.22084
G1 X106.705 Y144.039 E.02169
G1 X108.666 Y146 E.09702
G1 X109.721 Y147.498 E.0641
G1 X110.164 Y147.498 E.0155
G1 X111.168 Y148.502 E.0497
G1 X111.788 Y148.502 E.02169
G1 X110.784 Y147.498 E.0497
G1 X111.078 Y147.498 E.01031
G1 X111.078 Y147.173 E.01138
G1 X112.408 Y148.502 E.06579
G1 X113.028 Y148.502 E.02169
G1 X111.078 Y146.553 E.09647
G1 X111.078 Y145.933 E.02169
G1 X113.648 Y148.502 E.12715
G1 X114.268 Y148.502 E.02169
G1 X111.078 Y145.313 E.15782
G1 X111.078 Y144.693 E.02169
G1 X114.888 Y148.502 E.1885
G1 X115.507 Y148.502 E.02169
G1 X111.078 Y144.073 E.21918
G1 X111.078 Y143.61 E.01621
G1 X111.235 Y143.61 E.00548
G1 X116.115 Y148.49 E.24151
G2 X116.61 Y148.365 I-.117 J-1.5 E.01794
G1 X111.855 Y143.61 E.2353
G1 X111.889 Y143.61 E.00119
G1 X111.889 Y143.024 E.02051
G1 X116.989 Y148.124 E.25241
G2 X117.273 Y147.788 I-.812 J-.972 E.01547
G1 X111.889 Y142.404 E.26644
G1 X111.889 Y141.939 E.01627
G1 X111.424 Y141.939 E.01627
G1 X110.882 Y141.397 E.02683
SET_VELOCITY_LIMIT ACCEL=10000 ACCEL_TO_DECEL=5000
G1 E-.5 F900
G1 Z.6 F30000
G1 X104.308 Y143.502 Z.6
G1 Z.4
G1 E.5 F900
SET_VELOCITY_LIMIT ACCEL=2000 ACCEL_TO_DECEL=1000
G1 F8220
G1 X99.565 Y138.759 E.23469
G1 X100.185 Y138.759 E.02169
G1 X104.111 Y142.685 E.19428
G1 X104.111 Y142.303 E.01338
G1 X104.349 Y142.303 E.00831
G1 X100.805 Y138.759 E.17536
G1 X101.425 Y138.759 E.02169
G1 X104.969 Y142.303 E.17536
G1 X105.589 Y142.303 E.02169
G1 X102.045 Y138.759 E.17536
G1 X102.665 Y138.759 E.02169
G1 X106.209 Y142.303 E.17536
G1 X106.743 Y142.303 E.0187
G1 X106.743 Y142.217 E.003
G1 X103.285 Y138.759 E.17113
G1 X103.905 Y138.759 E.02169
G1 X107.084 Y141.939 E.15734
G1 X107.704 Y141.939 E.02169
G1 X104.525 Y138.759 E.15734
G1 X105.145 Y138.759 E.02169
G1 X108.324 Y141.939 E.15734
G1 X108.944 Y141.939 E.02169
G1 X105.765 Y138.759 E.15734
G1 X106.384 Y138.759 E.02169
G1 X109.346 Y141.721 E.14655
G1 X109.346 Y141.101 E.02169
G1 X107.004 Y138.759 E.11588
G1 X107.624 Y138.759 E.02169
G1 X109.367 Y140.502 E.08625
G1 X109.987 Y140.502 E.02169
G1 X108.244 Y138.759 E.08625
G1 X108.864 Y138.759 E.02169
G1 X110.607 Y140.502 E.08625
G1 X111.078 Y140.502 E.01649
G1 X111.078 Y140.973 E.01649
G1 X117.454 Y147.349 E.31549
G2 X117.502 Y146.777 I-2.353 J-.487 E.02012
G1 X109.484 Y138.759 E.39678
G1 X110.104 Y138.759 E.02169
G1 X117.502 Y146.158 E.3661
G1 X117.502 Y145.538 E.02169
G1 X110.724 Y138.759 E.33542
G1 X111.344 Y138.759 E.02169
G1 X117.502 Y144.918 E.30475
G1 X117.502 Y144.298 E.02169
G1 X111.964 Y138.759 E.27407
G1 X112.584 Y138.759 E.02169
G1 X117.502 Y143.678 E.24339
G1 X117.502 Y143.058 E.02169
G1 X113.204 Y138.759 E.21272
G1 X113.823 Y138.759 E.02169
G1 X117.502 Y142.438 E.18204
G1 X117.502 Y141.818 E.02169
G1 X114.443 Y138.759 E.15136
G1 X115.063 Y138.759 E.02169
G1 X117.502 Y141.198 E.12069
G3 X117.534 Y140.61 I3.375 J-.11 E.02062
G1 X115.683 Y138.759 E.0916
G1 X116.303 Y138.759 E.02169
G1 X117.663 Y140.119 E.0673
G1 X117.868 Y139.704 E.0162
G1 X116.923 Y138.759 E.04674
G1 X117.543 Y138.759 E.02169
G1 X118.131 Y139.347 E.0291
G1 X118.449 Y139.046 E.01534
G1 X117.966 Y138.563 E.02391
SET_VELOCITY_LIMIT ACCEL=10000 ACCEL_TO_DECEL=5000
G1 E-.5 F900
G1 Z.6 F30000
G1 X109.494 Y144.962 Z.6
G1 Z.4
G1 E.5 F900
SET_VELOCITY_LIMIT ACCEL=5000 ACCEL_TO_DECEL=2500
;TYPE:Outer wall
;WIDTH:0.4
G1 F10501.858
G1 X108.348 Y143.312 E.05727
G1 X109.644 Y143.312 E.03695
G1 X109.644 Y144.915 E.0457
G1 X109.532 Y144.95 E.00335
; stop printing object flowrate_m4 id:0 copy 0
; printing object flowrate_m9 id:0 copy 0
SET_VELOCITY_LIMIT ACCEL=10000 ACCEL_TO_DECEL=5000
G1 E-.5 F900
G1 Z.6 F30000
G1 X107.333 Y110.566 Z.6
G1 Z.4
G1 E.5 F900
SET_VELOCITY_LIMIT ACCEL=5000 ACCEL_TO_DECEL=2500
G1 F11078.884
G1 X108.438 Y110.668 E.02999
G3 X108.662 Y110.003 I1.663 J.189 E.01911
G3 X109.278 Y109.704 I.584 J.419 E.01929
G3 X110.199 Y110.329 I-.006 J1 E.0319
G3 X110.467 Y111.278 I-3.648 J1.541 E.02671
G2 X107.584 Y111.785 I-1.226 J1.479 E.08993
G2 X107.298 Y112.582 I1.528 J.997 E.02306
G2 X107.486 Y114.059 I2.574 J.423 E.04081
G2 X107.856 Y114.607 I3.087 J-1.684 E.01788
G2 X108.739 Y115.14 I1.616 J-1.681 E.02811
G2 X111.012 Y114.443 I.598 J-2.106 E.06789
G2 X111.473 Y113.447 I-2.027 J-1.542 E.02989
G2 X111.609 Y112.123 I-5.365 J-1.221 E.03606
G2 X111.349 Y110.225 I-6.371 J-.093 E.05195
G2 X110.535 Y109.091 I-2.435 J.888 E.03818
G2 X109.088 Y108.711 I-1.264 J1.868 E.04121
G2 X107.445 Y110.025 I.045 J1.74 E.06103
G1 X107.341 Y110.527 E.01386
SET_VELOCITY_LIMIT ACCEL=10000 ACCEL_TO_DECEL=5000
G1 E-.5 F900
G1 Z.6 F30000
G1 X104.391 Y111.742 Z.6
G1 Z.4
G1 E.5 F900
SET_VELOCITY_LIMIT ACCEL=5000 ACCEL_TO_DECEL=2500
G1 F11078.884
G1 X107.054 Y111.742 E.07196
G1 X107.054 Y110.601 E.03082
G1 X104.391 Y110.601 E.07196
G1 X104.391 Y111.702 E.02974
SET_VELOCITY_LIMIT ACCEL=10000 ACCEL_TO_DECEL=5000
G1 E-.5 F900
G1 Z.6 F30000
G1 X126.181 Y106.024 Z.6
G1 Z.4
G1 E.5 F900
;TYPE:Inner wall
G1 F11078.884
G3 X125.958 Y106.043 I-.2 J-1.043 E.00604
G1 X119.958 Y106.043 E.16211
G1 X119.746 Y106.061 E.00575
G1 X96.254 Y106.061 E.63475
G1 X96.042 Y106.043 E.00575
G1 X90.042 Y106.043 E.16211
G3 X88.957 Y104.958 I-.023 J-1.062 E.04631
G1 X88.957 Y89.042 E.43005
G3 X90.042 Y87.957 I1.062 J-.023 E.04631
G1 X125.969 Y87.958 E.97071
G3 X127.043 Y89.042 I.014 J1.06 E.04602
G1 X127.043 Y104.958 E.43005
G3 X126.22 Y106.016 I-1.062 J.023 E.03919
G1 X126.243 Y106.376 F30000
G1 F11078.884
G3 X125.974 Y106.4 I-.261 J-1.394 E.0073
G1 X119.974 Y106.4 E.16211
G1 X119.762 Y106.419 E.00575
G1 X96.238 Y106.419 E.63559
G1 X96.026 Y106.4 E.00575
G1 X90.026 Y106.4 E.16211
G3 X88.6 Y104.974 I-.008 J-1.418 E.06062
G1 X88.6 Y89.026 E.43089
G3 X90.026 Y87.6 I1.418 J-.008 E.06062
G1 X126 Y87.602 E.97197
G3 X127.4 Y89.026 I-.014 J1.415 E.0599
G1 X127.4 Y104.974 E.43089
G3 X126.282 Y106.368 I-1.418 J.008 E.05224
SET_VELOCITY_LIMIT ACCEL=5000 ACCEL_TO_DECEL=2500
G1 X126.312 Y106.771 F30000
;TYPE:Outer wall
G1 F11078.884
G3 X125.991 Y106.8 I-.322 J-1.781 E.00872
G1 X119.991 Y106.8 E.16211
G2 X117.8 Y108.991 I.028 J2.219 E.09269
G1 X117.8 Y114.991 E.16211
G3 X115.991 Y116.8 I-1.818 J-.01 E.07665
G1 X100.009 Y116.8 E.43183
G3 X98.2 Y114.991 I.01 J-1.818 E.07665
G1 X98.2 Y108.991 E.16211
G2 X96.009 Y106.8 I-2.219 J.028 E.09269
G1 X90.009 Y106.8 E.16211
G3 X88.2 Y104.991 I.01 J-1.818 E.07665
G1 X88.2 Y89.009 E.43183
G3 X90.009 Y87.2 I1.813 J.004 E.07672
G1 X126.035 Y87.204 E.97339
G3 X127.8 Y89.009 I-.048 J1.812 E.07546
G1 X127.8 Y104.991 E.43183
G3 X126.352 Y106.764 I-1.81 J-.001 E.06696
SET_VELOCITY_LIMIT ACCEL=10000 ACCEL_TO_DECEL=5000
G1 E-.5 F900
G1 Z.6 F30000
G1 X125.736 Y105.906 Z.6
G1 Z.4
G1 E.5 F900
;TYPE:Sparse infill
G1 F11078.884
G1 X126.745 Y104.897 E.03856
G1 X126.745 Y103.454 E.03898
G1 X124.454 Y105.745 E.08755
G1 X123.011 Y105.745 E.03898
G1 X126.745 Y102.011 E.14269
G1 X126.745 Y100.568 E.03898
G1 X121.568 Y105.745 E.19782
G1 X120.126 Y105.745 E.03898
G1 X126.745 Y99.126 E.25295
G1 X126.745 Y97.683 E.03898
G1 X118.664 Y105.764 E.30879
G1 X117.221 Y105.764 E.03898
G1 X126.745 Y96.24 E.36392
G1 X126.745 Y94.797 E.03898
G1 X115.779 Y105.764 E.41905
G1 X114.336 Y105.764 E.03898
G1 X126.745 Y93.354 E.47418
G1 X126.745 Y91.912 E.03898
G1 X112.893 Y105.764 E.52931
G1 X111.45 Y105.764 E.03898
G1 X126.745 Y90.469 E.58444
G2 X126.743 Y89.028 I-8.234 J-.707 E.03897
G1 X110.007 Y105.764 E.63949
G1 X108.565 Y105.764 E.03898
G1 X126.064 Y88.265 E.66865
G2 X124.63 Y88.255 I-.771 J8.19 E.03878
G1 X107.122 Y105.764 E.66901
G1 X105.679 Y105.764 E.03898
G1 X123.187 Y88.255 E.66901
G1 X121.745 Y88.255 E.03898
G1 X104.236 Y105.764 E.66901
G1 X102.793 Y105.764 E.03898
G1 X120.302 Y88.255 E.66902
G1 X118.859 Y88.255 E.03898
G1 X101.35 Y105.764 E.66902
G1 X99.908 Y105.764 E.03898
G1 X117.416 Y88.255 E.66902
G1 X115.973 Y88.255 E.03898
G1 X98.465 Y105.764 E.66902
G1 X97.022 Y105.764 E.03898
G1 X114.531 Y88.255 E.66902
G1 X113.088 Y88.255 E.03898
G1 X95.598 Y105.745 E.66831
G1 X94.155 Y105.745 E.03898
G1 X111.645 Y88.255 E.66832
G1 X110.202 Y88.255 E.03898
G1 X92.712 Y105.745 E.66832
G1 X91.269 Y105.745 E.03898
G1 X108.76 Y88.255 E.66832
G1 X107.317 Y88.255 E.03898
M73 P37 R21
G1 X89.849 Y105.723 E.66747
G3 X89.255 Y104.874 I.173 J-.754 E.03067
G1 X105.874 Y88.255 E.63504
G1 X104.431 Y88.255 E.03898
G1 X89.255 Y103.432 E.57991
G1 X89.255 Y101.989 E.03898
G1 X102.988 Y88.255 E.52478
G1 X101.546 Y88.255 E.03898
G1 X89.255 Y100.546 E.46965
G1 X89.255 Y99.103 E.03898
G1 X100.103 Y88.255 E.41452
G1 X98.66 Y88.255 E.03898
G1 X89.255 Y97.66 E.35939
G1 X89.255 Y96.217 E.03898
G1 X97.217 Y88.255 E.30426
G1 X95.775 Y88.255 E.03898
G1 X89.255 Y94.775 E.24913
G1 X89.255 Y93.332 E.03898
G1 X94.332 Y88.255 E.194
G1 X92.889 Y88.255 E.03898
G1 X89.255 Y91.889 E.13887
G1 X89.255 Y90.446 E.03898
G1 X91.446 Y88.255 E.08374
G2 X89.998 Y88.26 I-.696 J8.275 E.03917
G1 X89.094 Y89.164 E.03456
G1 E-.5 F900
G1 Z.6 F30000
G1 X107.444 Y111.633 Z.6
G1 Z.4
G1 E.5 F900
;TYPE:Gap infill
;WIDTH:0.120905
G1 F15000
G1 X107.254 Y111.701 E.00119
G1 E-.5 F900
G1 Z.6 F30000
G1 X99.506 Y116.619 Z.6
G1 Z.4
G1 E.5 F900
SET_VELOCITY_LIMIT ACCEL=2000 ACCEL_TO_DECEL=1000
;TYPE:Top surface
;WIDTH:0.481271
G1 F8220
G1 X98.848 Y115.961 E.03084
G3 X98.499 Y114.992 I1.161 J-.966 E.03488
G1 X100.008 Y116.501 E.0708
G1 X100.629 Y116.502 E.0206
G1 X98.498 Y114.371 E.09999
G1 X98.498 Y113.751 E.02056
G1 X101.249 Y116.502 E.12906
G1 X101.869 Y116.502 E.02056
G1 X98.498 Y113.131 E.15814
G1 X98.498 Y112.511 E.02056
G1 X102.489 Y116.502 E.18722
G1 X103.109 Y116.502 E.02056
G1 X98.498 Y111.891 E.2163
G1 X98.498 Y111.271 E.02056
G1 X103.729 Y116.502 E.24538
G1 X104.349 Y116.502 E.02056
G1 X98.498 Y110.651 E.27446
G1 X98.498 Y110.031 E.02056
G1 X104.969 Y116.502 E.30354
G1 X105.589 Y116.502 E.02056
G1 X98.498 Y109.411 E.33262
G2 X98.48 Y108.773 I-3.654 J-.217 E.02119
G1 X106.209 Y116.502 E.36254
G1 X106.829 Y116.502 E.02056
G1 X98.242 Y107.916 E.40278
G1 X98.165 Y107.75 E.00605
G2 X97.26 Y106.842 I-2.376 J1.463 E.0429
G1 X97.286 Y106.759 E.00288
G1 X97.706 Y106.759 E.01392
G1 X107.448 Y116.502 E.45702
G1 X108.068 Y116.502 E.02056
G1 X98.325 Y106.759 E.45702
G1 X98.945 Y106.759 E.02056
G1 X108.688 Y116.502 E.45702
G1 X109.308 Y116.502 E.02056
G1 X104.845 Y112.039 E.20934
G1 X105.465 Y112.039 E.02056
G1 X107.027 Y113.601 E.07327
G2 X107.348 Y114.411 I2.006 J-.325 E.02911
G1 X107.638 Y114.814 E.01646
G2 X108.663 Y115.428 I1.859 J-1.94 E.03997
G2 X108.902 Y115.476 I.38 J-1.264 E.00811
G1 X110.125 Y116.699 E.05735
SET_VELOCITY_LIMIT ACCEL=10000 ACCEL_TO_DECEL=5000
G1 E-.5 F900
G1 Z.6 F30000
G1 X109.371 Y115.325 Z.6
G1 Z.4
G1 E.5 F900
SET_VELOCITY_LIMIT ACCEL=2000 ACCEL_TO_DECEL=1000
G1 F8220
G1 X110.548 Y116.502 E.05522
G1 X111.168 Y116.502 E.02056
G1 X110.08 Y115.414 E.05104
G2 X110.511 Y115.225 I-.648 J-2.064 E.01564
G1 X111.788 Y116.502 E.0599
G1 X112.408 Y116.502 E.02056
G1 X110.882 Y114.977 E.07155
G2 X111.201 Y114.676 I-1.162 J-1.549 E.01458
G1 X113.028 Y116.502 E.08568
G1 X113.648 Y116.502 E.02056
G1 X111.457 Y114.311 E.10276
G1 X111.621 Y113.999 E.01171
G1 X111.654 Y113.888 E.00382
G1 X114.268 Y116.502 E.12261
G1 X114.888 Y116.502 E.02056
G1 X111.787 Y113.401 E.14546
G2 X111.874 Y112.868 I-2.19 J-.632 E.01795
G1 X115.507 Y116.502 E.17045
G2 X116.115 Y116.49 I.235 J-3.48 E.02019
G1 X111.904 Y112.279 E.19755
G2 X111.896 Y111.651 I-7.272 J-.226 E.02082
G1 X116.61 Y116.365 E.22109
G2 X116.989 Y116.124 I-.718 J-1.553 E.01494
G1 X111.578 Y110.713 E.25382
SET_VELOCITY_LIMIT ACCEL=10000 ACCEL_TO_DECEL=5000
G1 E-.5 F900
G1 Z.6 F30000
G1 X109.129 Y110.744 Z.6
G1 Z.4
G1 E.5 F900
SET_VELOCITY_LIMIT ACCEL=2000 ACCEL_TO_DECEL=1000
G1 F8220
G1 X108.801 Y110.416 E.01539
G3 X109.053 Y110.048 I.532 J.093 E.01525
G1 X109.832 Y110.827 E.03655
SET_VELOCITY_LIMIT ACCEL=10000 ACCEL_TO_DECEL=5000
G1 E-.5 F900
G1 Z.6 F30000
G1 X107.556 Y111.65 Z.6
G1 Z.4
G1 E.5 F900
SET_VELOCITY_LIMIT ACCEL=2000 ACCEL_TO_DECEL=1000
G1 F8220
G1 X107.352 Y111.446 E.00957
G1 X107.352 Y110.867 E.01922
G1 X107.396 Y110.871 E.00149
G1 X107.832 Y111.306 E.02041
SET_VELOCITY_LIMIT ACCEL=10000 ACCEL_TO_DECEL=5000
G1 E-.5 F900
G1 Z.6 F30000
G1 X105.889 Y111.843 Z.6
G1 Z.4
G1 E.5 F900
SET_VELOCITY_LIMIT ACCEL=2000 ACCEL_TO_DECEL=1000
G1 F8220
G1 X106.971 Y112.925 E.05075
G3 X107.033 Y112.367 I3.325 J.089 E.01864
G1 X106.509 Y111.843 E.02459
SET_VELOCITY_LIMIT ACCEL=10000 ACCEL_TO_DECEL=5000
G1 E-.5 F900
G1 Z.6 F30000
G1 X104.29 Y111.484 Z.6
G1 Z.4
G1 E.5 F900
SET_VELOCITY_LIMIT ACCEL=2000 ACCEL_TO_DECEL=1000
G1 F8220
G1 X99.565 Y106.759 E.22161
G1 X100.185 Y106.759 E.02056
G1 X104.093 Y110.667 E.1833
G1 X104.093 Y110.303 E.01207
G1 X104.349 Y110.303 E.00849
G1 X100.805 Y106.759 E.16623
G1 X101.425 Y106.759 E.02056
G1 X104.969 Y110.303 E.16623
G1 X105.589 Y110.303 E.02056
G1 X102.045 Y106.759 E.16623
G1 X102.665 Y106.759 E.02056
G1 X106.209 Y110.303 E.16623
G1 X106.829 Y110.303 E.02056
G1 X103.285 Y106.759 E.16623
G1 X103.905 Y106.759 E.02056
G1 X107.146 Y110.001 E.15205
G3 X107.307 Y109.541 I3.675 J1.024 E.01616
G1 X104.525 Y106.759 E.13049
G1 X105.145 Y106.759 E.02056
G1 X107.555 Y109.17 E.11309
G1 X107.779 Y108.911 E.01134
G1 X107.862 Y108.856 E.0033
G1 X105.765 Y106.759 E.09837
G1 X106.384 Y106.759 E.02056
G1 X108.245 Y108.619 E.08725
G3 X108.709 Y108.464 I.735 J1.43 E.01632
G1 X107.004 Y106.759 E.07998
G1 X107.624 Y106.759 E.02056
G1 X109.478 Y108.613 E.08698
SET_VELOCITY_LIMIT ACCEL=10000 ACCEL_TO_DECEL=5000
G1 E-.5 F900
G1 Z.6 F30000
G1 X108.048 Y106.563 Z.6
G1 Z.4
G1 E.5 F900
SET_VELOCITY_LIMIT ACCEL=2000 ACCEL_TO_DECEL=1000
G1 F8220
G1 X109.983 Y108.498 E.09078
G1 X110.014 Y108.504 E.00107
G3 X110.712 Y108.849 I-1.071 J3.045 E.02586
G3 X111.638 Y110.153 I-1.763 J2.233 E.05378
G1 X117.273 Y115.788 E.26432
G2 X117.454 Y115.349 I-1.422 J-.843 E.0158
G1 X108.864 Y106.759 E.40292
G1 X109.484 Y106.759 E.02056
G1 X117.502 Y114.777 E.37611
G1 X117.502 Y114.158 E.02056
G1 X110.104 Y106.759 E.34703
G1 X110.724 Y106.759 E.02056
G1 X117.502 Y113.538 E.31795
G1 X117.502 Y112.918 E.02056
G1 X111.344 Y106.759 E.28888
G1 X111.964 Y106.759 E.02056
G1 X117.502 Y112.298 E.2598
G1 X117.502 Y111.678 E.02056
G1 X112.584 Y106.759 E.23072
G1 X113.204 Y106.759 E.02056
G1 X117.502 Y111.058 E.20164
G1 X117.502 Y110.438 E.02056
G1 X113.823 Y106.759 E.17256
G1 X114.443 Y106.759 E.02056
G1 X117.502 Y109.818 E.14348
G1 X117.502 Y109.198 E.02056
G1 X115.063 Y106.759 E.1144
G1 X115.683 Y106.759 E.02056
G1 X117.534 Y108.61 E.08683
G1 X117.663 Y108.119 E.01684
G1 X116.303 Y106.759 E.06379
G1 X116.923 Y106.759 E.02056
G1 X117.868 Y107.704 E.04431
G1 X118.131 Y107.347 E.0147
G1 X117.543 Y106.759 E.02758
G1 X118.163 Y106.759 E.02056
G1 X118.591 Y107.187 E.02006
SET_VELOCITY_LIMIT ACCEL=10000 ACCEL_TO_DECEL=5000
G1 E-.5 F900
G1 Z.6 F30000
G1 X109.799 Y114.126 Z.6
G1 Z.4
G1 E.5 F900
SET_VELOCITY_LIMIT ACCEL=5000 ACCEL_TO_DECEL=2500
;TYPE:Outer wall
;WIDTH:0.4
G1 F11078.884
G3 X108.737 Y113.881 I-.367 J-.834 E.03158
G3 X108.49 Y112.543 I1.129 J-.9 E.03829
G3 X109.517 Y111.897 I.924 J.331 E.03533
G3 X110.235 Y112.366 I-.064 J.883 E.0242
G3 X110.39 Y113.035 I-1.258 J.644 E.01875
G3 X109.957 Y114.037 I-1.242 J.058 E.03053
G3 X109.836 Y114.109 I-.525 J-.745 E.00382
SET_VELOCITY_LIMIT ACCEL=10000 ACCEL_TO_DECEL=5000
G1 E-.5 F900
G1 Z.6 F30000
G1 X108.544 Y113.219 Z.6
G1 Z.4
G1 E.5 F900
SET_VELOCITY_LIMIT ACCEL=2000 ACCEL_TO_DECEL=1000
;TYPE:Top surface
;WIDTH:0.546948
G1 F7848.856
G1 X109.172 Y113.847 E.03385
G2 X109.809 Y113.771 I.261 J-.52 E.02591
G1 X108.755 Y112.717 E.05683
G3 X109.047 Y112.296 I.721 J.189 E.01994
G1 X110.062 Y113.312 E.05476
G2 X109.973 Y112.51 I-1.172 J-.276 E.03138
G1 X109.455 Y111.992 E.02794
; stop printing object flowrate_m9 id:0 copy 0
;LAYER_CHANGE
;Z:0.6
;HEIGHT:0.2
;BEFORE_LAYER_CHANGE
;0.6
G92 E0

G1 E-.5 F900
;AFTER_LAYER_CHANGE
;0.6
SET_PRINT_STATS_INFO CURRENT_LAYER=3
;_SET_FAN_SPEED_CHANGING_LAYER
; printing object flowrate_m3 id:0 copy 0
SET_VELOCITY_LIMIT ACCEL=10000 ACCEL_TO_DECEL=5000
G1 Z.8 F30000
G1 X210.181 Y170.024 Z.8
G1 Z.6
G1 E.5 F900
;TYPE:Inner wall
;WIDTH:0.4
G1 F10393.592
G3 X209.958 Y170.043 I-.2 J-1.043 E.00644
G1 X174.042 Y170.043 E1.03441
G3 X172.957 Y168.958 I-.023 J-1.062 E.04936
G1 X172.957 Y153.042 E.4584
G3 X174.042 Y151.957 I1.062 J-.023 E.04936
G1 X210.003 Y151.961 E1.03572
G3 X211.043 Y153.042 I-.015 J1.055 E.04803
G1 X211.043 Y168.958 E.4584
G3 X210.22 Y170.016 I-1.062 J.023 E.04177
G1 X210.243 Y170.376 F30000
G1 F10393.592
G3 X209.974 Y170.4 I-.261 J-1.394 E.00778
G1 X174.026 Y170.4 E1.03531
G3 X172.6 Y168.974 I-.008 J-1.418 E.06462
G1 X172.6 Y153.026 E.4593
G3 X174.026 Y151.6 I1.418 J-.008 E.06462
G1 X210.035 Y151.605 E1.03706
G3 X211.4 Y153.026 I-.045 J1.41 E.06283
G1 X211.4 Y168.974 E.4593
G3 X210.282 Y170.368 I-1.418 J.008 E.05568
SET_VELOCITY_LIMIT ACCEL=5000 ACCEL_TO_DECEL=2500
G1 X210.312 Y170.77 F30000
;TYPE:Outer wall
G1 F10393.592
G3 X209.991 Y170.8 I-.33 J-1.788 E.00929
G1 X174.009 Y170.8 E1.03632
G3 X172.2 Y168.991 I.01 J-1.818 E.08171
G1 X172.2 Y153.009 E.46031
G3 X174.009 Y151.2 I1.818 J.01 E.08171
G1 X210.069 Y151.207 E1.03857
G3 X211.8 Y153.009 I-.079 J1.808 E.07942
G1 X211.8 Y168.991 E.46031
G3 X210.351 Y170.762 I-1.818 J-.01 E.07127
SET_VELOCITY_LIMIT ACCEL=10000 ACCEL_TO_DECEL=5000
G1 E-.5 F900
G1 Z.8 F30000
G1 X210.906 Y153.164 Z.8
G1 Z.6
G1 E.5 F900
;TYPE:Sparse infill
G1 F10393.592
G1 X210.002 Y152.26 E.03684
G2 X208.558 Y152.258 I-.728 J8.262 E.04164
G1 X210.745 Y154.446 E.08911
G1 X210.745 Y155.889 E.04155
G1 X207.115 Y152.258 E.14788
G1 X205.672 Y152.258 E.04156
G1 X210.745 Y157.332 E.20666
G1 X210.745 Y158.775 E.04155
G1 X204.229 Y152.258 E.26543
G1 X202.786 Y152.258 E.04156
G1 X210.745 Y160.217 E.3242
G1 X210.745 Y161.66 E.04155
G1 X201.343 Y152.258 E.38297
G1 X199.9 Y152.257 E.04156
G1 X210.745 Y163.103 E.44175
G1 X210.745 Y164.546 E.04155
G1 X198.457 Y152.257 E.50052
G1 X197.014 Y152.257 E.04156
G1 X210.745 Y165.989 E.55929
G1 X210.745 Y167.432 E.04155
G1 X195.571 Y152.257 E.61806
G1 X194.128 Y152.257 E.04156
G1 X210.745 Y168.874 E.67684
G3 X210.151 Y169.723 I-.767 J.095 E.0327
G1 X192.685 Y152.257 E.71142
G1 X191.242 Y152.256 E.04156
G1 X208.731 Y169.745 E.71233
G1 X207.288 Y169.745 E.04155
G1 X189.799 Y152.256 E.71233
G1 X188.356 Y152.256 E.04156
M73 P37 R20
G1 X205.845 Y169.745 E.71234
G1 X204.402 Y169.745 E.04155
G1 X186.913 Y152.256 E.71235
G1 X185.47 Y152.256 E.04156
G1 X202.96 Y169.745 E.71235
G1 X201.517 Y169.745 E.04155
G1 X184.027 Y152.256 E.71236
G1 X182.584 Y152.256 E.04156
G1 X200.074 Y169.745 E.71236
G1 X198.631 Y169.745 E.04155
G1 X181.141 Y152.255 E.71237
G1 X179.698 Y152.255 E.04156
G1 X197.188 Y169.745 E.71238
G1 X195.745 Y169.745 E.04155
G1 X178.255 Y152.255 E.71238
G1 X176.812 Y152.255 E.04156
G1 X194.303 Y169.745 E.71239
G1 X192.86 Y169.745 E.04155
G1 X175.369 Y152.255 E.7124
G2 X173.936 Y152.265 I-.658 J8.183 E.04131
G1 X191.417 Y169.745 E.71198
G1 X189.974 Y169.745 E.04155
G1 X173.257 Y153.028 E.68089
G2 X173.255 Y154.469 I8.235 J.734 E.04154
G1 X188.531 Y169.745 E.62222
G1 X187.088 Y169.745 E.04155
G1 X173.255 Y155.912 E.56346
G1 X173.255 Y157.354 E.04155
G1 X185.646 Y169.745 E.50469
G1 X184.203 Y169.745 E.04155
G1 X173.255 Y158.797 E.44592
G1 X173.255 Y160.24 E.04155
G1 X182.76 Y169.745 E.38716
G1 X181.317 Y169.745 E.04155
G1 X173.255 Y161.683 E.32839
G1 X173.255 Y163.126 E.04155
G1 X179.874 Y169.745 E.26963
G1 X178.432 Y169.745 E.04155
G1 X173.255 Y164.568 E.21086
G1 X173.255 Y166.011 E.04155
G1 X176.989 Y169.745 E.15209
G1 X175.546 Y169.745 E.04155
G1 X173.255 Y167.454 E.09333
G1 X173.255 Y168.897 E.04155
G1 X174.264 Y169.906 E.04111
; stop printing object flowrate_m3 id:0 copy 0
; printing object flowrate_m6 id:403726925917 copy 0
G1 E-.5 F900
G1 Z.8 F30000
G1 X210.181 Y138.024 Z.8
G1 Z.6
G1 E.5 F900
;TYPE:Inner wall
G1 F10725.302
G3 X209.958 Y138.043 I-.2 J-1.043 E.00624
G1 X174.042 Y138.043 E1.00242
G3 X172.957 Y136.958 I-.023 J-1.062 E.04784
M73 P38 R20
G1 X172.957 Y121.042 E.44423
G3 X174.042 Y119.957 I1.062 J-.023 E.04784
G1 X210.003 Y119.961 E1.00368
G3 X211.043 Y121.042 I-.015 J1.055 E.04655
G1 X211.043 Y136.958 E.44422
G3 X210.22 Y138.016 I-1.062 J.023 E.04048
G1 X210.243 Y138.376 F30000
G1 F10725.302
G3 X209.974 Y138.4 I-.261 J-1.394 E.00754
G1 X174.026 Y138.4 E1.00329
G3 X172.6 Y136.974 I-.008 J-1.418 E.06262
G1 X172.6 Y121.026 E.4451
G3 X174.026 Y119.6 I1.418 J-.008 E.06262
G1 X210.035 Y119.605 E1.00499
G3 X211.4 Y121.026 I-.045 J1.41 E.06089
G1 X211.4 Y136.974 E.44509
G3 X210.282 Y138.368 I-1.418 J.008 E.05396
SET_VELOCITY_LIMIT ACCEL=5000 ACCEL_TO_DECEL=2500
G1 X210.312 Y138.77 F30000
;TYPE:Outer wall
G1 F10725.302
G3 X209.991 Y138.8 I-.33 J-1.788 E.009
G1 X174.009 Y138.8 E1.00427
G3 X172.2 Y136.991 I.01 J-1.818 E.07918
G1 X172.2 Y121.009 E.44607
G3 X174.009 Y119.2 I1.818 J.01 E.07918
G1 X210.069 Y119.207 E1.00645
G3 X211.8 Y121.009 I-.079 J1.808 E.07696
G1 X211.8 Y136.991 E.44607
G3 X210.351 Y138.762 I-1.818 J-.01 E.06906
SET_VELOCITY_LIMIT ACCEL=10000 ACCEL_TO_DECEL=5000
G1 E-.5 F900
G1 Z.8 F30000
G1 X210.906 Y121.164 Z.8
G1 Z.6
G1 E.5 F900
;TYPE:Sparse infill
G1 F10725.302
G1 X210.002 Y120.26 E.0357
G2 X208.558 Y120.258 I-.728 J8.263 E.04035
G1 X210.745 Y122.446 E.08635
G1 X210.745 Y123.889 E.04027
G1 X207.115 Y120.258 E.14331
G1 X205.672 Y120.258 E.04027
G1 X210.745 Y125.332 E.20026
G1 X210.745 Y126.775 E.04027
G1 X204.229 Y120.258 E.25722
G1 X202.786 Y120.258 E.04027
G1 X210.745 Y128.217 E.31417
G1 X210.745 Y129.66 E.04027
G1 X201.343 Y120.258 E.37113
G1 X199.9 Y120.257 E.04027
G1 X210.745 Y131.103 E.42808
G1 X210.745 Y132.546 E.04027
G1 X198.457 Y120.257 E.48504
G1 X197.014 Y120.257 E.04027
G1 X210.745 Y133.989 E.54199
G1 X210.745 Y135.432 E.04027
G1 X195.571 Y120.257 E.59895
G1 X194.128 Y120.257 E.04027
G1 X210.745 Y136.874 E.6559
G3 X210.151 Y137.723 I-.767 J.095 E.03169
G1 X192.685 Y120.257 E.68941
G1 X191.242 Y120.256 E.04027
G1 X208.731 Y137.745 E.6903
G1 X207.288 Y137.745 E.04027
G1 X189.799 Y120.256 E.6903
G1 X188.356 Y120.256 E.04027
G1 X205.845 Y137.745 E.69031
G1 X204.402 Y137.745 E.04027
G1 X186.913 Y120.256 E.69031
G1 X185.47 Y120.256 E.04027
G1 X202.96 Y137.745 E.69032
G1 X201.517 Y137.745 E.04027
G1 X184.027 Y120.256 E.69033
G1 X182.584 Y120.256 E.04027
G1 X200.074 Y137.745 E.69033
G1 X198.631 Y137.745 E.04027
G1 X181.141 Y120.255 E.69034
G1 X179.698 Y120.255 E.04027
G1 X197.188 Y137.745 E.69035
G1 X195.745 Y137.745 E.04027
G1 X178.255 Y120.255 E.69035
G1 X176.812 Y120.255 E.04027
G1 X194.303 Y137.745 E.69036
G1 X192.86 Y137.745 E.04027
G1 X175.369 Y120.255 E.69036
G2 X173.936 Y120.265 I-.658 J8.183 E.04004
G1 X191.417 Y137.745 E.68996
G1 X189.974 Y137.745 E.04027
G1 X173.257 Y121.028 E.65984
G2 X173.255 Y122.469 I8.233 J.734 E.04026
G1 X188.531 Y137.745 E.60298
G1 X187.088 Y137.745 E.04027
G1 X173.255 Y123.912 E.54603
G1 X173.255 Y125.354 E.04027
G1 X185.646 Y137.745 E.48908
G1 X184.203 Y137.745 E.04027
G1 X173.255 Y126.797 E.43213
G1 X173.255 Y128.24 E.04027
G1 X182.76 Y137.745 E.37518
G1 X181.317 Y137.745 E.04027
G1 X173.255 Y129.683 E.31824
G1 X173.255 Y131.126 E.04027
G1 X179.874 Y137.745 E.26129
G1 X178.432 Y137.745 E.04027
G1 X173.255 Y132.568 E.20434
G1 X173.255 Y134.011 E.04027
G1 X176.989 Y137.745 E.14739
G1 X175.546 Y137.745 E.04027
G1 X173.255 Y135.454 E.09044
G1 X173.255 Y136.897 E.04027
G1 X174.264 Y137.906 E.03983
; stop printing object flowrate_m6 id:403726925917 copy 0
; printing object flowrate_m7 id:1228360646943 copy 0
G1 E-.5 F900
G1 Z.8 F30000
G1 X210.181 Y106.024 Z.8
G1 Z.6
G1 E.5 F900
;TYPE:Inner wall
G1 F10840.628
G3 X209.958 Y106.043 I-.2 J-1.043 E.00618
G1 X174.042 Y106.043 E.99176
G3 X172.957 Y104.958 I-.023 J-1.062 E.04733
G1 X172.957 Y89.042 E.4395
G3 X174.042 Y87.957 I1.062 J-.023 E.04733
G1 X210.003 Y87.961 E.99301
G3 X211.043 Y89.042 I-.015 J1.055 E.04605
G1 X211.043 Y104.958 E.4395
G3 X210.22 Y106.016 I-1.062 J.023 E.04005
G1 X210.243 Y106.376 F30000
G1 F10840.628
G3 X209.974 Y106.4 I-.261 J-1.394 E.00746
G1 X174.026 Y106.4 E.99262
G3 X172.6 Y104.974 I-.008 J-1.418 E.06195
G1 X172.6 Y89.026 E.44036
G3 X174.026 Y87.6 I1.418 J-.008 E.06195
G1 X210.035 Y87.605 E.99429
G3 X211.4 Y89.026 I-.045 J1.41 E.06024
G1 X211.4 Y104.974 E.44036
G3 X210.282 Y106.368 I-1.418 J.008 E.05339
SET_VELOCITY_LIMIT ACCEL=5000 ACCEL_TO_DECEL=2500
G1 X210.312 Y106.77 F30000
;TYPE:Outer wall
G1 F10840.628
G3 X209.991 Y106.8 I-.33 J-1.788 E.00891
G1 X174.009 Y106.8 E.99358
G3 X172.2 Y104.991 I.01 J-1.818 E.07834
G1 X172.2 Y89.009 E.44132
G3 X174.009 Y87.2 I1.818 J.01 E.07834
G1 X210.069 Y87.207 E.99574
G3 X211.8 Y89.009 I-.079 J1.808 E.07614
G1 X211.8 Y104.991 E.44132
G3 X210.351 Y106.762 I-1.818 J-.01 E.06833
SET_VELOCITY_LIMIT ACCEL=10000 ACCEL_TO_DECEL=5000
G1 E-.5 F900
G1 Z.8 F30000
G1 X210.906 Y89.164 Z.8
G1 Z.6
G1 E.5 F900
;TYPE:Sparse infill
G1 F10840.628
G1 X210.002 Y88.26 E.03532
G2 X208.558 Y88.258 I-.728 J8.263 E.03992
G1 X210.745 Y90.446 E.08544
G1 X210.745 Y91.889 E.03984
G1 X207.115 Y88.258 E.14178
G1 X205.672 Y88.258 E.03984
G1 X210.745 Y93.332 E.19813
G1 X210.745 Y94.775 E.03984
G1 X204.229 Y88.258 E.25448
G1 X202.786 Y88.258 E.03984
G1 X210.745 Y96.217 E.31083
G1 X210.745 Y97.66 E.03984
G1 X201.343 Y88.258 E.36718
G1 X199.9 Y88.257 E.03984
G1 X210.745 Y99.103 E.42353
G1 X210.745 Y100.546 E.03984
G1 X198.457 Y88.257 E.47988
G1 X197.014 Y88.257 E.03984
G1 X210.745 Y101.989 E.53623
G1 X210.745 Y103.432 E.03984
G1 X195.571 Y88.257 E.59258
G1 X194.128 Y88.257 E.03984
G1 X210.745 Y104.874 E.64893
G3 X210.151 Y105.723 I-.767 J.095 E.03135
G1 X192.685 Y88.257 E.68208
G1 X191.242 Y88.256 E.03984
G1 X208.731 Y105.745 E.68295
G1 X207.288 Y105.745 E.03984
G1 X189.799 Y88.256 E.68296
G1 X188.356 Y88.256 E.03984
G1 X205.845 Y105.745 E.68296
G1 X204.402 Y105.745 E.03984
G1 X186.913 Y88.256 E.68297
G1 X185.47 Y88.256 E.03984
G1 X202.96 Y105.745 E.68298
G1 X201.517 Y105.745 E.03984
G1 X184.027 Y88.256 E.68298
G1 X182.584 Y88.256 E.03984
G1 X200.074 Y105.745 E.68299
G1 X198.631 Y105.745 E.03984
G1 X181.141 Y88.255 E.683
G1 X179.698 Y88.255 E.03984
G1 X197.188 Y105.745 E.683
G1 X195.745 Y105.745 E.03984
G1 X178.255 Y88.255 E.68301
G1 X176.812 Y88.255 E.03984
G1 X194.303 Y105.745 E.68301
G1 X192.86 Y105.745 E.03984
G1 X175.369 Y88.255 E.68302
G2 X173.936 Y88.265 I-.658 J8.183 E.03961
G1 X191.417 Y105.745 E.68262
G1 X189.974 Y105.745 E.03984
G1 X173.257 Y89.028 E.65282
G2 X173.255 Y90.469 I8.231 J.734 E.03983
G1 X188.531 Y105.745 E.59656
G1 X187.088 Y105.745 E.03984
G1 X173.255 Y91.912 E.54022
G1 X173.255 Y93.354 E.03984
G1 X185.646 Y105.745 E.48388
G1 X184.203 Y105.745 E.03984
G1 X173.255 Y94.797 E.42754
G1 X173.255 Y96.24 E.03984
G1 X182.76 Y105.745 E.37119
G1 X181.317 Y105.745 E.03984
G1 X173.255 Y97.683 E.31485
G1 X173.255 Y99.126 E.03984
G1 X179.874 Y105.745 E.25851
G1 X178.432 Y105.745 E.03984
G1 X173.255 Y100.568 E.20216
G1 X173.255 Y102.011 E.03984
G1 X176.989 Y105.745 E.14582
G1 X175.546 Y105.745 E.03984
G1 X173.255 Y103.454 E.08948
G1 X173.255 Y104.897 E.03984
G1 X174.264 Y105.906 E.03941
; stop printing object flowrate_m7 id:1228360646943 copy 0
; printing object flowrate_m8 id:1344324764009 copy 0
G1 E-.5 F900
G1 Z.8 F30000
G1 X168.181 Y106.024 Z.8
G1 Z.6
G1 E.5 F900
;TYPE:Inner wall
G1 F10958.461
G3 X167.958 Y106.043 I-.2 J-1.043 E.00611
G1 X132.042 Y106.043 E.98109
G3 X130.957 Y104.958 I-.023 J-1.062 E.04682
G1 X130.957 Y89.042 E.43477
G3 X132.042 Y87.957 I1.062 J-.023 E.04682
G1 X168.003 Y87.961 E.98233
G3 X169.043 Y89.042 I-.015 J1.055 E.04556
G1 X169.043 Y104.958 E.43477
G3 X168.22 Y106.016 I-1.062 J.023 E.03962
G1 X168.243 Y106.376 F30000
G1 F10958.461
G3 X167.974 Y106.4 I-.261 J-1.394 E.00738
G1 X132.026 Y106.4 E.98194
G3 X130.6 Y104.974 I-.008 J-1.418 E.06129
G1 X130.6 Y89.026 E.43562
G3 X132.026 Y87.6 I1.418 J-.008 E.06129
G1 X168.035 Y87.605 E.9836
G3 X169.4 Y89.026 I-.045 J1.41 E.05959
G1 X169.4 Y104.974 E.43562
G3 X168.282 Y106.368 I-1.418 J.008 E.05281
SET_VELOCITY_LIMIT ACCEL=5000 ACCEL_TO_DECEL=2500
G1 X168.312 Y106.77 F30000
;TYPE:Outer wall
G1 F10958.461
G3 X167.991 Y106.8 I-.33 J-1.788 E.00881
G1 X132.009 Y106.8 E.9829
G3 X130.2 Y104.991 I.01 J-1.818 E.0775
G1 X130.2 Y89.009 E.43658
G3 X132.009 Y87.2 I1.818 J.01 E.0775
G1 X168.069 Y87.207 E.98503
G3 X169.8 Y89.009 I-.079 J1.808 E.07532
G1 X169.8 Y104.991 E.43658
G3 X168.351 Y106.762 I-1.818 J-.01 E.06759
SET_VELOCITY_LIMIT ACCEL=10000 ACCEL_TO_DECEL=5000
G1 E-.5 F900
G1 Z.8 F30000
G1 X168.906 Y89.164 Z.8
G1 Z.6
G1 E.5 F900
;TYPE:Sparse infill
G1 F10958.461
G1 X168.002 Y88.26 E.03494
G2 X166.558 Y88.258 I-.728 J8.263 E.03949
G1 X168.745 Y90.446 E.08452
G1 X168.745 Y91.889 E.03941
G1 X165.115 Y88.258 E.14026
G1 X163.672 Y88.258 E.03942
G1 X168.745 Y93.332 E.196
G1 X168.745 Y94.775 E.03941
G1 X162.229 Y88.258 E.25175
G1 X160.786 Y88.258 E.03942
G1 X168.745 Y96.217 E.30749
G1 X168.745 Y97.66 E.03941
G1 X159.343 Y88.258 E.36323
G1 X157.9 Y88.257 E.03942
G1 X168.745 Y99.103 E.41898
G1 X168.745 Y100.546 E.03941
G1 X156.457 Y88.257 E.47472
G1 X155.014 Y88.257 E.03942
G1 X168.745 Y101.989 E.53046
G1 X168.745 Y103.432 E.03941
G1 X153.571 Y88.257 E.58621
G1 X152.128 Y88.257 E.03942
G1 X168.745 Y104.874 E.64195
G3 X168.151 Y105.723 I-.767 J.095 E.03101
G1 X150.685 Y88.257 E.67475
G1 X149.242 Y88.256 E.03942
G1 X166.731 Y105.745 E.67561
G1 X165.288 Y105.745 E.03941
G1 X147.799 Y88.256 E.67561
G1 X146.356 Y88.256 E.03942
G1 X163.845 Y105.745 E.67562
G1 X162.402 Y105.745 E.03941
M73 P39 R20
G1 X144.913 Y88.256 E.67563
G1 X143.47 Y88.256 E.03942
G1 X160.96 Y105.745 E.67563
G1 X159.517 Y105.745 E.03941
G1 X142.027 Y88.256 E.67564
G1 X140.584 Y88.256 E.03942
G1 X158.074 Y105.745 E.67564
G1 X156.631 Y105.745 E.03941
G1 X139.141 Y88.255 E.67565
G1 X137.698 Y88.255 E.03942
G1 X155.188 Y105.745 E.67566
G1 X153.745 Y105.745 E.03941
G1 X136.255 Y88.255 E.67566
G1 X134.812 Y88.255 E.03942
G1 X152.303 Y105.745 E.67567
G1 X150.86 Y105.745 E.03941
G1 X133.369 Y88.255 E.67568
G2 X131.936 Y88.265 I-.658 J8.183 E.03918
G1 X149.417 Y105.745 E.67528
G1 X147.974 Y105.745 E.03941
G1 X131.257 Y89.028 E.6458
G2 X131.255 Y90.469 I8.231 J.734 E.0394
G1 X146.531 Y105.745 E.59015
G1 X145.088 Y105.745 E.03941
G1 X131.255 Y91.912 E.53441
G1 X131.255 Y93.354 E.03941
G1 X143.646 Y105.745 E.47868
G1 X142.203 Y105.745 E.03941
G1 X131.255 Y94.797 E.42294
G1 X131.255 Y96.24 E.03941
G1 X140.76 Y105.745 E.3672
G1 X139.317 Y105.745 E.03941
G1 X131.255 Y97.683 E.31146
G1 X131.255 Y99.126 E.03941
G1 X137.874 Y105.745 E.25573
G1 X136.432 Y105.745 E.03941
G1 X131.255 Y100.568 E.19999
G1 X131.255 Y102.011 E.03941
G1 X134.989 Y105.745 E.14425
G1 X133.546 Y105.745 E.03941
G1 X131.255 Y103.454 E.08852
G1 X131.255 Y104.897 E.03941
G1 X132.264 Y105.906 E.03899
; stop printing object flowrate_m8 id:1344324764009 copy 0
; printing object flowrate_m5 id:0 copy 0
G1 E-.5 F900
G1 Z.8 F30000
G1 X168.181 Y138.024 Z.8
G1 Z.6
G1 E.5 F900
;TYPE:Inner wall
G1 F10612.404
G3 X167.958 Y138.043 I-.2 J-1.043 E.00631
G1 X132.042 Y138.043 E1.01308
G3 X130.957 Y136.958 I-.023 J-1.062 E.04835
G1 X130.957 Y121.042 E.44895
G3 X132.042 Y119.957 I1.062 J-.023 E.04835
G1 X168.003 Y119.961 E1.01436
G3 X169.043 Y121.042 I-.015 J1.055 E.04704
G1 X169.043 Y136.958 E.44895
G3 X168.22 Y138.016 I-1.062 J.023 E.04091
G1 X168.243 Y138.376 F30000
G1 F10612.404
G3 X167.974 Y138.4 I-.261 J-1.394 E.00762
G1 X132.026 Y138.4 E1.01396
G3 X130.6 Y136.974 I-.008 J-1.418 E.06329
G1 X130.6 Y121.026 E.44983
G3 X132.026 Y119.6 I1.418 J-.008 E.06329
G1 X168.035 Y119.605 E1.01568
G3 X169.4 Y121.026 I-.045 J1.41 E.06154
G1 X169.4 Y136.974 E.44983
G3 X168.282 Y138.368 I-1.418 J.008 E.05453
SET_VELOCITY_LIMIT ACCEL=5000 ACCEL_TO_DECEL=2500
G1 X168.312 Y138.77 F30000
;TYPE:Outer wall
G1 F10612.404
G3 X167.991 Y138.8 I-.33 J-1.788 E.0091
G1 X132.009 Y138.8 E1.01495
G3 X130.2 Y136.991 I.01 J-1.818 E.08002
G1 X130.2 Y121.009 E.45081
G3 X132.009 Y119.2 I1.818 J.01 E.08002
G1 X168.069 Y119.207 E1.01715
G3 X169.8 Y121.009 I-.079 J1.808 E.07778
G1 X169.8 Y136.991 E.45081
G3 X168.351 Y138.762 I-1.818 J-.01 E.0698
SET_VELOCITY_LIMIT ACCEL=10000 ACCEL_TO_DECEL=5000
G1 E-.5 F900
G1 Z.8 F30000
G1 X168.906 Y121.164 Z.8
G1 Z.6
G1 E.5 F900
;TYPE:Sparse infill
G1 F10612.404
G1 X168.002 Y120.26 E.03608
G2 X166.558 Y120.258 I-.728 J8.263 E.04078
G1 X168.745 Y122.446 E.08727
G1 X168.745 Y123.889 E.0407
G1 X165.115 Y120.258 E.14483
G1 X163.672 Y120.258 E.0407
G1 X168.745 Y125.332 E.20239
G1 X168.745 Y126.775 E.0407
G1 X162.229 Y120.258 E.25996
G1 X160.786 Y120.258 E.0407
G1 X168.745 Y128.217 E.31752
G1 X168.745 Y129.66 E.0407
G1 X159.343 Y120.258 E.37508
G1 X157.9 Y120.257 E.0407
G1 X168.745 Y131.103 E.43264
G1 X168.745 Y132.546 E.0407
G1 X156.457 Y120.257 E.4902
G1 X155.014 Y120.257 E.0407
G1 X168.745 Y133.989 E.54776
G1 X168.745 Y135.432 E.0407
G1 X153.571 Y120.257 E.60532
G1 X152.128 Y120.257 E.0407
G1 X168.745 Y136.874 E.66288
G3 X168.151 Y137.723 I-.767 J.095 E.03202
G1 X150.685 Y120.257 E.69675
G1 X149.242 Y120.256 E.0407
G1 X166.731 Y137.745 E.69764
G1 X165.288 Y137.745 E.0407
G1 X147.799 Y120.256 E.69765
G1 X146.356 Y120.256 E.0407
G1 X163.845 Y137.745 E.69765
G1 X162.402 Y137.745 E.0407
G1 X144.913 Y120.256 E.69766
G1 X143.47 Y120.256 E.0407
G1 X160.96 Y137.745 E.69766
G1 X159.517 Y137.745 E.0407
G1 X142.027 Y120.256 E.69767
G1 X140.584 Y120.256 E.0407
G1 X158.074 Y137.745 E.69768
G1 X156.631 Y137.745 E.0407
G1 X139.141 Y120.255 E.69768
G1 X137.698 Y120.255 E.0407
G1 X155.188 Y137.745 E.69769
G1 X153.745 Y137.745 E.0407
G1 X136.255 Y120.255 E.6977
G1 X134.812 Y120.255 E.0407
G1 X152.303 Y137.745 E.6977
G1 X150.86 Y137.745 E.0407
G1 X133.369 Y120.255 E.69771
G2 X131.936 Y120.265 I-.658 J8.183 E.04046
G1 X149.417 Y137.745 E.6973
G1 X147.974 Y137.745 E.0407
G1 X131.257 Y121.028 E.66686
G2 X131.255 Y122.469 I8.23 J.734 E.04068
G1 X146.531 Y137.745 E.60939
G1 X145.088 Y137.745 E.0407
G1 X131.255 Y123.912 E.55184
G1 X131.255 Y125.354 E.0407
G1 X143.646 Y137.745 E.49428
G1 X142.203 Y137.745 E.0407
G1 X131.255 Y126.797 E.43673
G1 X131.255 Y128.24 E.0407
G1 X140.76 Y137.745 E.37918
G1 X139.317 Y137.745 E.0407
G1 X131.255 Y129.683 E.32162
G1 X131.255 Y131.126 E.0407
G1 X137.874 Y137.745 E.26407
G1 X136.432 Y137.745 E.0407
G1 X131.255 Y132.568 E.20651
G1 X131.255 Y134.011 E.0407
G1 X134.989 Y137.745 E.14896
G1 X133.546 Y137.745 E.0407
G1 X131.255 Y135.454 E.0914
G1 X131.255 Y136.897 E.0407
G1 X132.264 Y137.906 E.04026
; stop printing object flowrate_m5 id:0 copy 0
; printing object flowrate_m2 id:8247625146344371234 copy 0
G1 E-.5 F900
G1 Z.8 F30000
G1 X168.181 Y170.024 Z.8
G1 Z.6
G1 E.5 F900
;TYPE:Inner wall
G1 F10287.535
G3 X167.958 Y170.043 I-.2 J-1.043 E.00651
G1 X132.042 Y170.043 E1.04508
G3 X130.957 Y168.958 I-.023 J-1.062 E.04987
G1 X130.957 Y153.042 E.46313
G3 X132.042 Y151.957 I1.062 J-.023 E.04987
G1 X168.003 Y151.961 E1.04639
G3 X169.043 Y153.042 I-.015 J1.055 E.04853
G1 X169.043 Y168.958 E.46313
G3 X168.22 Y170.016 I-1.062 J.023 E.04221
G1 X168.243 Y170.376 F30000
G1 F10287.535
G3 X167.974 Y170.4 I-.261 J-1.394 E.00786
G1 X132.026 Y170.4 E1.04598
G3 X130.6 Y168.974 I-.008 J-1.418 E.06528
G1 X130.6 Y153.026 E.46404
G3 X132.026 Y151.6 I1.418 J-.008 E.06528
G1 X168.035 Y151.605 E1.04775
G3 X169.4 Y153.026 I-.045 J1.41 E.06348
G1 X169.4 Y168.974 E.46403
G3 X168.282 Y170.368 I-1.418 J.008 E.05626
SET_VELOCITY_LIMIT ACCEL=5000 ACCEL_TO_DECEL=2500
G1 X168.312 Y170.77 F30000
;TYPE:Outer wall
G1 F10287.535
G3 X167.991 Y170.8 I-.33 J-1.788 E.00939
G1 X132.009 Y170.8 E1.047
G3 X130.2 Y168.991 I.01 J-1.818 E.08255
G1 X130.2 Y153.009 E.46505
G3 X132.009 Y151.2 I1.818 J.01 E.08255
G1 X168.069 Y151.207 E1.04927
G3 X169.8 Y153.009 I-.079 J1.808 E.08024
G1 X169.8 Y168.991 E.46505
G3 X168.351 Y170.762 I-1.818 J-.01 E.072
SET_VELOCITY_LIMIT ACCEL=10000 ACCEL_TO_DECEL=5000
G1 E-.5 F900
G1 Z.8 F30000
G1 X168.906 Y153.164 Z.8
G1 Z.6
G1 E.5 F900
;TYPE:Sparse infill
G1 F10287.535
G1 X168.002 Y152.26 E.03722
G2 X166.558 Y152.258 I-.728 J8.262 E.04207
G1 X168.745 Y154.446 E.09003
G1 X168.745 Y155.889 E.04198
G1 X165.115 Y152.258 E.14941
G1 X163.672 Y152.258 E.04199
G1 X168.745 Y157.332 E.20879
G1 X168.745 Y158.775 E.04198
G1 X162.229 Y152.258 E.26816
G1 X160.786 Y152.258 E.04199
G1 X168.745 Y160.217 E.32754
G1 X168.745 Y161.66 E.04198
G1 X159.343 Y152.258 E.38692
G1 X157.9 Y152.257 E.04199
G1 X168.745 Y163.103 E.4463
G1 X168.745 Y164.546 E.04198
G1 X156.457 Y152.257 E.50568
G1 X155.014 Y152.257 E.04199
G1 X168.745 Y165.989 E.56506
G1 X168.745 Y167.432 E.04198
G1 X153.571 Y152.257 E.62444
G1 X152.128 Y152.257 E.04199
G1 X168.745 Y168.874 E.68381
G3 X168.151 Y169.723 I-.767 J.095 E.03303
G1 X150.685 Y152.257 E.71875
G1 X149.242 Y152.256 E.04199
G1 X166.731 Y169.745 E.71967
G1 X165.288 Y169.745 E.04198
G1 X147.799 Y152.256 E.71968
G1 X146.356 Y152.256 E.04199
G1 X163.845 Y169.745 E.71968
G1 X162.402 Y169.745 E.04198
G1 X144.913 Y152.256 E.71969
G1 X143.47 Y152.256 E.04199
G1 X160.96 Y169.745 E.7197
G1 X159.517 Y169.745 E.04198
G1 X142.027 Y152.256 E.7197
G1 X140.584 Y152.256 E.04199
G1 X158.074 Y169.745 E.71971
G1 X156.631 Y169.745 E.04198
G1 X139.141 Y152.255 E.71972
G1 X137.698 Y152.255 E.04199
G1 X155.188 Y169.745 E.71972
G1 X153.745 Y169.745 E.04198
G1 X136.255 Y152.255 E.71973
G1 X134.812 Y152.255 E.04199
G1 X152.303 Y169.745 E.71973
G1 X150.86 Y169.745 E.04198
G1 X133.369 Y152.255 E.71974
G2 X131.936 Y152.265 I-.658 J8.183 E.04174
G1 X149.417 Y169.745 E.71932
G1 X147.974 Y169.745 E.04198
G1 X131.257 Y153.028 E.68791
G2 X131.255 Y154.469 I8.232 J.734 E.04197
G1 X146.531 Y169.745 E.62864
G1 X145.088 Y169.745 E.04198
G1 X131.255 Y155.912 E.56927
G1 X131.255 Y157.354 E.04198
G1 X143.646 Y169.745 E.50989
G1 X142.203 Y169.745 E.04198
G1 X131.255 Y158.797 E.45052
G1 X131.255 Y160.24 E.04198
G1 X140.76 Y169.745 E.39115
G1 X139.317 Y169.745 E.04198
G1 X131.255 Y161.683 E.33178
G1 X131.255 Y163.126 E.04198
G1 X137.874 Y169.745 E.2724
G1 X136.432 Y169.745 E.04198
G1 X131.255 Y164.568 E.21303
G1 X131.255 Y166.011 E.04198
G1 X134.989 Y169.745 E.15366
G1 X133.546 Y169.745 E.04198
G1 X131.255 Y167.454 E.09429
G1 X131.255 Y168.897 E.04198
G1 X132.264 Y169.906 E.04153
; stop printing object flowrate_m2 id:8247625146344371234 copy 0
; printing object flowrate_0 id:111516266160479 copy 0
G1 E-.5 F900
G1 Z.8 F30000
G1 X168.518 Y184.103 Z.8
G1 Z.6
G1 E.5 F900
;TYPE:Inner wall
G1 F10081.784
G3 X169.043 Y185.042 I-.53 J.913 E.0335
G1 X169.043 Y200.958 E.47258
G3 X167.958 Y202.043 I-1.062 J.023 E.05089
G1 X132.042 Y202.043 E1.0664
G3 X130.957 Y200.958 I-.023 J-1.062 E.05089
G1 X130.957 Y185.042 E.47258
G3 X132.042 Y183.957 I1.062 J-.023 E.05089
G1 X168.003 Y183.961 E1.06775
G3 X168.483 Y184.084 I-.015 J1.055 E.01483
M73 P40 R20
G1 X168.696 Y183.794 F30000
G1 F10081.784
G3 X169.4 Y185.026 I-.707 J1.221 E.04414
G1 X169.4 Y200.974 E.4735
G3 X167.974 Y202.4 I-1.418 J.008 E.06662
G1 X132.026 Y202.4 E1.06733
G3 X130.6 Y200.974 I-.008 J-1.418 E.06662
G1 X130.6 Y185.026 E.47351
G3 X132.026 Y183.6 I1.418 J-.008 E.06662
G1 X168.035 Y183.605 E1.06913
G3 X168.661 Y183.775 I-.045 J1.41 E.01945
SET_VELOCITY_LIMIT ACCEL=5000 ACCEL_TO_DECEL=2500
G1 X168.896 Y183.448 F30000
;TYPE:Outer wall
G1 F10081.784
G3 X169.8 Y185.009 I-.906 J1.567 E.05606
G1 X169.8 Y200.991 E.47454
G3 X167.991 Y202.8 I-1.818 J-.01 E.08424
G1 X132.009 Y202.8 E1.06837
G3 X130.2 Y200.991 I.01 J-1.818 E.08424
G1 X130.2 Y185.009 E.47454
G3 X132.009 Y183.2 I1.818 J.01 E.08423
G1 X168.069 Y183.207 E1.07069
G3 X168.861 Y183.428 I-.079 J1.808 E.02463
SET_VELOCITY_LIMIT ACCEL=10000 ACCEL_TO_DECEL=5000
G1 E-.5 F900
G1 Z.8 F30000
G1 X168.906 Y185.164 Z.8
G1 Z.6
G1 E.5 F900
;TYPE:Sparse infill
G1 F10081.784
G1 X168.002 Y184.26 E.03798
G2 X166.558 Y184.258 I-.728 J8.26 E.04293
G1 X168.745 Y186.446 E.09187
G1 X168.745 Y187.889 E.04284
G1 X165.115 Y184.258 E.15246
G1 X163.672 Y184.258 E.04284
G1 X168.745 Y189.332 E.21305
G1 X168.745 Y190.775 E.04284
G1 X162.229 Y184.258 E.27364
G1 X160.786 Y184.258 E.04284
G1 X168.745 Y192.217 E.33423
G1 X168.745 Y193.66 E.04284
G1 X159.343 Y184.258 E.39482
G1 X157.9 Y184.257 E.04284
G1 X168.745 Y195.103 E.45541
G1 X168.745 Y196.546 E.04284
G1 X156.457 Y184.257 E.516
G1 X155.014 Y184.257 E.04284
G1 X168.745 Y197.989 E.57659
G1 X168.745 Y199.432 E.04284
G1 X153.571 Y184.257 E.63718
G1 X152.128 Y184.257 E.04284
G1 X168.745 Y200.874 E.69777
G3 X168.151 Y201.723 I-.767 J.095 E.03371
G1 X150.685 Y184.257 E.73342
G1 X149.242 Y184.256 E.04284
G1 X166.731 Y201.745 E.73436
G1 X165.288 Y201.745 E.04284
G1 X147.799 Y184.256 E.73436
G1 X146.356 Y184.256 E.04284
G1 X163.845 Y201.745 E.73437
G1 X162.402 Y201.745 E.04284
G1 X144.913 Y184.256 E.73438
G1 X143.47 Y184.256 E.04284
G1 X160.96 Y201.745 E.73438
G1 X159.517 Y201.745 E.04284
G1 X142.027 Y184.256 E.73439
G1 X140.584 Y184.256 E.04284
G1 X158.074 Y201.745 E.7344
G1 X156.631 Y201.745 E.04284
G1 X139.141 Y184.255 E.7344
G1 X137.698 Y184.255 E.04284
G1 X155.188 Y201.745 E.73441
G1 X153.745 Y201.745 E.04284
G1 X136.255 Y184.255 E.73442
G1 X134.812 Y184.255 E.04284
G1 X152.303 Y201.745 E.73442
G1 X150.86 Y201.745 E.04284
G1 X133.369 Y184.255 E.73443
G2 X131.936 Y184.265 I-.658 J8.184 E.04259
G1 X149.417 Y201.745 E.734
G1 X147.974 Y201.745 E.04284
G1 X131.257 Y185.028 E.70195
G2 X131.255 Y186.469 I8.231 J.734 E.04282
G1 X146.531 Y201.745 E.64147
G1 X145.088 Y201.745 E.04284
G1 X131.255 Y187.912 E.58088
G1 X131.255 Y189.354 E.04284
G1 X143.646 Y201.745 E.5203
G1 X142.203 Y201.745 E.04284
G1 X131.255 Y190.797 E.45972
G1 X131.255 Y192.24 E.04284
G1 X140.76 Y201.745 E.39913
G1 X139.317 Y201.745 E.04284
G1 X131.255 Y193.683 E.33855
G1 X131.255 Y195.126 E.04284
G1 X137.874 Y201.745 E.27796
G1 X136.432 Y201.745 E.04284
G1 X131.255 Y196.568 E.21738
G1 X131.255 Y198.011 E.04284
G1 X134.989 Y201.745 E.1568
G1 X133.546 Y201.745 E.04284
G1 X131.255 Y199.454 E.09621
G1 X131.255 Y200.897 E.04284
G1 X132.264 Y201.906 E.04238
; stop printing object flowrate_0 id:111516266160479 copy 0
; printing object flowrate_m1 id:8318823020889268071 copy 0
G1 E-.5 F900
G1 Z.8 F30000
G1 X126.181 Y170.024 Z.8
G1 Z.6
G1 E.5 F900
;TYPE:Inner wall
G1 F10183.62
G3 X125.958 Y170.043 I-.2 J-1.043 E.00657
G1 X90.042 Y170.043 E1.05574
G3 X88.957 Y168.958 I-.023 J-1.062 E.05038
G1 X88.957 Y153.042 E.46785
G3 X90.042 Y151.957 I1.062 J-.023 E.05038
G1 X126.003 Y151.961 E1.05707
G3 X127.043 Y153.042 I-.015 J1.055 E.04902
G1 X127.043 Y168.958 E.46785
G3 X126.22 Y170.016 I-1.062 J.023 E.04264
G1 X126.243 Y170.376 F30000
G1 F10183.62
G3 X125.974 Y170.4 I-.261 J-1.394 E.00794
G1 X90.026 Y170.4 E1.05666
G3 X88.6 Y168.974 I-.008 J-1.418 E.06595
G1 X88.6 Y153.026 E.46877
G3 X90.026 Y151.6 I1.418 J-.008 E.06595
G1 X126.035 Y151.605 E1.05844
G3 X127.4 Y153.026 I-.045 J1.41 E.06413
G1 X127.4 Y168.974 E.46877
G3 X126.282 Y170.368 I-1.418 J.008 E.05683
SET_VELOCITY_LIMIT ACCEL=5000 ACCEL_TO_DECEL=2500
G1 X126.312 Y170.77 F30000
;TYPE:Outer wall
G1 F10183.62
G3 X125.991 Y170.8 I-.33 J-1.788 E.00948
G1 X90.009 Y170.8 E1.05768
G3 X88.2 Y168.991 I.01 J-1.818 E.08339
G1 X88.2 Y153.009 E.4698
G3 X90.009 Y151.2 I1.818 J.01 E.08339
G1 X126.069 Y151.207 E1.05998
G3 X127.8 Y153.009 I-.079 J1.808 E.08106
G1 X127.8 Y168.991 E.4698
G3 X126.351 Y170.762 I-1.818 J-.01 E.07274
SET_VELOCITY_LIMIT ACCEL=10000 ACCEL_TO_DECEL=5000
G1 E-.5 F900
G1 Z.8 F30000
G1 X126.906 Y153.164 Z.8
G1 Z.6
G1 E.5 F900
;TYPE:Sparse infill
G1 F10183.62
G1 X126.002 Y152.26 E.0376
G2 X124.558 Y152.258 I-.728 J8.267 E.0425
G1 X126.745 Y154.446 E.09095
G1 X126.745 Y155.889 E.04241
G1 X123.115 Y152.258 E.15093
G1 X121.672 Y152.258 E.04242
G1 X126.745 Y157.332 E.21092
G1 X126.745 Y158.775 E.04241
G1 X120.229 Y152.258 E.2709
G1 X118.786 Y152.258 E.04242
G1 X126.745 Y160.217 E.33089
G1 X126.745 Y161.66 E.04241
G1 X117.343 Y152.258 E.39087
G1 X115.9 Y152.257 E.04242
G1 X126.745 Y163.103 E.45085
G1 X126.745 Y164.546 E.04241
G1 X114.457 Y152.257 E.51084
G1 X113.014 Y152.257 E.04242
G1 X126.745 Y165.989 E.57082
G1 X126.745 Y167.432 E.04241
G1 X111.571 Y152.257 E.63081
G1 X110.128 Y152.257 E.04242
G1 X126.745 Y168.874 E.69079
G3 X126.151 Y169.723 I-.767 J.095 E.03337
G1 X108.685 Y152.257 E.72609
G1 X107.242 Y152.256 E.04242
G1 X124.731 Y169.745 E.72701
G1 X123.288 Y169.745 E.04241
G1 X105.799 Y152.256 E.72702
G1 X104.356 Y152.256 E.04242
G1 X121.845 Y169.745 E.72703
G1 X120.402 Y169.745 E.04241
G1 X102.913 Y152.256 E.72703
G1 X101.47 Y152.256 E.04242
G1 X118.96 Y169.745 E.72704
G1 X117.517 Y169.745 E.04241
G1 X100.027 Y152.256 E.72705
G1 X98.584 Y152.256 E.04242
G1 X116.074 Y169.745 E.72705
G1 X114.631 Y169.745 E.04241
G1 X97.141 Y152.255 E.72706
G1 X95.698 Y152.255 E.04242
G1 X113.188 Y169.745 E.72707
G1 X111.745 Y169.745 E.04241
G1 X94.255 Y152.255 E.72707
G1 X92.812 Y152.255 E.04242
G1 X110.303 Y169.745 E.72708
G1 X108.86 Y169.745 E.04241
G1 X91.369 Y152.255 E.72709
G2 X89.936 Y152.265 I-.658 J8.183 E.04217
G1 X107.417 Y169.745 E.72666
G1 X105.974 Y169.745 E.04241
G1 X89.257 Y153.028 E.69493
G2 X89.255 Y154.469 I8.232 J.734 E.0424
G1 X104.531 Y169.745 E.63505
G1 X103.088 Y169.745 E.04241
G1 X89.255 Y155.912 E.57507
G1 X89.255 Y157.354 E.04241
G1 X101.646 Y169.745 E.5151
G1 X100.203 Y169.745 E.04241
G1 X89.255 Y158.797 E.45512
G1 X89.255 Y160.24 E.04241
G1 X98.76 Y169.745 E.39514
G1 X97.317 Y169.745 E.04241
G1 X89.255 Y161.683 E.33516
G1 X89.255 Y163.126 E.04241
G1 X95.874 Y169.745 E.27518
G1 X94.432 Y169.745 E.04241
G1 X89.255 Y164.568 E.21521
G1 X89.255 Y166.011 E.04241
G1 X92.989 Y169.745 E.15523
G1 X91.546 Y169.745 E.04241
G1 X89.255 Y167.454 E.09525
G1 X89.255 Y168.897 E.04241
G1 X90.264 Y169.906 E.04195
; stop printing object flowrate_m1 id:8318823020889268071 copy 0
; printing object flowrate_m4 id:0 copy 0
G1 E-.5 F900
G1 Z.8 F30000
G1 X126.181 Y138.024 Z.8
G1 Z.6
M73 P40 R19
G1 E.5 F900
;TYPE:Inner wall
G1 F10501.858
G3 X125.958 Y138.043 I-.2 J-1.043 E.00637
G1 X90.042 Y138.043 E1.02375
G3 X88.957 Y136.958 I-.023 J-1.062 E.04886
G1 X88.957 Y121.042 E.45368
G3 X90.042 Y119.957 I1.062 J-.023 E.04886
G1 X126.003 Y119.961 E1.02504
G3 X127.043 Y121.042 I-.015 J1.055 E.04754
G1 X127.043 Y136.958 E.45367
G3 X126.22 Y138.016 I-1.062 J.023 E.04134
G1 X126.243 Y138.376 F30000
G1 F10501.858
G3 X125.974 Y138.4 I-.257 J-1.391 E.00771
G1 X90.026 Y138.4 E1.02464
G3 X88.6 Y136.974 I-.008 J-1.418 E.06395
G1 X88.6 Y121.026 E.45457
G3 X90.026 Y119.6 I1.418 J-.008 E.06395
G1 X126.035 Y119.605 E1.02637
G3 X127.4 Y121.026 I-.045 J1.41 E.06219
G1 X127.4 Y136.974 E.45456
G3 X126.282 Y138.369 I-1.414 J.012 E.05516
SET_VELOCITY_LIMIT ACCEL=5000 ACCEL_TO_DECEL=2500
G1 X126.312 Y138.772 F30000
;TYPE:Outer wall
G1 F10501.858
G3 X125.991 Y138.8 I-.317 J-1.777 E.0092
G1 X90.009 Y138.8 E1.02563
G3 X88.2 Y136.991 I.01 J-1.818 E.08087
G1 X88.2 Y121.009 E.45556
G3 X90.009 Y119.2 I1.818 J.01 E.08087
G1 X126.069 Y119.207 E1.02786
G3 X127.8 Y121.009 I-.079 J1.808 E.0786
G1 X127.8 Y136.991 E.45556
G3 X126.352 Y138.764 I-1.805 J.004 E.07069
SET_VELOCITY_LIMIT ACCEL=10000 ACCEL_TO_DECEL=5000
G1 E-.5 F900
G1 Z.8 F30000
G1 X126.906 Y121.164 Z.8
G1 Z.6
G1 E.5 F900
;TYPE:Sparse infill
G1 F10501.858
G1 X126.002 Y120.26 E.03646
G2 X124.558 Y120.258 I-.728 J8.263 E.04121
G1 X126.745 Y122.446 E.08819
G1 X126.745 Y123.889 E.04113
G1 X123.115 Y120.258 E.14636
G1 X121.672 Y120.258 E.04113
G1 X126.745 Y125.332 E.20453
G1 X126.745 Y126.775 E.04113
G1 X120.229 Y120.258 E.26269
G1 X118.786 Y120.258 E.04113
G1 X126.745 Y128.217 E.32086
G1 X126.745 Y129.66 E.04113
G1 X117.343 Y120.258 E.37903
G1 X115.9 Y120.257 E.04113
G1 X126.745 Y131.103 E.43719
G1 X126.745 Y132.546 E.04113
G1 X114.457 Y120.257 E.49536
G1 X113.014 Y120.257 E.04113
G1 X126.745 Y133.989 E.55353
G1 X126.745 Y135.432 E.04113
G1 X111.571 Y120.257 E.61169
G1 X110.128 Y120.257 E.04113
G1 X126.745 Y136.874 E.66986
G3 X126.151 Y137.723 I-.767 J.095 E.03236
G1 X108.685 Y120.257 E.70408
G1 X107.242 Y120.256 E.04113
G1 X124.731 Y137.745 E.70498
G1 X123.288 Y137.745 E.04113
G1 X105.799 Y120.256 E.70499
G1 X104.356 Y120.256 E.04113
G1 X121.845 Y137.745 E.705
G1 X120.402 Y137.745 E.04113
M73 P41 R19
G1 X102.913 Y120.256 E.705
G1 X101.47 Y120.256 E.04113
G1 X118.96 Y137.745 E.70501
G1 X117.517 Y137.745 E.04113
G1 X100.027 Y120.256 E.70501
G1 X98.584 Y120.256 E.04113
G1 X116.074 Y137.745 E.70502
G1 X114.631 Y137.745 E.04113
G1 X97.141 Y120.255 E.70503
G1 X95.698 Y120.255 E.04113
G1 X113.188 Y137.745 E.70503
G1 X111.745 Y137.745 E.04113
G1 X94.255 Y120.255 E.70504
G1 X92.812 Y120.255 E.04113
G1 X110.303 Y137.745 E.70505
G1 X108.86 Y137.745 E.04113
G1 X91.369 Y120.255 E.70505
G2 X89.936 Y120.265 I-.658 J8.183 E.04089
G1 X107.417 Y137.745 E.70464
G1 X105.974 Y137.745 E.04113
G1 X89.257 Y121.028 E.67387
G2 X89.255 Y122.469 I8.23 J.734 E.04111
G1 X104.531 Y137.745 E.61581
G1 X103.088 Y137.745 E.04113
G1 X89.255 Y123.912 E.55765
G1 X89.255 Y125.354 E.04113
G1 X101.646 Y137.745 E.49949
G1 X100.203 Y137.745 E.04113
G1 X89.255 Y126.797 E.44133
G1 X89.255 Y128.24 E.04113
G1 X98.76 Y137.745 E.38317
G1 X97.317 Y137.745 E.04113
G1 X89.255 Y129.683 E.32501
G1 X89.255 Y131.126 E.04113
G1 X95.874 Y137.745 E.26685
G1 X94.432 Y137.745 E.04113
G1 X89.255 Y132.568 E.20869
G1 X89.255 Y134.011 E.04113
G1 X92.989 Y137.745 E.15052
G1 X91.546 Y137.745 E.04113
G1 X89.255 Y135.454 E.09236
G1 X89.255 Y136.897 E.04113
G1 X90.264 Y137.906 E.04068
; stop printing object flowrate_m4 id:0 copy 0
; printing object flowrate_m9 id:0 copy 0
G1 E-.5 F900
G1 Z.8 F30000
G1 X126.181 Y106.024 Z.8
G1 Z.6
G1 E.5 F900
;TYPE:Inner wall
G1 F11078.884
G3 X125.958 Y106.043 I-.2 J-1.043 E.00604
G1 X90.042 Y106.043 E.97043
G3 X88.957 Y104.958 I-.023 J-1.062 E.04631
G1 X88.957 Y89.042 E.43005
G3 X90.042 Y87.957 I1.062 J-.023 E.04631
G1 X126.003 Y87.961 E.97165
G3 X127.043 Y89.042 I-.015 J1.055 E.04506
G1 X127.043 Y104.958 E.43005
G3 X126.22 Y106.016 I-1.062 J.023 E.03919
G1 X126.243 Y106.376 F30000
G1 F11078.884
G3 X125.974 Y106.4 I-.261 J-1.394 E.0073
G1 X90.026 Y106.4 E.97127
G3 X88.6 Y104.974 I-.008 J-1.418 E.06062
G1 X88.6 Y89.026 E.43089
G3 X90.026 Y87.6 I1.418 J-.008 E.06062
G1 X126.035 Y87.605 E.97291
G3 X127.4 Y89.026 I-.045 J1.41 E.05895
G1 X127.4 Y104.974 E.43089
G3 X126.282 Y106.368 I-1.418 J.008 E.05224
SET_VELOCITY_LIMIT ACCEL=5000 ACCEL_TO_DECEL=2500
G1 X126.312 Y106.77 F30000
;TYPE:Outer wall
G1 F11078.884
G3 X125.991 Y106.8 I-.33 J-1.788 E.00872
G1 X90.009 Y106.8 E.97221
G3 X88.2 Y104.991 I.01 J-1.818 E.07665
G1 X88.2 Y89.009 E.43183
G3 X90.009 Y87.2 I1.818 J.01 E.07665
G1 X126.069 Y87.207 E.97433
G3 X127.8 Y89.009 I-.079 J1.808 E.07451
G1 X127.8 Y104.991 E.43183
G3 X126.351 Y106.762 I-1.818 J-.01 E.06686
SET_VELOCITY_LIMIT ACCEL=10000 ACCEL_TO_DECEL=5000
G1 E-.5 F900
G1 Z.8 F30000
G1 X126.906 Y89.164 Z.8
G1 Z.6
G1 E.5 F900
;TYPE:Sparse infill
G1 F11078.884
G1 X126.002 Y88.26 E.03456
G2 X124.558 Y88.258 I-.728 J8.264 E.03906
G1 X126.745 Y90.446 E.0836
G1 X126.745 Y91.889 E.03898
G1 X123.115 Y88.258 E.13874
G1 X121.672 Y88.258 E.03899
G1 X126.745 Y93.332 E.19387
G1 X126.745 Y94.775 E.03898
G1 X120.229 Y88.258 E.24901
G1 X118.786 Y88.258 E.03899
G1 X126.745 Y96.217 E.30415
G1 X126.745 Y97.66 E.03898
G1 X117.343 Y88.258 E.35928
G1 X115.9 Y88.257 E.03899
G1 X126.745 Y99.103 E.41442
G1 X126.745 Y100.546 E.03898
G1 X114.457 Y88.257 E.46956
G1 X113.014 Y88.257 E.03899
G1 X126.745 Y101.989 E.5247
G1 X126.745 Y103.432 E.03898
G1 X111.571 Y88.257 E.57983
G1 X110.128 Y88.257 E.03899
G1 X126.745 Y104.874 E.63497
G3 X126.151 Y105.723 I-.767 J.095 E.03067
G1 X108.685 Y88.257 E.66741
G1 X107.242 Y88.256 E.03899
G1 X124.731 Y105.745 E.66826
G1 X123.288 Y105.745 E.03898
G1 X105.799 Y88.256 E.66827
G1 X104.356 Y88.256 E.03899
G1 X121.845 Y105.745 E.66828
G1 X120.402 Y105.745 E.03898
G1 X102.913 Y88.256 E.66828
G1 X101.47 Y88.256 E.03899
G1 X118.96 Y105.745 E.66829
G1 X117.517 Y105.745 E.03898
G1 X100.027 Y88.256 E.66829
G1 X98.584 Y88.256 E.03899
G1 X116.074 Y105.745 E.6683
G1 X114.631 Y105.745 E.03898
G1 X97.141 Y88.255 E.66831
G1 X95.698 Y88.255 E.03899
G1 X113.188 Y105.745 E.66831
G1 X111.745 Y105.745 E.03898
G1 X94.255 Y88.255 E.66832
G1 X92.812 Y88.255 E.03899
G1 X110.303 Y105.745 E.66833
G1 X108.86 Y105.745 E.03898
G1 X91.369 Y88.255 E.66833
G2 X89.936 Y88.265 I-.658 J8.183 E.03876
G1 X107.417 Y105.745 E.66794
G1 X105.974 Y105.745 E.03898
G1 X89.257 Y89.028 E.63878
G2 X89.255 Y90.469 I8.231 J.734 E.03897
G1 X104.531 Y105.745 E.58373
G1 X103.088 Y105.745 E.03898
G1 X89.255 Y91.912 E.5286
G1 X89.255 Y93.354 E.03898
G1 X101.646 Y105.745 E.47347
G1 X100.203 Y105.745 E.03898
G1 X89.255 Y94.797 E.41834
G1 X89.255 Y96.24 E.03898
G1 X98.76 Y105.745 E.36321
G1 X97.317 Y105.745 E.03898
G1 X89.255 Y97.683 E.30808
G1 X89.255 Y99.126 E.03898
G1 X95.874 Y105.745 E.25295
G1 X94.432 Y105.745 E.03898
G1 X89.255 Y100.568 E.19782
G1 X89.255 Y102.011 E.03898
G1 X92.989 Y105.745 E.14269
G1 X91.546 Y105.745 E.03898
G1 X89.255 Y103.454 E.08755
G1 X89.255 Y104.897 E.03898
G1 X90.264 Y105.906 E.03856
; stop printing object flowrate_m9 id:0 copy 0
;LAYER_CHANGE
;Z:0.8
;HEIGHT:0.2
;BEFORE_LAYER_CHANGE
;0.8
G92 E0

G1 E-.5 F900
;AFTER_LAYER_CHANGE
;0.8
SET_PRINT_STATS_INFO CURRENT_LAYER=4
;_SET_FAN_SPEED_CHANGING_LAYER
; printing object flowrate_m3 id:0 copy 0
G1 Z1 F30000
G1 X210.181 Y170.024 Z1
G1 Z.8
G1 E.5 F900
;TYPE:Inner wall
G1 F10393.592
G3 X209.958 Y170.043 I-.2 J-1.043 E.00644
G1 X174.042 Y170.043 E1.03441
G3 X172.957 Y168.958 I-.023 J-1.062 E.04937
G1 X172.957 Y153.042 E.4584
G3 X174.042 Y151.957 I1.062 J-.023 E.04936
G1 X210.038 Y151.964 E1.03671
G3 X211.043 Y153.042 I-.047 J1.051 E.04702
G1 X211.043 Y168.958 E.4584
G3 X210.22 Y170.016 I-1.062 J.023 E.04177
G1 X210.243 Y170.376 F30000
G1 F10393.592
G3 X209.974 Y170.4 I-.261 J-1.394 E.00778
G1 X174.026 Y170.4 E1.03531
G3 X172.6 Y168.974 I-.008 J-1.418 E.06462
G1 X172.6 Y153.026 E.4593
G3 X174.026 Y151.6 I1.418 J-.008 E.06462
G1 X210.069 Y151.608 E1.03806
G3 X211.4 Y153.026 I-.077 J1.406 E.06182
G1 X211.4 Y168.974 E.4593
G3 X210.282 Y170.368 I-1.418 J.008 E.05568
SET_VELOCITY_LIMIT ACCEL=5000 ACCEL_TO_DECEL=2500
G1 X210.312 Y170.77 F30000
;TYPE:Outer wall
G1 F10393.592
G3 X209.991 Y170.8 I-.33 J-1.788 E.00929
G1 X174.009 Y170.8 E1.03632
G3 X172.2 Y168.991 I.01 J-1.818 E.08171
G1 X172.2 Y153.009 E.46031
G3 X174.009 Y151.2 I1.818 J.01 E.08171
G1 X210.104 Y151.21 E1.03957
G3 X211.8 Y153.009 I-.112 J1.804 E.07841
G1 X211.8 Y168.991 E.46031
G3 X210.351 Y170.762 I-1.818 J-.01 E.07127
SET_VELOCITY_LIMIT ACCEL=10000 ACCEL_TO_DECEL=5000
G1 E-.5 F900
G1 Z1 F30000
G1 X209.736 Y169.906 Z1
G1 Z.8
G1 E.5 F900
;TYPE:Sparse infill
G1 F10393.592
G1 X210.745 Y168.897 E.04111
G1 X210.745 Y167.454 E.04155
G1 X208.454 Y169.745 E.09333
G1 X207.011 Y169.745 E.04155
G1 X210.745 Y166.011 E.15209
G1 X210.745 Y164.568 E.04155
G1 X205.568 Y169.745 E.21086
G1 X204.126 Y169.745 E.04155
G1 X210.745 Y163.126 E.26963
G1 X210.745 Y161.683 E.04155
G1 X202.683 Y169.745 E.32839
G1 X201.24 Y169.745 E.04155
G1 X210.745 Y160.24 E.38716
G1 X210.745 Y158.797 E.04155
G1 X199.797 Y169.745 E.44592
G1 X198.354 Y169.745 E.04155
G1 X210.745 Y157.354 E.50469
G1 X210.745 Y155.912 E.04155
G1 X196.912 Y169.745 E.56346
G1 X195.469 Y169.745 E.04155
G1 X210.745 Y154.469 E.62222
G2 X210.743 Y153.028 I-8.234 J-.707 E.04154
G1 X194.026 Y169.745 E.68089
G1 X192.583 Y169.745 E.04155
G1 X210.064 Y152.265 E.71198
G2 X208.624 Y152.261 I-.74 J8.242 E.0415
G1 X191.14 Y169.745 E.71213
G1 X189.697 Y169.745 E.04155
G1 X207.182 Y152.261 E.71214
G1 X205.739 Y152.261 E.04155
G1 X188.255 Y169.745 E.71215
G1 X186.812 Y169.745 E.04155
G1 X204.297 Y152.26 E.71216
G1 X202.854 Y152.26 E.04155
G1 X185.369 Y169.745 E.71218
G1 X183.926 Y169.745 E.04155
G1 X201.412 Y152.26 E.71219
G1 X199.969 Y152.26 E.04155
G1 X182.483 Y169.745 E.7122
G1 X181.04 Y169.745 E.04155
G1 X198.527 Y152.259 E.71221
G1 X197.084 Y152.259 E.04155
G1 X179.598 Y169.745 E.71222
G1 X178.155 Y169.745 E.04155
G1 X195.641 Y152.259 E.71223
G1 X194.199 Y152.259 E.04155
G1 X176.712 Y169.745 E.71224
G1 X175.269 Y169.745 E.04155
G1 X192.756 Y152.258 E.71226
G1 X191.314 Y152.258 E.04155
G1 X173.849 Y169.723 E.71136
G3 X173.255 Y168.874 I.173 J-.754 E.0327
G1 X189.871 Y152.258 E.6768
G1 X188.429 Y152.257 E.04155
G1 X173.255 Y167.432 E.61805
G1 X173.255 Y165.989 E.04155
G1 X186.986 Y152.257 E.55929
G1 X185.544 Y152.257 E.04155
G1 X173.255 Y164.546 E.50054
G1 X173.255 Y163.103 E.04155
G1 X184.101 Y152.257 E.44178
G1 X182.659 Y152.256 E.04155
G1 X173.255 Y161.66 E.38303
G1 X173.255 Y160.217 E.04155
G1 X181.216 Y152.256 E.32427
G1 X179.774 Y152.256 E.04155
G1 X173.255 Y158.775 E.26552
G1 X173.255 Y157.332 E.04155
G1 X178.331 Y152.255 E.20676
G1 X176.888 Y152.255 E.04155
G1 X173.255 Y155.889 E.14801
G1 X173.255 Y154.446 E.04155
G1 X175.446 Y152.255 E.08925
G2 X173.998 Y152.26 I-.697 J8.256 E.04174
G1 X173.094 Y153.164 E.03684
; stop printing object flowrate_m3 id:0 copy 0
; printing object flowrate_m6 id:403726925917 copy 0
G1 E-.5 F900
G1 Z1 F30000
G1 X210.181 Y138.024 Z1
G1 Z.8
G1 E.5 F900
;TYPE:Inner wall
G1 F10725.302
G3 X209.958 Y138.043 I-.2 J-1.043 E.00624
G1 X174.042 Y138.043 E1.00242
G3 X172.957 Y136.958 I-.023 J-1.062 E.04784
G1 X172.957 Y121.042 E.44423
G3 X174.042 Y119.957 I1.062 J-.023 E.04784
G1 X210.038 Y119.964 E1.00465
G3 X211.043 Y121.042 I-.047 J1.051 E.04556
G1 X211.043 Y136.958 E.44422
G3 X210.22 Y138.016 I-1.062 J.023 E.04048
M73 P42 R19
G1 X210.243 Y138.376 F30000
G1 F10725.302
G3 X209.974 Y138.4 I-.261 J-1.394 E.00754
G1 X174.026 Y138.4 E1.00329
G3 X172.6 Y136.974 I-.008 J-1.418 E.06262
G1 X172.6 Y121.026 E.4451
G3 X174.026 Y119.6 I1.418 J-.008 E.06262
G1 X210.069 Y119.608 E1.00596
G3 X211.4 Y121.026 I-.077 J1.406 E.05991
G1 X211.4 Y136.974 E.44509
G3 X210.282 Y138.368 I-1.418 J.008 E.05396
SET_VELOCITY_LIMIT ACCEL=5000 ACCEL_TO_DECEL=2500
G1 X210.312 Y138.77 F30000
;TYPE:Outer wall
G1 F10725.302
G3 X209.991 Y138.8 I-.33 J-1.788 E.009
G1 X174.009 Y138.8 E1.00427
G3 X172.2 Y136.991 I.01 J-1.818 E.07918
G1 X172.2 Y121.009 E.44607
G3 X174.009 Y119.2 I1.818 J.01 E.07918
G1 X210.104 Y119.21 E1.00742
G3 X211.8 Y121.009 I-.112 J1.804 E.07598
G1 X211.8 Y136.991 E.44607
G3 X210.351 Y138.762 I-1.818 J-.01 E.06906
SET_VELOCITY_LIMIT ACCEL=10000 ACCEL_TO_DECEL=5000
G1 E-.5 F900
G1 Z1 F30000
G1 X209.736 Y137.906 Z1
G1 Z.8
G1 E.5 F900
;TYPE:Sparse infill
G1 F10725.302
G1 X210.745 Y136.897 E.03983
G1 X210.745 Y135.454 E.04027
G1 X208.454 Y137.745 E.09044
G1 X207.011 Y137.745 E.04027
G1 X210.745 Y134.011 E.14739
G1 X210.745 Y132.568 E.04027
G1 X205.568 Y137.745 E.20434
G1 X204.126 Y137.745 E.04027
G1 X210.745 Y131.126 E.26129
G1 X210.745 Y129.683 E.04027
G1 X202.683 Y137.745 E.31824
G1 X201.24 Y137.745 E.04027
G1 X210.745 Y128.24 E.37518
G1 X210.745 Y126.797 E.04027
G1 X199.797 Y137.745 E.43213
G1 X198.354 Y137.745 E.04027
G1 X210.745 Y125.354 E.48908
G1 X210.745 Y123.912 E.04027
G1 X196.912 Y137.745 E.54603
G1 X195.469 Y137.745 E.04027
G1 X210.745 Y122.469 E.60298
G2 X210.743 Y121.028 I-8.231 J-.707 E.04026
G1 X194.026 Y137.745 E.65984
G1 X192.583 Y137.745 E.04027
G1 X210.064 Y120.265 E.68996
G2 X208.624 Y120.261 I-.74 J8.241 E.04022
G1 X191.14 Y137.745 E.69011
G1 X189.697 Y137.745 E.04027
G1 X207.182 Y120.261 E.69012
G1 X205.739 Y120.261 E.04026
G1 X188.255 Y137.745 E.69013
G1 X186.812 Y137.745 E.04027
G1 X204.297 Y120.26 E.69014
G1 X202.854 Y120.26 E.04026
G1 X185.369 Y137.745 E.69015
G1 X183.926 Y137.745 E.04027
G1 X201.412 Y120.26 E.69016
G1 X199.969 Y120.26 E.04026
G1 X182.483 Y137.745 E.69017
G1 X181.04 Y137.745 E.04027
G1 X198.527 Y120.259 E.69018
G1 X197.084 Y120.259 E.04026
G1 X179.598 Y137.745 E.69019
G1 X178.155 Y137.745 E.04027
G1 X195.641 Y120.259 E.6902
G1 X194.199 Y120.259 E.04026
G1 X176.712 Y137.745 E.69022
G1 X175.269 Y137.745 E.04027
G1 X192.756 Y120.258 E.69023
G1 X191.314 Y120.258 E.04026
G1 X173.849 Y137.723 E.68936
G3 X173.255 Y136.874 I.173 J-.754 E.03169
G1 X189.871 Y120.258 E.65587
G1 X188.429 Y120.257 E.04026
G1 X173.255 Y135.432 E.59893
G1 X173.255 Y133.989 E.04027
G1 X186.986 Y120.257 E.54199
G1 X185.544 Y120.257 E.04026
G1 X173.255 Y132.546 E.48506
G1 X173.255 Y131.103 E.04027
G1 X184.101 Y120.257 E.42812
G1 X182.659 Y120.256 E.04026
G1 X173.255 Y129.66 E.37118
G1 X173.255 Y128.217 E.04027
G1 X181.216 Y120.256 E.31424
G1 X179.774 Y120.256 E.04026
G1 X173.255 Y126.775 E.25731
G1 X173.255 Y125.332 E.04027
G1 X178.331 Y120.255 E.20037
G1 X176.888 Y120.255 E.04026
G1 X173.255 Y123.889 E.14343
G1 X173.255 Y122.446 E.04027
G1 X175.446 Y120.255 E.08649
G2 X173.998 Y120.26 I-.697 J8.257 E.04045
G1 X173.094 Y121.164 E.0357
; stop printing object flowrate_m6 id:403726925917 copy 0
; printing object flowrate_m7 id:1228360646943 copy 0
G1 E-.5 F900
G1 Z1 F30000
G1 X210.181 Y106.024 Z1
G1 Z.8
G1 E.5 F900
;TYPE:Inner wall
G1 F10840.628
G3 X209.958 Y106.043 I-.2 J-1.043 E.00618
G1 X174.042 Y106.043 E.99176
G3 X172.957 Y104.958 I-.023 J-1.062 E.04733
G1 X172.957 Y89.042 E.4395
G3 X174.042 Y87.957 I1.062 J-.023 E.04733
G1 X210.038 Y87.964 E.99396
G3 X211.043 Y89.042 I-.047 J1.051 E.04508
G1 X211.043 Y104.958 E.4395
G3 X210.22 Y106.016 I-1.062 J.023 E.04005
G1 X210.243 Y106.376 F30000
G1 F10840.628
G3 X209.974 Y106.4 I-.261 J-1.394 E.00746
G1 X174.026 Y106.4 E.99262
G3 X172.6 Y104.974 I-.008 J-1.418 E.06195
G1 X172.6 Y89.026 E.44036
G3 X174.026 Y87.6 I1.418 J-.008 E.06195
G1 X210.069 Y87.608 E.99525
G3 X211.4 Y89.026 I-.077 J1.406 E.05927
G1 X211.4 Y104.974 E.44036
G3 X210.282 Y106.368 I-1.418 J.008 E.05339
SET_VELOCITY_LIMIT ACCEL=5000 ACCEL_TO_DECEL=2500
G1 X210.312 Y106.77 F30000
;TYPE:Outer wall
G1 F10840.628
G3 X209.991 Y106.8 I-.33 J-1.788 E.00891
G1 X174.009 Y106.8 E.99358
G3 X172.2 Y104.991 I.01 J-1.818 E.07834
G1 X172.2 Y89.009 E.44132
G3 X174.009 Y87.2 I1.818 J.01 E.07834
G1 X210.104 Y87.21 E.9967
G3 X211.8 Y89.009 I-.112 J1.804 E.07517
G1 X211.8 Y104.991 E.44132
G3 X210.351 Y106.762 I-1.818 J-.01 E.06833
SET_VELOCITY_LIMIT ACCEL=10000 ACCEL_TO_DECEL=5000
G1 E-.5 F900
G1 Z1 F30000
G1 X209.736 Y105.906 Z1
G1 Z.8
G1 E.5 F900
;TYPE:Sparse infill
G1 F10840.628
G1 X210.745 Y104.897 E.03941
G1 X210.745 Y103.454 E.03984
G1 X208.454 Y105.745 E.08948
G1 X207.011 Y105.745 E.03984
G1 X210.745 Y102.011 E.14582
G1 X210.745 Y100.568 E.03984
G1 X205.568 Y105.745 E.20216
G1 X204.126 Y105.745 E.03984
G1 X210.745 Y99.126 E.25851
G1 X210.745 Y97.683 E.03984
G1 X202.683 Y105.745 E.31485
G1 X201.24 Y105.745 E.03984
G1 X210.745 Y96.24 E.37119
G1 X210.745 Y94.797 E.03984
G1 X199.797 Y105.745 E.42754
G1 X198.354 Y105.745 E.03984
G1 X210.745 Y93.354 E.48388
G1 X210.745 Y91.912 E.03984
G1 X196.912 Y105.745 E.54022
G1 X195.469 Y105.745 E.03984
G1 X210.745 Y90.469 E.59656
G2 X210.743 Y89.028 I-8.234 J-.707 E.03983
G1 X194.026 Y105.745 E.65282
G1 X192.583 Y105.745 E.03984
G1 X210.064 Y88.265 E.68262
G2 X208.624 Y88.261 I-.74 J8.241 E.03979
G1 X191.14 Y105.745 E.68276
G1 X189.697 Y105.745 E.03984
G1 X207.182 Y88.261 E.68277
G1 X205.739 Y88.261 E.03983
G1 X188.255 Y105.745 E.68279
G1 X186.812 Y105.745 E.03984
G1 X204.297 Y88.26 E.6828
G1 X202.854 Y88.26 E.03983
G1 X185.369 Y105.745 E.68281
G1 X183.926 Y105.745 E.03984
G1 X201.412 Y88.26 E.68282
G1 X199.969 Y88.26 E.03983
G1 X182.483 Y105.745 E.68283
G1 X181.04 Y105.745 E.03984
G1 X198.527 Y88.259 E.68284
G1 X197.084 Y88.259 E.03983
G1 X179.598 Y105.745 E.68285
G1 X178.155 Y105.745 E.03984
G1 X195.641 Y88.259 E.68286
G1 X194.199 Y88.259 E.03983
G1 X176.712 Y105.745 E.68287
G1 X175.269 Y105.745 E.03984
G1 X192.756 Y88.258 E.68288
G1 X191.314 Y88.258 E.03983
G1 X173.849 Y105.723 E.68203
G3 X173.255 Y104.874 I.173 J-.754 E.03135
G1 X189.871 Y88.258 E.64889
G1 X188.429 Y88.257 E.03983
G1 X173.255 Y103.432 E.59256
G1 X173.255 Y101.989 E.03984
G1 X186.986 Y88.257 E.53623
G1 X185.544 Y88.257 E.03983
G1 X173.255 Y100.546 E.4799
G1 X173.255 Y99.103 E.03984
G1 X184.101 Y88.257 E.42356
G1 X182.659 Y88.256 E.03983
G1 X173.255 Y97.66 E.36723
G1 X173.255 Y96.217 E.03984
G1 X181.216 Y88.256 E.3109
G1 X179.774 Y88.256 E.03983
G1 X173.255 Y94.775 E.25457
G1 X173.255 Y93.332 E.03984
G1 X178.331 Y88.255 E.19824
G1 X176.888 Y88.255 E.03983
G1 X173.255 Y91.889 E.1419
G1 X173.255 Y90.446 E.03984
G1 X175.446 Y88.255 E.08557
G2 X173.998 Y88.26 I-.697 J8.258 E.04002
G1 X173.094 Y89.164 E.03532
; stop printing object flowrate_m7 id:1228360646943 copy 0
; printing object flowrate_m8 id:1344324764009 copy 0
G1 E-.5 F900
G1 Z1 F30000
G1 X168.181 Y106.024 Z1
G1 Z.8
G1 E.5 F900
;TYPE:Inner wall
G1 F10958.461
G3 X167.958 Y106.043 I-.2 J-1.043 E.00611
G1 X132.042 Y106.043 E.98109
G3 X130.957 Y104.958 I-.023 J-1.062 E.04682
G1 X130.957 Y89.042 E.43477
G3 X132.042 Y87.957 I1.062 J-.023 E.04682
G1 X168.038 Y87.964 E.98328
G3 X169.043 Y89.042 I-.047 J1.051 E.04459
G1 X169.043 Y104.958 E.43477
G3 X168.22 Y106.016 I-1.062 J.023 E.03962
G1 X168.243 Y106.376 F30000
G1 F10958.461
G3 X167.974 Y106.4 I-.261 J-1.394 E.00738
G1 X132.026 Y106.4 E.98194
G3 X130.6 Y104.974 I-.008 J-1.418 E.06129
G1 X130.6 Y89.026 E.43562
G3 X132.026 Y87.6 I1.418 J-.008 E.06129
G1 X168.069 Y87.608 E.98455
G3 X169.4 Y89.026 I-.077 J1.406 E.05863
G1 X169.4 Y104.974 E.43562
G3 X168.282 Y106.368 I-1.418 J.008 E.05281
SET_VELOCITY_LIMIT ACCEL=5000 ACCEL_TO_DECEL=2500
G1 X168.312 Y106.77 F30000
;TYPE:Outer wall
G1 F10958.461
G3 X167.991 Y106.8 I-.33 J-1.788 E.00881
G1 X132.009 Y106.8 E.9829
G3 X130.2 Y104.991 I.01 J-1.818 E.0775
G1 X130.2 Y89.009 E.43658
G3 X132.009 Y87.2 I1.818 J.01 E.0775
G1 X168.104 Y87.21 E.98598
G3 X169.8 Y89.009 I-.112 J1.804 E.07436
G1 X169.8 Y104.991 E.43658
G3 X168.351 Y106.762 I-1.818 J-.01 E.06759
SET_VELOCITY_LIMIT ACCEL=10000 ACCEL_TO_DECEL=5000
G1 E-.5 F900
G1 Z1 F30000
G1 X167.736 Y105.906 Z1
G1 Z.8
G1 E.5 F900
;TYPE:Sparse infill
G1 F10958.461
G1 X168.745 Y104.897 E.03899
G1 X168.745 Y103.454 E.03941
G1 X166.454 Y105.745 E.08852
G1 X165.011 Y105.745 E.03941
G1 X168.745 Y102.011 E.14425
G1 X168.745 Y100.568 E.03941
G1 X163.568 Y105.745 E.19999
G1 X162.126 Y105.745 E.03941
G1 X168.745 Y99.126 E.25573
G1 X168.745 Y97.683 E.03941
G1 X160.683 Y105.745 E.31146
G1 X159.24 Y105.745 E.03941
G1 X168.745 Y96.24 E.3672
G1 X168.745 Y94.797 E.03941
G1 X157.797 Y105.745 E.42294
G1 X156.354 Y105.745 E.03941
G1 X168.745 Y93.354 E.47868
G1 X168.745 Y91.912 E.03941
G1 X154.912 Y105.745 E.53441
G1 X153.469 Y105.745 E.03941
G1 X168.745 Y90.469 E.59015
G2 X168.743 Y89.028 I-8.234 J-.707 E.0394
G1 X152.026 Y105.745 E.6458
G1 X150.583 Y105.745 E.03941
G1 X168.064 Y88.265 E.67528
G2 X166.624 Y88.261 I-.74 J8.241 E.03936
G1 X149.14 Y105.745 E.67542
G1 X147.697 Y105.745 E.03941
G1 X165.182 Y88.261 E.67543
G1 X163.739 Y88.261 E.0394
G1 X146.255 Y105.745 E.67544
G1 X144.812 Y105.745 E.03941
G1 X162.297 Y88.26 E.67545
G1 X160.854 Y88.26 E.0394
G1 X143.369 Y105.745 E.67547
G1 X141.926 Y105.745 E.03941
G1 X159.412 Y88.26 E.67548
G1 X157.969 Y88.26 E.0394
G1 X140.483 Y105.745 E.67549
G1 X139.04 Y105.745 E.03941
M73 P43 R19
G1 X156.527 Y88.259 E.6755
G1 X155.084 Y88.259 E.0394
G1 X137.598 Y105.745 E.67551
G1 X136.155 Y105.745 E.03941
G1 X153.641 Y88.259 E.67552
G1 X152.199 Y88.259 E.0394
G1 X134.712 Y105.745 E.67553
G1 X133.269 Y105.745 E.03941
G1 X150.756 Y88.258 E.67554
G1 X149.314 Y88.258 E.0394
G1 X131.849 Y105.723 E.6747
G3 X131.255 Y104.874 I.173 J-.754 E.03101
G1 X147.871 Y88.258 E.64191
G1 X146.429 Y88.257 E.0394
G1 X131.255 Y103.432 E.58619
G1 X131.255 Y101.989 E.03941
G1 X144.986 Y88.257 E.53046
G1 X143.544 Y88.257 E.0394
G1 X131.255 Y100.546 E.47474
G1 X131.255 Y99.103 E.03941
G1 X142.101 Y88.257 E.41901
G1 X140.659 Y88.256 E.0394
G1 X131.255 Y97.66 E.36328
G1 X131.255 Y96.217 E.03941
G1 X139.216 Y88.256 E.30756
G1 X137.774 Y88.256 E.0394
G1 X131.255 Y94.775 E.25183
G1 X131.255 Y93.332 E.03941
G1 X136.331 Y88.255 E.19611
G1 X134.888 Y88.255 E.0394
G1 X131.255 Y91.889 E.14038
G1 X131.255 Y90.446 E.03941
G1 X133.446 Y88.255 E.08465
G2 X131.998 Y88.26 I-.697 J8.258 E.03959
G1 X131.094 Y89.164 E.03494
; stop printing object flowrate_m8 id:1344324764009 copy 0
; printing object flowrate_m5 id:0 copy 0
G1 E-.5 F900
G1 Z1 F30000
G1 X168.181 Y138.024 Z1
G1 Z.8
G1 E.5 F900
;TYPE:Inner wall
G1 F10612.404
G3 X167.958 Y138.043 I-.2 J-1.043 E.00631
G1 X132.042 Y138.043 E1.01308
G3 X130.957 Y136.958 I-.023 J-1.062 E.04835
G1 X130.957 Y121.042 E.44895
G3 X132.042 Y119.957 I1.057 J-.028 E.04841
G1 X168.038 Y119.964 E1.01534
G3 X169.043 Y121.042 I-.047 J1.051 E.04605
G1 X169.043 Y136.958 E.44895
G3 X168.22 Y138.016 I-1.062 J.023 E.04091
G1 X168.243 Y138.376 F30000
G1 F10612.404
G3 X167.974 Y138.4 I-.261 J-1.394 E.00762
G1 X132.026 Y138.4 E1.01396
G3 X130.6 Y136.974 I-.008 J-1.418 E.06329
G1 X130.6 Y121.026 E.44983
G3 X130.642 Y120.69 I.974 J-.05 E.0096
G3 X132.026 Y119.6 I1.366 J.31 E.05376
G1 X168.069 Y119.608 E1.01666
G3 X169.4 Y121.026 I-.077 J1.406 E.06055
G1 X169.4 Y136.974 E.44983
G3 X168.282 Y138.368 I-1.418 J.008 E.05453
SET_VELOCITY_LIMIT ACCEL=5000 ACCEL_TO_DECEL=2500
G1 X168.312 Y138.77 F30000
;TYPE:Outer wall
G1 F10612.404
G3 X167.991 Y138.8 I-.33 J-1.788 E.0091
G1 X132.009 Y138.8 E1.01495
G3 X130.2 Y136.991 I.01 J-1.818 E.08002
G1 X130.2 Y121.009 E.45081
G3 X132.009 Y119.2 I1.805 J-.004 E.08019
G1 X168.104 Y119.21 E1.01813
G3 X169.8 Y121.009 I-.112 J1.804 E.07679
G1 X169.8 Y136.991 E.45081
G3 X168.351 Y138.762 I-1.818 J-.01 E.0698
SET_VELOCITY_LIMIT ACCEL=10000 ACCEL_TO_DECEL=5000
G1 E-.5 F900
G1 Z1 F30000
G1 X167.736 Y137.906 Z1
G1 Z.8
G1 E.5 F900
;TYPE:Sparse infill
G1 F10612.404
G1 X168.745 Y136.897 E.04026
G1 X168.745 Y135.454 E.0407
G1 X166.454 Y137.745 E.0914
G1 X165.011 Y137.745 E.0407
G1 X168.745 Y134.011 E.14896
G1 X168.745 Y132.568 E.0407
G1 X163.568 Y137.745 E.20651
G1 X162.126 Y137.745 E.0407
G1 X168.745 Y131.126 E.26407
G1 X168.745 Y129.683 E.0407
G1 X160.683 Y137.745 E.32162
G1 X159.24 Y137.745 E.0407
G1 X168.745 Y128.24 E.37918
G1 X168.745 Y126.797 E.0407
G1 X157.797 Y137.745 E.43673
G1 X156.354 Y137.745 E.0407
G1 X168.745 Y125.354 E.49428
G1 X168.745 Y123.912 E.0407
G1 X154.912 Y137.745 E.55184
G1 X153.469 Y137.745 E.0407
G1 X168.745 Y122.469 E.60939
G2 X168.743 Y121.028 I-8.231 J-.707 E.04068
G1 X152.026 Y137.745 E.66686
G1 X150.583 Y137.745 E.0407
G1 X168.064 Y120.265 E.6973
G2 X166.624 Y120.261 I-.74 J8.241 E.04065
G1 X149.14 Y137.745 E.69745
G1 X147.697 Y137.745 E.0407
G1 X165.182 Y120.261 E.69746
G1 X163.739 Y120.261 E.04069
G1 X146.255 Y137.745 E.69747
G1 X144.812 Y137.745 E.0407
G1 X162.297 Y120.26 E.69748
G1 X160.854 Y120.26 E.04069
G1 X143.369 Y137.745 E.69749
G1 X141.926 Y137.745 E.0407
G1 X159.412 Y120.26 E.6975
G1 X157.969 Y120.26 E.04069
G1 X140.483 Y137.745 E.69751
G1 X139.04 Y137.745 E.0407
G1 X156.527 Y120.259 E.69752
G1 X155.084 Y120.259 E.04069
G1 X137.598 Y137.745 E.69754
G1 X136.155 Y137.745 E.0407
G1 X153.641 Y120.259 E.69755
G1 X152.199 Y120.259 E.04069
G1 X134.712 Y137.745 E.69756
G1 X133.269 Y137.745 E.0407
G1 X150.756 Y120.258 E.69757
G1 X149.314 Y120.258 E.04069
G1 X131.849 Y137.723 E.6967
G3 X131.255 Y136.874 I.173 J-.754 E.03202
G1 X147.871 Y120.258 E.66285
G1 X146.429 Y120.257 E.04069
G1 X131.255 Y135.432 E.6053
G1 X131.255 Y133.989 E.0407
G1 X144.986 Y120.257 E.54776
G1 X143.544 Y120.257 E.04069
G1 X131.255 Y132.546 E.49022
G1 X131.255 Y131.103 E.0407
G1 X142.101 Y120.257 E.43267
G1 X140.659 Y120.256 E.04069
G1 X131.255 Y129.66 E.37513
G1 X131.255 Y128.217 E.0407
G1 X139.216 Y120.256 E.31759
G1 X137.774 Y120.256 E.04069
G1 X131.255 Y126.775 E.26004
G1 X131.255 Y125.332 E.0407
G1 X136.331 Y120.255 E.2025
G1 X134.888 Y120.255 E.04069
G1 X131.255 Y123.889 E.14496
G1 X131.255 Y122.446 E.0407
G1 X133.446 Y120.255 E.08741
G2 X131.998 Y120.26 I-.697 J8.258 E.04088
G1 X131.094 Y121.164 E.03608
; stop printing object flowrate_m5 id:0 copy 0
; printing object flowrate_m2 id:8247625146344371234 copy 0
G1 E-.5 F900
G1 Z1 F30000
G1 X168.181 Y170.024 Z1
G1 Z.8
G1 E.5 F900
;TYPE:Inner wall
G1 F10287.535
G3 X167.958 Y170.043 I-.2 J-1.043 E.00651
G1 X132.042 Y170.043 E1.04508
G3 X130.957 Y168.958 I-.023 J-1.062 E.04987
G1 X130.957 Y153.042 E.46313
G3 X132.042 Y151.957 I1.057 J-.028 E.04994
G1 X168.038 Y151.964 E1.0474
G3 X169.043 Y153.042 I-.047 J1.051 E.0475
G1 X169.043 Y168.958 E.46313
G3 X168.22 Y170.016 I-1.062 J.023 E.04221
G1 X168.243 Y170.376 F30000
G1 F10287.535
G3 X167.974 Y170.4 I-.261 J-1.394 E.00786
G1 X132.026 Y170.4 E1.04598
G3 X130.6 Y168.974 I-.008 J-1.418 E.06528
G1 X130.6 Y153.026 E.46404
G3 X132.026 Y151.6 I1.414 J-.012 E.06533
G1 X168.069 Y151.608 E1.04876
G3 X169.4 Y153.026 I-.077 J1.406 E.06246
G1 X169.4 Y168.974 E.46403
G3 X168.282 Y170.368 I-1.418 J.008 E.05626
SET_VELOCITY_LIMIT ACCEL=5000 ACCEL_TO_DECEL=2500
G1 X168.312 Y170.77 F30000
;TYPE:Outer wall
G1 F10287.535
G3 X167.991 Y170.8 I-.33 J-1.788 E.00939
G1 X132.009 Y170.8 E1.047
G3 X130.2 Y168.991 I.01 J-1.818 E.08255
G1 X130.2 Y153.009 E.46505
G3 X132.009 Y151.2 I1.805 J-.004 E.08272
G1 X168.104 Y151.21 E1.05028
G3 X169.8 Y153.009 I-.112 J1.804 E.07921
G1 X169.8 Y168.991 E.46505
G3 X168.351 Y170.762 I-1.818 J-.01 E.072
SET_VELOCITY_LIMIT ACCEL=10000 ACCEL_TO_DECEL=5000
G1 E-.5 F900
G1 Z1 F30000
G1 X167.736 Y169.906 Z1
G1 Z.8
G1 E.5 F900
;TYPE:Sparse infill
G1 F10287.535
G1 X168.745 Y168.897 E.04153
G1 X168.745 Y167.454 E.04198
G1 X166.454 Y169.745 E.09429
G1 X165.011 Y169.745 E.04198
G1 X168.745 Y166.011 E.15366
G1 X168.745 Y164.568 E.04198
G1 X163.568 Y169.745 E.21303
G1 X162.126 Y169.745 E.04198
G1 X168.745 Y163.126 E.27241
G1 X168.745 Y161.683 E.04198
G1 X160.683 Y169.745 E.33178
G1 X159.24 Y169.745 E.04198
G1 X168.745 Y160.24 E.39115
G1 X168.745 Y158.797 E.04198
G1 X157.797 Y169.745 E.45052
G1 X156.354 Y169.745 E.04198
G1 X168.745 Y157.354 E.50989
G1 X168.745 Y155.912 E.04198
G1 X154.912 Y169.745 E.56927
G1 X153.469 Y169.745 E.04198
G1 X168.745 Y154.469 E.62864
G2 X168.743 Y153.028 I-8.234 J-.707 E.04197
G1 X152.026 Y169.745 E.68791
G1 X150.583 Y169.745 E.04198
G1 X168.064 Y152.265 E.71932
G2 X166.624 Y152.261 I-.74 J8.242 E.04193
M73 P43 R18
G1 X149.14 Y169.745 E.71947
G1 X147.697 Y169.745 E.04198
G1 X165.182 Y152.261 E.71948
G1 X163.739 Y152.261 E.04197
G1 X146.255 Y169.745 E.71949
G1 X144.812 Y169.745 E.04198
G1 X162.297 Y152.26 E.71951
G1 X160.854 Y152.26 E.04197
G1 X143.369 Y169.745 E.71952
G1 X141.926 Y169.745 E.04198
G1 X159.412 Y152.26 E.71953
G1 X157.969 Y152.26 E.04197
G1 X140.483 Y169.745 E.71954
G1 X139.04 Y169.745 E.04198
G1 X156.527 Y152.259 E.71955
G1 X155.084 Y152.259 E.04197
G1 X137.598 Y169.745 E.71956
G1 X136.155 Y169.745 E.04198
G1 X153.641 Y152.259 E.71958
G1 X152.199 Y152.259 E.04197
G1 X134.712 Y169.745 E.71959
G1 X133.269 Y169.745 E.04198
G1 X150.756 Y152.258 E.7196
G1 X149.314 Y152.258 E.04197
G1 X131.849 Y169.723 E.7187
G3 X131.255 Y168.874 I.173 J-.754 E.03303
G1 X147.871 Y152.258 E.68378
G1 X146.429 Y152.257 E.04197
G1 X131.255 Y167.432 E.62442
G1 X131.255 Y165.989 E.04198
G1 X144.986 Y152.257 E.56506
G1 X143.544 Y152.257 E.04197
G1 X131.255 Y164.546 E.5057
G1 X131.255 Y163.103 E.04198
G1 X142.101 Y152.257 E.44634
G1 X140.659 Y152.256 E.04197
G1 X131.255 Y161.66 E.38698
G1 X131.255 Y160.217 E.04198
G1 X139.216 Y152.256 E.32762
G1 X137.774 Y152.256 E.04197
G1 X131.255 Y158.775 E.26825
G1 X131.255 Y157.332 E.04198
G1 X136.331 Y152.255 E.20889
G1 X134.888 Y152.255 E.04197
G1 X131.255 Y155.889 E.14953
G1 X131.255 Y154.446 E.04198
G1 X133.446 Y152.255 E.09017
G2 X131.998 Y152.26 I-.697 J8.255 E.04217
G1 X131.094 Y153.164 E.03722
; stop printing object flowrate_m2 id:8247625146344371234 copy 0
; printing object flowrate_0 id:111516266160479 copy 0
G1 E-.5 F900
G1 Z1 F30000
G1 X168.517 Y184.104 Z1
G1 Z.8
G1 E.5 F900
;TYPE:Inner wall
G1 F10081.784
G3 X169.043 Y185.042 I-.526 J.911 E.03351
G1 X169.043 Y200.958 E.47258
G3 X167.958 Y202.043 I-1.062 J.023 E.05089
G1 X132.042 Y202.043 E1.0664
G3 X130.957 Y200.958 I-.023 J-1.062 E.05089
G1 X130.957 Y185.042 E.47258
G3 X132.042 Y183.957 I1.062 J-.023 E.05089
G1 X168.038 Y183.964 E1.06878
G3 X168.482 Y184.085 I-.047 J1.051 E.01378
G1 X168.696 Y183.795 F30000
G1 F10081.784
G3 X169.4 Y185.026 I-.704 J1.219 E.04414
G1 X169.4 Y200.974 E.4735
G3 X167.974 Y202.4 I-1.418 J.008 E.06662
G1 X132.026 Y202.4 E1.06733
G3 X130.6 Y200.974 I-.008 J-1.418 E.06662
G1 X130.6 Y185.026 E.47351
G3 X132.026 Y183.6 I1.418 J-.008 E.06662
G1 X168.069 Y183.608 E1.07017
G3 X168.661 Y183.775 I-.077 J1.406 E.0184
M73 P44 R18
SET_VELOCITY_LIMIT ACCEL=5000 ACCEL_TO_DECEL=2500
G1 X168.896 Y183.448 F30000
;TYPE:Outer wall
G1 F10081.784
G3 X169.8 Y185.009 I-.903 J1.566 E.05606
G1 X169.8 Y200.991 E.47454
G3 X167.991 Y202.8 I-1.818 J-.01 E.08424
G1 X132.009 Y202.8 E1.06837
G3 X130.2 Y200.991 I.01 J-1.818 E.08424
G1 X130.2 Y185.009 E.47454
G3 X132.009 Y183.2 I1.818 J.01 E.08423
G1 X168.104 Y183.21 E1.07172
G3 X168.861 Y183.429 I-.112 J1.804 E.02358
SET_VELOCITY_LIMIT ACCEL=10000 ACCEL_TO_DECEL=5000
G1 E-.5 F900
G1 Z1 F30000
G1 X167.736 Y201.906 Z1
G1 Z.8
G1 E.5 F900
;TYPE:Sparse infill
G1 F10081.784
G1 X168.745 Y200.897 E.04238
G1 X168.745 Y199.454 E.04284
G1 X166.454 Y201.745 E.09621
G1 X165.011 Y201.745 E.04284
G1 X168.745 Y198.011 E.1568
G1 X168.745 Y196.568 E.04284
G1 X163.568 Y201.745 E.21738
G1 X162.126 Y201.745 E.04284
G1 X168.745 Y195.126 E.27796
G1 X168.745 Y193.683 E.04284
G1 X160.683 Y201.745 E.33855
G1 X159.24 Y201.745 E.04284
G1 X168.745 Y192.24 E.39913
G1 X168.745 Y190.797 E.04284
G1 X157.797 Y201.745 E.45972
G1 X156.354 Y201.745 E.04284
G1 X168.745 Y189.354 E.5203
G1 X168.745 Y187.912 E.04284
G1 X154.912 Y201.745 E.58088
G1 X153.469 Y201.745 E.04284
G1 X168.745 Y186.469 E.64147
G2 X168.743 Y185.028 I-8.234 J-.707 E.04282
G1 X152.026 Y201.745 E.70195
G1 X150.583 Y201.745 E.04284
G1 X168.064 Y184.265 E.734
G2 X166.624 Y184.261 I-.74 J8.243 E.04279
G1 X149.14 Y201.745 E.73415
G1 X147.697 Y201.745 E.04284
G1 X165.182 Y184.261 E.73417
G1 X163.739 Y184.261 E.04283
G1 X146.255 Y201.745 E.73418
G1 X144.812 Y201.745 E.04284
G1 X162.297 Y184.26 E.73419
G1 X160.854 Y184.26 E.04283
G1 X143.369 Y201.745 E.7342
G1 X141.926 Y201.745 E.04284
G1 X159.412 Y184.26 E.73421
G1 X157.969 Y184.26 E.04283
G1 X140.483 Y201.745 E.73422
G1 X139.04 Y201.745 E.04284
G1 X156.527 Y184.259 E.73424
G1 X155.084 Y184.259 E.04283
G1 X137.598 Y201.745 E.73425
G1 X136.155 Y201.745 E.04284
G1 X153.641 Y184.259 E.73426
G1 X152.199 Y184.259 E.04283
G1 X134.712 Y201.745 E.73427
G1 X133.269 Y201.745 E.04284
G1 X150.756 Y184.258 E.73428
G1 X149.314 Y184.258 E.04283
G1 X131.849 Y201.723 E.73336
G3 X131.255 Y200.874 I.173 J-.754 E.03371
G1 X147.871 Y184.258 E.69773
G1 X146.429 Y184.257 E.04283
G1 X131.255 Y199.432 E.63716
G1 X131.255 Y197.989 E.04284
G1 X144.986 Y184.257 E.57659
G1 X143.544 Y184.257 E.04283
G1 X131.255 Y196.546 E.51602
G1 X131.255 Y195.103 E.04284
G1 X142.101 Y184.257 E.45545
G1 X140.659 Y184.256 E.04283
G1 X131.255 Y193.66 E.39487
G1 X131.255 Y192.217 E.04284
G1 X139.216 Y184.256 E.3343
G1 X137.774 Y184.256 E.04283
G1 X131.255 Y190.775 E.27373
G1 X131.255 Y189.332 E.04284
G1 X136.331 Y184.255 E.21316
G1 X134.888 Y184.255 E.04283
G1 X131.255 Y187.889 E.15259
G1 X131.255 Y186.446 E.04284
G1 X133.446 Y184.255 E.09201
G2 X131.998 Y184.26 I-.697 J8.258 E.04303
G1 X131.094 Y185.164 E.03798
; stop printing object flowrate_0 id:111516266160479 copy 0
; printing object flowrate_m1 id:8318823020889268071 copy 0
G1 E-.5 F900
G1 Z1 F30000
G1 X126.181 Y170.024 Z1
G1 Z.8
G1 E.5 F900
;TYPE:Inner wall
G1 F10183.62
G3 X125.958 Y170.043 I-.2 J-1.043 E.00657
G1 X90.042 Y170.043 E1.05574
G3 X88.957 Y168.958 I-.023 J-1.062 E.05038
G1 X88.957 Y153.042 E.46785
G3 X90.042 Y151.957 I1.057 J-.028 E.05045
G1 X126.038 Y151.964 E1.05809
G3 X127.043 Y153.042 I-.047 J1.051 E.04799
G1 X127.043 Y168.958 E.46785
G3 X126.22 Y170.016 I-1.062 J.023 E.04264
G1 X126.243 Y170.376 F30000
G1 F10183.62
G3 X125.974 Y170.4 I-.261 J-1.394 E.00794
G1 X90.026 Y170.4 E1.05666
G3 X88.6 Y168.974 I-.008 J-1.418 E.06595
G1 X88.6 Y153.026 E.46877
G3 X90.026 Y151.6 I1.414 J-.012 E.066
G1 X126.069 Y151.608 E1.05946
G3 X127.4 Y153.026 I-.077 J1.406 E.0631
G1 X127.4 Y168.974 E.46877
G3 X126.282 Y170.368 I-1.418 J.008 E.05683
SET_VELOCITY_LIMIT ACCEL=5000 ACCEL_TO_DECEL=2500
G1 X126.312 Y170.77 F30000
;TYPE:Outer wall
G1 F10183.62
G3 X125.991 Y170.8 I-.33 J-1.788 E.00948
G1 X90.009 Y170.8 E1.05768
G3 X88.2 Y168.991 I.01 J-1.818 E.08339
G1 X88.2 Y153.009 E.4698
G3 X90.009 Y151.2 I1.805 J-.004 E.08356
G1 X126.104 Y151.21 E1.061
G3 X127.8 Y153.009 I-.112 J1.804 E.08002
G1 X127.8 Y168.991 E.4698
G3 X126.351 Y170.762 I-1.818 J-.01 E.07274
SET_VELOCITY_LIMIT ACCEL=10000 ACCEL_TO_DECEL=5000
G1 E-.5 F900
G1 Z1 F30000
G1 X125.736 Y169.906 Z1
G1 Z.8
G1 E.5 F900
;TYPE:Sparse infill
G1 F10183.62
G1 X126.745 Y168.897 E.04195
G1 X126.745 Y167.454 E.04241
G1 X124.454 Y169.745 E.09525
G1 X123.011 Y169.745 E.04241
G1 X126.745 Y166.011 E.15523
G1 X126.745 Y164.568 E.04241
G1 X121.568 Y169.745 E.21521
G1 X120.126 Y169.745 E.04241
G1 X126.745 Y163.126 E.27518
G1 X126.745 Y161.683 E.04241
G1 X118.683 Y169.745 E.33516
G1 X117.24 Y169.745 E.04241
G1 X126.745 Y160.24 E.39514
G1 X126.745 Y158.797 E.04241
G1 X115.797 Y169.745 E.45512
G1 X114.354 Y169.745 E.04241
G1 X126.745 Y157.354 E.5151
G1 X126.745 Y155.912 E.04241
G1 X112.912 Y169.745 E.57507
G1 X111.469 Y169.745 E.04241
G1 X126.745 Y154.469 E.63505
G2 X126.743 Y153.028 I-8.232 J-.707 E.0424
G1 X110.026 Y169.745 E.69493
G1 X108.583 Y169.745 E.04241
G1 X126.064 Y152.265 E.72666
G2 X124.624 Y152.261 I-.74 J8.242 E.04236
G1 X107.14 Y169.745 E.72681
G1 X105.697 Y169.745 E.04241
G1 X123.182 Y152.261 E.72682
G1 X121.739 Y152.261 E.0424
G1 X104.255 Y169.745 E.72684
G1 X102.812 Y169.745 E.04241
G1 X120.297 Y152.26 E.72685
G1 X118.854 Y152.26 E.0424
G1 X101.369 Y169.745 E.72686
G1 X99.926 Y169.745 E.04241
G1 X117.412 Y152.26 E.72687
G1 X115.969 Y152.26 E.0424
G1 X98.483 Y169.745 E.72688
G1 X97.04 Y169.745 E.04241
G1 X114.527 Y152.259 E.72689
G1 X113.084 Y152.259 E.0424
G1 X95.598 Y169.745 E.72691
G1 X94.155 Y169.745 E.04241
G1 X111.641 Y152.259 E.72692
G1 X110.199 Y152.259 E.0424
G1 X92.712 Y169.745 E.72693
G1 X91.269 Y169.745 E.04241
G1 X108.756 Y152.258 E.72694
G1 X107.314 Y152.258 E.0424
G1 X89.849 Y169.723 E.72603
G3 X89.255 Y168.874 I.173 J-.754 E.03337
G1 X105.871 Y152.258 E.69076
G1 X104.429 Y152.257 E.0424
G1 X89.255 Y167.432 E.63079
G1 X89.255 Y165.989 E.04241
G1 X102.986 Y152.257 E.57082
G1 X101.544 Y152.257 E.0424
G1 X89.255 Y164.546 E.51086
G1 X89.255 Y163.103 E.04241
G1 X100.101 Y152.257 E.45089
G1 X98.659 Y152.256 E.0424
G1 X89.255 Y161.66 E.39092
G1 X89.255 Y160.217 E.04241
G1 X97.216 Y152.256 E.33096
G1 X95.774 Y152.256 E.0424
G1 X89.255 Y158.775 E.27099
G1 X89.255 Y157.332 E.04241
G1 X94.331 Y152.255 E.21103
G1 X92.888 Y152.255 E.0424
G1 X89.255 Y155.889 E.15106
G1 X89.255 Y154.446 E.04241
G1 X91.446 Y152.255 E.09109
G2 X89.998 Y152.26 I-.697 J8.255 E.0426
G1 X89.094 Y153.164 E.0376
; stop printing object flowrate_m1 id:8318823020889268071 copy 0
; printing object flowrate_m4 id:0 copy 0
G1 E-.5 F900
G1 Z1 F30000
G1 X126.181 Y138.025 Z1
G1 Z.8
G1 E.5 F900
;TYPE:Inner wall
G1 F10501.858
G3 X125.958 Y138.043 I-.195 J-1.039 E.00638
G1 X90.042 Y138.043 E1.02375
G3 X88.957 Y136.958 I-.023 J-1.062 E.04886
G1 X88.957 Y121.042 E.45368
G3 X90.042 Y119.957 I1.057 J-.028 E.04892
G1 X126.038 Y119.964 E1.02603
G3 X127.043 Y121.042 I-.047 J1.051 E.04653
G1 X127.043 Y136.958 E.45367
G3 X126.22 Y138.017 I-1.057 J.028 E.04141
G1 X126.243 Y138.378 F30000
G1 F10501.858
G3 X125.974 Y138.4 I-.25 J-1.378 E.00771
G1 X90.026 Y138.4 E1.02464
G3 X88.6 Y136.974 I-.008 J-1.418 E.06395
G1 X88.6 Y121.026 E.45457
G3 X88.642 Y120.69 I.974 J-.05 E.0097
G3 X90.026 Y119.6 I1.366 J.31 E.05433
G1 X126.069 Y119.608 E1.02736
G3 X127.4 Y121.026 I-.077 J1.406 E.06118
G1 X127.4 Y136.974 E.45456
G3 X127.358 Y137.31 I-.974 J.05 E.0097
G3 X126.282 Y138.37 I-1.366 J-.31 E.04548
SET_VELOCITY_LIMIT ACCEL=5000 ACCEL_TO_DECEL=2500
G1 X126.312 Y138.772 F30000
;TYPE:Outer wall
G1 F10501.858
G3 X125.991 Y138.8 I-.317 J-1.777 E.0092
G1 X90.009 Y138.8 E1.02563
G3 X88.2 Y136.991 I.01 J-1.818 E.08087
G1 X88.2 Y121.009 E.45556
G3 X90.009 Y119.2 I1.805 J-.004 E.08103
G1 X126.104 Y119.21 E1.02885
G3 X127.8 Y121.009 I-.112 J1.804 E.0776
G1 X127.8 Y136.991 E.45556
G3 X126.352 Y138.764 I-1.805 J.004 E.07069
SET_VELOCITY_LIMIT ACCEL=10000 ACCEL_TO_DECEL=5000
G1 E-.5 F900
G1 Z1 F30000
G1 X125.736 Y137.906 Z1
G1 Z.8
G1 E.5 F900
;TYPE:Sparse infill
G1 F10501.858
G1 X126.745 Y136.897 E.04068
G1 X126.745 Y135.454 E.04113
G1 X124.454 Y137.745 E.09236
G1 X123.011 Y137.745 E.04113
G1 X126.745 Y134.011 E.15053
G1 X126.745 Y132.568 E.04113
G1 X121.568 Y137.745 E.20869
G1 X120.126 Y137.745 E.04113
G1 X126.745 Y131.126 E.26685
G1 X126.745 Y129.683 E.04113
G1 X118.683 Y137.745 E.32501
G1 X117.24 Y137.745 E.04113
G1 X126.745 Y128.24 E.38317
G1 X126.745 Y126.797 E.04113
G1 X115.797 Y137.745 E.44133
G1 X114.354 Y137.745 E.04113
G1 X126.745 Y125.354 E.49949
G1 X126.745 Y123.912 E.04113
G1 X112.912 Y137.745 E.55765
G1 X111.469 Y137.745 E.04113
G1 X126.745 Y122.469 E.61581
G2 X126.743 Y121.028 I-8.232 J-.707 E.04111
G1 X110.026 Y137.745 E.67387
G1 X108.583 Y137.745 E.04113
G1 X126.064 Y120.265 E.70464
G2 X124.624 Y120.261 I-.74 J8.242 E.04107
G1 X107.14 Y137.745 E.70479
G1 X105.697 Y137.745 E.04113
G1 X123.182 Y120.261 E.7048
G1 X121.739 Y120.261 E.04112
G1 X104.255 Y137.745 E.70481
G1 X102.812 Y137.745 E.04113
G1 X120.297 Y120.26 E.70482
G1 X118.854 Y120.26 E.04112
G1 X101.369 Y137.745 E.70483
G1 X99.926 Y137.745 E.04113
G1 X117.412 Y120.26 E.70484
G1 X115.969 Y120.26 E.04112
G1 X98.483 Y137.745 E.70486
G1 X97.04 Y137.745 E.04113
M73 P45 R18
G1 X114.527 Y120.259 E.70487
G1 X113.084 Y120.259 E.04112
G1 X95.598 Y137.745 E.70488
G1 X94.155 Y137.745 E.04113
G1 X111.641 Y120.259 E.70489
G1 X110.199 Y120.259 E.04112
G1 X92.712 Y137.745 E.7049
G1 X91.269 Y137.745 E.04113
G1 X108.756 Y120.258 E.70491
G1 X107.314 Y120.258 E.04112
G1 X89.849 Y137.723 E.70403
G3 X89.255 Y136.874 I.173 J-.754 E.03236
G1 X105.871 Y120.258 E.66982
G1 X104.429 Y120.257 E.04112
G1 X89.255 Y135.432 E.61167
G1 X89.255 Y133.989 E.04113
G1 X102.986 Y120.257 E.55353
G1 X101.544 Y120.257 E.04112
G1 X89.255 Y132.546 E.49538
G1 X89.255 Y131.103 E.04113
G1 X100.101 Y120.257 E.43723
G1 X98.659 Y120.256 E.04112
G1 X89.255 Y129.66 E.37908
G1 X89.255 Y128.217 E.04113
G1 X97.216 Y120.256 E.32093
G1 X95.774 Y120.256 E.04112
G1 X89.255 Y126.775 E.26278
G1 X89.255 Y125.332 E.04113
G1 X94.331 Y120.255 E.20463
G1 X92.888 Y120.255 E.04112
G1 X89.255 Y123.889 E.14648
G1 X89.255 Y122.446 E.04113
G1 X91.446 Y120.255 E.08833
G2 X89.998 Y120.26 I-.697 J8.258 E.04131
G1 X89.094 Y121.164 E.03646
; stop printing object flowrate_m4 id:0 copy 0
; printing object flowrate_m9 id:0 copy 0
G1 E-.5 F900
G1 Z1 F30000
G1 X126.181 Y106.024 Z1
G1 Z.8
G1 E.5 F900
;TYPE:Inner wall
G1 F11078.884
G3 X125.958 Y106.043 I-.2 J-1.043 E.00604
G1 X90.042 Y106.043 E.97043
G3 X88.957 Y104.958 I-.023 J-1.062 E.04631
G1 X88.957 Y89.042 E.43005
G3 X90.042 Y87.957 I1.062 J-.023 E.04631
G1 X126.038 Y87.964 E.97259
G3 X127.043 Y89.042 I-.047 J1.051 E.04411
G1 X127.043 Y104.958 E.43005
G3 X126.22 Y106.016 I-1.062 J.023 E.03919
G1 X126.243 Y106.376 F30000
G1 F11078.884
G3 X125.974 Y106.4 I-.261 J-1.394 E.0073
G1 X90.026 Y106.4 E.97127
G3 X88.6 Y104.974 I-.008 J-1.418 E.06062
G1 X88.6 Y89.026 E.43089
G3 X90.026 Y87.6 I1.418 J-.008 E.06062
G1 X126.069 Y87.608 E.97385
G3 X127.4 Y89.026 I-.077 J1.406 E.058
G1 X127.4 Y104.974 E.43089
G3 X126.282 Y106.368 I-1.418 J.008 E.05224
SET_VELOCITY_LIMIT ACCEL=5000 ACCEL_TO_DECEL=2500
G1 X126.312 Y106.77 F30000
;TYPE:Outer wall
G1 F11078.884
G3 X125.991 Y106.8 I-.33 J-1.788 E.00872
G1 X90.009 Y106.8 E.97221
G3 X88.2 Y104.991 I.01 J-1.818 E.07665
G1 X88.2 Y89.009 E.43183
G3 X90.009 Y87.2 I1.818 J.01 E.07665
G1 X126.104 Y87.21 E.97526
G3 X127.8 Y89.009 I-.112 J1.804 E.07356
G1 X127.8 Y104.991 E.43183
G3 X126.351 Y106.762 I-1.818 J-.01 E.06686
SET_VELOCITY_LIMIT ACCEL=10000 ACCEL_TO_DECEL=5000
G1 E-.5 F900
G1 Z1 F30000
G1 X125.736 Y105.906 Z1
G1 Z.8
G1 E.5 F900
;TYPE:Sparse infill
G1 F11078.884
G1 X126.745 Y104.897 E.03856
G1 X126.745 Y103.454 E.03898
G1 X124.454 Y105.745 E.08755
G1 X123.011 Y105.745 E.03898
G1 X126.745 Y102.011 E.14269
G1 X126.745 Y100.568 E.03898
G1 X121.568 Y105.745 E.19782
G1 X120.126 Y105.745 E.03898
G1 X126.745 Y99.126 E.25295
G1 X126.745 Y97.683 E.03898
G1 X118.683 Y105.745 E.30808
G1 X117.24 Y105.745 E.03898
G1 X126.745 Y96.24 E.36321
G1 X126.745 Y94.797 E.03898
G1 X115.797 Y105.745 E.41834
G1 X114.354 Y105.745 E.03898
G1 X126.745 Y93.354 E.47347
G1 X126.745 Y91.912 E.03898
G1 X112.912 Y105.745 E.5286
G1 X111.469 Y105.745 E.03898
G1 X126.745 Y90.469 E.58373
G2 X126.743 Y89.028 I-8.233 J-.707 E.03897
G1 X110.026 Y105.745 E.63878
G1 X108.583 Y105.745 E.03898
G1 X126.064 Y88.265 E.66794
G2 X124.624 Y88.261 I-.74 J8.243 E.03893
G1 X107.14 Y105.745 E.66808
G1 X105.697 Y105.745 E.03898
G1 X123.182 Y88.261 E.66809
G1 X121.739 Y88.261 E.03898
G1 X104.255 Y105.745 E.6681
G1 X102.812 Y105.745 E.03898
G1 X120.297 Y88.26 E.66811
G1 X118.854 Y88.26 E.03898
G1 X101.369 Y105.745 E.66812
G1 X99.926 Y105.745 E.03898
G1 X117.412 Y88.26 E.66813
G1 X115.969 Y88.26 E.03898
G1 X98.483 Y105.745 E.66814
G1 X97.04 Y105.745 E.03898
G1 X114.527 Y88.259 E.66816
G1 X113.084 Y88.259 E.03898
G1 X95.598 Y105.745 E.66817
G1 X94.155 Y105.745 E.03898
G1 X111.641 Y88.259 E.66818
G1 X110.199 Y88.259 E.03898
G1 X92.712 Y105.745 E.66819
G1 X91.269 Y105.745 E.03898
G1 X108.756 Y88.258 E.6682
G1 X107.314 Y88.258 E.03898
G1 X89.849 Y105.723 E.66736
G3 X89.255 Y104.874 I.173 J-.754 E.03067
G1 X105.871 Y88.258 E.63494
G1 X104.429 Y88.257 E.03898
G1 X89.255 Y103.432 E.57982
G1 X89.255 Y101.989 E.03898
G1 X102.986 Y88.257 E.5247
G1 X101.544 Y88.257 E.03898
G1 X89.255 Y100.546 E.46958
G1 X89.255 Y99.103 E.03898
G1 X100.101 Y88.257 E.41446
G1 X98.659 Y88.256 E.03898
G1 X89.255 Y97.66 E.35933
G1 X89.255 Y96.217 E.03898
G1 X97.216 Y88.256 E.30421
G1 X95.774 Y88.256 E.03898
G1 X89.255 Y94.775 E.24909
G1 X89.255 Y93.332 E.03898
G1 X94.331 Y88.255 E.19397
G1 X92.888 Y88.255 E.03898
G1 X89.255 Y91.889 E.13885
G1 X89.255 Y90.446 E.03898
G1 X91.446 Y88.255 E.08373
G2 X89.998 Y88.26 I-.697 J8.258 E.03916
G1 X89.094 Y89.164 E.03456
; stop printing object flowrate_m9 id:0 copy 0
;LAYER_CHANGE
;Z:1
;HEIGHT:0.2
;BEFORE_LAYER_CHANGE
;1
G92 E0

G1 E-.5 F900
;AFTER_LAYER_CHANGE
;1
SET_PRINT_STATS_INFO CURRENT_LAYER=5
;_SET_FAN_SPEED_CHANGING_LAYER
; printing object flowrate_m3 id:0 copy 0
G1 Z1.2 F30000
G1 X210.181 Y170.024 Z1.2
G1 Z1
G1 E.5 F900
;TYPE:Inner wall
G1 F10393.592
G3 X209.958 Y170.043 I-.2 J-1.043 E.00644
G1 X174.042 Y170.043 E1.03441
G3 X172.957 Y168.958 I-.023 J-1.062 E.04937
G1 X172.957 Y153.042 E.4584
G3 X174.042 Y151.957 I1.062 J-.023 E.04936
G1 X210.073 Y151.967 E1.03772
G3 X211.043 Y153.042 I-.079 J1.047 E.04601
G1 X211.043 Y168.958 E.4584
G3 X210.22 Y170.016 I-1.062 J.023 E.04177
G1 X210.243 Y170.376 F30000
G1 F10393.592
G3 X209.974 Y170.4 I-.261 J-1.394 E.00778
G1 X174.026 Y170.4 E1.03531
G3 X172.6 Y168.974 I-.008 J-1.418 E.06462
G1 X172.6 Y153.026 E.4593
G3 X174.026 Y151.6 I1.418 J-.008 E.06462
G1 X210.104 Y151.611 E1.03906
G3 X211.4 Y153.026 I-.11 J1.402 E.06081
G1 X211.4 Y168.974 E.4593
G3 X210.282 Y170.368 I-1.418 J.008 E.05568
SET_VELOCITY_LIMIT ACCEL=5000 ACCEL_TO_DECEL=2500
G1 X210.312 Y170.77 F30000
;TYPE:Outer wall
G1 F10393.592
G3 X209.991 Y170.8 I-.33 J-1.788 E.00929
G1 X174.009 Y170.8 E1.03632
G3 X172.2 Y168.991 I.01 J-1.818 E.08171
G1 X172.2 Y153.009 E.46031
G3 X174.009 Y151.2 I1.818 J.01 E.08171
G1 X209.991 Y151.2 E1.03632
G1 X210.139 Y151.213 E.00427
G3 X211.8 Y153.009 I-.145 J1.8 E.0774
G1 X211.8 Y168.991 E.46031
G3 X210.351 Y170.762 I-1.818 J-.01 E.07127
SET_VELOCITY_LIMIT ACCEL=10000 ACCEL_TO_DECEL=5000
G1 E-.5 F900
G1 Z1.2 F30000
G1 X210.469 Y154.17 Z1.2
G1 Z1
G1 E.5 F900
;TYPE:Sparse infill
G1 F10393.592
G1 X208.991 Y152.692 E.0602
G1 X207.548 Y152.692 E.04155
G1 X210.308 Y155.452 E.11243
G1 X210.308 Y156.895 E.04155
G1 X206.105 Y152.692 E.17119
G1 X204.662 Y152.692 E.04155
G1 X210.308 Y158.338 E.22996
G1 X210.308 Y159.78 E.04155
G1 X203.22 Y152.692 E.28872
G1 X201.777 Y152.692 E.04155
G1 X210.308 Y161.223 E.34749
G1 X210.308 Y162.666 E.04155
G1 X200.334 Y152.692 E.40626
G1 X198.891 Y152.692 E.04155
G1 X210.308 Y164.109 E.46502
G1 X210.308 Y165.552 E.04155
G1 X197.448 Y152.692 E.52379
G1 X196.006 Y152.692 E.04155
G1 X210.308 Y166.994 E.58255
G1 X210.308 Y168.437 E.04155
G1 X194.563 Y152.692 E.64132
G1 X193.12 Y152.692 E.04155
G1 X209.737 Y169.308 E.6768
G1 X208.294 Y169.308 E.04155
G1 X191.677 Y152.692 E.6768
G1 X190.234 Y152.692 E.04155
G1 X206.851 Y169.308 E.6768
G1 X205.408 Y169.308 E.04155
G1 X188.791 Y152.692 E.6768
G1 X187.349 Y152.692 E.04155
G1 X203.965 Y169.308 E.6768
G1 X202.522 Y169.308 E.04155
G1 X185.906 Y152.692 E.6768
G1 X184.463 Y152.692 E.04155
G1 X201.08 Y169.308 E.6768
G1 X199.637 Y169.308 E.04155
G1 X183.02 Y152.692 E.6768
G1 X181.577 Y152.692 E.04155
G1 X198.194 Y169.308 E.6768
G1 X196.751 Y169.308 E.04155
G1 X180.135 Y152.692 E.6768
G1 X178.692 Y152.692 E.04155
G1 X195.308 Y169.308 E.6768
G1 X193.866 Y169.308 E.04155
G1 X177.249 Y152.692 E.6768
G1 X175.806 Y152.692 E.04155
G1 X192.423 Y169.308 E.6768
G1 X190.98 Y169.308 E.04155
G1 X174.363 Y152.692 E.6768
G1 X174.084 Y152.692 E.00804
G2 X173.692 Y153.074 I-.049 J.342 E.01821
G1 X173.692 Y153.463 E.01121
G1 X189.537 Y169.308 E.64538
G1 X188.094 Y169.308 E.04155
G1 X173.692 Y154.906 E.58662
G1 X173.692 Y156.349 E.04155
G1 X186.651 Y169.308 E.52785
G1 X185.209 Y169.308 E.04155
G1 X173.692 Y157.791 E.46908
G1 X173.692 Y159.234 E.04155
G1 X183.766 Y169.308 E.41032
G1 X182.323 Y169.308 E.04155
G1 X173.692 Y160.677 E.35155
G1 X173.692 Y162.12 E.04155
G1 X180.88 Y169.308 E.29279
G1 X179.437 Y169.308 E.04155
G1 X173.692 Y163.563 E.23402
G1 X173.692 Y165.006 E.04155
G1 X177.994 Y169.308 E.17525
G1 X176.552 Y169.308 E.04155
G1 X173.692 Y166.448 E.11649
G1 X173.692 Y167.891 E.04155
G1 X175.27 Y169.469 E.06427
G1 X174.066 Y169.676 F30000
;TYPE:Internal solid infill
;WIDTH:0.41695
G1 F8220
G1 X209.942 Y169.676 E1.0823
G1 X210.335 Y169.579 E.01219
G1 X210.575 Y169.332 E.01041
G1 X210.676 Y168.934 E.01239
G1 X210.676 Y153.065 E.47873
G1 X210.575 Y152.668 E.01235
G1 X210.34 Y152.424 E.01023
G1 X209.934 Y152.329 E.01257
G1 X174.066 Y152.324 E1.08205
G1 X173.665 Y152.421 E.01243
G1 X173.425 Y152.668 E.01041
G1 X173.324 Y153.066 E.01239
G1 X173.324 Y168.942 E.47895
G1 X173.421 Y169.335 E.01219
G1 X173.668 Y169.575 E.01041
G1 X174.027 Y169.666 E.01118
; stop printing object flowrate_m3 id:0 copy 0
; printing object flowrate_m6 id:403726925917 copy 0
G1 E-.5 F900
G1 Z1.2 F30000
G1 X210.181 Y138.024 Z1.2
G1 Z1
G1 E.5 F900
;TYPE:Inner wall
;WIDTH:0.4
G1 F10725.302
G3 X209.958 Y138.043 I-.2 J-1.043 E.00624
G1 X174.042 Y138.043 E1.00242
G3 X172.957 Y136.958 I-.023 J-1.062 E.04784
G1 X172.957 Y121.042 E.44423
G3 X174.042 Y119.957 I1.062 J-.023 E.04784
G1 X210.073 Y119.967 E1.00562
G3 X211.043 Y121.042 I-.079 J1.047 E.04458
G1 X211.043 Y136.958 E.44422
G3 X210.22 Y138.016 I-1.062 J.023 E.04048
G1 X210.243 Y138.376 F30000
G1 F10725.302
G3 X209.974 Y138.4 I-.261 J-1.394 E.00754
G1 X174.026 Y138.4 E1.00329
G3 X172.6 Y136.974 I-.008 J-1.418 E.06262
M73 P46 R18
G1 X172.6 Y121.026 E.4451
G3 X174.026 Y119.6 I1.418 J-.008 E.06262
G1 X210.104 Y119.611 E1.00692
G3 X211.4 Y121.026 I-.11 J1.402 E.05893
G1 X211.4 Y136.974 E.44509
G3 X210.282 Y138.368 I-1.418 J.008 E.05396
SET_VELOCITY_LIMIT ACCEL=5000 ACCEL_TO_DECEL=2500
G1 X210.312 Y138.77 F30000
;TYPE:Outer wall
G1 F10725.302
G3 X209.991 Y138.8 I-.33 J-1.788 E.009
G1 X174.009 Y138.8 E1.00427
G3 X172.2 Y136.991 I.01 J-1.818 E.07918
G1 X172.2 Y121.009 E.44607
G3 X174.009 Y119.2 I1.818 J.01 E.07918
G1 X209.991 Y119.2 E1.00427
G1 X210.139 Y119.213 E.00413
G3 X211.8 Y121.009 I-.145 J1.8 E.075
G1 X211.8 Y136.991 E.44607
G3 X210.351 Y138.762 I-1.818 J-.01 E.06906
SET_VELOCITY_LIMIT ACCEL=10000 ACCEL_TO_DECEL=5000
G1 E-.5 F900
G1 Z1.2 F30000
G1 X210.469 Y122.17 Z1.2
G1 Z1
G1 E.5 F900
;TYPE:Sparse infill
G1 F10725.302
G1 X208.991 Y120.692 E.05834
G1 X207.548 Y120.692 E.04027
G1 X210.308 Y123.452 E.10895
G1 X210.308 Y124.895 E.04027
G1 X206.105 Y120.692 E.1659
G1 X204.662 Y120.692 E.04027
G1 X210.308 Y126.338 E.22285
G1 X210.308 Y127.78 E.04027
G1 X203.22 Y120.692 E.27979
G1 X201.777 Y120.692 E.04027
G1 X210.308 Y129.223 E.33674
G1 X210.308 Y130.666 E.04027
G1 X200.334 Y120.692 E.39369
G1 X198.891 Y120.692 E.04027
G1 X210.308 Y132.109 E.45064
G1 X210.308 Y133.552 E.04027
G1 X197.448 Y120.692 E.50759
G1 X196.006 Y120.692 E.04027
G1 X210.308 Y134.994 E.56454
G1 X210.308 Y136.437 E.04027
G1 X194.563 Y120.692 E.62149
G1 X193.12 Y120.692 E.04027
G1 X209.737 Y137.308 E.65587
G1 X208.294 Y137.308 E.04027
G1 X191.677 Y120.692 E.65587
G1 X190.234 Y120.692 E.04027
G1 X206.851 Y137.308 E.65587
G1 X205.408 Y137.308 E.04027
G1 X188.791 Y120.692 E.65587
G1 X187.349 Y120.692 E.04027
G1 X203.965 Y137.308 E.65587
G1 X202.522 Y137.308 E.04027
G1 X185.906 Y120.692 E.65587
G1 X184.463 Y120.692 E.04027
G1 X201.08 Y137.308 E.65587
G1 X199.637 Y137.308 E.04027
G1 X183.02 Y120.692 E.65587
G1 X181.577 Y120.692 E.04027
G1 X198.194 Y137.308 E.65587
G1 X196.751 Y137.308 E.04027
G1 X180.135 Y120.692 E.65587
G1 X178.692 Y120.692 E.04027
G1 X195.308 Y137.308 E.65587
G1 X193.866 Y137.308 E.04027
G1 X177.249 Y120.692 E.65587
G1 X175.806 Y120.692 E.04027
G1 X192.423 Y137.308 E.65587
G1 X190.98 Y137.308 E.04027
G1 X174.363 Y120.692 E.65587
G1 X174.084 Y120.692 E.0078
G2 X173.692 Y121.074 I-.049 J.342 E.01764
G1 X173.692 Y121.463 E.01086
G1 X189.537 Y137.308 E.62542
G1 X188.094 Y137.308 E.04027
G1 X173.692 Y122.906 E.56847
G1 X173.692 Y124.349 E.04027
G1 X186.651 Y137.308 E.51153
G1 X185.209 Y137.308 E.04027
G1 X173.692 Y125.791 E.45458
G1 X173.692 Y127.234 E.04027
G1 X183.766 Y137.308 E.39763
G1 X182.323 Y137.308 E.04027
G1 X173.692 Y128.677 E.34068
G1 X173.692 Y130.12 E.04027
G1 X180.88 Y137.308 E.28373
G1 X179.437 Y137.308 E.04027
G1 X173.692 Y131.563 E.22678
G1 X173.692 Y133.006 E.04027
G1 X177.994 Y137.308 E.16983
G1 X176.552 Y137.308 E.04027
G1 X173.692 Y134.448 E.11288
G1 X173.692 Y135.891 E.04027
G1 X175.27 Y137.469 E.06228
G1 X174.066 Y137.676 F30000
;TYPE:Internal solid infill
;WIDTH:0.41695
G1 F8220
G1 X209.942 Y137.676 E1.04882
G1 X210.335 Y137.579 E.01182
G1 X210.575 Y137.332 E.01008
G1 X210.676 Y136.934 E.012
G1 X210.676 Y121.065 E.46392
G1 X210.575 Y120.668 E.01197
G1 X210.34 Y120.424 E.00991
G1 X209.934 Y120.329 E.01218
G1 X174.066 Y120.324 E1.04859
G1 X173.665 Y120.421 E.01204
G1 X173.425 Y120.668 E.01009
G1 X173.324 Y121.066 E.012
G1 X173.324 Y136.942 E.46413
G1 X173.421 Y137.335 E.01181
G1 X173.668 Y137.575 E.01009
G1 X174.027 Y137.666 E.01083
; stop printing object flowrate_m6 id:403726925917 copy 0
; printing object flowrate_m7 id:1228360646943 copy 0
G1 E-.5 F900
G1 Z1.2 F30000
G1 X210.181 Y106.024 Z1.2
G1 Z1
G1 E.5 F900
;TYPE:Inner wall
;WIDTH:0.4
G1 F10840.628
G3 X209.958 Y106.043 I-.2 J-1.043 E.00617
G1 X174.042 Y106.043 E.99176
G3 X172.957 Y104.958 I-.023 J-1.062 E.04733
G1 X172.957 Y89.042 E.4395
G3 X174.042 Y87.957 I1.062 J-.023 E.04733
G1 X210.073 Y87.967 E.99492
G3 X211.043 Y89.042 I-.079 J1.047 E.04411
G1 X211.043 Y104.958 E.4395
G3 X210.22 Y106.016 I-1.062 J.023 E.04005
G1 X210.243 Y106.376 F30000
G1 F10840.628
G3 X209.974 Y106.4 I-.261 J-1.394 E.00746
G1 X174.026 Y106.4 E.99262
G3 X172.6 Y104.974 I-.008 J-1.418 E.06195
G1 X172.6 Y89.026 E.44036
G3 X174.026 Y87.6 I1.418 J-.008 E.06195
G1 X210.104 Y87.611 E.99621
G3 X211.4 Y89.026 I-.11 J1.402 E.0583
G1 X211.4 Y104.974 E.44036
G3 X210.282 Y106.368 I-1.418 J.008 E.05339
SET_VELOCITY_LIMIT ACCEL=5000 ACCEL_TO_DECEL=2500
G1 X210.312 Y106.77 F30000
;TYPE:Outer wall
G1 F10840.628
G3 X209.991 Y106.8 I-.33 J-1.788 E.00891
G1 X174.009 Y106.8 E.99358
G3 X172.2 Y104.991 I.01 J-1.818 E.07834
G1 X172.2 Y89.009 E.44132
G3 X174.009 Y87.2 I1.818 J.01 E.07834
G1 X209.991 Y87.2 E.99358
G1 X210.139 Y87.213 E.00409
G3 X211.8 Y89.009 I-.145 J1.8 E.07421
G1 X211.8 Y104.991 E.44132
G3 X210.351 Y106.762 I-1.818 J-.01 E.06833
SET_VELOCITY_LIMIT ACCEL=10000 ACCEL_TO_DECEL=5000
G1 E-.5 F900
G1 Z1.2 F30000
G1 X210.469 Y90.17 Z1.2
G1 Z1
G1 E.5 F900
;TYPE:Sparse infill
G1 F10840.628
G1 X208.991 Y88.692 E.05772
G1 X207.548 Y88.692 E.03984
G1 X210.308 Y91.452 E.10779
G1 X210.308 Y92.895 E.03984
G1 X206.105 Y88.692 E.16413
G1 X204.662 Y88.692 E.03984
G1 X210.308 Y94.338 E.22047
G1 X210.308 Y95.78 E.03984
G1 X203.22 Y88.692 E.27682
G1 X201.777 Y88.692 E.03984
G1 X210.308 Y97.223 E.33316
G1 X210.308 Y98.666 E.03984
G1 X200.334 Y88.692 E.3895
G1 X198.891 Y88.692 E.03984
G1 X210.308 Y100.109 E.44585
G1 X210.308 Y101.552 E.03984
G1 X197.448 Y88.692 E.50219
G1 X196.006 Y88.692 E.03984
G1 X210.308 Y102.994 E.55853
G1 X210.308 Y104.437 E.03984
G1 X194.563 Y88.692 E.61487
G1 X193.12 Y88.692 E.03984
G1 X209.737 Y105.308 E.64889
G1 X208.294 Y105.308 E.03984
G1 X191.677 Y88.692 E.64889
G1 X190.234 Y88.692 E.03984
G1 X206.851 Y105.308 E.64889
G1 X205.408 Y105.308 E.03984
G1 X188.791 Y88.692 E.64889
G1 X187.349 Y88.692 E.03984
G1 X203.965 Y105.308 E.64889
G1 X202.522 Y105.308 E.03984
G1 X185.906 Y88.692 E.64889
G1 X184.463 Y88.692 E.03984
G1 X201.08 Y105.308 E.64889
G1 X199.637 Y105.308 E.03984
G1 X183.02 Y88.692 E.64889
G1 X181.577 Y88.692 E.03984
G1 X198.194 Y105.308 E.64889
G1 X196.751 Y105.308 E.03984
G1 X180.135 Y88.692 E.64889
G1 X178.692 Y88.692 E.03984
G1 X195.308 Y105.308 E.64889
G1 X193.866 Y105.308 E.03984
G1 X177.249 Y88.692 E.64889
G1 X175.806 Y88.692 E.03984
G1 X192.423 Y105.308 E.64889
G1 X190.98 Y105.308 E.03984
G1 X174.363 Y88.692 E.64889
G1 X174.084 Y88.692 E.00771
G2 X173.692 Y89.074 I-.049 J.342 E.01746
G1 X173.692 Y89.463 E.01075
G1 X189.537 Y105.308 E.61877
G1 X188.094 Y105.308 E.03984
M73 P46 R17
G1 X173.692 Y90.906 E.56243
G1 X173.692 Y92.349 E.03984
G1 X186.651 Y105.308 E.50608
G1 X185.209 Y105.308 E.03984
G1 X173.692 Y93.791 E.44974
G1 X173.692 Y95.234 E.03984
G1 X183.766 Y105.308 E.3934
G1 X182.323 Y105.308 E.03984
G1 X173.692 Y96.677 E.33706
G1 X173.692 Y98.12 E.03984
G1 X180.88 Y105.308 E.28071
G1 X179.437 Y105.308 E.03984
G1 X173.692 Y99.563 E.22437
G1 X173.692 Y101.006 E.03984
G1 X177.994 Y105.308 E.16803
G1 X176.552 Y105.308 E.03984
G1 X173.692 Y102.448 E.11168
G1 X173.692 Y103.891 E.03984
G1 X175.27 Y105.469 E.06162
G1 X174.066 Y105.676 F30000
;TYPE:Internal solid infill
;WIDTH:0.41695
G1 F8220
G1 X209.942 Y105.676 E1.03767
G1 X210.335 Y105.579 E.01169
G1 X210.575 Y105.332 E.00998
G1 X210.676 Y104.934 E.01188
G1 X210.676 Y89.065 E.45899
G1 X210.575 Y88.668 E.01184
G1 X210.34 Y88.424 E.0098
G1 X209.934 Y88.329 E.01205
G1 X174.066 Y88.324 E1.03743
G1 X173.665 Y88.421 E.01191
G1 X173.425 Y88.668 E.00998
G1 X173.324 Y89.066 E.01187
G1 X173.324 Y104.942 E.4592
G1 X173.421 Y105.335 E.01168
G1 X173.668 Y105.575 E.00998
G1 X174.027 Y105.666 E.01072
; stop printing object flowrate_m7 id:1228360646943 copy 0
; printing object flowrate_m8 id:1344324764009 copy 0
G1 E-.5 F900
G1 Z1.2 F30000
G1 X168.181 Y106.024 Z1.2
G1 Z1
G1 E.5 F900
;TYPE:Inner wall
;WIDTH:0.4
G1 F10958.461
G3 X167.958 Y106.043 I-.2 J-1.043 E.00611
G1 X132.042 Y106.043 E.98109
G3 X130.957 Y104.958 I-.023 J-1.062 E.04682
G1 X130.957 Y89.042 E.43477
G3 X132.042 Y87.957 I1.057 J-.028 E.04688
G1 X168.073 Y87.967 E.98423
G3 X169.043 Y89.042 I-.079 J1.047 E.04364
G1 X169.043 Y104.958 E.43477
G3 X168.22 Y106.016 I-1.062 J.023 E.03962
G1 X168.243 Y106.376 F30000
G1 F10958.461
G3 X167.974 Y106.4 I-.261 J-1.394 E.00738
G1 X132.026 Y106.4 E.98194
G3 X130.6 Y104.974 I-.008 J-1.418 E.06129
G1 X130.6 Y89.026 E.43562
G3 X132.026 Y87.6 I1.414 J-.012 E.06133
G1 X168.104 Y87.611 E.9855
G3 X169.4 Y89.026 I-.11 J1.402 E.05768
G1 X169.4 Y104.974 E.43562
G3 X168.282 Y106.368 I-1.418 J.008 E.05281
SET_VELOCITY_LIMIT ACCEL=5000 ACCEL_TO_DECEL=2500
G1 X168.312 Y106.77 F30000
;TYPE:Outer wall
G1 F10958.461
G3 X167.991 Y106.8 I-.33 J-1.788 E.00881
G1 X132.009 Y106.8 E.9829
G3 X130.2 Y104.991 I.01 J-1.818 E.0775
G1 X130.2 Y89.009 E.43658
G3 X132.009 Y87.2 I1.805 J-.004 E.07766
G1 X167.991 Y87.2 E.9829
G1 X168.139 Y87.213 E.00405
G3 X169.8 Y89.009 I-.145 J1.8 E.07341
G1 X169.8 Y104.991 E.43658
G3 X168.351 Y106.762 I-1.818 J-.01 E.06759
SET_VELOCITY_LIMIT ACCEL=10000 ACCEL_TO_DECEL=5000
G1 E-.5 F900
G1 Z1.2 F30000
G1 X168.469 Y90.17 Z1.2
G1 Z1
G1 E.5 F900
;TYPE:Sparse infill
G1 F10958.461
G1 X166.991 Y88.692 E.0571
G1 X165.548 Y88.692 E.03941
G1 X168.308 Y91.452 E.10663
G1 X168.308 Y92.895 E.03941
G1 X164.105 Y88.692 E.16237
G1 X162.662 Y88.692 E.03941
G1 X168.308 Y94.338 E.2181
G1 X168.308 Y95.78 E.03941
G1 X161.22 Y88.692 E.27384
G1 X159.777 Y88.692 E.03941
G1 X168.308 Y97.223 E.32958
G1 X168.308 Y98.666 E.03941
G1 X158.334 Y88.692 E.38532
G1 X156.891 Y88.692 E.03941
G1 X168.308 Y100.109 E.44105
G1 X168.308 Y101.552 E.03941
G1 X155.448 Y88.692 E.49679
G1 X154.006 Y88.692 E.03941
G1 X168.308 Y102.994 E.55253
G1 X168.308 Y104.437 E.03941
G1 X152.563 Y88.692 E.60826
G1 X151.12 Y88.692 E.03941
G1 X167.737 Y105.308 E.64191
G1 X166.294 Y105.308 E.03941
G1 X149.677 Y88.692 E.64191
G1 X148.234 Y88.692 E.03941
M73 P47 R17
G1 X164.851 Y105.308 E.64191
G1 X163.408 Y105.308 E.03941
G1 X146.791 Y88.692 E.64191
G1 X145.349 Y88.692 E.03941
G1 X161.965 Y105.308 E.64191
G1 X160.522 Y105.308 E.03941
G1 X143.906 Y88.692 E.64191
G1 X142.463 Y88.692 E.03941
G1 X159.08 Y105.308 E.64191
G1 X157.637 Y105.308 E.03941
G1 X141.02 Y88.692 E.64191
G1 X139.577 Y88.692 E.03941
G1 X156.194 Y105.308 E.64191
G1 X154.751 Y105.308 E.03941
G1 X138.135 Y88.692 E.64191
G1 X136.692 Y88.692 E.03941
G1 X153.308 Y105.308 E.64191
G1 X151.866 Y105.308 E.03941
G1 X135.249 Y88.692 E.64191
G1 X133.806 Y88.692 E.03941
G1 X150.423 Y105.308 E.64191
G1 X148.98 Y105.308 E.03941
G1 X132.363 Y88.692 E.64191
G1 X132.084 Y88.692 E.00763
G2 X131.692 Y89.074 I-.049 J.342 E.01727
G1 X131.692 Y89.463 E.01063
G1 X147.537 Y105.308 E.61212
G1 X146.094 Y105.308 E.03941
G1 X131.692 Y90.906 E.55638
G1 X131.692 Y92.349 E.03941
G1 X144.651 Y105.308 E.50064
G1 X143.209 Y105.308 E.03941
G1 X131.692 Y93.791 E.44491
G1 X131.692 Y95.234 E.03941
G1 X141.766 Y105.308 E.38917
G1 X140.323 Y105.308 E.03941
G1 X131.692 Y96.677 E.33343
G1 X131.692 Y98.12 E.03941
G1 X138.88 Y105.308 E.27769
G1 X137.437 Y105.308 E.03941
G1 X131.692 Y99.563 E.22196
G1 X131.692 Y101.006 E.03941
G1 X135.994 Y105.308 E.16622
G1 X134.552 Y105.308 E.03941
G1 X131.692 Y102.448 E.11048
G1 X131.692 Y103.891 E.03941
G1 X133.27 Y105.469 E.06095
G1 X132.066 Y105.676 F30000
;TYPE:Internal solid infill
;WIDTH:0.41695
G1 F8220
G1 X167.942 Y105.676 E1.02651
G1 X168.335 Y105.579 E.01156
G1 X168.575 Y105.332 E.00987
G1 X168.676 Y104.934 E.01175
G1 X168.676 Y89.065 E.45405
G1 X168.575 Y88.668 E.01172
G1 X168.34 Y88.424 E.0097
G1 X167.934 Y88.329 E.01192
G1 X132.066 Y88.324 E1.02628
G1 X131.665 Y88.421 E.01179
G1 X131.425 Y88.668 E.00987
G1 X131.324 Y89.066 E.01175
G1 X131.324 Y104.942 E.45426
G1 X131.421 Y105.335 E.01156
G1 X131.668 Y105.575 E.00987
G1 X132.027 Y105.666 E.0106
; stop printing object flowrate_m8 id:1344324764009 copy 0
; printing object flowrate_m5 id:0 copy 0
G1 E-.5 F900
G1 Z1.2 F30000
G1 X168.181 Y138.024 Z1.2
G1 Z1
G1 E.5 F900
;TYPE:Inner wall
;WIDTH:0.4
G1 F10612.404
G3 X167.958 Y138.043 I-.2 J-1.043 E.00631
G1 X132.042 Y138.043 E1.01308
G3 X130.957 Y136.958 I-.023 J-1.062 E.04835
G1 X130.957 Y121.042 E.44895
G3 X130.995 Y120.749 I.85 J-.038 E.00837
G3 X132.042 Y119.957 I1.017 J.257 E.03998
G1 X168.073 Y119.967 E1.01632
G3 X169.043 Y121.042 I-.079 J1.047 E.04506
G1 X169.043 Y136.958 E.44895
G3 X168.22 Y138.016 I-1.062 J.023 E.04091
G1 X168.243 Y138.376 F30000
G1 F10612.404
G3 X167.974 Y138.4 I-.261 J-1.394 E.00762
G1 X132.026 Y138.4 E1.01396
G3 X130.6 Y136.974 I-.008 J-1.418 E.06329
G1 X130.6 Y121.026 E.44983
G3 X132.026 Y119.6 I1.414 J-.012 E.06333
G1 X168.104 Y119.611 E1.01764
G3 X169.4 Y121.026 I-.11 J1.402 E.05956
G1 X169.4 Y136.974 E.44983
G3 X168.282 Y138.368 I-1.418 J.008 E.05453
SET_VELOCITY_LIMIT ACCEL=5000 ACCEL_TO_DECEL=2500
G1 X168.312 Y138.77 F30000
;TYPE:Outer wall
G1 F10612.404
G3 X167.991 Y138.8 I-.33 J-1.788 E.0091
G1 X132.009 Y138.8 E1.01495
G3 X130.2 Y136.991 I.01 J-1.818 E.08002
G1 X130.2 Y121.009 E.45081
G3 X132.009 Y119.2 I1.805 J-.004 E.08019
G1 X167.991 Y119.2 E1.01495
G1 X168.139 Y119.213 E.00418
G3 X169.8 Y121.009 I-.145 J1.8 E.0758
G1 X169.8 Y136.991 E.45081
G3 X168.351 Y138.762 I-1.818 J-.01 E.0698
SET_VELOCITY_LIMIT ACCEL=10000 ACCEL_TO_DECEL=5000
G1 E-.5 F900
G1 Z1.2 F30000
G1 X168.469 Y122.17 Z1.2
G1 Z1
G1 E.5 F900
;TYPE:Sparse infill
G1 F10612.404
G1 X166.991 Y120.692 E.05896
G1 X165.548 Y120.692 E.0407
G1 X168.308 Y123.452 E.11011
G1 X168.308 Y124.895 E.0407
G1 X164.105 Y120.692 E.16766
G1 X162.662 Y120.692 E.0407
G1 X168.308 Y126.338 E.22522
G1 X168.308 Y127.78 E.0407
G1 X161.22 Y120.692 E.28277
G1 X159.777 Y120.692 E.0407
G1 X168.308 Y129.223 E.34033
G1 X168.308 Y130.666 E.0407
G1 X158.334 Y120.692 E.39788
G1 X156.891 Y120.692 E.0407
G1 X168.308 Y132.109 E.45543
G1 X168.308 Y133.552 E.0407
G1 X155.448 Y120.692 E.51299
G1 X154.006 Y120.692 E.0407
G1 X168.308 Y134.994 E.57054
G1 X168.308 Y136.437 E.0407
G1 X152.563 Y120.692 E.6281
G1 X151.12 Y120.692 E.0407
G1 X167.737 Y137.308 E.66284
G1 X166.294 Y137.308 E.0407
G1 X149.677 Y120.692 E.66284
G1 X148.234 Y120.692 E.0407
G1 X164.851 Y137.308 E.66284
G1 X163.408 Y137.308 E.0407
G1 X146.791 Y120.692 E.66284
G1 X145.349 Y120.692 E.0407
G1 X161.965 Y137.308 E.66284
G1 X160.522 Y137.308 E.0407
G1 X143.906 Y120.692 E.66284
G1 X142.463 Y120.692 E.0407
G1 X159.08 Y137.308 E.66284
G1 X157.637 Y137.308 E.0407
G1 X141.02 Y120.692 E.66284
G1 X139.577 Y120.692 E.0407
G1 X156.194 Y137.308 E.66284
G1 X154.751 Y137.308 E.0407
G1 X138.135 Y120.692 E.66284
G1 X136.692 Y120.692 E.0407
G1 X153.308 Y137.308 E.66284
G1 X151.866 Y137.308 E.0407
G1 X135.249 Y120.692 E.66284
G1 X133.806 Y120.692 E.0407
G1 X150.423 Y137.308 E.66284
G1 X148.98 Y137.308 E.0407
G1 X132.363 Y120.692 E.66284
G1 X132.084 Y120.692 E.00788
G2 X131.692 Y121.074 I-.049 J.342 E.01783
G1 X131.692 Y121.463 E.01098
G1 X147.537 Y137.308 E.63208
G1 X146.094 Y137.308 E.0407
G1 X131.692 Y122.906 E.57452
G1 X131.692 Y124.349 E.0407
G1 X144.651 Y137.308 E.51697
G1 X143.209 Y137.308 E.0407
G1 X131.692 Y125.791 E.45941
G1 X131.692 Y127.234 E.0407
G1 X141.766 Y137.308 E.40186
G1 X140.323 Y137.308 E.0407
G1 X131.692 Y128.677 E.3443
G1 X131.692 Y130.12 E.0407
G1 X138.88 Y137.308 E.28675
G1 X137.437 Y137.308 E.0407
G1 X131.692 Y131.563 E.22919
G1 X131.692 Y133.006 E.0407
G1 X135.994 Y137.308 E.17164
G1 X134.552 Y137.308 E.0407
G1 X131.692 Y134.448 E.11409
G1 X131.692 Y135.891 E.0407
G1 X133.27 Y137.469 E.06294
G1 X132.066 Y137.676 F30000
;TYPE:Internal solid infill
;WIDTH:0.41695
G1 F8220
G1 X167.942 Y137.676 E1.05998
G1 X168.335 Y137.579 E.01194
G1 X168.575 Y137.332 E.01019
G1 X168.676 Y136.934 E.01213
G1 X168.676 Y121.065 E.46886
G1 X168.575 Y120.668 E.0121
G1 X168.34 Y120.424 E.01001
G1 X167.934 Y120.329 E.01231
G1 X132.066 Y120.324 E1.05974
G1 X131.665 Y120.421 E.01217
G1 X131.425 Y120.668 E.0102
G1 X131.324 Y121.066 E.01213
G1 X131.324 Y136.942 E.46907
G1 X131.421 Y137.335 E.01193
G1 X131.668 Y137.575 E.0102
G1 X132.027 Y137.666 E.01095
; stop printing object flowrate_m5 id:0 copy 0
; printing object flowrate_m2 id:8247625146344371234 copy 0
G1 E-.5 F900
G1 Z1.2 F30000
G1 X168.181 Y170.024 Z1.2
G1 Z1
G1 E.5 F900
;TYPE:Inner wall
;WIDTH:0.4
G1 F10287.535
G3 X167.958 Y170.043 I-.2 J-1.043 E.00651
G1 X132.042 Y170.043 E1.04508
G3 X130.957 Y168.958 I-.023 J-1.062 E.04987
G1 X130.957 Y153.042 E.46313
G3 X132.042 Y151.957 I1.062 J-.023 E.04987
G1 X168.073 Y151.967 E1.04841
G3 X169.043 Y153.042 I-.079 J1.047 E.04648
G1 X169.043 Y168.958 E.46313
G3 X168.22 Y170.016 I-1.062 J.023 E.04221
G1 X168.243 Y170.376 F30000
G1 F10287.535
G3 X167.974 Y170.4 I-.261 J-1.394 E.00786
G1 X132.026 Y170.4 E1.04598
G3 X130.6 Y168.974 I-.008 J-1.418 E.06528
G1 X130.6 Y153.026 E.46404
G3 X132.026 Y151.6 I1.418 J-.008 E.06528
G1 X168.104 Y151.611 E1.04977
G3 X169.4 Y153.026 I-.11 J1.402 E.06144
G1 X169.4 Y168.974 E.46403
G3 X168.282 Y170.368 I-1.418 J.008 E.05626
SET_VELOCITY_LIMIT ACCEL=5000 ACCEL_TO_DECEL=2500
G1 X168.312 Y170.77 F30000
;TYPE:Outer wall
G1 F10287.535
G3 X167.991 Y170.8 I-.33 J-1.788 E.00939
G1 X132.009 Y170.8 E1.047
G3 X130.2 Y168.991 I.01 J-1.818 E.08255
G1 X130.2 Y153.009 E.46505
G3 X132.009 Y151.2 I1.818 J.01 E.08255
G1 X167.991 Y151.2 E1.047
G1 X168.139 Y151.213 E.00431
G3 X169.8 Y153.009 I-.145 J1.8 E.0782
G1 X169.8 Y168.991 E.46505
G3 X168.351 Y170.762 I-1.818 J-.01 E.072
SET_VELOCITY_LIMIT ACCEL=10000 ACCEL_TO_DECEL=5000
G1 E-.5 F900
G1 Z1.2 F30000
G1 X168.469 Y154.17 Z1.2
G1 Z1
G1 E.5 F900
;TYPE:Sparse infill
G1 F10287.535
G1 X166.991 Y152.692 E.06082
G1 X165.548 Y152.692 E.04198
G1 X168.308 Y155.452 E.11358
G1 X168.308 Y156.895 E.04198
G1 X164.105 Y152.692 E.17296
G1 X162.662 Y152.692 E.04198
G1 X168.308 Y158.338 E.23233
G1 X168.308 Y159.78 E.04198
G1 X161.22 Y152.692 E.2917
G1 X159.777 Y152.692 E.04198
G1 X168.308 Y161.223 E.35107
G1 X168.308 Y162.666 E.04198
G1 X158.334 Y152.692 E.41044
G1 X156.891 Y152.692 E.04198
G1 X168.308 Y164.109 E.46982
G1 X168.308 Y165.552 E.04198
G1 X155.448 Y152.692 E.52919
G1 X154.006 Y152.692 E.04198
G1 X168.308 Y166.994 E.58856
G1 X168.308 Y168.437 E.04198
G1 X152.563 Y152.692 E.64793
G1 X151.12 Y152.692 E.04198
G1 X167.737 Y169.308 E.68377
G1 X166.294 Y169.308 E.04198
G1 X149.677 Y152.692 E.68377
G1 X148.234 Y152.692 E.04198
G1 X164.851 Y169.308 E.68377
G1 X163.408 Y169.308 E.04198
G1 X146.791 Y152.692 E.68377
G1 X145.349 Y152.692 E.04198
G1 X161.965 Y169.308 E.68377
G1 X160.522 Y169.308 E.04198
G1 X143.906 Y152.692 E.68377
G1 X142.463 Y152.692 E.04198
G1 X159.08 Y169.308 E.68377
G1 X157.637 Y169.308 E.04198
G1 X141.02 Y152.692 E.68377
G1 X139.577 Y152.692 E.04198
G1 X156.194 Y169.308 E.68377
G1 X154.751 Y169.308 E.04198
G1 X138.135 Y152.692 E.68377
G1 X136.692 Y152.692 E.04198
G1 X153.308 Y169.308 E.68377
G1 X151.866 Y169.308 E.04198
G1 X135.249 Y152.692 E.68377
G1 X133.806 Y152.692 E.04198
G1 X150.423 Y169.308 E.68377
G1 X148.98 Y169.308 E.04198
G1 X132.363 Y152.692 E.68377
G1 X132.084 Y152.692 E.00813
G2 X131.692 Y153.074 I-.049 J.342 E.0184
G1 X131.692 Y153.463 E.01132
G1 X147.537 Y169.308 E.65204
G1 X146.094 Y169.308 E.04198
G1 X131.692 Y154.906 E.59266
G1 X131.692 Y156.349 E.04198
G1 X144.651 Y169.308 E.53329
G1 X143.209 Y169.308 E.04198
G1 X131.692 Y157.791 E.47392
G1 X131.692 Y159.234 E.04198
G1 X141.766 Y169.308 E.41455
G1 X140.323 Y169.308 E.04198
G1 X131.692 Y160.677 E.35518
G1 X131.692 Y162.12 E.04198
G1 X138.88 Y169.308 E.2958
M73 P48 R17
G1 X137.437 Y169.308 E.04198
G1 X131.692 Y163.563 E.23643
G1 X131.692 Y165.006 E.04198
G1 X135.994 Y169.308 E.17706
G1 X134.552 Y169.308 E.04198
G1 X131.692 Y166.448 E.11769
G1 X131.692 Y167.891 E.04198
G1 X133.27 Y169.469 E.06493
G1 X132.066 Y169.676 F30000
;TYPE:Internal solid infill
;WIDTH:0.41695
G1 F8220
G1 X167.942 Y169.676 E1.09346
G1 X168.335 Y169.579 E.01232
G1 X168.575 Y169.332 E.01051
G1 X168.676 Y168.934 E.01251
G1 X168.676 Y153.065 E.48367
G1 X168.575 Y152.668 E.01248
G1 X168.34 Y152.424 E.01033
G1 X167.934 Y152.329 E.0127
G1 X132.066 Y152.324 E1.09321
G1 X131.665 Y152.421 E.01255
G1 X131.425 Y152.668 E.01052
G1 X131.324 Y153.066 E.01251
G1 X131.324 Y168.942 E.48388
G1 X131.421 Y169.335 E.01231
G1 X131.668 Y169.575 E.01052
G1 X132.027 Y169.666 E.0113
; stop printing object flowrate_m2 id:8247625146344371234 copy 0
; printing object flowrate_0 id:111516266160479 copy 0
G1 E-.5 F900
G1 Z1.2 F30000
G1 X168.517 Y184.104 Z1.2
G1 Z1
G1 E.5 F900
;TYPE:Inner wall
;WIDTH:0.4
G1 F10081.784
G3 X169.043 Y185.042 I-.524 J.91 E.03351
G1 X169.043 Y200.958 E.47258
G3 X167.958 Y202.043 I-1.062 J.023 E.05089
G1 X132.042 Y202.043 E1.0664
G3 X130.957 Y200.958 I-.023 J-1.062 E.05089
G1 X130.957 Y185.042 E.47258
G3 X132.042 Y183.957 I1.062 J-.023 E.05089
G1 X168.073 Y183.967 E1.06981
G3 X168.482 Y184.085 I-.08 J1.047 E.01273
G1 X168.696 Y183.795 F30000
G1 F10081.784
G3 X169.4 Y185.026 I-.702 J1.219 E.04414
G1 X169.4 Y200.974 E.4735
G3 X167.974 Y202.4 I-1.418 J.008 E.06662
G1 X132.026 Y202.4 E1.06733
G3 X130.6 Y200.974 I-.008 J-1.418 E.06662
G1 X130.6 Y185.026 E.47351
G3 X132.026 Y183.6 I1.418 J-.008 E.06662
G1 X168.104 Y183.611 E1.0712
G3 X168.661 Y183.775 I-.11 J1.402 E.01736
SET_VELOCITY_LIMIT ACCEL=5000 ACCEL_TO_DECEL=2500
G1 X168.896 Y183.448 F30000
;TYPE:Outer wall
G1 F10081.784
G3 X169.8 Y185.009 I-.902 J1.565 E.05606
G1 X169.8 Y200.991 E.47454
G3 X167.991 Y202.8 I-1.818 J-.01 E.08424
G1 X132.009 Y202.8 E1.06837
G3 X130.2 Y200.991 I.01 J-1.818 E.08424
G1 X130.2 Y185.009 E.47454
G3 X132.009 Y183.2 I1.818 J.01 E.08423
G1 X167.991 Y183.2 E1.06837
G1 X168.139 Y183.213 E.0044
G3 X168.861 Y183.429 I-.145 J1.8 E.02254
SET_VELOCITY_LIMIT ACCEL=10000 ACCEL_TO_DECEL=5000
G1 E-.5 F900
G1 Z1.2 F30000
G1 X168.469 Y186.17 Z1.2
G1 Z1
G1 E.5 F900
;TYPE:Sparse infill
G1 F10081.784
G1 X166.991 Y184.692 E.06207
G1 X165.548 Y184.692 E.04284
G1 X168.308 Y187.452 E.1159
G1 X168.308 Y188.895 E.04284
G1 X164.105 Y184.692 E.17649
G1 X162.662 Y184.692 E.04284
G1 X168.308 Y190.338 E.23707
G1 X168.308 Y191.78 E.04284
G1 X161.22 Y184.692 E.29765
G1 X159.777 Y184.692 E.04284
G1 X168.308 Y193.223 E.35824
G1 X168.308 Y194.666 E.04284
G1 X158.334 Y184.692 E.41882
G1 X156.891 Y184.692 E.04284
G1 X168.308 Y196.109 E.4794
G1 X168.308 Y197.552 E.04284
G1 X155.448 Y184.692 E.53999
G1 X154.006 Y184.692 E.04284
G1 X168.308 Y198.994 E.60057
G1 X168.308 Y200.437 E.04284
G1 X152.563 Y184.692 E.66116
G1 X151.12 Y184.692 E.04284
G1 X167.737 Y201.308 E.69773
G1 X166.294 Y201.308 E.04284
G1 X149.677 Y184.692 E.69773
G1 X148.234 Y184.692 E.04284
G1 X164.851 Y201.308 E.69773
G1 X163.408 Y201.308 E.04284
G1 X146.791 Y184.692 E.69773
G1 X145.349 Y184.692 E.04284
G1 X161.965 Y201.308 E.69773
G1 X160.522 Y201.308 E.04284
G1 X143.906 Y184.692 E.69773
G1 X142.463 Y184.692 E.04284
G1 X159.08 Y201.308 E.69773
G1 X157.637 Y201.308 E.04284
G1 X141.02 Y184.692 E.69773
G1 X139.577 Y184.692 E.04284
G1 X156.194 Y201.308 E.69773
G1 X154.751 Y201.308 E.04284
G1 X138.135 Y184.692 E.69773
G1 X136.692 Y184.692 E.04284
G1 X153.308 Y201.308 E.69773
G1 X151.866 Y201.308 E.04284
G1 X135.249 Y184.692 E.69773
G1 X133.806 Y184.692 E.04284
G1 X150.423 Y201.308 E.69773
G1 X148.98 Y201.308 E.04284
G1 X132.363 Y184.692 E.69773
G1 X132.084 Y184.692 E.00829
G2 X131.692 Y185.074 I-.049 J.342 E.01877
G1 X131.692 Y185.463 E.01155
G1 X147.537 Y201.308 E.66534
G1 X146.094 Y201.308 E.04284
G1 X131.692 Y186.906 E.60476
G1 X131.692 Y188.349 E.04284
G1 X144.651 Y201.308 E.54418
G1 X143.209 Y201.308 E.04284
G1 X131.692 Y189.791 E.48359
G1 X131.692 Y191.234 E.04284
G1 X141.766 Y201.308 E.42301
G1 X140.323 Y201.308 E.04284
G1 X131.692 Y192.677 E.36243
G1 X131.692 Y194.12 E.04284
G1 X138.88 Y201.308 E.30184
G1 X137.437 Y201.308 E.04284
G1 X131.692 Y195.563 E.24126
G1 X131.692 Y197.006 E.04284
G1 X135.994 Y201.308 E.18067
G1 X134.552 Y201.308 E.04284
G1 X131.692 Y198.448 E.12009
G1 X131.692 Y199.891 E.04284
G1 X133.27 Y201.469 E.06625
G1 X132.066 Y201.676 F30000
;TYPE:Internal solid infill
;WIDTH:0.41695
G1 F8220
G1 X167.942 Y201.676 E1.11577
G1 X168.335 Y201.579 E.01257
G1 X168.575 Y201.332 E.01073
G1 X168.676 Y200.934 E.01277
G1 X168.676 Y185.065 E.49354
G1 X168.575 Y184.668 E.01274
G1 X168.34 Y184.424 E.01054
G1 X167.934 Y184.329 E.01296
G1 X132.066 Y184.324 E1.11552
G1 X131.665 Y184.421 E.01281
G1 X131.425 Y184.668 E.01073
G1 X131.324 Y185.066 E.01277
G1 X131.324 Y200.942 E.49376
G1 X131.421 Y201.335 E.01256
G1 X131.668 Y201.575 E.01073
G1 X132.027 Y201.666 E.01153
; stop printing object flowrate_0 id:111516266160479 copy 0
; printing object flowrate_m1 id:8318823020889268071 copy 0
G1 E-.5 F900
G1 Z1.2 F30000
G1 X126.181 Y170.024 Z1.2
G1 Z1
G1 E.5 F900
;TYPE:Inner wall
;WIDTH:0.4
G1 F10183.62
G3 X125.958 Y170.043 I-.2 J-1.043 E.00657
G1 X90.042 Y170.043 E1.05574
G3 X88.957 Y168.958 I-.023 J-1.062 E.05038
G1 X88.957 Y153.042 E.46785
G3 X90.042 Y151.957 I1.062 J-.023 E.05038
G1 X126.073 Y151.967 E1.05911
G3 X127.043 Y153.042 I-.079 J1.047 E.04696
G1 X127.043 Y168.958 E.46785
G3 X126.22 Y170.016 I-1.062 J.023 E.04264
G1 X126.243 Y170.376 F30000
G1 F10183.62
G3 X125.974 Y170.4 I-.261 J-1.394 E.00794
G1 X90.026 Y170.4 E1.05666
G3 X88.6 Y168.974 I-.008 J-1.418 E.06595
G1 X88.6 Y153.026 E.46877
G3 X90.026 Y151.6 I1.418 J-.008 E.06595
G1 X126.104 Y151.611 E1.06048
G3 X127.4 Y153.026 I-.11 J1.402 E.06207
G1 X127.4 Y168.974 E.46877
G3 X126.282 Y170.368 I-1.418 J.008 E.05683
SET_VELOCITY_LIMIT ACCEL=5000 ACCEL_TO_DECEL=2500
G1 X126.312 Y170.77 F30000
;TYPE:Outer wall
G1 F10183.62
G3 X125.991 Y170.8 I-.33 J-1.788 E.00948
G1 X90.009 Y170.8 E1.05768
G3 X88.2 Y168.991 I.01 J-1.818 E.08339
G1 X88.2 Y153.009 E.4698
G3 X90.009 Y151.2 I1.818 J.01 E.08339
G1 X125.991 Y151.2 E1.05768
G1 X126.139 Y151.213 E.00435
G3 X127.8 Y153.009 I-.145 J1.8 E.07899
G1 X127.8 Y168.991 E.4698
G3 X126.351 Y170.762 I-1.818 J-.01 E.07274
SET_VELOCITY_LIMIT ACCEL=10000 ACCEL_TO_DECEL=5000
G1 E-.5 F900
G1 Z1.2 F30000
G1 X126.469 Y154.17 Z1.2
G1 Z1
G1 E.5 F900
;TYPE:Sparse infill
G1 F10183.62
G1 X124.991 Y152.692 E.06144
G1 X123.548 Y152.692 E.04241
G1 X126.308 Y155.452 E.11474
G1 X126.308 Y156.895 E.04241
G1 X122.105 Y152.692 E.17472
G1 X120.662 Y152.692 E.04241
G1 X126.308 Y158.338 E.2347
G1 X126.308 Y159.78 E.04241
G1 X119.22 Y152.692 E.29468
G1 X117.777 Y152.692 E.04241
G1 X126.308 Y161.223 E.35465
G1 X126.308 Y162.666 E.04241
G1 X116.334 Y152.692 E.41463
G1 X114.891 Y152.692 E.04241
G1 X126.308 Y164.109 E.47461
G1 X126.308 Y165.552 E.04241
G1 X113.448 Y152.692 E.53459
G1 X112.006 Y152.692 E.04241
G1 X126.308 Y166.994 E.59457
G1 X126.308 Y168.437 E.04241
G1 X110.563 Y152.692 E.65454
G1 X109.12 Y152.692 E.04241
G1 X125.737 Y169.308 E.69075
G1 X124.294 Y169.308 E.04241
G1 X107.677 Y152.692 E.69075
G1 X106.234 Y152.692 E.04241
G1 X122.851 Y169.308 E.69075
G1 X121.408 Y169.308 E.04241
G1 X104.791 Y152.692 E.69075
G1 X103.349 Y152.692 E.04241
G1 X119.965 Y169.308 E.69075
G1 X118.522 Y169.308 E.04241
G1 X101.906 Y152.692 E.69075
G1 X100.463 Y152.692 E.04241
G1 X117.08 Y169.308 E.69075
G1 X115.637 Y169.308 E.04241
G1 X99.02 Y152.692 E.69075
G1 X97.577 Y152.692 E.04241
G1 X114.194 Y169.308 E.69075
G1 X112.751 Y169.308 E.04241
G1 X96.135 Y152.692 E.69075
G1 X94.692 Y152.692 E.04241
G1 X111.308 Y169.308 E.69075
G1 X109.866 Y169.308 E.04241
G1 X93.249 Y152.692 E.69075
G1 X91.806 Y152.692 E.04241
G1 X108.423 Y169.308 E.69075
G1 X106.98 Y169.308 E.04241
G1 X90.363 Y152.692 E.69075
G1 X90.084 Y152.692 E.00821
G2 X89.692 Y153.074 I-.049 J.342 E.01858
G1 X89.692 Y153.463 E.01144
G1 X105.537 Y169.308 E.65869
G1 X104.094 Y169.308 E.04241
G1 X89.692 Y154.906 E.59871
G1 X89.692 Y156.349 E.04241
G1 X102.651 Y169.308 E.53873
G1 X101.209 Y169.308 E.04241
G1 X89.692 Y157.791 E.47876
G1 X89.692 Y159.234 E.04241
G1 X99.766 Y169.308 E.41878
G1 X98.323 Y169.308 E.04241
G1 X89.692 Y160.677 E.3588
G1 X89.692 Y162.12 E.04241
G1 X96.88 Y169.308 E.29882
G1 X95.437 Y169.308 E.04241
G1 X89.692 Y163.563 E.23885
G1 X89.692 Y165.006 E.04241
G1 X93.994 Y169.308 E.17887
G1 X92.552 Y169.308 E.04241
G1 X89.692 Y166.448 E.11889
G1 X89.692 Y167.891 E.04241
G1 X91.27 Y169.469 E.06559
G1 X90.066 Y169.676 F30000
;TYPE:Internal solid infill
;WIDTH:0.41695
G1 F8220
G1 X125.942 Y169.676 E1.10461
G1 X126.335 Y169.579 E.01244
G1 X126.575 Y169.332 E.01062
G1 X126.676 Y168.934 E.01264
G1 X126.676 Y153.065 E.4886
G1 X126.575 Y152.668 E.01261
G1 X126.34 Y152.424 E.01044
G1 X125.934 Y152.329 E.01283
G1 X90.066 Y152.324 E1.10436
G1 X89.665 Y152.421 E.01268
G1 X89.425 Y152.668 E.01063
G1 X89.324 Y153.066 E.01264
G1 X89.324 Y168.942 E.48882
G1 X89.421 Y169.335 E.01244
G1 X89.668 Y169.575 E.01062
G1 X90.027 Y169.666 E.01141
; stop printing object flowrate_m1 id:8318823020889268071 copy 0
; printing object flowrate_m4 id:0 copy 0
G1 E-.5 F900
G1 Z1.2 F30000
G1 X126.181 Y138.025 Z1.2
G1 Z1
G1 E.5 F900
;TYPE:Inner wall
;WIDTH:0.4
G1 F10501.858
G3 X125.958 Y138.043 I-.194 J-1.031 E.00638
G1 X90.042 Y138.043 E1.02375
G3 X88.957 Y136.958 I-.023 J-1.062 E.04886
G1 X88.957 Y121.042 E.45368
G3 X88.995 Y120.749 I.85 J-.038 E.00846
G3 X90.042 Y119.957 I1.017 J.257 E.0404
G1 X126.073 Y119.967 E1.02702
G3 X127.043 Y121.042 I-.079 J1.047 E.04553
G1 X127.043 Y136.958 E.45367
G3 X127.005 Y137.251 I-.85 J.038 E.00846
G3 X126.22 Y138.017 I-1.017 J-.257 E.03289
G1 X126.243 Y138.376 F30000
G1 F10501.858
G3 X125.974 Y138.4 I-.257 J-1.391 E.00771
G1 X90.026 Y138.4 E1.02464
G3 X88.6 Y136.974 I-.008 J-1.418 E.06395
G1 X88.6 Y121.026 E.45457
G3 X90.026 Y119.6 I1.414 J-.012 E.064
M73 P49 R17
G1 X126.104 Y119.611 E1.02835
G3 X127.4 Y121.026 I-.11 J1.402 E.06018
G1 X127.4 Y136.974 E.45456
G3 X126.282 Y138.369 I-1.414 J.012 E.05516
SET_VELOCITY_LIMIT ACCEL=5000 ACCEL_TO_DECEL=2500
G1 X126.312 Y138.772 F30000
;TYPE:Outer wall
G1 F10501.858
G3 X125.991 Y138.8 I-.317 J-1.777 E.0092
G1 X90.009 Y138.8 E1.02563
G3 X88.2 Y136.991 I.01 J-1.818 E.08087
G1 X88.2 Y121.009 E.45556
G3 X90.009 Y119.2 I1.805 J-.004 E.08103
G1 X125.991 Y119.2 E1.02563
G1 X126.139 Y119.213 E.00422
G3 X127.8 Y121.009 I-.145 J1.8 E.0766
G1 X127.8 Y136.991 E.45556
G3 X126.352 Y138.764 I-1.805 J.004 E.07069
SET_VELOCITY_LIMIT ACCEL=10000 ACCEL_TO_DECEL=5000
G1 E-.5 F900
G1 Z1.2 F30000
G1 X126.469 Y122.17 Z1.2
G1 Z1
G1 E.5 F900
;TYPE:Sparse infill
G1 F10501.858
G1 X124.991 Y120.692 E.05958
G1 X123.548 Y120.692 E.04113
G1 X126.308 Y123.452 E.11127
G1 X126.308 Y124.895 E.04113
G1 X122.105 Y120.692 E.16943
G1 X120.662 Y120.692 E.04113
G1 X126.308 Y126.338 E.22759
G1 X126.308 Y127.78 E.04113
G1 X119.22 Y120.692 E.28575
G1 X117.777 Y120.692 E.04113
G1 X126.308 Y129.223 E.34391
G1 X126.308 Y130.666 E.04113
G1 X116.334 Y120.692 E.40207
G1 X114.891 Y120.692 E.04113
G1 X126.308 Y132.109 E.46023
G1 X126.308 Y133.552 E.04113
G1 X113.448 Y120.692 E.51839
G1 X112.006 Y120.692 E.04113
G1 X126.308 Y134.994 E.57655
G1 X126.308 Y136.437 E.04113
G1 X110.563 Y120.692 E.63471
G1 X109.12 Y120.692 E.04113
G1 X125.737 Y137.308 E.66982
G1 X124.294 Y137.308 E.04113
G1 X107.677 Y120.692 E.66982
G1 X106.234 Y120.692 E.04113
G1 X122.851 Y137.308 E.66982
G1 X121.408 Y137.308 E.04113
G1 X104.791 Y120.692 E.66982
G1 X103.349 Y120.692 E.04113
G1 X119.965 Y137.308 E.66982
G1 X118.522 Y137.308 E.04113
G1 X101.906 Y120.692 E.66982
G1 X100.463 Y120.692 E.04113
G1 X117.08 Y137.308 E.66982
G1 X115.637 Y137.308 E.04113
G1 X99.02 Y120.692 E.66982
G1 X97.577 Y120.692 E.04113
G1 X114.194 Y137.308 E.66982
G1 X112.751 Y137.308 E.04113
G1 X96.135 Y120.692 E.66982
G1 X94.692 Y120.692 E.04113
G1 X111.308 Y137.308 E.66982
G1 X109.866 Y137.308 E.04113
G1 X93.249 Y120.692 E.66982
G1 X91.806 Y120.692 E.04113
G1 X108.423 Y137.308 E.66982
G1 X106.98 Y137.308 E.04113
G1 X90.363 Y120.692 E.66982
G1 X90.084 Y120.692 E.00796
G2 X89.692 Y121.074 I-.049 J.342 E.01802
G1 X89.692 Y121.463 E.01109
G1 X105.537 Y137.308 E.63873
G1 X104.094 Y137.308 E.04113
G1 X89.692 Y122.906 E.58057
G1 X89.692 Y124.349 E.04113
G1 X102.651 Y137.308 E.52241
G1 X101.209 Y137.308 E.04113
G1 X89.692 Y125.791 E.46425
G1 X89.692 Y127.234 E.04113
G1 X99.766 Y137.308 E.40609
G1 X98.323 Y137.308 E.04113
G1 X89.692 Y128.677 E.34793
G1 X89.692 Y130.12 E.04113
G1 X96.88 Y137.308 E.28977
G1 X95.437 Y137.308 E.04113
G1 X89.692 Y131.563 E.23161
G1 X89.692 Y133.006 E.04113
G1 X93.994 Y137.308 E.17345
G1 X92.552 Y137.308 E.04113
G1 X89.692 Y134.448 E.11529
G1 X89.692 Y135.891 E.04113
G1 X91.27 Y137.469 E.0636
G1 X90.066 Y137.676 F30000
;TYPE:Internal solid infill
;WIDTH:0.41695
G1 F8220
G1 X125.942 Y137.676 E1.07114
G1 X126.335 Y137.579 E.01207
G1 X126.575 Y137.332 E.0103
G1 X126.676 Y136.934 E.01226
G1 X126.676 Y121.065 E.47379
G1 X126.575 Y120.668 E.01223
G1 X126.34 Y120.424 E.01012
G1 X125.934 Y120.329 E.01244
G1 X90.066 Y120.324 E1.0709
G1 X89.665 Y120.421 E.0123
G1 X89.425 Y120.668 E.0103
G1 X89.324 Y121.066 E.01226
G1 X89.324 Y136.942 E.47401
G1 X89.421 Y137.335 E.01206
G1 X89.668 Y137.575 E.0103
G1 X90.027 Y137.666 E.01107
; stop printing object flowrate_m4 id:0 copy 0
; printing object flowrate_m9 id:0 copy 0
G1 E-.5 F900
G1 Z1.2 F30000
G1 X126.181 Y106.025 Z1.2
G1 Z1
G1 E.5 F900
;TYPE:Inner wall
;WIDTH:0.4
G1 F11078.884
G3 X125.958 Y106.043 I-.195 J-1.039 E.00604
G1 X90.042 Y106.043 E.97043
G3 X88.957 Y104.958 I-.023 J-1.062 E.04631
G1 X88.957 Y89.042 E.43005
G3 X90.042 Y87.957 I1.057 J-.028 E.04637
G1 X126.073 Y87.967 E.97353
G3 X127.043 Y89.042 I-.079 J1.047 E.04316
G1 X127.043 Y104.958 E.43005
G3 X126.22 Y106.017 I-1.057 J.028 E.03925
G1 X126.243 Y106.378 F30000
G1 F11078.884
G3 X125.974 Y106.4 I-.25 J-1.376 E.00731
G1 X90.026 Y106.4 E.97127
G3 X88.6 Y104.974 I-.008 J-1.418 E.06062
G1 X88.6 Y89.026 E.43089
G3 X90.026 Y87.6 I1.414 J-.012 E.06067
G1 X126.104 Y87.611 E.97479
G3 X127.4 Y89.026 I-.11 J1.402 E.05705
G1 X127.4 Y104.974 E.43089
G3 X127.349 Y105.344 I-1.074 J.042 E.01013
G3 X126.282 Y106.37 I-1.356 J-.342 E.04216
SET_VELOCITY_LIMIT ACCEL=5000 ACCEL_TO_DECEL=2500
G1 X126.312 Y106.772 F30000
;TYPE:Outer wall
G1 F11078.884
G3 X125.991 Y106.8 I-.317 J-1.777 E.00872
G1 X90.009 Y106.8 E.97221
G3 X88.2 Y104.991 I.01 J-1.818 E.07665
G1 X88.2 Y89.009 E.43183
G3 X90.009 Y87.2 I1.805 J-.004 E.07681
G1 X125.991 Y87.2 E.97221
G1 X126.139 Y87.213 E.004
G3 X127.8 Y89.009 I-.145 J1.8 E.07261
G1 X127.8 Y104.991 E.43183
G3 X126.352 Y106.764 I-1.805 J.004 E.06701
SET_VELOCITY_LIMIT ACCEL=10000 ACCEL_TO_DECEL=5000
G1 E-.5 F900
G1 Z1.2 F30000
G1 X126.469 Y90.17 Z1.2
G1 Z1
G1 E.5 F900
;TYPE:Sparse infill
G1 F11078.884
G1 X124.991 Y88.692 E.05648
G1 X123.548 Y88.692 E.03898
G1 X126.308 Y91.452 E.10547
G1 X126.308 Y92.895 E.03898
G1 X122.105 Y88.692 E.1606
G1 X120.662 Y88.692 E.03898
G1 X126.308 Y94.338 E.21573
G1 X126.308 Y95.78 E.03898
G1 X119.22 Y88.692 E.27086
G1 X117.777 Y88.692 E.03898
G1 X126.308 Y97.223 E.326
G1 X126.308 Y98.666 E.03898
G1 X116.334 Y88.692 E.38113
G1 X114.891 Y88.692 E.03898
G1 X126.308 Y100.109 E.43626
G1 X126.308 Y101.552 E.03898
G1 X113.448 Y88.692 E.49139
G1 X112.006 Y88.692 E.03898
G1 X126.308 Y102.994 E.54652
G1 X126.308 Y104.437 E.03898
G1 X110.563 Y88.692 E.60165
G1 X109.12 Y88.692 E.03898
G1 X125.737 Y105.308 E.63493
G1 X124.294 Y105.308 E.03898
G1 X107.677 Y88.692 E.63493
G1 X106.234 Y88.692 E.03898
G1 X122.851 Y105.308 E.63493
G1 X121.408 Y105.308 E.03898
G1 X104.791 Y88.692 E.63493
G1 X103.349 Y88.692 E.03898
G1 X119.965 Y105.308 E.63493
G1 X118.522 Y105.308 E.03898
G1 X101.906 Y88.692 E.63493
G1 X100.463 Y88.692 E.03898
G1 X117.08 Y105.308 E.63493
G1 X115.637 Y105.308 E.03898
G1 X99.02 Y88.692 E.63493
G1 X97.577 Y88.692 E.03898
G1 X114.194 Y105.308 E.63493
G1 X112.751 Y105.308 E.03898
G1 X96.135 Y88.692 E.63493
G1 X94.692 Y88.692 E.03898
G1 X111.308 Y105.308 E.63493
G1 X109.866 Y105.308 E.03898
G1 X93.249 Y88.692 E.63493
G1 X91.806 Y88.692 E.03898
G1 X108.423 Y105.308 E.63493
G1 X106.98 Y105.308 E.03898
M73 P49 R16
G1 X90.363 Y88.692 E.63493
G1 X90.084 Y88.692 E.00755
G2 X89.692 Y89.074 I-.049 J.342 E.01708
G1 X89.692 Y89.463 E.01051
G1 X105.537 Y105.308 E.60546
G1 X104.094 Y105.308 E.03898
G1 X89.692 Y90.906 E.55033
G1 X89.692 Y92.349 E.03898
G1 X102.651 Y105.308 E.4952
G1 X101.209 Y105.308 E.03898
G1 X89.692 Y93.791 E.44007
G1 X89.692 Y95.234 E.03898
G1 X99.766 Y105.308 E.38494
G1 X98.323 Y105.308 E.03898
G1 X89.692 Y96.677 E.32981
G1 X89.692 Y98.12 E.03898
G1 X96.88 Y105.308 E.27468
G1 X95.437 Y105.308 E.03898
G1 X89.692 Y99.563 E.21954
G1 X89.692 Y101.006 E.03898
G1 X93.994 Y105.308 E.16441
G1 X92.552 Y105.308 E.03898
G1 X89.692 Y102.448 E.10928
G1 X89.692 Y103.891 E.03898
G1 X91.27 Y105.469 E.06029
G1 X90.066 Y105.676 F30000
;TYPE:Internal solid infill
;WIDTH:0.41695
G1 F8220
G1 X125.942 Y105.676 E1.01535
G1 X126.335 Y105.579 E.01144
G1 X126.575 Y105.332 E.00976
G1 X126.676 Y104.934 E.01162
G1 X126.676 Y89.065 E.44912
G1 X126.575 Y88.668 E.01159
G1 X126.34 Y88.424 E.00959
G1 X125.934 Y88.329 E.01179
G1 X90.066 Y88.324 E1.01512
G1 X89.665 Y88.421 E.01166
G1 X89.425 Y88.668 E.00977
G1 X89.324 Y89.066 E.01162
G1 X89.324 Y104.942 E.44932
G1 X89.421 Y105.335 E.01143
G1 X89.668 Y105.575 E.00977
G1 X90.027 Y105.666 E.01049
; stop printing object flowrate_m9 id:0 copy 0
;LAYER_CHANGE
;Z:1.2
;HEIGHT:0.2
;BEFORE_LAYER_CHANGE
;1.2
G92 E0

G1 E-.5 F900
;AFTER_LAYER_CHANGE
;1.2
SET_PRINT_STATS_INFO CURRENT_LAYER=6
;_SET_FAN_SPEED_CHANGING_LAYER
; printing object flowrate_m3 id:0 copy 0
G1 Z1.4 F30000
G1 X210.181 Y170.024 Z1.4
G1 Z1.2
G1 E.5 F900
;TYPE:Inner wall
;WIDTH:0.4
G1 F10393.592
G3 X209.958 Y170.043 I-.2 J-1.043 E.00644
G1 X174.042 Y170.043 E1.03441
G3 X172.957 Y168.958 I-.023 J-1.062 E.04937
G1 X172.957 Y153.042 E.4584
G3 X174.042 Y151.957 I1.062 J-.023 E.04936
G1 X209.958 Y151.957 E1.03441
G1 X210.108 Y151.97 E.00432
G3 X211.043 Y153.042 I-.115 J1.044 E.045
G1 X211.043 Y168.958 E.4584
G3 X210.22 Y170.016 I-1.062 J.023 E.04177
G1 X210.243 Y170.376 F30000
G1 F10393.592
G3 X209.974 Y170.4 I-.261 J-1.394 E.00778
G1 X174.026 Y170.4 E1.03531
G3 X172.6 Y168.974 I-.008 J-1.418 E.06462
G1 X172.6 Y153.026 E.4593
G3 X174.026 Y151.6 I1.418 J-.008 E.06462
G1 X209.974 Y151.6 E1.03531
G1 X210.139 Y151.614 E.00477
G3 X211.4 Y153.026 I-.145 J1.399 E.05981
G1 X211.4 Y168.974 E.4593
G3 X210.282 Y170.368 I-1.418 J.008 E.05568
SET_VELOCITY_LIMIT ACCEL=5000 ACCEL_TO_DECEL=2500
G1 X210.312 Y170.77 F30000
;TYPE:Outer wall
G1 F10393.592
G3 X209.991 Y170.8 I-.33 J-1.788 E.00929
G1 X174.009 Y170.8 E1.03632
G3 X172.2 Y168.991 I.01 J-1.818 E.08171
G1 X172.2 Y153.009 E.46031
G3 X174.009 Y151.2 I1.818 J.01 E.08171
G1 X209.991 Y151.2 E1.03632
G1 X210.174 Y151.216 E.00527
G3 X211.8 Y153.009 I-.18 J1.797 E.0764
G1 X211.8 Y168.991 E.46031
G3 X210.351 Y170.762 I-1.818 J-.01 E.07127
SET_VELOCITY_LIMIT ACCEL=10000 ACCEL_TO_DECEL=5000
G1 X210.071 Y169.896 F30000
SET_VELOCITY_LIMIT ACCEL=2500 ACCEL_TO_DECEL=1250
;TYPE:Internal Bridge
G1 F4500
G1 X210.681 Y169.286 E.02482
G2 X210.745 Y168.716 I-1.466 J-.455 E.01661
G1 X209.716 Y169.745 E.04191
G1 X209.211 Y169.745 E.01454
G1 X210.745 Y168.211 E.06248
G1 X210.745 Y167.706 E.01454
G1 X208.706 Y169.745 E.08305
G1 X208.201 Y169.745 E.01454
G1 X210.745 Y167.201 E.10361
G1 X210.745 Y166.696 E.01454
G1 X207.696 Y169.745 E.12418
G1 X207.191 Y169.745 E.01454
G1 X210.745 Y166.191 E.14475
G1 X210.745 Y165.687 E.01454
G1 X206.687 Y169.745 E.16532
G1 X206.182 Y169.745 E.01454
G1 X210.745 Y165.182 E.18589
G1 X210.745 Y164.677 E.01454
G1 X205.677 Y169.745 E.20646
G1 X205.172 Y169.745 E.01454
G1 X210.745 Y164.172 E.22702
G1 X210.745 Y163.667 E.01454
G1 X204.667 Y169.745 E.24759
G1 X204.162 Y169.745 E.01454
G1 X210.745 Y163.162 E.26816
G1 X210.745 Y162.657 E.01454
G1 X203.657 Y169.745 E.28873
G1 X203.152 Y169.745 E.01454
M73 P50 R16
G1 X210.745 Y162.152 E.3093
G1 X210.745 Y161.647 E.01454
G1 X202.647 Y169.745 E.32986
G1 X202.142 Y169.745 E.01454
G1 X210.745 Y161.142 E.35043
G1 X210.745 Y160.637 E.01454
G1 X201.637 Y169.745 E.371
G1 X201.132 Y169.745 E.01454
G1 X210.745 Y160.132 E.39157
G1 X210.745 Y159.627 E.01454
G1 X200.627 Y169.745 E.41214
G1 X200.122 Y169.745 E.01454
G1 X210.745 Y159.122 E.43271
G1 X210.745 Y158.617 E.01454
G1 X199.617 Y169.745 E.45327
G1 X199.112 Y169.745 E.01454
G1 X210.745 Y158.112 E.47384
G1 X210.745 Y157.607 E.01454
G1 X198.607 Y169.745 E.49441
G1 X198.102 Y169.745 E.01454
G1 X210.745 Y157.102 E.51498
G1 X210.745 Y156.597 E.01454
G1 X197.597 Y169.745 E.53555
G1 X197.092 Y169.745 E.01454
G1 X210.745 Y156.092 E.55611
G1 X210.745 Y155.587 E.01454
G1 X196.587 Y169.745 E.57668
G1 X196.082 Y169.745 E.01454
G1 X210.745 Y155.082 E.59725
G1 X210.745 Y154.577 E.01454
G1 X195.577 Y169.745 E.61782
G1 X195.072 Y169.745 E.01454
G1 X210.745 Y154.072 E.63839
G1 X210.745 Y153.567 E.01454
G1 X194.567 Y169.745 E.65895
G1 X194.062 Y169.745 E.01454
G1 X210.745 Y153.062 E.67952
G2 X210.651 Y152.651 I-.929 J-.004 E.01225
G1 X193.557 Y169.745 E.69626
G1 X193.052 Y169.745 E.01454
G1 X210.411 Y152.387 E.70702
G2 X210.03 Y152.262 I-.434 J.682 E.01165
G1 X192.547 Y169.745 E.7121
G1 X192.042 Y169.745 E.01454
G1 X209.533 Y152.255 E.7124
G1 X209.028 Y152.255 E.01454
G1 X191.537 Y169.745 E.7124
G1 X191.032 Y169.745 E.01454
G1 X208.523 Y152.255 E.7124
G1 X208.018 Y152.255 E.01454
G1 X190.527 Y169.745 E.7124
G1 X190.022 Y169.745 E.01454
G1 X207.513 Y152.255 E.7124
G1 X207.008 Y152.255 E.01454
G1 X189.517 Y169.745 E.7124
G1 X189.012 Y169.745 E.01454
G1 X206.503 Y152.255 E.7124
G1 X205.998 Y152.255 E.01454
G1 X188.507 Y169.745 E.7124
G1 X188.002 Y169.745 E.01454
G1 X205.493 Y152.255 E.7124
G1 X204.988 Y152.255 E.01454
G1 X187.497 Y169.745 E.7124
G1 X186.992 Y169.745 E.01454
G1 X204.483 Y152.255 E.7124
G1 X203.978 Y152.255 E.01454
G1 X186.487 Y169.745 E.7124
G1 X185.982 Y169.745 E.01454
G1 X203.473 Y152.255 E.7124
G1 X202.968 Y152.255 E.01454
G1 X185.477 Y169.745 E.7124
G1 X184.972 Y169.745 E.01454
G1 X202.463 Y152.255 E.7124
G1 X201.958 Y152.255 E.01454
G1 X184.467 Y169.745 E.7124
G1 X183.962 Y169.745 E.01454
G1 X201.453 Y152.255 E.7124
G1 X200.948 Y152.255 E.01454
G1 X183.457 Y169.745 E.7124
G1 X182.952 Y169.745 E.01454
G1 X200.443 Y152.255 E.7124
G1 X199.938 Y152.255 E.01454
G1 X182.447 Y169.745 E.7124
G1 X181.942 Y169.745 E.01454
G1 X199.433 Y152.255 E.7124
G1 X198.928 Y152.255 E.01454
G1 X181.437 Y169.745 E.7124
G1 X180.932 Y169.745 E.01454
G1 X198.423 Y152.255 E.7124
G1 X197.918 Y152.255 E.01454
G1 X180.427 Y169.745 E.7124
G1 X179.922 Y169.745 E.01454
G1 X197.413 Y152.255 E.7124
G1 X196.908 Y152.255 E.01454
G1 X179.417 Y169.745 E.7124
G1 X178.912 Y169.745 E.01454
G1 X196.403 Y152.255 E.7124
G1 X195.898 Y152.255 E.01454
G1 X178.407 Y169.745 E.7124
G1 X177.902 Y169.745 E.01454
G1 X195.393 Y152.255 E.7124
G1 X194.888 Y152.255 E.01454
G1 X177.397 Y169.745 E.7124
G1 X176.892 Y169.745 E.01454
G1 X194.383 Y152.255 E.7124
G1 X193.878 Y152.255 E.01454
G1 X176.387 Y169.745 E.7124
G1 X175.882 Y169.745 E.01454
G1 X193.373 Y152.255 E.7124
G1 X192.868 Y152.255 E.01454
G1 X175.377 Y169.745 E.7124
G1 X174.872 Y169.745 E.01454
G1 X192.363 Y152.255 E.7124
G1 X191.858 Y152.255 E.01454
G1 X174.367 Y169.745 E.7124
G3 X173.878 Y169.73 I-.156 J-2.805 E.01412
G1 X191.353 Y152.255 E.71177
G1 X190.848 Y152.255 E.01454
G1 X173.531 Y169.572 E.70534
G3 X173.317 Y169.281 I1.013 J-.968 E.01043
M73 P51 R16
G1 X190.343 Y152.255 E.69348
G1 X189.838 Y152.255 E.01454
G1 X173.255 Y168.838 E.67546
G1 X173.255 Y168.333 E.01454
G1 X189.333 Y152.255 E.65489
G1 X188.828 Y152.255 E.01454
G1 X173.255 Y167.828 E.63432
G1 X173.255 Y167.323 E.01454
G1 X188.323 Y152.255 E.61375
G1 X187.818 Y152.255 E.01454
G1 X173.255 Y166.818 E.59318
G1 X173.255 Y166.313 E.01454
G1 X187.313 Y152.255 E.57261
G1 X186.808 Y152.255 E.01454
G1 X173.255 Y165.808 E.55205
G1 X173.255 Y165.303 E.01454
G1 X186.303 Y152.255 E.53148
G1 X185.798 Y152.255 E.01454
G1 X173.255 Y164.798 E.51091
G1 X173.255 Y164.293 E.01454
G1 X185.293 Y152.255 E.49034
G1 X184.788 Y152.255 E.01454
G1 X173.255 Y163.788 E.46977
G1 X173.255 Y163.283 E.01454
G1 X184.283 Y152.255 E.44921
G1 X183.778 Y152.255 E.01454
G1 X173.255 Y162.778 E.42864
G1 X173.255 Y162.273 E.01454
G1 X183.273 Y152.255 E.40807
G1 X182.768 Y152.255 E.01454
G1 X173.255 Y161.768 E.3875
G1 X173.255 Y161.263 E.01454
G1 X182.263 Y152.255 E.36693
G1 X181.758 Y152.255 E.01454
G1 X173.255 Y160.758 E.34636
G1 X173.255 Y160.254 E.01454
G1 X181.254 Y152.255 E.3258
G1 X180.749 Y152.255 E.01454
G1 X173.255 Y159.749 E.30523
G1 X173.255 Y159.244 E.01454
G1 X180.244 Y152.255 E.28466
G1 X179.739 Y152.255 E.01454
G1 X173.255 Y158.739 E.26409
G1 X173.255 Y158.234 E.01454
G1 X179.234 Y152.255 E.24352
G1 X178.729 Y152.255 E.01454
G1 X173.255 Y157.729 E.22296
G1 X173.255 Y157.224 E.01454
G1 X178.224 Y152.255 E.20239
G1 X177.719 Y152.255 E.01454
G1 X173.255 Y156.719 E.18182
G1 X173.255 Y156.214 E.01454
G1 X177.214 Y152.255 E.16125
G1 X176.709 Y152.255 E.01454
G1 X173.255 Y155.709 E.14068
G1 X173.255 Y155.204 E.01454
G1 X176.204 Y152.255 E.12012
G1 X175.699 Y152.255 E.01454
G1 X173.255 Y154.699 E.09955
G1 X173.255 Y154.194 E.01454
G1 X175.194 Y152.255 E.07898
G1 X174.689 Y152.255 E.01454
G1 X173.255 Y153.689 E.05841
G1 X173.255 Y153.184 E.01454
G1 X174.344 Y152.094 E.04439
; stop printing object flowrate_m3 id:0 copy 0
; printing object flowrate_m6 id:403726925917 copy 0
SET_VELOCITY_LIMIT ACCEL=10000 ACCEL_TO_DECEL=5000
G1 E-.5 F900
G1 Z1.4 F30000
G1 X210.181 Y138.024 Z1.4
G1 Z1.2
G1 E.5 F900
;TYPE:Inner wall
G1 F10725.302
M106 S255
G3 X209.958 Y138.043 I-.2 J-1.043 E.00624
G1 X174.042 Y138.043 E1.00242
G3 X172.957 Y136.958 I-.023 J-1.062 E.04784
G1 X172.957 Y121.042 E.44423
G3 X174.042 Y119.957 I1.062 J-.023 E.04784
G1 X209.958 Y119.957 E1.00242
G1 X210.108 Y119.97 E.00418
G3 X211.043 Y121.042 I-.115 J1.044 E.04361
G1 X211.043 Y136.958 E.44422
G3 X210.22 Y138.016 I-1.062 J.023 E.04048
G1 X210.243 Y138.376 F30000
G1 F10725.302
G3 X209.974 Y138.4 I-.261 J-1.394 E.00754
G1 X174.026 Y138.4 E1.00329
G3 X172.6 Y136.974 I-.008 J-1.418 E.06262
G1 X172.6 Y121.026 E.4451
G3 X174.026 Y119.6 I1.418 J-.008 E.06262
G1 X209.974 Y119.6 E1.00329
G1 X210.139 Y119.614 E.00462
G3 X211.4 Y121.026 I-.145 J1.399 E.05796
G1 X211.4 Y136.974 E.44509
G3 X210.282 Y138.368 I-1.418 J.008 E.05396
SET_VELOCITY_LIMIT ACCEL=5000 ACCEL_TO_DECEL=2500
G1 X210.312 Y138.77 F30000
;TYPE:Outer wall
G1 F10725.302
G3 X209.991 Y138.8 I-.33 J-1.788 E.009
G1 X174.009 Y138.8 E1.00427
G3 X172.2 Y136.991 I.01 J-1.818 E.07918
G1 X172.2 Y121.009 E.44607
G3 X174.009 Y119.2 I1.818 J.01 E.07918
G1 X209.991 Y119.2 E1.00427
G1 X210.174 Y119.216 E.00511
G3 X211.8 Y121.009 I-.18 J1.797 E.07403
G1 X211.8 Y136.991 E.44607
G3 X210.351 Y138.762 I-1.818 J-.01 E.06906
SET_VELOCITY_LIMIT ACCEL=10000 ACCEL_TO_DECEL=5000
G1 X210.071 Y137.896 F30000
SET_VELOCITY_LIMIT ACCEL=2500 ACCEL_TO_DECEL=1250
;TYPE:Internal Bridge
G1 F4500
G1 X210.681 Y137.286 E.02406
G2 X210.745 Y136.716 I-1.467 J-.455 E.0161
G1 X209.716 Y137.745 E.04061
G1 X209.211 Y137.745 E.01409
G1 X210.745 Y136.211 E.06055
G1 X210.745 Y135.706 E.01409
G1 X208.706 Y137.745 E.08048
G1 X208.201 Y137.745 E.01409
G1 X210.745 Y135.201 E.10041
G1 X210.745 Y134.696 E.01409
G1 X207.696 Y137.745 E.12034
G1 X207.191 Y137.745 E.01409
G1 X210.745 Y134.191 E.14027
G1 X210.745 Y133.687 E.01409
G1 X206.687 Y137.745 E.16021
G1 X206.182 Y137.745 E.01409
G1 X210.745 Y133.182 E.18014
G1 X210.745 Y132.677 E.01409
G1 X205.677 Y137.745 E.20007
G1 X205.172 Y137.745 E.01409
G1 X210.745 Y132.172 E.22
G1 X210.745 Y131.667 E.01409
G1 X204.667 Y137.745 E.23993
G1 X204.162 Y137.745 E.01409
G1 X210.745 Y131.162 E.25987
G1 X210.745 Y130.657 E.01409
G1 X203.657 Y137.745 E.2798
G1 X203.152 Y137.745 E.01409
G1 X210.745 Y130.152 E.29973
G1 X210.745 Y129.647 E.01409
G1 X202.647 Y137.745 E.31966
G1 X202.142 Y137.745 E.01409
G1 X210.745 Y129.142 E.33959
G1 X210.745 Y128.637 E.01409
G1 X201.637 Y137.745 E.35953
G1 X201.132 Y137.745 E.01409
G1 X210.745 Y128.132 E.37946
G1 X210.745 Y127.627 E.01409
G1 X200.627 Y137.745 E.39939
G1 X200.122 Y137.745 E.01409
G1 X210.745 Y127.122 E.41932
G1 X210.745 Y126.617 E.01409
G1 X199.617 Y137.745 E.43925
G1 X199.112 Y137.745 E.01409
G1 X210.745 Y126.112 E.45919
G1 X210.745 Y125.607 E.01409
G1 X198.607 Y137.745 E.47912
G1 X198.102 Y137.745 E.01409
G1 X210.745 Y125.102 E.49905
G1 X210.745 Y124.597 E.01409
G1 X197.597 Y137.745 E.51898
G1 X197.092 Y137.745 E.01409
G1 X210.745 Y124.092 E.53891
G1 X210.745 Y123.587 E.01409
G1 X196.587 Y137.745 E.55885
G1 X196.082 Y137.745 E.01409
G1 X210.745 Y123.082 E.57878
G1 X210.745 Y122.577 E.01409
G1 X195.577 Y137.745 E.59871
G1 X195.072 Y137.745 E.01409
G1 X210.745 Y122.072 E.61864
G1 X210.745 Y121.567 E.01409
G1 X194.567 Y137.745 E.63857
G1 X194.062 Y137.745 E.01409
G1 X210.745 Y121.062 E.65851
G2 X210.651 Y120.651 I-.929 J-.004 E.01187
G1 X193.557 Y137.745 E.67472
G1 X193.052 Y137.745 E.01409
G1 X210.411 Y120.387 E.68515
G2 X210.03 Y120.262 I-.434 J.682 E.01129
G1 X192.547 Y137.745 E.69008
G1 X192.042 Y137.745 E.01409
G1 X209.533 Y120.255 E.69037
G1 X209.028 Y120.255 E.01409
G1 X191.537 Y137.745 E.69037
G1 X191.032 Y137.745 E.01409
G1 X208.523 Y120.255 E.69037
G1 X208.018 Y120.255 E.01409
G1 X190.527 Y137.745 E.69037
G1 X190.022 Y137.745 E.01409
G1 X207.513 Y120.255 E.69037
G1 X207.008 Y120.255 E.01409
G1 X189.517 Y137.745 E.69037
G1 X189.012 Y137.745 E.01409
G1 X206.503 Y120.255 E.69037
G1 X205.998 Y120.255 E.01409
M73 P52 R16
G1 X188.507 Y137.745 E.69037
G1 X188.002 Y137.745 E.01409
G1 X205.493 Y120.255 E.69037
G1 X204.988 Y120.255 E.01409
G1 X187.497 Y137.745 E.69037
G1 X186.992 Y137.745 E.01409
G1 X204.483 Y120.255 E.69037
G1 X203.978 Y120.255 E.01409
G1 X186.487 Y137.745 E.69037
G1 X185.982 Y137.745 E.01409
G1 X203.473 Y120.255 E.69037
G1 X202.968 Y120.255 E.01409
G1 X185.477 Y137.745 E.69037
G1 X184.972 Y137.745 E.01409
G1 X202.463 Y120.255 E.69037
G1 X201.958 Y120.255 E.01409
G1 X184.467 Y137.745 E.69037
G1 X183.962 Y137.745 E.01409
G1 X201.453 Y120.255 E.69037
G1 X200.948 Y120.255 E.01409
G1 X183.457 Y137.745 E.69037
G1 X182.952 Y137.745 E.01409
G1 X200.443 Y120.255 E.69037
G1 X199.938 Y120.255 E.01409
G1 X182.447 Y137.745 E.69037
G1 X181.942 Y137.745 E.01409
G1 X199.433 Y120.255 E.69037
G1 X198.928 Y120.255 E.01409
G1 X181.437 Y137.745 E.69037
G1 X180.932 Y137.745 E.01409
G1 X198.423 Y120.255 E.69037
G1 X197.918 Y120.255 E.01409
G1 X180.427 Y137.745 E.69037
G1 X179.922 Y137.745 E.01409
G1 X197.413 Y120.255 E.69037
G1 X196.908 Y120.255 E.01409
G1 X179.417 Y137.745 E.69037
G1 X178.912 Y137.745 E.01409
G1 X196.403 Y120.255 E.69037
G1 X195.898 Y120.255 E.01409
G1 X178.407 Y137.745 E.69037
G1 X177.902 Y137.745 E.01409
G1 X195.393 Y120.255 E.69037
G1 X194.888 Y120.255 E.01409
G1 X177.397 Y137.745 E.69037
G1 X176.892 Y137.745 E.01409
G1 X194.383 Y120.255 E.69037
G1 X193.878 Y120.255 E.01409
G1 X176.387 Y137.745 E.69037
G1 X175.882 Y137.745 E.01409
G1 X193.373 Y120.255 E.69037
G1 X192.868 Y120.255 E.01409
G1 X175.377 Y137.745 E.69037
G1 X174.872 Y137.745 E.01409
G1 X192.363 Y120.255 E.69037
G1 X191.858 Y120.255 E.01409
G1 X174.367 Y137.745 E.69037
G3 X173.878 Y137.73 I-.156 J-2.805 E.01369
G1 X191.353 Y120.255 E.68976
G1 X190.848 Y120.255 E.01409
G1 X173.531 Y137.572 E.68353
G3 X173.317 Y137.281 I1.013 J-.968 E.01011
G1 X190.343 Y120.255 E.67204
G1 X189.838 Y120.255 E.01409
G1 X173.255 Y136.838 E.65456
G1 X173.255 Y136.333 E.01409
G1 X189.333 Y120.255 E.63463
G1 X188.828 Y120.255 E.01409
M73 P52 R15
G1 X173.255 Y135.828 E.6147
G1 X173.255 Y135.323 E.01409
G1 X188.323 Y120.255 E.59477
G1 X187.818 Y120.255 E.01409
G1 X173.255 Y134.818 E.57484
G1 X173.255 Y134.313 E.01409
G1 X187.313 Y120.255 E.5549
G1 X186.808 Y120.255 E.01409
G1 X173.255 Y133.808 E.53497
G1 X173.255 Y133.303 E.01409
G1 X186.303 Y120.255 E.51504
G1 X185.798 Y120.255 E.01409
G1 X173.255 Y132.798 E.49511
G1 X173.255 Y132.293 E.01409
G1 X185.293 Y120.255 E.47518
G1 X184.788 Y120.255 E.01409
G1 X173.255 Y131.788 E.45524
G1 X173.255 Y131.283 E.01409
G1 X184.283 Y120.255 E.43531
G1 X183.778 Y120.255 E.01409
G1 X173.255 Y130.778 E.41538
G1 X173.255 Y130.273 E.01409
G1 X183.273 Y120.255 E.39545
G1 X182.768 Y120.255 E.01409
G1 X173.255 Y129.768 E.37552
G1 X173.255 Y129.263 E.01409
G1 X182.263 Y120.255 E.35558
G1 X181.758 Y120.255 E.01409
G1 X173.255 Y128.758 E.33565
G1 X173.255 Y128.254 E.01409
G1 X181.254 Y120.255 E.31572
G1 X180.749 Y120.255 E.01409
G1 X173.255 Y127.749 E.29579
G1 X173.255 Y127.244 E.01409
G1 X180.244 Y120.255 E.27586
G1 X179.739 Y120.255 E.01409
G1 X173.255 Y126.739 E.25592
G1 X173.255 Y126.234 E.01409
G1 X179.234 Y120.255 E.23599
G1 X178.729 Y120.255 E.01409
G1 X173.255 Y125.729 E.21606
G1 X173.255 Y125.224 E.01409
G1 X178.224 Y120.255 E.19613
G1 X177.719 Y120.255 E.01409
G1 X173.255 Y124.719 E.1762
G1 X173.255 Y124.214 E.01409
G1 X177.214 Y120.255 E.15626
G1 X176.709 Y120.255 E.01409
G1 X173.255 Y123.709 E.13633
G1 X173.255 Y123.204 E.01409
G1 X176.204 Y120.255 E.1164
G1 X175.699 Y120.255 E.01409
G1 X173.255 Y122.699 E.09647
G1 X173.255 Y122.194 E.01409
G1 X175.194 Y120.255 E.07654
G1 X174.689 Y120.255 E.01409
G1 X173.255 Y121.689 E.0566
G1 X173.255 Y121.184 E.01409
G1 X174.344 Y120.094 E.04301
; stop printing object flowrate_m6 id:403726925917 copy 0
; printing object flowrate_m7 id:1228360646943 copy 0
SET_VELOCITY_LIMIT ACCEL=10000 ACCEL_TO_DECEL=5000
G1 E-.5 F900
G1 Z1.4 F30000
G1 X210.181 Y106.024 Z1.4
G1 Z1.2
G1 E.5 F900
;TYPE:Inner wall
G1 F10840.628
M106 S255
G3 X209.958 Y106.043 I-.2 J-1.043 E.00617
G1 X174.042 Y106.043 E.99176
G3 X172.957 Y104.958 I-.023 J-1.062 E.04733
G1 X172.957 Y89.042 E.4395
G3 X174.042 Y87.957 I1.062 J-.023 E.04733
G1 X209.958 Y87.957 E.99176
G1 X210.108 Y87.97 E.00414
G3 X211.043 Y89.042 I-.115 J1.044 E.04315
G1 X211.043 Y104.958 E.4395
G3 X210.22 Y106.016 I-1.062 J.023 E.04005
G1 X210.243 Y106.376 F30000
G1 F10840.628
G3 X209.974 Y106.4 I-.261 J-1.394 E.00746
G1 X174.026 Y106.4 E.99262
G3 X172.6 Y104.974 I-.008 J-1.418 E.06195
G1 X172.6 Y89.026 E.44036
G3 X174.026 Y87.6 I1.418 J-.008 E.06195
G1 X209.974 Y87.6 E.99262
G1 X210.139 Y87.614 E.00457
M73 P53 R15
G3 X211.4 Y89.026 I-.145 J1.399 E.05734
G1 X211.4 Y104.974 E.44036
G3 X210.282 Y106.368 I-1.418 J.008 E.05339
SET_VELOCITY_LIMIT ACCEL=5000 ACCEL_TO_DECEL=2500
G1 X210.312 Y106.77 F30000
;TYPE:Outer wall
G1 F10840.628
G3 X209.991 Y106.8 I-.33 J-1.788 E.00891
G1 X174.009 Y106.8 E.99358
G3 X172.2 Y104.991 I.01 J-1.818 E.07834
G1 X172.2 Y89.009 E.44132
G3 X174.009 Y87.2 I1.818 J.01 E.07834
G1 X209.991 Y87.2 E.99358
G1 X210.174 Y87.216 E.00505
G3 X211.8 Y89.009 I-.18 J1.797 E.07324
G1 X211.8 Y104.991 E.44132
G3 X210.351 Y106.762 I-1.818 J-.01 E.06833
SET_VELOCITY_LIMIT ACCEL=10000 ACCEL_TO_DECEL=5000
G1 X210.071 Y105.896 F30000
SET_VELOCITY_LIMIT ACCEL=2500 ACCEL_TO_DECEL=1250
;TYPE:Internal Bridge
G1 F4500
G1 X210.681 Y105.286 E.0238
G2 X210.745 Y104.716 I-1.467 J-.455 E.01593
G1 X209.716 Y105.745 E.04018
G1 X209.211 Y105.745 E.01394
G1 X210.745 Y104.211 E.0599
G1 X210.745 Y103.706 E.01394
G1 X208.706 Y105.745 E.07962
G1 X208.201 Y105.745 E.01394
G1 X210.745 Y103.201 E.09934
G1 X210.745 Y102.696 E.01394
G1 X207.696 Y105.745 E.11906
G1 X207.191 Y105.745 E.01394
G1 X210.745 Y102.191 E.13878
G1 X210.745 Y101.687 E.01394
G1 X206.687 Y105.745 E.1585
G1 X206.182 Y105.745 E.01394
G1 X210.745 Y101.182 E.17822
G1 X210.745 Y100.677 E.01394
G1 X205.677 Y105.745 E.19794
G1 X205.172 Y105.745 E.01394
G1 X210.745 Y100.172 E.21766
G1 X210.745 Y99.667 E.01394
G1 X204.667 Y105.745 E.23738
G1 X204.162 Y105.745 E.01394
G1 X210.745 Y99.162 E.2571
G1 X210.745 Y98.657 E.01394
G1 X203.657 Y105.745 E.27682
G1 X203.152 Y105.745 E.01394
G1 X210.745 Y98.152 E.29654
G1 X210.745 Y97.647 E.01394
G1 X202.647 Y105.745 E.31626
G1 X202.142 Y105.745 E.01394
G1 X210.745 Y97.142 E.33598
G1 X210.745 Y96.637 E.01394
G1 X201.637 Y105.745 E.3557
G1 X201.132 Y105.745 E.01394
G1 X210.745 Y96.132 E.37542
G1 X210.745 Y95.627 E.01394
G1 X200.627 Y105.745 E.39514
G1 X200.122 Y105.745 E.01394
G1 X210.745 Y95.122 E.41486
G1 X210.745 Y94.617 E.01394
G1 X199.617 Y105.745 E.43458
G1 X199.112 Y105.745 E.01394
G1 X210.745 Y94.112 E.4543
G1 X210.745 Y93.607 E.01394
G1 X198.607 Y105.745 E.47402
G1 X198.102 Y105.745 E.01394
G1 X210.745 Y93.102 E.49374
G1 X210.745 Y92.597 E.01394
G1 X197.597 Y105.745 E.51346
G1 X197.092 Y105.745 E.01394
G1 X210.745 Y92.092 E.53318
G1 X210.745 Y91.587 E.01394
G1 X196.587 Y105.745 E.5529
G1 X196.082 Y105.745 E.01394
G1 X210.745 Y91.082 E.57262
G1 X210.745 Y90.577 E.01394
G1 X195.577 Y105.745 E.59234
G1 X195.072 Y105.745 E.01394
G1 X210.745 Y90.072 E.61206
G1 X210.745 Y89.567 E.01394
G1 X194.567 Y105.745 E.63178
G1 X194.062 Y105.745 E.01394
G1 X210.745 Y89.062 E.6515
G2 X210.651 Y88.651 I-.929 J-.004 E.01174
G1 X193.557 Y105.745 E.66755
G1 X193.052 Y105.745 E.01394
G1 X210.411 Y88.387 E.67786
G2 X210.03 Y88.262 I-.434 J.682 E.01117
G1 X192.547 Y105.745 E.68274
G1 X192.042 Y105.745 E.01394
G1 X209.533 Y88.255 E.68303
G1 X209.028 Y88.255 E.01394
G1 X191.537 Y105.745 E.68303
G1 X191.032 Y105.745 E.01394
G1 X208.523 Y88.255 E.68303
G1 X208.018 Y88.255 E.01394
G1 X190.527 Y105.745 E.68303
G1 X190.022 Y105.745 E.01394
G1 X207.513 Y88.255 E.68303
G1 X207.008 Y88.255 E.01394
G1 X189.517 Y105.745 E.68303
G1 X189.012 Y105.745 E.01394
G1 X206.503 Y88.255 E.68303
G1 X205.998 Y88.255 E.01394
G1 X188.507 Y105.745 E.68303
G1 X188.002 Y105.745 E.01394
G1 X205.493 Y88.255 E.68303
G1 X204.988 Y88.255 E.01394
G1 X187.497 Y105.745 E.68303
G1 X186.992 Y105.745 E.01394
G1 X204.483 Y88.255 E.68303
G1 X203.978 Y88.255 E.01394
G1 X186.487 Y105.745 E.68303
G1 X185.982 Y105.745 E.01394
G1 X203.473 Y88.255 E.68303
G1 X202.968 Y88.255 E.01394
G1 X185.477 Y105.745 E.68303
G1 X184.972 Y105.745 E.01394
G1 X202.463 Y88.255 E.68303
G1 X201.958 Y88.255 E.01394
G1 X184.467 Y105.745 E.68303
G1 X183.962 Y105.745 E.01394
G1 X201.453 Y88.255 E.68303
G1 X200.948 Y88.255 E.01394
G1 X183.457 Y105.745 E.68303
G1 X182.952 Y105.745 E.01394
G1 X200.443 Y88.255 E.68303
G1 X199.938 Y88.255 E.01394
G1 X182.447 Y105.745 E.68303
G1 X181.942 Y105.745 E.01394
G1 X199.433 Y88.255 E.68303
G1 X198.928 Y88.255 E.01394
G1 X181.437 Y105.745 E.68303
G1 X180.932 Y105.745 E.01394
G1 X198.423 Y88.255 E.68303
G1 X197.918 Y88.255 E.01394
G1 X180.427 Y105.745 E.68303
G1 X179.922 Y105.745 E.01394
G1 X197.413 Y88.255 E.68303
G1 X196.908 Y88.255 E.01394
G1 X179.417 Y105.745 E.68303
G1 X178.912 Y105.745 E.01394
G1 X196.403 Y88.255 E.68303
G1 X195.898 Y88.255 E.01394
G1 X178.407 Y105.745 E.68303
G1 X177.902 Y105.745 E.01394
G1 X195.393 Y88.255 E.68303
G1 X194.888 Y88.255 E.01394
G1 X177.397 Y105.745 E.68303
G1 X176.892 Y105.745 E.01394
G1 X194.383 Y88.255 E.68303
G1 X193.878 Y88.255 E.01394
M73 P54 R15
G1 X176.387 Y105.745 E.68303
G1 X175.882 Y105.745 E.01394
G1 X193.373 Y88.255 E.68303
G1 X192.868 Y88.255 E.01394
G1 X175.377 Y105.745 E.68303
G1 X174.872 Y105.745 E.01394
G1 X192.363 Y88.255 E.68303
G1 X191.858 Y88.255 E.01394
G1 X174.367 Y105.745 E.68303
G3 X173.878 Y105.73 I-.156 J-2.805 E.01354
G1 X191.353 Y88.255 E.68242
G1 X190.848 Y88.255 E.01394
G1 X173.531 Y105.572 E.67626
G3 X173.317 Y105.281 I1.013 J-.968 E.01
G1 X190.343 Y88.255 E.66489
G1 X189.838 Y88.255 E.01394
G1 X173.255 Y104.838 E.6476
G1 X173.255 Y104.333 E.01394
G1 X189.333 Y88.255 E.62788
G1 X188.828 Y88.255 E.01394
G1 X173.255 Y103.828 E.60816
G1 X173.255 Y103.323 E.01394
G1 X188.323 Y88.255 E.58844
G1 X187.818 Y88.255 E.01394
G1 X173.255 Y102.818 E.56872
G1 X173.255 Y102.313 E.01394
G1 X187.313 Y88.255 E.549
G1 X186.808 Y88.255 E.01394
G1 X173.255 Y101.808 E.52928
G1 X173.255 Y101.303 E.01394
G1 X186.303 Y88.255 E.50956
G1 X185.798 Y88.255 E.01394
G1 X173.255 Y100.798 E.48984
G1 X173.255 Y100.293 E.01394
G1 X185.293 Y88.255 E.47012
G1 X184.788 Y88.255 E.01394
G1 X173.255 Y99.788 E.4504
G1 X173.255 Y99.283 E.01394
G1 X184.283 Y88.255 E.43068
G1 X183.778 Y88.255 E.01394
G1 X173.255 Y98.778 E.41096
G1 X173.255 Y98.273 E.01394
G1 X183.273 Y88.255 E.39124
G1 X182.768 Y88.255 E.01394
G1 X173.255 Y97.768 E.37152
G1 X173.255 Y97.263 E.01394
G1 X182.263 Y88.255 E.3518
G1 X181.758 Y88.255 E.01394
G1 X173.255 Y96.758 E.33208
G1 X173.255 Y96.254 E.01394
G1 X181.254 Y88.255 E.31236
G1 X180.749 Y88.255 E.01394
G1 X173.255 Y95.749 E.29264
G1 X173.255 Y95.244 E.01394
G1 X180.244 Y88.255 E.27292
G1 X179.739 Y88.255 E.01394
G1 X173.255 Y94.739 E.2532
G1 X173.255 Y94.234 E.01394
G1 X179.234 Y88.255 E.23348
G1 X178.729 Y88.255 E.01394
G1 X173.255 Y93.729 E.21376
G1 X173.255 Y93.224 E.01394
G1 X178.224 Y88.255 E.19404
G1 X177.719 Y88.255 E.01394
G1 X173.255 Y92.719 E.17432
G1 X173.255 Y92.214 E.01394
G1 X177.214 Y88.255 E.1546
G1 X176.709 Y88.255 E.01394
G1 X173.255 Y91.709 E.13488
G1 X173.255 Y91.204 E.01394
G1 X176.204 Y88.255 E.11516
G1 X175.699 Y88.255 E.01394
G1 X173.255 Y90.699 E.09544
G1 X173.255 Y90.194 E.01394
G1 X175.194 Y88.255 E.07572
G1 X174.689 Y88.255 E.01394
G1 X173.255 Y89.689 E.056
G1 X173.255 Y89.184 E.01394
G1 X174.344 Y88.094 E.04256
; stop printing object flowrate_m7 id:1228360646943 copy 0
; printing object flowrate_m8 id:1344324764009 copy 0
SET_VELOCITY_LIMIT ACCEL=10000 ACCEL_TO_DECEL=5000
G1 E-.5 F900
G1 Z1.4 F30000
G1 X168.181 Y106.024 Z1.4
G1 Z1.2
G1 E.5 F900
;TYPE:Inner wall
G1 F10958.461
M106 S255
G3 X167.958 Y106.043 I-.2 J-1.043 E.00611
G1 X132.042 Y106.043 E.98109
G3 X130.957 Y104.958 I-.023 J-1.062 E.04682
G1 X130.957 Y89.042 E.43477
G3 X132.042 Y87.957 I1.062 J-.023 E.04682
G1 X167.958 Y87.957 E.98109
G1 X168.108 Y87.97 E.0041
G3 X169.043 Y89.042 I-.115 J1.044 E.04268
G1 X169.043 Y104.958 E.43477
G3 X168.22 Y106.016 I-1.062 J.023 E.03962
G1 X168.243 Y106.376 F30000
G1 F10958.461
G3 X167.974 Y106.4 I-.261 J-1.394 E.00738
G1 X132.026 Y106.4 E.98194
G3 X130.6 Y104.974 I-.008 J-1.418 E.06129
G1 X130.6 Y89.026 E.43562
G3 X132.026 Y87.6 I1.418 J-.008 E.06129
G1 X167.974 Y87.6 E.98194
G1 X168.139 Y87.614 E.00452
G3 X169.4 Y89.026 I-.145 J1.399 E.05673
G1 X169.4 Y104.974 E.43562
G3 X168.282 Y106.368 I-1.418 J.008 E.05281
SET_VELOCITY_LIMIT ACCEL=5000 ACCEL_TO_DECEL=2500
G1 X168.312 Y106.77 F30000
;TYPE:Outer wall
G1 F10958.461
G3 X167.991 Y106.8 I-.33 J-1.788 E.00881
G1 X132.009 Y106.8 E.9829
G3 X130.2 Y104.991 I.01 J-1.818 E.0775
G1 X130.2 Y89.009 E.43658
G3 X132.009 Y87.2 I1.818 J.01 E.0775
G1 X167.991 Y87.2 E.9829
G1 X168.174 Y87.216 E.005
G3 X169.8 Y89.009 I-.18 J1.797 E.07246
G1 X169.8 Y104.991 E.43658
G3 X168.351 Y106.762 I-1.818 J-.01 E.06759
SET_VELOCITY_LIMIT ACCEL=10000 ACCEL_TO_DECEL=5000
G1 X168.071 Y105.896 F30000
SET_VELOCITY_LIMIT ACCEL=2500 ACCEL_TO_DECEL=1250
;TYPE:Internal Bridge
G1 F4500
G1 X168.681 Y105.286 E.02354
G2 X168.745 Y104.716 I-1.467 J-.455 E.01576
G1 X167.716 Y105.745 E.03975
G1 X167.211 Y105.745 E.01379
G1 X168.745 Y104.211 E.05926
G1 X168.745 Y103.706 E.01379
G1 X166.706 Y105.745 E.07877
G1 X166.201 Y105.745 E.01379
G1 X168.745 Y103.201 E.09827
G1 X168.745 Y102.696 E.01379
G1 X165.696 Y105.745 E.11778
G1 X165.191 Y105.745 E.01379
G1 X168.745 Y102.191 E.13729
G1 X168.745 Y101.687 E.01379
G1 X164.687 Y105.745 E.1568
G1 X164.182 Y105.745 E.01379
G1 X168.745 Y101.182 E.17631
G1 X168.745 Y100.677 E.01379
G1 X163.677 Y105.745 E.19581
G1 X163.172 Y105.745 E.01379
G1 X168.745 Y100.172 E.21532
G1 X168.745 Y99.667 E.01379
G1 X162.667 Y105.745 E.23483
G1 X162.162 Y105.745 E.01379
G1 X168.745 Y99.162 E.25434
G1 X168.745 Y98.657 E.01379
G1 X161.657 Y105.745 E.27385
G1 X161.152 Y105.745 E.01379
G1 X168.745 Y98.152 E.29335
G1 X168.745 Y97.647 E.01379
G1 X160.647 Y105.745 E.31286
G1 X160.142 Y105.745 E.01379
G1 X168.745 Y97.142 E.33237
G1 X168.745 Y96.637 E.01379
G1 X159.637 Y105.745 E.35188
G1 X159.132 Y105.745 E.01379
G1 X168.745 Y96.132 E.37139
G1 X168.745 Y95.627 E.01379
G1 X158.627 Y105.745 E.39089
G1 X158.122 Y105.745 E.01379
G1 X168.745 Y95.122 E.4104
G1 X168.745 Y94.617 E.01379
G1 X157.617 Y105.745 E.42991
G1 X157.112 Y105.745 E.01379
G1 X168.745 Y94.112 E.44942
G1 X168.745 Y93.607 E.01379
G1 X156.607 Y105.745 E.46892
G1 X156.102 Y105.745 E.01379
G1 X168.745 Y93.102 E.48843
G1 X168.745 Y92.597 E.01379
G1 X155.597 Y105.745 E.50794
G1 X155.092 Y105.745 E.01379
G1 X168.745 Y92.092 E.52745
G1 X168.745 Y91.587 E.01379
G1 X154.587 Y105.745 E.54696
G1 X154.082 Y105.745 E.01379
G1 X168.745 Y91.082 E.56646
G1 X168.745 Y90.577 E.01379
G1 X153.577 Y105.745 E.58597
G1 X153.072 Y105.745 E.01379
G1 X168.745 Y90.072 E.60548
G1 X168.745 Y89.567 E.01379
G1 X152.567 Y105.745 E.62499
G1 X152.062 Y105.745 E.01379
G1 X168.745 Y89.062 E.6445
G2 X168.651 Y88.651 I-.929 J-.004 E.01162
G1 X151.557 Y105.745 E.66037
G1 X151.052 Y105.745 E.01379
G1 X168.411 Y88.387 E.67058
G2 X168.03 Y88.262 I-.434 J.682 E.01105
G1 X150.547 Y105.745 E.67539
G1 X150.042 Y105.745 E.01379
M73 P55 R15
G1 X167.533 Y88.255 E.67568
G1 X167.028 Y88.255 E.01379
G1 X149.537 Y105.745 E.67568
G1 X149.032 Y105.745 E.01379
G1 X166.523 Y88.255 E.67568
G1 X166.018 Y88.255 E.01379
G1 X148.527 Y105.745 E.67568
G1 X148.022 Y105.745 E.01379
G1 X165.513 Y88.255 E.67568
G1 X165.008 Y88.255 E.01379
G1 X147.517 Y105.745 E.67568
G1 X147.012 Y105.745 E.01379
G1 X164.503 Y88.255 E.67568
G1 X163.998 Y88.255 E.01379
G1 X146.507 Y105.745 E.67568
G1 X146.002 Y105.745 E.01379
G1 X163.493 Y88.255 E.67568
G1 X162.988 Y88.255 E.01379
G1 X145.497 Y105.745 E.67568
G1 X144.992 Y105.745 E.01379
G1 X162.483 Y88.255 E.67568
G1 X161.978 Y88.255 E.01379
G1 X144.487 Y105.745 E.67568
G1 X143.982 Y105.745 E.01379
G1 X161.473 Y88.255 E.67568
G1 X160.968 Y88.255 E.01379
G1 X143.477 Y105.745 E.67568
G1 X142.972 Y105.745 E.01379
G1 X160.463 Y88.255 E.67568
G1 X159.958 Y88.255 E.01379
G1 X142.467 Y105.745 E.67568
G1 X141.962 Y105.745 E.01379
G1 X159.453 Y88.255 E.67568
G1 X158.948 Y88.255 E.01379
G1 X141.457 Y105.745 E.67568
G1 X140.952 Y105.745 E.01379
G1 X158.443 Y88.255 E.67568
G1 X157.938 Y88.255 E.01379
G1 X140.447 Y105.745 E.67568
G1 X139.942 Y105.745 E.01379
G1 X157.433 Y88.255 E.67568
G1 X156.928 Y88.255 E.01379
G1 X139.437 Y105.745 E.67568
G1 X138.932 Y105.745 E.01379
G1 X156.423 Y88.255 E.67568
G1 X155.918 Y88.255 E.01379
G1 X138.427 Y105.745 E.67568
G1 X137.922 Y105.745 E.01379
G1 X155.413 Y88.255 E.67568
G1 X154.908 Y88.255 E.01379
G1 X137.417 Y105.745 E.67568
G1 X136.912 Y105.745 E.01379
G1 X154.403 Y88.255 E.67568
G1 X153.898 Y88.255 E.01379
G1 X136.407 Y105.745 E.67568
G1 X135.902 Y105.745 E.01379
G1 X153.393 Y88.255 E.67568
G1 X152.888 Y88.255 E.01379
G1 X135.397 Y105.745 E.67568
G1 X134.892 Y105.745 E.01379
G1 X152.383 Y88.255 E.67568
G1 X151.878 Y88.255 E.01379
G1 X134.387 Y105.745 E.67568
G1 X133.882 Y105.745 E.01379
M73 P55 R14
G1 X151.373 Y88.255 E.67568
G1 X150.868 Y88.255 E.01379
G1 X133.377 Y105.745 E.67568
G1 X132.872 Y105.745 E.01379
G1 X150.363 Y88.255 E.67568
G1 X149.858 Y88.255 E.01379
G1 X132.367 Y105.745 E.67568
G3 X131.878 Y105.73 I-.156 J-2.805 E.0134
G1 X149.353 Y88.255 E.67508
G1 X148.848 Y88.255 E.01379
G1 X131.531 Y105.572 E.66899
G3 X131.317 Y105.281 I1.013 J-.968 E.0099
G1 X148.343 Y88.255 E.65774
G1 X147.838 Y88.255 E.01379
G1 X131.255 Y104.838 E.64064
G1 X131.255 Y104.333 E.01379
G1 X147.333 Y88.255 E.62113
G1 X146.828 Y88.255 E.01379
G1 X131.255 Y103.828 E.60162
G1 X131.255 Y103.323 E.01379
G1 X146.323 Y88.255 E.58211
G1 X145.818 Y88.255 E.01379
G1 X131.255 Y102.818 E.56261
G1 X131.255 Y102.313 E.01379
G1 X145.313 Y88.255 E.5431
G1 X144.808 Y88.255 E.01379
G1 X131.255 Y101.808 E.52359
G1 X131.255 Y101.303 E.01379
G1 X144.303 Y88.255 E.50408
G1 X143.798 Y88.255 E.01379
G1 X131.255 Y100.798 E.48457
G1 X131.255 Y100.293 E.01379
G1 X143.293 Y88.255 E.46507
G1 X142.788 Y88.255 E.01379
G1 X131.255 Y99.788 E.44556
G1 X131.255 Y99.283 E.01379
G1 X142.283 Y88.255 E.42605
G1 X141.778 Y88.255 E.01379
G1 X131.255 Y98.778 E.40654
G1 X131.255 Y98.273 E.01379
G1 X141.273 Y88.255 E.38703
G1 X140.768 Y88.255 E.01379
G1 X131.255 Y97.768 E.36753
G1 X131.255 Y97.263 E.01379
G1 X140.263 Y88.255 E.34802
G1 X139.758 Y88.255 E.01379
G1 X131.255 Y96.758 E.32851
G1 X131.255 Y96.254 E.01379
G1 X139.254 Y88.255 E.309
G1 X138.749 Y88.255 E.01379
G1 X131.255 Y95.749 E.2895
G1 X131.255 Y95.244 E.01379
G1 X138.244 Y88.255 E.26999
G1 X137.739 Y88.255 E.01379
G1 X131.255 Y94.739 E.25048
G1 X131.255 Y94.234 E.01379
G1 X137.234 Y88.255 E.23097
M73 P56 R14
G1 X136.729 Y88.255 E.01379
G1 X131.255 Y93.729 E.21146
G1 X131.255 Y93.224 E.01379
G1 X136.224 Y88.255 E.19196
G1 X135.719 Y88.255 E.01379
G1 X131.255 Y92.719 E.17245
G1 X131.255 Y92.214 E.01379
G1 X135.214 Y88.255 E.15294
G1 X134.709 Y88.255 E.01379
G1 X131.255 Y91.709 E.13343
G1 X131.255 Y91.204 E.01379
G1 X134.204 Y88.255 E.11392
G1 X133.699 Y88.255 E.01379
G1 X131.255 Y90.699 E.09442
G1 X131.255 Y90.194 E.01379
G1 X133.194 Y88.255 E.07491
G1 X132.689 Y88.255 E.01379
G1 X131.255 Y89.689 E.0554
G1 X131.255 Y89.184 E.01379
G1 X132.344 Y88.094 E.0421
; stop printing object flowrate_m8 id:1344324764009 copy 0
; printing object flowrate_m5 id:0 copy 0
SET_VELOCITY_LIMIT ACCEL=10000 ACCEL_TO_DECEL=5000
G1 E-.5 F900
G1 Z1.4 F30000
G1 X168.181 Y138.024 Z1.4
G1 Z1.2
G1 E.5 F900
;TYPE:Inner wall
G1 F10612.404
M106 S255
G3 X167.958 Y138.043 I-.2 J-1.043 E.00631
G1 X132.042 Y138.043 E1.01308
G3 X130.957 Y136.958 I-.023 J-1.062 E.04835
G1 X130.957 Y121.042 E.44895
G3 X132.042 Y119.957 I1.062 J-.023 E.04835
G1 X167.958 Y119.957 E1.01309
G1 X168.108 Y119.97 E.00423
G3 X169.043 Y121.042 I-.115 J1.044 E.04408
G1 X169.043 Y136.958 E.44895
G3 X168.22 Y138.016 I-1.062 J.023 E.04091
G1 X168.243 Y138.376 F30000
G1 F10612.404
G3 X167.974 Y138.4 I-.261 J-1.394 E.00762
G1 X132.026 Y138.4 E1.01396
G3 X130.6 Y136.974 I-.008 J-1.418 E.06329
G1 X130.6 Y121.026 E.44983
G3 X132.026 Y119.6 I1.418 J-.008 E.06329
G1 X167.974 Y119.6 E1.01396
G1 X168.139 Y119.614 E.00467
G3 X169.4 Y121.026 I-.145 J1.399 E.05858
G1 X169.4 Y136.974 E.44983
G3 X168.282 Y138.368 I-1.418 J.008 E.05453
SET_VELOCITY_LIMIT ACCEL=5000 ACCEL_TO_DECEL=2500
G1 X168.312 Y138.77 F30000
;TYPE:Outer wall
G1 F10612.404
G3 X167.991 Y138.8 I-.33 J-1.788 E.0091
G1 X132.009 Y138.8 E1.01495
G3 X130.2 Y136.991 I.01 J-1.818 E.08002
G1 X130.2 Y121.009 E.45081
G3 X132.009 Y119.2 I1.818 J.01 E.08002
G1 X167.991 Y119.2 E1.01495
G1 X168.174 Y119.216 E.00516
G3 X169.8 Y121.009 I-.18 J1.797 E.07482
G1 X169.8 Y136.991 E.45081
G3 X168.351 Y138.762 I-1.818 J-.01 E.0698
SET_VELOCITY_LIMIT ACCEL=10000 ACCEL_TO_DECEL=5000
G1 X168.071 Y137.896 F30000
SET_VELOCITY_LIMIT ACCEL=2500 ACCEL_TO_DECEL=1250
;TYPE:Internal Bridge
G1 F4500
G1 X168.681 Y137.286 E.02431
G2 X168.745 Y136.716 I-1.467 J-.455 E.01627
G1 X167.716 Y137.745 E.04105
G1 X167.211 Y137.745 E.01424
G1 X168.745 Y136.211 E.06119
G1 X168.745 Y135.706 E.01424
G1 X166.706 Y137.745 E.08133
G1 X166.201 Y137.745 E.01424
G1 X168.745 Y135.201 E.10148
G1 X168.745 Y134.696 E.01424
G1 X165.696 Y137.745 E.12162
G1 X165.191 Y137.745 E.01424
G1 X168.745 Y134.191 E.14177
G1 X168.745 Y133.687 E.01424
G1 X164.687 Y137.745 E.16191
G1 X164.182 Y137.745 E.01424
G1 X168.745 Y133.182 E.18205
G1 X168.745 Y132.677 E.01424
G1 X163.677 Y137.745 E.2022
G1 X163.172 Y137.745 E.01424
G1 X168.745 Y132.172 E.22234
G1 X168.745 Y131.667 E.01424
G1 X162.667 Y137.745 E.24249
G1 X162.162 Y137.745 E.01424
G1 X168.745 Y131.162 E.26263
G1 X168.745 Y130.657 E.01424
G1 X161.657 Y137.745 E.28278
G1 X161.152 Y137.745 E.01424
G1 X168.745 Y130.152 E.30292
G1 X168.745 Y129.647 E.01424
G1 X160.647 Y137.745 E.32306
G1 X160.142 Y137.745 E.01424
G1 X168.745 Y129.142 E.34321
G1 X168.745 Y128.637 E.01424
G1 X159.637 Y137.745 E.36335
G1 X159.132 Y137.745 E.01424
G1 X168.745 Y128.132 E.3835
G1 X168.745 Y127.627 E.01424
G1 X158.627 Y137.745 E.40364
G1 X158.122 Y137.745 E.01424
G1 X168.745 Y127.122 E.42378
G1 X168.745 Y126.617 E.01424
G1 X157.617 Y137.745 E.44393
G1 X157.112 Y137.745 E.01424
G1 X168.745 Y126.112 E.46407
G1 X168.745 Y125.607 E.01424
G1 X156.607 Y137.745 E.48422
G1 X156.102 Y137.745 E.01424
G1 X168.745 Y125.102 E.50436
G1 X168.745 Y124.597 E.01424
G1 X155.597 Y137.745 E.5245
G1 X155.092 Y137.745 E.01424
G1 X168.745 Y124.092 E.54465
G1 X168.745 Y123.587 E.01424
G1 X154.587 Y137.745 E.56479
G1 X154.082 Y137.745 E.01424
G1 X168.745 Y123.082 E.58494
G1 X168.745 Y122.577 E.01424
G1 X153.577 Y137.745 E.60508
G1 X153.072 Y137.745 E.01424
G1 X168.745 Y122.072 E.62522
G1 X168.745 Y121.567 E.01424
G1 X152.567 Y137.745 E.64537
G1 X152.062 Y137.745 E.01424
G1 X168.745 Y121.062 E.66551
G2 X168.651 Y120.651 I-.929 J-.004 E.01199
G1 X151.557 Y137.745 E.6819
G1 X151.052 Y137.745 E.01424
G1 X168.411 Y120.387 E.69244
G2 X168.03 Y120.262 I-.434 J.682 E.01141
G1 X150.547 Y137.745 E.69742
G1 X150.042 Y137.745 E.01424
G1 X167.533 Y120.255 E.69771
G1 X167.028 Y120.255 E.01424
G1 X149.537 Y137.745 E.69771
G1 X149.032 Y137.745 E.01424
G1 X166.523 Y120.255 E.69771
G1 X166.018 Y120.255 E.01424
G1 X148.527 Y137.745 E.69771
G1 X148.022 Y137.745 E.01424
G1 X165.513 Y120.255 E.69771
G1 X165.008 Y120.255 E.01424
G1 X147.517 Y137.745 E.69771
G1 X147.012 Y137.745 E.01424
G1 X164.503 Y120.255 E.69771
G1 X163.998 Y120.255 E.01424
G1 X146.507 Y137.745 E.69771
G1 X146.002 Y137.745 E.01424
G1 X163.493 Y120.255 E.69771
G1 X162.988 Y120.255 E.01424
G1 X145.497 Y137.745 E.69771
G1 X144.992 Y137.745 E.01424
G1 X162.483 Y120.255 E.69771
G1 X161.978 Y120.255 E.01424
G1 X144.487 Y137.745 E.69771
G1 X143.982 Y137.745 E.01424
G1 X161.473 Y120.255 E.69771
G1 X160.968 Y120.255 E.01424
G1 X143.477 Y137.745 E.69771
G1 X142.972 Y137.745 E.01424
G1 X160.463 Y120.255 E.69771
G1 X159.958 Y120.255 E.01424
G1 X142.467 Y137.745 E.69771
G1 X141.962 Y137.745 E.01424
G1 X159.453 Y120.255 E.69771
G1 X158.948 Y120.255 E.01424
G1 X141.457 Y137.745 E.69771
G1 X140.952 Y137.745 E.01424
G1 X158.443 Y120.255 E.69771
G1 X157.938 Y120.255 E.01424
G1 X140.447 Y137.745 E.69771
G1 X139.942 Y137.745 E.01424
G1 X157.433 Y120.255 E.69771
G1 X156.928 Y120.255 E.01424
G1 X139.437 Y137.745 E.69771
G1 X138.932 Y137.745 E.01424
G1 X156.423 Y120.255 E.69771
G1 X155.918 Y120.255 E.01424
M73 P57 R14
G1 X138.427 Y137.745 E.69771
G1 X137.922 Y137.745 E.01424
G1 X155.413 Y120.255 E.69771
G1 X154.908 Y120.255 E.01424
G1 X137.417 Y137.745 E.69771
G1 X136.912 Y137.745 E.01424
G1 X154.403 Y120.255 E.69771
G1 X153.898 Y120.255 E.01424
G1 X136.407 Y137.745 E.69771
G1 X135.902 Y137.745 E.01424
G1 X153.393 Y120.255 E.69771
G1 X152.888 Y120.255 E.01424
G1 X135.397 Y137.745 E.69771
G1 X134.892 Y137.745 E.01424
G1 X152.383 Y120.255 E.69771
G1 X151.878 Y120.255 E.01424
G1 X134.387 Y137.745 E.69771
G1 X133.882 Y137.745 E.01424
G1 X151.373 Y120.255 E.69771
G1 X150.868 Y120.255 E.01424
G1 X133.377 Y137.745 E.69771
G1 X132.872 Y137.745 E.01424
G1 X150.363 Y120.255 E.69771
G1 X149.858 Y120.255 E.01424
G1 X132.367 Y137.745 E.69771
G3 X131.878 Y137.73 I-.156 J-2.805 E.01383
G1 X149.353 Y120.255 E.6971
G1 X148.848 Y120.255 E.01424
G1 X131.531 Y137.572 E.6908
G3 X131.317 Y137.281 I1.013 J-.968 E.01022
G1 X148.343 Y120.255 E.67919
G1 X147.838 Y120.255 E.01424
G1 X131.255 Y136.838 E.66153
G1 X131.255 Y136.333 E.01424
G1 X147.333 Y120.255 E.64138
G1 X146.828 Y120.255 E.01424
G1 X131.255 Y135.828 E.62124
G1 X131.255 Y135.323 E.01424
G1 X146.323 Y120.255 E.6011
G1 X145.818 Y120.255 E.01424
G1 X131.255 Y134.818 E.58095
G1 X131.255 Y134.313 E.01424
G1 X145.313 Y120.255 E.56081
G1 X144.808 Y120.255 E.01424
G1 X131.255 Y133.808 E.54066
G1 X131.255 Y133.303 E.01424
G1 X144.303 Y120.255 E.52052
G1 X143.798 Y120.255 E.01424
G1 X131.255 Y132.798 E.50038
G1 X131.255 Y132.293 E.01424
G1 X143.293 Y120.255 E.48023
G1 X142.788 Y120.255 E.01424
G1 X131.255 Y131.788 E.46009
G1 X131.255 Y131.283 E.01424
G1 X142.283 Y120.255 E.43994
G1 X141.778 Y120.255 E.01424
G1 X131.255 Y130.778 E.4198
G1 X131.255 Y130.273 E.01424
G1 X141.273 Y120.255 E.39966
G1 X140.768 Y120.255 E.01424
G1 X131.255 Y129.768 E.37951
G1 X131.255 Y129.263 E.01424
G1 X140.263 Y120.255 E.35937
G1 X139.758 Y120.255 E.01424
G1 X131.255 Y128.758 E.33922
G1 X131.255 Y128.254 E.01424
G1 X139.254 Y120.255 E.31908
G1 X138.749 Y120.255 E.01424
G1 X131.255 Y127.749 E.29894
G1 X131.255 Y127.244 E.01424
G1 X138.244 Y120.255 E.27879
G1 X137.739 Y120.255 E.01424
G1 X131.255 Y126.739 E.25865
G1 X131.255 Y126.234 E.01424
G1 X137.234 Y120.255 E.2385
G1 X136.729 Y120.255 E.01424
G1 X131.255 Y125.729 E.21836
G1 X131.255 Y125.224 E.01424
G1 X136.224 Y120.255 E.19821
G1 X135.719 Y120.255 E.01424
G1 X131.255 Y124.719 E.17807
G1 X131.255 Y124.214 E.01424
G1 X135.214 Y120.255 E.15793
G1 X134.709 Y120.255 E.01424
G1 X131.255 Y123.709 E.13778
G1 X131.255 Y123.204 E.01424
G1 X134.204 Y120.255 E.11764
G1 X133.699 Y120.255 E.01424
G1 X131.255 Y122.699 E.09749
G1 X131.255 Y122.194 E.01424
G1 X133.194 Y120.255 E.07735
G1 X132.689 Y120.255 E.01424
G1 X131.255 Y121.689 E.05721
G1 X131.255 Y121.184 E.01424
G1 X132.344 Y120.094 E.04347
; stop printing object flowrate_m5 id:0 copy 0
; printing object flowrate_m2 id:8247625146344371234 copy 0
SET_VELOCITY_LIMIT ACCEL=10000 ACCEL_TO_DECEL=5000
G1 E-.5 F900
G1 Z1.4 F30000
G1 X168.181 Y170.024 Z1.4
G1 Z1.2
G1 E.5 F900
;TYPE:Inner wall
G1 F10287.535
M106 S255
G3 X167.958 Y170.043 I-.2 J-1.043 E.00651
G1 X132.042 Y170.043 E1.04508
G3 X130.957 Y168.958 I-.023 J-1.062 E.04987
G1 X130.957 Y153.042 E.46313
G3 X132.042 Y151.957 I1.062 J-.023 E.04987
G1 X167.958 Y151.957 E1.04508
G1 X168.108 Y151.97 E.00436
G3 X169.043 Y153.042 I-.115 J1.044 E.04547
G1 X169.043 Y168.958 E.46313
G3 X168.22 Y170.016 I-1.062 J.023 E.04221
G1 X168.243 Y170.376 F30000
G1 F10287.535
G3 X167.974 Y170.4 I-.261 J-1.394 E.00786
G1 X132.026 Y170.4 E1.04598
G3 X130.6 Y168.974 I-.008 J-1.418 E.06528
G1 X130.6 Y153.026 E.46404
G3 X132.026 Y151.6 I1.418 J-.008 E.06528
G1 X167.974 Y151.6 E1.04598
G1 X168.139 Y151.614 E.00482
G3 X169.4 Y153.026 I-.145 J1.399 E.06042
G1 X169.4 Y168.974 E.46403
G3 X168.282 Y170.368 I-1.418 J.008 E.05626
SET_VELOCITY_LIMIT ACCEL=5000 ACCEL_TO_DECEL=2500
G1 X168.312 Y170.77 F30000
;TYPE:Outer wall
G1 F10287.535
G3 X167.991 Y170.8 I-.33 J-1.788 E.00939
G1 X132.009 Y170.8 E1.047
G3 X130.2 Y168.991 I.01 J-1.818 E.08255
G1 X130.2 Y153.009 E.46505
G3 X132.009 Y151.2 I1.818 J.01 E.08255
G1 X167.991 Y151.2 E1.047
G1 X168.174 Y151.216 E.00533
G3 X169.8 Y153.009 I-.18 J1.797 E.07718
G1 X169.8 Y168.991 E.46505
G3 X168.351 Y170.762 I-1.818 J-.01 E.072
SET_VELOCITY_LIMIT ACCEL=10000 ACCEL_TO_DECEL=5000
G1 X168.071 Y169.896 F30000
SET_VELOCITY_LIMIT ACCEL=2500 ACCEL_TO_DECEL=1250
;TYPE:Internal Bridge
G1 F4500
G1 X168.681 Y169.286 E.02508
G2 X168.745 Y168.716 I-1.466 J-.455 E.01679
G1 X167.716 Y169.745 E.04234
G1 X167.211 Y169.745 E.01469
G1 X168.745 Y168.211 E.06312
G1 X168.745 Y167.706 E.01469
G1 X166.706 Y169.745 E.0839
G1 X166.201 Y169.745 E.01469
G1 X168.745 Y167.201 E.10468
G1 X168.745 Y166.696 E.01469
G1 X165.696 Y169.745 E.12546
G1 X165.191 Y169.745 E.01469
G1 X168.745 Y166.191 E.14624
G1 X168.745 Y165.687 E.01469
G1 X164.687 Y169.745 E.16702
G1 X164.182 Y169.745 E.01469
G1 X168.745 Y165.182 E.1878
G1 X168.745 Y164.677 E.01469
G1 X163.677 Y169.745 E.20858
G1 X163.172 Y169.745 E.01469
G1 X168.745 Y164.172 E.22936
G1 X168.745 Y163.667 E.01469
G1 X162.667 Y169.745 E.25014
G1 X162.162 Y169.745 E.01469
G1 X168.745 Y163.162 E.27092
G1 X168.745 Y162.657 E.01469
G1 X161.657 Y169.745 E.2917
G1 X161.152 Y169.745 E.01469
G1 X168.745 Y162.152 E.31249
G1 X168.745 Y161.647 E.01469
G1 X160.647 Y169.745 E.33327
G1 X160.142 Y169.745 E.01469
G1 X168.745 Y161.142 E.35405
G1 X168.745 Y160.637 E.01469
G1 X159.637 Y169.745 E.37483
G1 X159.132 Y169.745 E.01469
G1 X168.745 Y160.132 E.39561
G1 X168.745 Y159.627 E.01469
G1 X158.627 Y169.745 E.41639
G1 X158.122 Y169.745 E.01469
G1 X168.745 Y159.122 E.43717
G1 X168.745 Y158.617 E.01469
G1 X157.617 Y169.745 E.45795
G1 X157.112 Y169.745 E.01469
G1 X168.745 Y158.112 E.47873
G1 X168.745 Y157.607 E.01469
G1 X156.607 Y169.745 E.49951
G1 X156.102 Y169.745 E.01469
G1 X168.745 Y157.102 E.52029
G1 X168.745 Y156.597 E.01469
G1 X155.597 Y169.745 E.54107
G1 X155.092 Y169.745 E.01469
G1 X168.745 Y156.092 E.56185
G1 X168.745 Y155.587 E.01469
M73 P58 R14
G1 X154.587 Y169.745 E.58263
G1 X154.082 Y169.745 E.01469
G1 X168.745 Y155.082 E.60341
G1 X168.745 Y154.577 E.01469
G1 X153.577 Y169.745 E.62419
G1 X153.072 Y169.745 E.01469
G1 X168.745 Y154.072 E.64497
G1 X168.745 Y153.567 E.01469
G1 X152.567 Y169.745 E.66575
G1 X152.062 Y169.745 E.01469
G1 X168.745 Y153.062 E.68653
G2 X168.651 Y152.651 I-.929 J-.004 E.01237
G1 X151.557 Y169.745 E.70344
G1 X151.052 Y169.745 E.01469
G1 X168.411 Y152.387 E.71431
G2 X168.03 Y152.262 I-.434 J.682 E.01177
G1 X150.547 Y169.745 E.71944
G1 X150.042 Y169.745 E.01469
G1 X167.533 Y152.255 E.71975
G1 X167.028 Y152.255 E.01469
G1 X149.537 Y169.745 E.71975
G1 X149.032 Y169.745 E.01469
G1 X166.523 Y152.255 E.71975
G1 X166.018 Y152.255 E.01469
G1 X148.527 Y169.745 E.71975
G1 X148.022 Y169.745 E.01469
G1 X165.513 Y152.255 E.71975
G1 X165.008 Y152.255 E.01469
G1 X147.517 Y169.745 E.71975
G1 X147.012 Y169.745 E.01469
G1 X164.503 Y152.255 E.71975
G1 X163.998 Y152.255 E.01469
G1 X146.507 Y169.745 E.71975
G1 X146.002 Y169.745 E.01469
G1 X163.493 Y152.255 E.71975
G1 X162.988 Y152.255 E.01469
G1 X145.497 Y169.745 E.71975
G1 X144.992 Y169.745 E.01469
G1 X162.483 Y152.255 E.71975
G1 X161.978 Y152.255 E.01469
G1 X144.487 Y169.745 E.71975
G1 X143.982 Y169.745 E.01469
G1 X161.473 Y152.255 E.71975
G1 X160.968 Y152.255 E.01469
G1 X143.477 Y169.745 E.71975
G1 X142.972 Y169.745 E.01469
G1 X160.463 Y152.255 E.71975
G1 X159.958 Y152.255 E.01469
G1 X142.467 Y169.745 E.71975
G1 X141.962 Y169.745 E.01469
G1 X159.453 Y152.255 E.71975
G1 X158.948 Y152.255 E.01469
G1 X141.457 Y169.745 E.71975
G1 X140.952 Y169.745 E.01469
G1 X158.443 Y152.255 E.71975
G1 X157.938 Y152.255 E.01469
G1 X140.447 Y169.745 E.71975
G1 X139.942 Y169.745 E.01469
G1 X157.433 Y152.255 E.71975
G1 X156.928 Y152.255 E.01469
G1 X139.437 Y169.745 E.71975
G1 X138.932 Y169.745 E.01469
M73 P58 R13
G1 X156.423 Y152.255 E.71975
G1 X155.918 Y152.255 E.01469
G1 X138.427 Y169.745 E.71975
G1 X137.922 Y169.745 E.01469
G1 X155.413 Y152.255 E.71975
G1 X154.908 Y152.255 E.01469
G1 X137.417 Y169.745 E.71975
G1 X136.912 Y169.745 E.01469
G1 X154.403 Y152.255 E.71975
G1 X153.898 Y152.255 E.01469
G1 X136.407 Y169.745 E.71975
G1 X135.902 Y169.745 E.01469
G1 X153.393 Y152.255 E.71975
G1 X152.888 Y152.255 E.01469
G1 X135.397 Y169.745 E.71975
G1 X134.892 Y169.745 E.01469
G1 X152.383 Y152.255 E.71975
G1 X151.878 Y152.255 E.01469
G1 X134.387 Y169.745 E.71975
G1 X133.882 Y169.745 E.01469
G1 X151.373 Y152.255 E.71975
G1 X150.868 Y152.255 E.01469
G1 X133.377 Y169.745 E.71975
G1 X132.872 Y169.745 E.01469
G1 X150.363 Y152.255 E.71975
G1 X149.858 Y152.255 E.01469
G1 X132.367 Y169.745 E.71975
G3 X131.878 Y169.73 I-.156 J-2.805 E.01427
G1 X149.353 Y152.255 E.71911
G1 X148.848 Y152.255 E.01469
G1 X131.531 Y169.572 E.71262
G3 X131.317 Y169.281 I1.013 J-.968 E.01054
G1 X148.343 Y152.255 E.70063
G1 X147.838 Y152.255 E.01469
G1 X131.255 Y168.838 E.68242
G1 X131.255 Y168.333 E.01469
G1 X147.333 Y152.255 E.66164
G1 X146.828 Y152.255 E.01469
G1 X131.255 Y167.828 E.64086
G1 X131.255 Y167.323 E.01469
G1 X146.323 Y152.255 E.62008
G1 X145.818 Y152.255 E.01469
G1 X131.255 Y166.818 E.5993
G1 X131.255 Y166.313 E.01469
G1 X145.313 Y152.255 E.57852
G1 X144.808 Y152.255 E.01469
G1 X131.255 Y165.808 E.55774
G1 X131.255 Y165.303 E.01469
G1 X144.303 Y152.255 E.53696
G1 X143.798 Y152.255 E.01469
M73 P59 R13
G1 X131.255 Y164.798 E.51618
G1 X131.255 Y164.293 E.01469
G1 X143.293 Y152.255 E.4954
G1 X142.788 Y152.255 E.01469
G1 X131.255 Y163.788 E.47462
G1 X131.255 Y163.283 E.01469
G1 X142.283 Y152.255 E.45384
G1 X141.778 Y152.255 E.01469
G1 X131.255 Y162.778 E.43306
G1 X131.255 Y162.273 E.01469
G1 X141.273 Y152.255 E.41228
G1 X140.768 Y152.255 E.01469
G1 X131.255 Y161.768 E.3915
G1 X131.255 Y161.263 E.01469
G1 X140.263 Y152.255 E.37072
G1 X139.758 Y152.255 E.01469
G1 X131.255 Y160.758 E.34994
G1 X131.255 Y160.254 E.01469
G1 X139.254 Y152.255 E.32916
G1 X138.749 Y152.255 E.01469
G1 X131.255 Y159.749 E.30838
G1 X131.255 Y159.244 E.01469
G1 X138.244 Y152.255 E.2876
G1 X137.739 Y152.255 E.01469
G1 X131.255 Y158.739 E.26681
G1 X131.255 Y158.234 E.01469
G1 X137.234 Y152.255 E.24603
G1 X136.729 Y152.255 E.01469
G1 X131.255 Y157.729 E.22525
G1 X131.255 Y157.224 E.01469
G1 X136.224 Y152.255 E.20447
G1 X135.719 Y152.255 E.01469
G1 X131.255 Y156.719 E.18369
G1 X131.255 Y156.214 E.01469
G1 X135.214 Y152.255 E.16291
G1 X134.709 Y152.255 E.01469
G1 X131.255 Y155.709 E.14213
G1 X131.255 Y155.204 E.01469
G1 X134.204 Y152.255 E.12135
G1 X133.699 Y152.255 E.01469
G1 X131.255 Y154.699 E.10057
G1 X131.255 Y154.194 E.01469
G1 X133.194 Y152.255 E.07979
G1 X132.689 Y152.255 E.01469
G1 X131.255 Y153.689 E.05901
G1 X131.255 Y153.184 E.01469
G1 X132.344 Y152.094 E.04484
; stop printing object flowrate_m2 id:8247625146344371234 copy 0
; printing object flowrate_0 id:111516266160479 copy 0
SET_VELOCITY_LIMIT ACCEL=10000 ACCEL_TO_DECEL=5000
G1 E-.5 F900
G1 Z1.4 F30000
G1 X168.517 Y184.104 Z1.4
G1 Z1.2
G1 E.5 F900
;TYPE:Inner wall
G1 F10081.784
M106 S255
G3 X169.043 Y185.042 I-.524 J.91 E.03351
G1 X169.043 Y200.958 E.47258
G3 X167.958 Y202.043 I-1.062 J.023 E.05089
G1 X132.042 Y202.043 E1.0664
G3 X130.957 Y200.958 I-.023 J-1.062 E.05089
G1 X130.957 Y185.042 E.47258
G3 X132.042 Y183.957 I1.062 J-.023 E.05089
G1 X167.958 Y183.957 E1.06641
G1 X168.108 Y183.97 E.00445
G3 X168.482 Y184.085 I-.115 J1.044 E.0117
G1 X168.696 Y183.795 F30000
G1 F10081.784
G3 X169.4 Y185.026 I-.702 J1.219 E.04414
G1 X169.4 Y200.974 E.4735
G3 X167.974 Y202.4 I-1.418 J.008 E.06662
G1 X132.026 Y202.4 E1.06733
G3 X130.6 Y200.974 I-.008 J-1.418 E.06662
G1 X130.6 Y185.026 E.47351
G3 X132.026 Y183.6 I1.418 J-.008 E.06662
G1 X167.974 Y183.6 E1.06733
G1 X168.139 Y183.614 E.00492
G3 X168.661 Y183.775 I-.145 J1.399 E.01633
SET_VELOCITY_LIMIT ACCEL=5000 ACCEL_TO_DECEL=2500
G1 X168.896 Y183.448 F30000
;TYPE:Outer wall
G1 F10081.784
G3 X169.8 Y185.009 I-.902 J1.565 E.05606
G1 X169.8 Y200.991 E.47454
G3 X167.991 Y202.8 I-1.818 J-.01 E.08424
G1 X132.009 Y202.8 E1.06837
G3 X130.2 Y200.991 I.01 J-1.818 E.08424
G1 X130.2 Y185.009 E.47454
G3 X132.009 Y183.2 I1.818 J.01 E.08423
G1 X167.991 Y183.2 E1.06837
G1 X168.174 Y183.216 E.00543
G3 X168.861 Y183.429 I-.18 J1.798 E.02151
SET_VELOCITY_LIMIT ACCEL=10000 ACCEL_TO_DECEL=5000
G1 E-.5 F900
G1 Z1.4 F30000
G1 X168.071 Y201.896 Z1.4
G1 Z1.2
G1 E.5 F900
SET_VELOCITY_LIMIT ACCEL=2500 ACCEL_TO_DECEL=1250
;TYPE:Internal Bridge
G1 F4500
G1 X168.681 Y201.286 E.02559
G2 X168.745 Y200.716 I-1.466 J-.455 E.01713
G1 X167.716 Y201.745 E.04321
G1 X167.211 Y201.745 E.01499
G1 X168.745 Y200.211 E.06441
G1 X168.745 Y199.706 E.01499
G1 X166.706 Y201.745 E.08562
G1 X166.201 Y201.745 E.01499
G1 X168.745 Y199.201 E.10682
G1 X168.745 Y198.696 E.01499
G1 X165.696 Y201.745 E.12802
G1 X165.191 Y201.745 E.01499
G1 X168.745 Y198.191 E.14923
G1 X168.745 Y197.687 E.01499
G1 X164.687 Y201.745 E.17043
G1 X164.182 Y201.745 E.01499
G1 X168.745 Y197.182 E.19164
G1 X168.745 Y196.677 E.01499
G1 X163.677 Y201.745 E.21284
G1 X163.172 Y201.745 E.01499
G1 X168.745 Y196.172 E.23405
G1 X168.745 Y195.667 E.01499
G1 X162.667 Y201.745 E.25525
G1 X162.162 Y201.745 E.01499
G1 X168.745 Y195.162 E.27645
G1 X168.745 Y194.657 E.01499
G1 X161.657 Y201.745 E.29766
G1 X161.152 Y201.745 E.01499
G1 X168.745 Y194.152 E.31886
G1 X168.745 Y193.647 E.01499
G1 X160.647 Y201.745 E.34007
G1 X160.142 Y201.745 E.01499
G1 X168.745 Y193.142 E.36127
G1 X168.745 Y192.637 E.01499
G1 X159.637 Y201.745 E.38248
G1 X159.132 Y201.745 E.01499
G1 X168.745 Y192.132 E.40368
G1 X168.745 Y191.627 E.01499
G1 X158.627 Y201.745 E.42488
G1 X158.122 Y201.745 E.01499
G1 X168.745 Y191.122 E.44609
G1 X168.745 Y190.617 E.01499
G1 X157.617 Y201.745 E.46729
G1 X157.112 Y201.745 E.01499
G1 X168.745 Y190.112 E.4885
G1 X168.745 Y189.607 E.01499
G1 X156.607 Y201.745 E.5097
G1 X156.102 Y201.745 E.01499
G1 X168.745 Y189.102 E.53091
G1 X168.745 Y188.597 E.01499
G1 X155.597 Y201.745 E.55211
G1 X155.092 Y201.745 E.01499
G1 X168.745 Y188.092 E.57331
G1 X168.745 Y187.587 E.01499
G1 X154.587 Y201.745 E.59452
G1 X154.082 Y201.745 E.01499
G1 X168.745 Y187.082 E.61572
G1 X168.745 Y186.577 E.01499
G1 X153.577 Y201.745 E.63693
G1 X153.072 Y201.745 E.01499
G1 X168.745 Y186.072 E.65813
G1 X168.745 Y185.567 E.01499
G1 X152.567 Y201.745 E.67933
G1 X152.062 Y201.745 E.01499
G1 X168.745 Y185.062 E.70054
G2 X168.651 Y184.651 I-.929 J-.004 E.01263
G1 X151.557 Y201.745 E.71779
G1 X151.052 Y201.745 E.01499
G1 X168.411 Y184.387 E.72889
G2 X168.03 Y184.262 I-.434 J.682 E.01201
G1 X150.547 Y201.745 E.73412
G1 X150.042 Y201.745 E.01499
G1 X167.533 Y184.255 E.73444
G1 X167.028 Y184.255 E.01499
G1 X149.537 Y201.745 E.73444
G1 X149.032 Y201.745 E.01499
G1 X166.523 Y184.255 E.73444
G1 X166.018 Y184.255 E.01499
G1 X148.527 Y201.745 E.73444
G1 X148.022 Y201.745 E.01499
G1 X165.513 Y184.255 E.73444
G1 X165.008 Y184.255 E.01499
G1 X147.517 Y201.745 E.73444
G1 X147.012 Y201.745 E.01499
G1 X164.503 Y184.255 E.73444
G1 X163.998 Y184.255 E.01499
G1 X146.507 Y201.745 E.73444
G1 X146.002 Y201.745 E.01499
G1 X163.493 Y184.255 E.73444
G1 X162.988 Y184.255 E.01499
G1 X145.497 Y201.745 E.73444
G1 X144.992 Y201.745 E.01499
G1 X162.483 Y184.255 E.73444
G1 X161.978 Y184.255 E.01499
G1 X144.487 Y201.745 E.73444
G1 X143.982 Y201.745 E.01499
G1 X161.473 Y184.255 E.73444
G1 X160.968 Y184.255 E.01499
G1 X143.477 Y201.745 E.73444
G1 X142.972 Y201.745 E.01499
M73 P60 R13
G1 X160.463 Y184.255 E.73444
G1 X159.958 Y184.255 E.01499
G1 X142.467 Y201.745 E.73444
G1 X141.962 Y201.745 E.01499
G1 X159.453 Y184.255 E.73444
G1 X158.948 Y184.255 E.01499
G1 X141.457 Y201.745 E.73444
G1 X140.952 Y201.745 E.01499
G1 X158.443 Y184.255 E.73444
G1 X157.938 Y184.255 E.01499
G1 X140.447 Y201.745 E.73444
G1 X139.942 Y201.745 E.01499
G1 X157.433 Y184.255 E.73444
G1 X156.928 Y184.255 E.01499
G1 X139.437 Y201.745 E.73444
G1 X138.932 Y201.745 E.01499
G1 X156.423 Y184.255 E.73444
G1 X155.918 Y184.255 E.01499
G1 X138.427 Y201.745 E.73444
G1 X137.922 Y201.745 E.01499
G1 X155.413 Y184.255 E.73444
G1 X154.908 Y184.255 E.01499
G1 X137.417 Y201.745 E.73444
G1 X136.912 Y201.745 E.01499
G1 X154.403 Y184.255 E.73444
G1 X153.898 Y184.255 E.01499
G1 X136.407 Y201.745 E.73444
G1 X135.902 Y201.745 E.01499
G1 X153.393 Y184.255 E.73444
G1 X152.888 Y184.255 E.01499
G1 X135.397 Y201.745 E.73444
G1 X134.892 Y201.745 E.01499
G1 X152.383 Y184.255 E.73444
G1 X151.878 Y184.255 E.01499
G1 X134.387 Y201.745 E.73444
G1 X133.882 Y201.745 E.01499
G1 X151.373 Y184.255 E.73444
G1 X150.868 Y184.255 E.01499
G1 X133.377 Y201.745 E.73444
G1 X132.872 Y201.745 E.01499
G1 X150.363 Y184.255 E.73444
G1 X149.858 Y184.255 E.01499
G1 X132.367 Y201.745 E.73444
G3 X131.878 Y201.73 I-.156 J-2.805 E.01456
G1 X149.353 Y184.255 E.73379
G1 X148.848 Y184.255 E.01499
G1 X131.531 Y201.572 E.72716
G3 X131.317 Y201.281 I1.013 J-.968 E.01076
G1 X148.343 Y184.255 E.71493
G1 X147.838 Y184.255 E.01499
G1 X131.255 Y200.838 E.69635
G1 X131.255 Y200.333 E.01499
G1 X147.333 Y184.255 E.67514
G1 X146.828 Y184.255 E.01499
G1 X131.255 Y199.828 E.65394
G1 X131.255 Y199.323 E.01499
G1 X146.323 Y184.255 E.63273
G1 X145.818 Y184.255 E.01499
G1 X131.255 Y198.818 E.61153
G1 X131.255 Y198.313 E.01499
G1 X145.313 Y184.255 E.59032
G1 X144.808 Y184.255 E.01499
G1 X131.255 Y197.808 E.56912
G1 X131.255 Y197.303 E.01499
G1 X144.303 Y184.255 E.54792
G1 X143.798 Y184.255 E.01499
G1 X131.255 Y196.798 E.52671
G1 X131.255 Y196.293 E.01499
G1 X143.293 Y184.255 E.50551
G1 X142.788 Y184.255 E.01499
G1 X131.255 Y195.788 E.4843
G1 X131.255 Y195.283 E.01499
G1 X142.283 Y184.255 E.4631
G1 X141.778 Y184.255 E.01499
G1 X131.255 Y194.778 E.44189
G1 X131.255 Y194.273 E.01499
G1 X141.273 Y184.255 E.42069
G1 X140.768 Y184.255 E.01499
G1 X131.255 Y193.768 E.39949
G1 X131.255 Y193.263 E.01499
G1 X140.263 Y184.255 E.37828
G1 X139.758 Y184.255 E.01499
G1 X131.255 Y192.758 E.35708
G1 X131.255 Y192.254 E.01499
G1 X139.254 Y184.255 E.33587
G1 X138.749 Y184.255 E.01499
G1 X131.255 Y191.749 E.31467
G1 X131.255 Y191.244 E.01499
G1 X138.244 Y184.255 E.29346
G1 X137.739 Y184.255 E.01499
G1 X131.255 Y190.739 E.27226
G1 X131.255 Y190.234 E.01499
G1 X137.234 Y184.255 E.25106
G1 X136.729 Y184.255 E.01499
G1 X131.255 Y189.729 E.22985
G1 X131.255 Y189.224 E.01499
G1 X136.224 Y184.255 E.20865
G1 X135.719 Y184.255 E.01499
G1 X131.255 Y188.719 E.18744
G1 X131.255 Y188.214 E.01499
G1 X135.214 Y184.255 E.16624
G1 X134.709 Y184.255 E.01499
G1 X131.255 Y187.709 E.14503
G1 X131.255 Y187.204 E.01499
G1 X134.204 Y184.255 E.12383
G1 X133.699 Y184.255 E.01499
G1 X131.255 Y186.699 E.10263
G1 X131.255 Y186.194 E.01499
G1 X133.194 Y184.255 E.08142
G1 X132.689 Y184.255 E.01499
G1 X131.255 Y185.689 E.06022
G1 X131.255 Y185.184 E.01499
G1 X132.344 Y184.094 E.04576
; stop printing object flowrate_0 id:111516266160479 copy 0
; printing object flowrate_m1 id:8318823020889268071 copy 0
SET_VELOCITY_LIMIT ACCEL=10000 ACCEL_TO_DECEL=5000
G1 E-.5 F900
G1 Z1.4 F30000
G1 X126.181 Y170.024 Z1.4
G1 Z1.2
G1 E.5 F900
;TYPE:Inner wall
G1 F10183.62
M106 S255
G3 X125.958 Y170.043 I-.2 J-1.043 E.00657
G1 X90.042 Y170.043 E1.05574
G3 X88.957 Y168.958 I-.023 J-1.062 E.05038
G1 X88.957 Y153.042 E.46785
G3 X90.042 Y151.957 I1.062 J-.023 E.05038
G1 X125.958 Y151.957 E1.05574
G1 X126.108 Y151.97 E.00441
G3 X127.043 Y153.042 I-.115 J1.044 E.04593
G1 X127.043 Y168.958 E.46785
G3 X126.22 Y170.016 I-1.062 J.023 E.04264
G1 X126.243 Y170.376 F30000
G1 F10183.62
G3 X125.974 Y170.4 I-.261 J-1.394 E.00794
G1 X90.026 Y170.4 E1.05666
G3 X88.6 Y168.974 I-.008 J-1.418 E.06595
G1 X88.6 Y153.026 E.46877
G3 X90.026 Y151.6 I1.418 J-.008 E.06595
G1 X125.974 Y151.6 E1.05666
G1 X126.139 Y151.614 E.00487
G3 X127.4 Y153.026 I-.145 J1.399 E.06104
G1 X127.4 Y168.974 E.46877
G3 X126.282 Y170.368 I-1.418 J.008 E.05683
SET_VELOCITY_LIMIT ACCEL=5000 ACCEL_TO_DECEL=2500
G1 X126.312 Y170.77 F30000
;TYPE:Outer wall
G1 F10183.62
G3 X125.991 Y170.8 I-.33 J-1.788 E.00948
G1 X90.009 Y170.8 E1.05768
G3 X88.2 Y168.991 I.01 J-1.818 E.08339
G1 X88.2 Y153.009 E.4698
G3 X90.009 Y151.2 I1.818 J.01 E.08339
G1 X125.991 Y151.2 E1.05768
G1 X126.174 Y151.216 E.00538
G3 X127.8 Y153.009 I-.18 J1.797 E.07797
G1 X127.8 Y168.991 E.4698
G3 X126.351 Y170.762 I-1.818 J-.01 E.07274
SET_VELOCITY_LIMIT ACCEL=10000 ACCEL_TO_DECEL=5000
G1 X126.071 Y169.896 F30000
SET_VELOCITY_LIMIT ACCEL=2500 ACCEL_TO_DECEL=1250
;TYPE:Internal Bridge
G1 F4500
G1 X126.681 Y169.286 E.02534
G2 X126.745 Y168.716 I-1.467 J-.455 E.01696
G1 X125.716 Y169.745 E.04277
G1 X125.211 Y169.745 E.01484
G1 X126.745 Y168.211 E.06377
G1 X126.745 Y167.706 E.01484
G1 X124.706 Y169.745 E.08476
G1 X124.201 Y169.745 E.01484
G1 X126.745 Y167.201 E.10575
G1 X126.745 Y166.696 E.01484
G1 X123.696 Y169.745 E.12674
G1 X123.191 Y169.745 E.01484
G1 X126.745 Y166.191 E.14774
G1 X126.745 Y165.687 E.01484
G1 X122.687 Y169.745 E.16873
G1 X122.182 Y169.745 E.01484
G1 X126.745 Y165.182 E.18972
G1 X126.745 Y164.677 E.01484
G1 X121.677 Y169.745 E.21071
G1 X121.172 Y169.745 E.01484
G1 X126.745 Y164.172 E.2317
G1 X126.745 Y163.667 E.01484
G1 X120.667 Y169.745 E.2527
G1 X120.162 Y169.745 E.01484
G1 X126.745 Y163.162 E.27369
G1 X126.745 Y162.657 E.01484
G1 X119.657 Y169.745 E.29468
G1 X119.152 Y169.745 E.01484
M73 P61 R13
G1 X126.745 Y162.152 E.31567
G1 X126.745 Y161.647 E.01484
G1 X118.647 Y169.745 E.33667
G1 X118.142 Y169.745 E.01484
G1 X126.745 Y161.142 E.35766
G1 X126.745 Y160.637 E.01484
G1 X117.637 Y169.745 E.37865
G1 X117.132 Y169.745 E.01484
G1 X126.745 Y160.132 E.39964
G1 X126.745 Y159.627 E.01484
G1 X116.627 Y169.745 E.42063
G1 X116.122 Y169.745 E.01484
G1 X126.745 Y159.122 E.44163
G1 X126.745 Y158.617 E.01484
G1 X115.617 Y169.745 E.46262
G1 X115.112 Y169.745 E.01484
G1 X126.745 Y158.112 E.48361
G1 X126.745 Y157.607 E.01484
G1 X114.607 Y169.745 E.5046
G1 X114.102 Y169.745 E.01484
G1 X126.745 Y157.102 E.5256
G1 X126.745 Y156.597 E.01484
G1 X113.597 Y169.745 E.54659
G1 X113.092 Y169.745 E.01484
G1 X126.745 Y156.092 E.56758
G1 X126.745 Y155.587 E.01484
G1 X112.587 Y169.745 E.58857
G1 X112.082 Y169.745 E.01484
G1 X126.745 Y155.082 E.60956
G1 X126.745 Y154.577 E.01484
G1 X111.577 Y169.745 E.63056
G1 X111.072 Y169.745 E.01484
G1 X126.745 Y154.072 E.65155
G1 X126.745 Y153.567 E.01484
G1 X110.567 Y169.745 E.67254
G1 X110.062 Y169.745 E.01484
G1 X126.745 Y153.062 E.69353
G2 X126.651 Y152.651 I-.929 J-.004 E.0125
G1 X109.557 Y169.745 E.71061
G1 X109.052 Y169.745 E.01484
G1 X126.411 Y152.387 E.7216
G2 X126.03 Y152.262 I-.434 J.682 E.01189
G1 X108.547 Y169.745 E.72678
G1 X108.042 Y169.745 E.01484
G1 X125.533 Y152.255 E.72709
G1 X125.028 Y152.255 E.01484
G1 X107.537 Y169.745 E.72709
G1 X107.032 Y169.745 E.01484
G1 X124.523 Y152.255 E.72709
G1 X124.018 Y152.255 E.01484
G1 X106.527 Y169.745 E.72709
G1 X106.022 Y169.745 E.01484
G1 X123.513 Y152.255 E.72709
G1 X123.008 Y152.255 E.01484
G1 X105.517 Y169.745 E.72709
G1 X105.012 Y169.745 E.01484
G1 X122.503 Y152.255 E.72709
G1 X121.998 Y152.255 E.01484
G1 X104.507 Y169.745 E.72709
G1 X104.002 Y169.745 E.01484
G1 X121.493 Y152.255 E.72709
G1 X120.988 Y152.255 E.01484
G1 X103.497 Y169.745 E.72709
G1 X102.992 Y169.745 E.01484
G1 X120.483 Y152.255 E.72709
G1 X119.978 Y152.255 E.01484
M73 P61 R12
G1 X102.487 Y169.745 E.72709
G1 X101.982 Y169.745 E.01484
G1 X119.473 Y152.255 E.72709
G1 X118.968 Y152.255 E.01484
G1 X101.477 Y169.745 E.72709
G1 X100.972 Y169.745 E.01484
G1 X118.463 Y152.255 E.72709
G1 X117.958 Y152.255 E.01484
G1 X100.467 Y169.745 E.72709
G1 X99.962 Y169.745 E.01484
G1 X117.453 Y152.255 E.72709
G1 X116.948 Y152.255 E.01484
G1 X99.457 Y169.745 E.72709
G1 X98.952 Y169.745 E.01484
G1 X116.443 Y152.255 E.72709
G1 X115.938 Y152.255 E.01484
G1 X98.447 Y169.745 E.72709
G1 X97.942 Y169.745 E.01484
G1 X115.433 Y152.255 E.72709
G1 X114.928 Y152.255 E.01484
G1 X97.437 Y169.745 E.72709
G1 X96.932 Y169.745 E.01484
G1 X114.423 Y152.255 E.72709
G1 X113.918 Y152.255 E.01484
G1 X96.427 Y169.745 E.72709
G1 X95.922 Y169.745 E.01484
G1 X113.413 Y152.255 E.72709
G1 X112.908 Y152.255 E.01484
G1 X95.417 Y169.745 E.72709
G1 X94.912 Y169.745 E.01484
G1 X112.403 Y152.255 E.72709
G1 X111.898 Y152.255 E.01484
G1 X94.407 Y169.745 E.72709
G1 X93.902 Y169.745 E.01484
G1 X111.393 Y152.255 E.72709
G1 X110.888 Y152.255 E.01484
G1 X93.397 Y169.745 E.72709
G1 X92.892 Y169.745 E.01484
G1 X110.383 Y152.255 E.72709
G1 X109.878 Y152.255 E.01484
G1 X92.387 Y169.745 E.72709
G1 X91.882 Y169.745 E.01484
G1 X109.373 Y152.255 E.72709
G1 X108.868 Y152.255 E.01484
G1 X91.377 Y169.745 E.72709
G1 X90.872 Y169.745 E.01484
G1 X108.363 Y152.255 E.72709
G1 X107.858 Y152.255 E.01484
G1 X90.367 Y169.745 E.72709
G3 X89.878 Y169.73 I-.156 J-2.805 E.01441
G1 X107.353 Y152.255 E.72645
G1 X106.848 Y152.255 E.01484
G1 X89.531 Y169.572 E.71989
G3 X89.317 Y169.281 I1.013 J-.968 E.01065
M73 P62 R12
G1 X106.343 Y152.255 E.70778
G1 X105.838 Y152.255 E.01484
G1 X89.255 Y168.838 E.68938
G1 X89.255 Y168.333 E.01484
G1 X105.333 Y152.255 E.66839
G1 X104.828 Y152.255 E.01484
G1 X89.255 Y167.828 E.6474
G1 X89.255 Y167.323 E.01484
G1 X104.323 Y152.255 E.62641
G1 X103.818 Y152.255 E.01484
G1 X89.255 Y166.818 E.60541
G1 X89.255 Y166.313 E.01484
G1 X103.313 Y152.255 E.58442
G1 X102.808 Y152.255 E.01484
G1 X89.255 Y165.808 E.56343
G1 X89.255 Y165.303 E.01484
G1 X102.303 Y152.255 E.54244
G1 X101.798 Y152.255 E.01484
G1 X89.255 Y164.798 E.52144
G1 X89.255 Y164.293 E.01484
G1 X101.293 Y152.255 E.50045
G1 X100.788 Y152.255 E.01484
G1 X89.255 Y163.788 E.47946
G1 X89.255 Y163.283 E.01484
G1 X100.283 Y152.255 E.45847
G1 X99.778 Y152.255 E.01484
G1 X89.255 Y162.778 E.43748
G1 X89.255 Y162.273 E.01484
G1 X99.273 Y152.255 E.41648
G1 X98.768 Y152.255 E.01484
G1 X89.255 Y161.768 E.39549
G1 X89.255 Y161.263 E.01484
G1 X98.263 Y152.255 E.3745
G1 X97.758 Y152.255 E.01484
G1 X89.255 Y160.758 E.35351
G1 X89.255 Y160.254 E.01484
G1 X97.254 Y152.255 E.33251
G1 X96.749 Y152.255 E.01484
G1 X89.255 Y159.749 E.31152
G1 X89.255 Y159.244 E.01484
G1 X96.244 Y152.255 E.29053
G1 X95.739 Y152.255 E.01484
G1 X89.255 Y158.739 E.26954
G1 X89.255 Y158.234 E.01484
G1 X95.234 Y152.255 E.24855
G1 X94.729 Y152.255 E.01484
G1 X89.255 Y157.729 E.22755
G1 X89.255 Y157.224 E.01484
G1 X94.224 Y152.255 E.20656
G1 X93.719 Y152.255 E.01484
G1 X89.255 Y156.719 E.18557
G1 X89.255 Y156.214 E.01484
G1 X93.214 Y152.255 E.16458
G1 X92.709 Y152.255 E.01484
G1 X89.255 Y155.709 E.14358
G1 X89.255 Y155.204 E.01484
G1 X92.204 Y152.255 E.12259
G1 X91.699 Y152.255 E.01484
G1 X89.255 Y154.699 E.1016
G1 X89.255 Y154.194 E.01484
G1 X91.194 Y152.255 E.08061
G1 X90.689 Y152.255 E.01484
G1 X89.255 Y153.689 E.05962
G1 X89.255 Y153.184 E.01484
G1 X90.344 Y152.094 E.0453
; stop printing object flowrate_m1 id:8318823020889268071 copy 0
; printing object flowrate_m4 id:0 copy 0
SET_VELOCITY_LIMIT ACCEL=10000 ACCEL_TO_DECEL=5000
G1 E-.5 F900
G1 Z1.4 F30000
G1 X126.181 Y138.024 Z1.4
G1 Z1.2
G1 E.5 F900
;TYPE:Inner wall
G1 F10501.858
M106 S255
G3 X125.958 Y138.043 I-.2 J-1.043 E.00637
G1 X90.042 Y138.043 E1.02375
G3 X88.957 Y136.958 I-.023 J-1.062 E.04886
G1 X88.957 Y121.042 E.45368
G3 X90.042 Y119.957 I1.062 J-.023 E.04886
G1 X125.958 Y119.957 E1.02375
G1 X126.108 Y119.97 E.00427
G3 X127.043 Y121.042 I-.115 J1.044 E.04454
G1 X127.043 Y136.958 E.45367
G3 X126.22 Y138.016 I-1.062 J.023 E.04134
G1 X126.243 Y138.376 F30000
G1 F10501.858
G3 X125.974 Y138.4 I-.261 J-1.394 E.0077
G1 X90.026 Y138.4 E1.02464
G3 X88.6 Y136.974 I-.008 J-1.418 E.06395
G1 X88.6 Y121.026 E.45457
G3 X90.026 Y119.6 I1.418 J-.008 E.06395
G1 X125.974 Y119.6 E1.02464
G1 X126.139 Y119.614 E.00472
G3 X127.4 Y121.026 I-.145 J1.399 E.05919
G1 X127.4 Y136.974 E.45456
G3 X126.282 Y138.368 I-1.418 J.008 E.05511
SET_VELOCITY_LIMIT ACCEL=5000 ACCEL_TO_DECEL=2500
G1 X126.312 Y138.77 F30000
;TYPE:Outer wall
G1 F10501.858
G3 X125.991 Y138.8 I-.33 J-1.788 E.0092
G1 X90.009 Y138.8 E1.02563
G3 X88.2 Y136.991 I.01 J-1.818 E.08087
G1 X88.2 Y121.009 E.45556
G3 X90.009 Y119.2 I1.818 J.01 E.08087
G1 X125.991 Y119.2 E1.02563
G1 X126.174 Y119.216 E.00522
G3 X127.8 Y121.009 I-.18 J1.797 E.07561
G1 X127.8 Y136.991 E.45556
G3 X126.351 Y138.762 I-1.818 J-.01 E.07053
SET_VELOCITY_LIMIT ACCEL=10000 ACCEL_TO_DECEL=5000
G1 X126.071 Y137.896 F30000
SET_VELOCITY_LIMIT ACCEL=2500 ACCEL_TO_DECEL=1250
;TYPE:Internal Bridge
G1 F4500
G1 X126.681 Y137.286 E.02457
G2 X126.745 Y136.716 I-1.467 J-.455 E.01644
G1 X125.716 Y137.745 E.04148
G1 X125.211 Y137.745 E.01439
G1 X126.745 Y136.211 E.06183
G1 X126.745 Y135.706 E.01439
G1 X124.706 Y137.745 E.08219
G1 X124.201 Y137.745 E.01439
G1 X126.745 Y135.201 E.10255
G1 X126.745 Y134.696 E.01439
G1 X123.696 Y137.745 E.1229
G1 X123.191 Y137.745 E.01439
G1 X126.745 Y134.191 E.14326
G1 X126.745 Y133.687 E.01439
G1 X122.687 Y137.745 E.16362
G1 X122.182 Y137.745 E.01439
G1 X126.745 Y133.182 E.18397
G1 X126.745 Y132.677 E.01439
G1 X121.677 Y137.745 E.20433
G1 X121.172 Y137.745 E.01439
G1 X126.745 Y132.172 E.22468
G1 X126.745 Y131.667 E.01439
G1 X120.667 Y137.745 E.24504
G1 X120.162 Y137.745 E.01439
G1 X126.745 Y131.162 E.2654
G1 X126.745 Y130.657 E.01439
G1 X119.657 Y137.745 E.28575
G1 X119.152 Y137.745 E.01439
G1 X126.745 Y130.152 E.30611
G1 X126.745 Y129.647 E.01439
G1 X118.647 Y137.745 E.32646
G1 X118.142 Y137.745 E.01439
G1 X126.745 Y129.142 E.34682
G1 X126.745 Y128.637 E.01439
G1 X117.637 Y137.745 E.36718
G1 X117.132 Y137.745 E.01439
G1 X126.745 Y128.132 E.38753
G1 X126.745 Y127.627 E.01439
G1 X116.627 Y137.745 E.40789
G1 X116.122 Y137.745 E.01439
G1 X126.745 Y127.122 E.42824
G1 X126.745 Y126.617 E.01439
G1 X115.617 Y137.745 E.4486
G1 X115.112 Y137.745 E.01439
G1 X126.745 Y126.112 E.46896
G1 X126.745 Y125.607 E.01439
G1 X114.607 Y137.745 E.48931
G1 X114.102 Y137.745 E.01439
G1 X126.745 Y125.102 E.50967
G1 X126.745 Y124.597 E.01439
G1 X113.597 Y137.745 E.53002
G1 X113.092 Y137.745 E.01439
G1 X126.745 Y124.092 E.55038
G1 X126.745 Y123.587 E.01439
G1 X112.587 Y137.745 E.57074
G1 X112.082 Y137.745 E.01439
G1 X126.745 Y123.082 E.59109
G1 X126.745 Y122.577 E.01439
G1 X111.577 Y137.745 E.61145
G1 X111.072 Y137.745 E.01439
G1 X126.745 Y122.072 E.63181
G1 X126.745 Y121.567 E.01439
G1 X110.567 Y137.745 E.65216
G1 X110.062 Y137.745 E.01439
G1 X126.745 Y121.062 E.67252
G2 X126.651 Y120.651 I-.929 J-.004 E.01212
G1 X109.557 Y137.745 E.68908
G1 X109.052 Y137.745 E.01439
G1 X126.411 Y120.387 E.69973
G2 X126.03 Y120.262 I-.434 J.682 E.01153
G1 X108.547 Y137.745 E.70476
G1 X108.042 Y137.745 E.01439
G1 X125.533 Y120.255 E.70506
G1 X125.028 Y120.255 E.01439
G1 X107.537 Y137.745 E.70506
G1 X107.032 Y137.745 E.01439
G1 X124.523 Y120.255 E.70506
G1 X124.018 Y120.255 E.01439
G1 X106.527 Y137.745 E.70506
G1 X106.022 Y137.745 E.01439
G1 X123.513 Y120.255 E.70506
G1 X123.008 Y120.255 E.01439
G1 X105.517 Y137.745 E.70506
G1 X105.012 Y137.745 E.01439
G1 X122.503 Y120.255 E.70506
G1 X121.998 Y120.255 E.01439
M73 P63 R12
G1 X104.507 Y137.745 E.70506
G1 X104.002 Y137.745 E.01439
G1 X121.493 Y120.255 E.70506
G1 X120.988 Y120.255 E.01439
G1 X103.497 Y137.745 E.70506
G1 X102.992 Y137.745 E.01439
G1 X120.483 Y120.255 E.70506
G1 X119.978 Y120.255 E.01439
G1 X102.487 Y137.745 E.70506
G1 X101.982 Y137.745 E.01439
G1 X119.473 Y120.255 E.70506
G1 X118.968 Y120.255 E.01439
G1 X101.477 Y137.745 E.70506
G1 X100.972 Y137.745 E.01439
G1 X118.463 Y120.255 E.70506
G1 X117.958 Y120.255 E.01439
G1 X100.467 Y137.745 E.70506
G1 X99.962 Y137.745 E.01439
G1 X117.453 Y120.255 E.70506
G1 X116.948 Y120.255 E.01439
G1 X99.457 Y137.745 E.70506
G1 X98.952 Y137.745 E.01439
G1 X116.443 Y120.255 E.70506
G1 X115.938 Y120.255 E.01439
G1 X98.447 Y137.745 E.70506
G1 X97.942 Y137.745 E.01439
G1 X115.433 Y120.255 E.70506
G1 X114.928 Y120.255 E.01439
G1 X97.437 Y137.745 E.70506
G1 X96.932 Y137.745 E.01439
G1 X114.423 Y120.255 E.70506
G1 X113.918 Y120.255 E.01439
G1 X96.427 Y137.745 E.70506
G1 X95.922 Y137.745 E.01439
G1 X113.413 Y120.255 E.70506
G1 X112.908 Y120.255 E.01439
G1 X95.417 Y137.745 E.70506
G1 X94.912 Y137.745 E.01439
G1 X112.403 Y120.255 E.70506
G1 X111.898 Y120.255 E.01439
G1 X94.407 Y137.745 E.70506
G1 X93.902 Y137.745 E.01439
G1 X111.393 Y120.255 E.70506
G1 X110.888 Y120.255 E.01439
G1 X93.397 Y137.745 E.70506
G1 X92.892 Y137.745 E.01439
G1 X110.383 Y120.255 E.70506
G1 X109.878 Y120.255 E.01439
G1 X92.387 Y137.745 E.70506
G1 X91.882 Y137.745 E.01439
G1 X109.373 Y120.255 E.70506
G1 X108.868 Y120.255 E.01439
G1 X91.377 Y137.745 E.70506
G1 X90.872 Y137.745 E.01439
G1 X108.363 Y120.255 E.70506
G1 X107.858 Y120.255 E.01439
G1 X90.367 Y137.745 E.70506
G3 X89.878 Y137.73 I-.156 J-2.805 E.01398
G1 X107.353 Y120.255 E.70443
G1 X106.848 Y120.255 E.01439
G1 X89.531 Y137.572 E.69807
G3 X89.317 Y137.281 I1.013 J-.968 E.01033
G1 X106.343 Y120.255 E.68634
G1 X105.838 Y120.255 E.01439
G1 X89.255 Y136.838 E.66849
G1 X89.255 Y136.333 E.01439
G1 X105.333 Y120.255 E.64814
G1 X104.828 Y120.255 E.01439
G1 X89.255 Y135.828 E.62778
G1 X89.255 Y135.323 E.01439
G1 X104.323 Y120.255 E.60742
G1 X103.818 Y120.255 E.01439
G1 X89.255 Y134.818 E.58707
G1 X89.255 Y134.313 E.01439
G1 X103.313 Y120.255 E.56671
G1 X102.808 Y120.255 E.01439
G1 X89.255 Y133.808 E.54636
G1 X89.255 Y133.303 E.01439
G1 X102.303 Y120.255 E.526
G1 X101.798 Y120.255 E.01439
G1 X89.255 Y132.798 E.50564
G1 X89.255 Y132.293 E.01439
G1 X101.293 Y120.255 E.48529
G1 X100.788 Y120.255 E.01439
G1 X89.255 Y131.788 E.46493
G1 X89.255 Y131.283 E.01439
G1 X100.283 Y120.255 E.44457
G1 X99.778 Y120.255 E.01439
G1 X89.255 Y130.778 E.42422
G1 X89.255 Y130.273 E.01439
G1 X99.273 Y120.255 E.40386
G1 X98.768 Y120.255 E.01439
G1 X89.255 Y129.768 E.38351
G1 X89.255 Y129.263 E.01439
G1 X98.263 Y120.255 E.36315
G1 X97.758 Y120.255 E.01439
G1 X89.255 Y128.758 E.34279
G1 X89.255 Y128.254 E.01439
G1 X97.254 Y120.255 E.32244
G1 X96.749 Y120.255 E.01439
G1 X89.255 Y127.749 E.30208
G1 X89.255 Y127.244 E.01439
G1 X96.244 Y120.255 E.28173
G1 X95.739 Y120.255 E.01439
G1 X89.255 Y126.739 E.26137
G1 X89.255 Y126.234 E.01439
G1 X95.234 Y120.255 E.24101
G1 X94.729 Y120.255 E.01439
G1 X89.255 Y125.729 E.22066
G1 X89.255 Y125.224 E.01439
G1 X94.224 Y120.255 E.2003
G1 X93.719 Y120.255 E.01439
G1 X89.255 Y124.719 E.17995
G1 X89.255 Y124.214 E.01439
G1 X93.214 Y120.255 E.15959
G1 X92.709 Y120.255 E.01439
G1 X89.255 Y123.709 E.13923
G1 X89.255 Y123.204 E.01439
G1 X92.204 Y120.255 E.11888
G1 X91.699 Y120.255 E.01439
G1 X89.255 Y122.699 E.09852
G1 X89.255 Y122.194 E.01439
G1 X91.194 Y120.255 E.07816
G1 X90.689 Y120.255 E.01439
G1 X89.255 Y121.689 E.05781
G1 X89.255 Y121.184 E.01439
G1 X90.344 Y120.094 E.04393
; stop printing object flowrate_m4 id:0 copy 0
; printing object flowrate_m9 id:0 copy 0
SET_VELOCITY_LIMIT ACCEL=10000 ACCEL_TO_DECEL=5000
G1 E-.5 F900
G1 Z1.4 F30000
G1 X126.181 Y106.024 Z1.4
G1 Z1.2
G1 E.5 F900
;TYPE:Inner wall
G1 F11078.884
M106 S255
G3 X125.958 Y106.043 I-.2 J-1.043 E.00604
G1 X90.042 Y106.043 E.97043
G3 X88.957 Y104.958 I-.023 J-1.062 E.04631
G1 X88.957 Y89.042 E.43005
G3 X90.042 Y87.957 I1.062 J-.023 E.04631
G1 X125.958 Y87.957 E.97043
G1 X126.108 Y87.97 E.00405
G3 X127.043 Y89.042 I-.115 J1.044 E.04222
G1 X127.043 Y104.958 E.43005
G3 X126.22 Y106.016 I-1.062 J.023 E.03919
G1 X126.243 Y106.376 F30000
G1 F11078.884
G3 X125.974 Y106.4 I-.261 J-1.394 E.0073
G1 X90.026 Y106.4 E.97127
G3 X88.6 Y104.974 I-.008 J-1.418 E.06062
G1 X88.6 Y89.026 E.43089
G3 X90.026 Y87.6 I1.418 J-.008 E.06062
G1 X125.974 Y87.6 E.97127
M73 P64 R12
G1 X126.139 Y87.614 E.00447
G3 X127.4 Y89.026 I-.145 J1.399 E.05611
G1 X127.4 Y104.974 E.43089
G3 X126.282 Y106.368 I-1.418 J.008 E.05224
SET_VELOCITY_LIMIT ACCEL=5000 ACCEL_TO_DECEL=2500
G1 X126.312 Y106.77 F30000
;TYPE:Outer wall
G1 F11078.884
G3 X125.991 Y106.8 I-.33 J-1.788 E.00872
G1 X90.009 Y106.8 E.97221
G3 X88.2 Y104.991 I.01 J-1.818 E.07665
G1 X88.2 Y89.009 E.43183
G3 X90.009 Y87.2 I1.818 J.01 E.07665
G1 X125.991 Y87.2 E.97221
G1 X126.174 Y87.216 E.00494
G3 X127.8 Y89.009 I-.18 J1.797 E.07167
G1 X127.8 Y104.991 E.43183
G3 X126.351 Y106.762 I-1.818 J-.01 E.06686
SET_VELOCITY_LIMIT ACCEL=10000 ACCEL_TO_DECEL=5000
G1 X126.071 Y105.896 F30000
SET_VELOCITY_LIMIT ACCEL=2500 ACCEL_TO_DECEL=1250
;TYPE:Internal Bridge
G1 F4500
G1 X126.681 Y105.286 E.02329
G2 X126.745 Y104.716 I-1.467 J-.455 E.01559
G1 X125.716 Y105.745 E.03932
G1 X125.211 Y105.745 E.01364
G1 X126.745 Y104.211 E.05861
G1 X126.745 Y103.706 E.01364
G1 X124.706 Y105.745 E.07791
G1 X124.201 Y105.745 E.01364
G1 X126.745 Y103.201 E.09721
G1 X126.745 Y102.696 E.01364
G1 X123.696 Y105.745 E.1165
G1 X123.191 Y105.745 E.01364
G1 X126.745 Y102.191 E.1358
G1 X126.745 Y101.687 E.01364
G1 X122.687 Y105.745 E.15509
G1 X122.182 Y105.745 E.01364
G1 X126.745 Y101.182 E.17439
G1 X126.745 Y100.677 E.01364
G1 X121.677 Y105.745 E.19369
G1 X121.172 Y105.745 E.01364
G1 X126.745 Y100.172 E.21298
G1 X126.745 Y99.667 E.01364
G1 X120.667 Y105.745 E.23228
G1 X120.162 Y105.745 E.01364
G1 X126.745 Y99.162 E.25157
G1 X126.745 Y98.657 E.01364
G1 X119.657 Y105.745 E.27087
G1 X119.152 Y105.745 E.01364
G1 X126.745 Y98.152 E.29016
G1 X126.745 Y97.647 E.01364
G1 X118.647 Y105.745 E.30946
G1 X118.142 Y105.745 E.01364
G1 X126.745 Y97.142 E.32876
G1 X126.745 Y96.637 E.01364
G1 X117.637 Y105.745 E.34805
G1 X117.132 Y105.745 E.01364
G1 X126.745 Y96.132 E.36735
G1 X126.745 Y95.627 E.01364
G1 X116.627 Y105.745 E.38664
G1 X116.122 Y105.745 E.01364
G1 X126.745 Y95.122 E.40594
G1 X126.745 Y94.617 E.01364
G1 X115.617 Y105.745 E.42524
G1 X115.112 Y105.745 E.01364
G1 X126.745 Y94.112 E.44453
G1 X126.745 Y93.607 E.01364
G1 X114.607 Y105.745 E.46383
G1 X114.102 Y105.745 E.01364
G1 X126.745 Y93.102 E.48312
G1 X126.745 Y92.597 E.01364
G1 X113.597 Y105.745 E.50242
G1 X113.092 Y105.745 E.01364
G1 X126.745 Y92.092 E.52172
G1 X126.745 Y91.587 E.01364
G1 X112.587 Y105.745 E.54101
G1 X112.082 Y105.745 E.01364
G1 X126.745 Y91.082 E.56031
G1 X126.745 Y90.577 E.01364
G1 X111.577 Y105.745 E.5796
G1 X111.072 Y105.745 E.01364
G1 X126.745 Y90.072 E.5989
G1 X126.745 Y89.567 E.01364
G1 X110.567 Y105.745 E.61819
G1 X110.062 Y105.745 E.01364
G1 X126.745 Y89.062 E.63749
G2 X126.651 Y88.651 I-.929 J-.004 E.01149
G1 X109.557 Y105.745 E.65319
G1 X109.052 Y105.745 E.01364
G1 X126.411 Y88.387 E.66329
G2 X126.03 Y88.262 I-.434 J.682 E.01093
G1 X108.547 Y105.745 E.66805
G1 X108.042 Y105.745 E.01364
G1 X125.533 Y88.255 E.66834
G1 X125.028 Y88.255 E.01364
G1 X107.537 Y105.745 E.66834
G1 X107.032 Y105.745 E.01364
M73 P64 R11
G1 X124.523 Y88.255 E.66834
G1 X124.018 Y88.255 E.01364
G1 X106.527 Y105.745 E.66834
G1 X106.022 Y105.745 E.01364
G1 X123.513 Y88.255 E.66834
G1 X123.008 Y88.255 E.01364
G1 X105.517 Y105.745 E.66834
G1 X105.012 Y105.745 E.01364
G1 X122.503 Y88.255 E.66834
G1 X121.998 Y88.255 E.01364
G1 X104.507 Y105.745 E.66834
G1 X104.002 Y105.745 E.01364
G1 X121.493 Y88.255 E.66834
G1 X120.988 Y88.255 E.01364
G1 X103.497 Y105.745 E.66834
G1 X102.992 Y105.745 E.01364
G1 X120.483 Y88.255 E.66834
G1 X119.978 Y88.255 E.01364
G1 X102.487 Y105.745 E.66834
G1 X101.982 Y105.745 E.01364
G1 X119.473 Y88.255 E.66834
G1 X118.968 Y88.255 E.01364
G1 X101.477 Y105.745 E.66834
G1 X100.972 Y105.745 E.01364
G1 X118.463 Y88.255 E.66834
G1 X117.958 Y88.255 E.01364
G1 X100.467 Y105.745 E.66834
G1 X99.962 Y105.745 E.01364
G1 X117.453 Y88.255 E.66834
G1 X116.948 Y88.255 E.01364
G1 X99.457 Y105.745 E.66834
G1 X98.952 Y105.745 E.01364
G1 X116.443 Y88.255 E.66834
G1 X115.938 Y88.255 E.01364
G1 X98.447 Y105.745 E.66834
G1 X97.942 Y105.745 E.01364
G1 X115.433 Y88.255 E.66834
G1 X114.928 Y88.255 E.01364
G1 X97.437 Y105.745 E.66834
G1 X96.932 Y105.745 E.01364
G1 X114.423 Y88.255 E.66834
G1 X113.918 Y88.255 E.01364
G1 X96.427 Y105.745 E.66834
G1 X95.922 Y105.745 E.01364
G1 X113.413 Y88.255 E.66834
G1 X112.908 Y88.255 E.01364
G1 X95.417 Y105.745 E.66834
G1 X94.912 Y105.745 E.01364
G1 X112.403 Y88.255 E.66834
G1 X111.898 Y88.255 E.01364
G1 X94.407 Y105.745 E.66834
G1 X93.902 Y105.745 E.01364
G1 X111.393 Y88.255 E.66834
G1 X110.888 Y88.255 E.01364
G1 X93.397 Y105.745 E.66834
G1 X92.892 Y105.745 E.01364
M73 P65 R11
G1 X110.383 Y88.255 E.66834
G1 X109.878 Y88.255 E.01364
G1 X92.387 Y105.745 E.66834
G1 X91.882 Y105.745 E.01364
G1 X109.373 Y88.255 E.66834
G1 X108.868 Y88.255 E.01364
G1 X91.377 Y105.745 E.66834
G1 X90.872 Y105.745 E.01364
G1 X108.363 Y88.255 E.66834
G1 X107.858 Y88.255 E.01364
G1 X90.367 Y105.745 E.66834
G3 X89.878 Y105.73 I-.156 J-2.805 E.01325
G1 X107.353 Y88.255 E.66775
G1 X106.848 Y88.255 E.01364
G1 X89.531 Y105.572 E.66171
G3 X89.317 Y105.281 I1.013 J-.968 E.00979
G1 X106.343 Y88.255 E.65059
G1 X105.838 Y88.255 E.01364
G1 X89.255 Y104.838 E.63367
G1 X89.255 Y104.333 E.01364
G1 X105.333 Y88.255 E.61438
G1 X104.828 Y88.255 E.01364
G1 X89.255 Y103.828 E.59508
G1 X89.255 Y103.323 E.01364
G1 X104.323 Y88.255 E.57579
G1 X103.818 Y88.255 E.01364
G1 X89.255 Y102.818 E.55649
G1 X89.255 Y102.313 E.01364
G1 X103.313 Y88.255 E.5372
G1 X102.808 Y88.255 E.01364
G1 X89.255 Y101.808 E.5179
G1 X89.255 Y101.303 E.01364
G1 X102.303 Y88.255 E.4986
G1 X101.798 Y88.255 E.01364
G1 X89.255 Y100.798 E.47931
G1 X89.255 Y100.293 E.01364
G1 X101.293 Y88.255 E.46001
G1 X100.788 Y88.255 E.01364
G1 X89.255 Y99.788 E.44072
G1 X89.255 Y99.283 E.01364
G1 X100.283 Y88.255 E.42142
G1 X99.778 Y88.255 E.01364
G1 X89.255 Y98.778 E.40212
G1 X89.255 Y98.273 E.01364
G1 X99.273 Y88.255 E.38283
G1 X98.768 Y88.255 E.01364
G1 X89.255 Y97.768 E.36353
G1 X89.255 Y97.263 E.01364
G1 X98.263 Y88.255 E.34424
G1 X97.758 Y88.255 E.01364
G1 X89.255 Y96.758 E.32494
G1 X89.255 Y96.254 E.01364
G1 X97.254 Y88.255 E.30564
G1 X96.749 Y88.255 E.01364
G1 X89.255 Y95.749 E.28635
G1 X89.255 Y95.244 E.01364
G1 X96.244 Y88.255 E.26705
G1 X95.739 Y88.255 E.01364
G1 X89.255 Y94.739 E.24776
G1 X89.255 Y94.234 E.01364
G1 X95.234 Y88.255 E.22846
G1 X94.729 Y88.255 E.01364
G1 X89.255 Y93.729 E.20916
G1 X89.255 Y93.224 E.01364
G1 X94.224 Y88.255 E.18987
G1 X93.719 Y88.255 E.01364
G1 X89.255 Y92.719 E.17057
G1 X89.255 Y92.214 E.01364
G1 X93.214 Y88.255 E.15128
G1 X92.709 Y88.255 E.01364
G1 X89.255 Y91.709 E.13198
G1 X89.255 Y91.204 E.01364
G1 X92.204 Y88.255 E.11269
G1 X91.699 Y88.255 E.01364
G1 X89.255 Y90.699 E.09339
G1 X89.255 Y90.194 E.01364
G1 X91.194 Y88.255 E.07409
G1 X90.689 Y88.255 E.01364
G1 X89.255 Y89.689 E.0548
G1 X89.255 Y89.184 E.01364
G1 X90.344 Y88.094 E.04164
; stop printing object flowrate_m9 id:0 copy 0
;LAYER_CHANGE
;Z:1.4
;HEIGHT:0.2
;BEFORE_LAYER_CHANGE
;1.4
G92 E0

G1 E-.5 F900
;AFTER_LAYER_CHANGE
;1.4
SET_PRINT_STATS_INFO CURRENT_LAYER=7
;_SET_FAN_SPEED_CHANGING_LAYER
; printing object flowrate_m3 id:0 copy 0
SET_VELOCITY_LIMIT ACCEL=10000 ACCEL_TO_DECEL=5000
G1 Z1.6 F30000
G1 X210.181 Y170.024 Z1.6
G1 Z1.4
G1 E.5 F900
;TYPE:Inner wall
G1 F10393.592
M106 S255
G3 X209.958 Y170.043 I-.2 J-1.043 E.00644
G1 X174.042 Y170.043 E1.03441
G3 X172.957 Y168.958 I-.023 J-1.062 E.04937
G1 X172.957 Y153.042 E.4584
G3 X174.042 Y151.957 I1.062 J-.023 E.04936
G1 X209.958 Y151.957 E1.03441
G1 X210.142 Y151.973 E.00532
G3 X211.043 Y153.042 I-.152 J1.042 E.04401
G1 X211.043 Y168.958 E.4584
G3 X210.22 Y170.016 I-1.062 J.023 E.04177
G1 X210.243 Y170.376 F30000
G1 F10393.592
G3 X209.974 Y170.4 I-.261 J-1.394 E.00778
G1 X174.026 Y170.4 E1.03531
G3 X172.6 Y168.974 I-.008 J-1.418 E.06462
G1 X172.6 Y153.026 E.4593
G3 X174.026 Y151.6 I1.418 J-.008 E.06462
G1 X209.974 Y151.6 E1.03531
G1 X210.173 Y151.617 E.00577
G3 X211.4 Y153.026 I-.182 J1.397 E.05881
G1 X211.4 Y168.974 E.4593
G3 X210.282 Y170.368 I-1.418 J.008 E.05568
SET_VELOCITY_LIMIT ACCEL=5000 ACCEL_TO_DECEL=2500
G1 X210.312 Y170.77 F30000
;TYPE:Outer wall
G1 F10393.592
G3 X209.991 Y170.8 I-.33 J-1.788 E.00929
G1 X174.009 Y170.8 E1.03632
G3 X172.2 Y168.991 I.01 J-1.818 E.08171
G1 X172.2 Y153.009 E.46031
G3 X174.009 Y151.2 I1.818 J.01 E.08171
G1 X209.991 Y151.2 E1.03632
G1 X210.208 Y151.219 E.00627
G3 X211.8 Y153.009 I-.216 J1.795 E.0754
G1 X211.8 Y168.991 E.46031
G3 X210.351 Y170.762 I-1.818 J-.01 E.07127
SET_VELOCITY_LIMIT ACCEL=10000 ACCEL_TO_DECEL=5000
G1 E-.5 F900
G1 Z1.6 F30000
G1 X209.388 Y169.575 Z1.6
G1 Z1.4
G1 E.5 F900
;TYPE:Internal solid infill
;WIDTH:0.624487
G1 F6381.629
G1 X209.948 Y169.574 E.02625
G1 X210.283 Y169.49 E.01622
G1 X210.458 Y169.318 E.01151
G2 X210.573 Y168.909 I-.656 J-.405 E.02018
G1 X210.573 Y168.393 E.02423
G3 X209.416 Y169.547 I-243.238 J-242.664 E.07664
G1 X208.651 Y169.902 F30000
;WIDTH:0.479999
G1 F8220
G1 X210.705 Y167.848 E.1024
G1 X210.705 Y167.23 E.02179
G1 X208.23 Y169.705 E.12341
G1 X207.612 Y169.705 E.02179
G1 X210.705 Y166.612 E.15423
G1 X210.705 Y165.994 E.02179
G1 X206.994 Y169.705 E.18504
G1 X206.376 Y169.705 E.02179
G1 X210.705 Y165.376 E.21586
G1 X210.705 Y164.758 E.02179
G1 X205.758 Y169.705 E.24668
G1 X205.139 Y169.705 E.02179
G1 X210.705 Y164.139 E.27749
G1 X210.705 Y163.521 E.02179
G1 X204.521 Y169.705 E.30831
G1 X203.903 Y169.705 E.02179
G1 X210.705 Y162.903 E.33913
G1 X210.705 Y162.285 E.02179
G1 X203.285 Y169.705 E.36994
G1 X202.667 Y169.705 E.02179
G1 X210.705 Y161.667 E.40076
G1 X210.705 Y161.049 E.02179
G1 X202.049 Y169.705 E.43158
G1 X201.431 Y169.705 E.02179
G1 X210.705 Y160.431 E.46239
G1 X210.705 Y159.813 E.02179
G1 X200.813 Y169.705 E.49321
G1 X200.194 Y169.705 E.02179
G1 X210.705 Y159.194 E.52403
G1 X210.705 Y158.576 E.02179
G1 X199.576 Y169.705 E.55484
G1 X198.958 Y169.705 E.02179
G1 X210.705 Y157.958 E.58566
G1 X210.705 Y157.34 E.02179
G1 X198.34 Y169.705 E.61648
G1 X197.722 Y169.705 E.02179
G1 X210.705 Y156.722 E.64729
G1 X210.705 Y156.104 E.02179
G1 X197.104 Y169.705 E.67811
G1 X196.486 Y169.705 E.02179
G1 X210.705 Y155.486 E.70893
G1 X210.705 Y154.868 E.02179
G1 X195.868 Y169.705 E.73974
G1 X195.249 Y169.705 E.02179
G1 X210.705 Y154.249 E.77056
G1 X210.705 Y153.631 E.02179
G1 X194.631 Y169.705 E.80138
G1 X194.013 Y169.705 E.02179
G1 X210.702 Y153.017 E.83202
G2 X210.542 Y152.558 I-.925 J.065 E.01732
G1 X193.395 Y169.705 E.85488
G1 X192.777 Y169.705 E.02179
G1 X210.159 Y152.324 E.86657
G2 X209.57 Y152.295 I-.395 J2.007 E.02086
G1 X192.159 Y169.705 E.86802
G1 X191.541 Y169.705 E.02179
G1 X208.952 Y152.295 E.86802
G1 X208.333 Y152.295 E.02179
G1 X190.923 Y169.705 E.86802
G1 X190.304 Y169.705 E.02179
G1 X207.715 Y152.295 E.86802
G1 X207.097 Y152.295 E.02179
G1 X189.686 Y169.705 E.86802
G1 X189.068 Y169.705 E.02179
G1 X206.479 Y152.295 E.86802
G1 X205.861 Y152.295 E.02179
G1 X188.45 Y169.705 E.86802
G1 X187.832 Y169.705 E.02179
G1 X205.243 Y152.295 E.86802
G1 X204.625 Y152.295 E.02179
G1 X187.214 Y169.705 E.86802
G1 X186.596 Y169.705 E.02179
G1 X204.007 Y152.295 E.86802
G1 X203.388 Y152.295 E.02179
G1 X185.978 Y169.705 E.86802
G1 X185.359 Y169.705 E.02179
G1 X202.77 Y152.295 E.86802
G1 X202.152 Y152.295 E.02179
G1 X184.741 Y169.705 E.86802
G1 X184.123 Y169.705 E.02179
G1 X201.534 Y152.295 E.86802
G1 X200.916 Y152.295 E.02179
G1 X183.505 Y169.705 E.86802
G1 X182.887 Y169.705 E.02179
G1 X200.298 Y152.295 E.86802
G1 X199.68 Y152.295 E.02179
G1 X182.269 Y169.705 E.86802
G1 X181.651 Y169.705 E.02179
G1 X199.062 Y152.295 E.86802
M73 P66 R11
G1 X198.443 Y152.295 E.02179
G1 X181.033 Y169.705 E.86802
G1 X180.415 Y169.705 E.02179
G1 X197.825 Y152.295 E.86802
G1 X197.207 Y152.295 E.02179
G1 X179.796 Y169.705 E.86802
G1 X179.178 Y169.705 E.02179
G1 X196.589 Y152.295 E.86802
G1 X195.971 Y152.295 E.02179
G1 X178.56 Y169.705 E.86802
G1 X177.942 Y169.705 E.02179
G1 X195.353 Y152.295 E.86802
G1 X194.735 Y152.295 E.02179
G1 X177.324 Y169.705 E.86802
G1 X176.706 Y169.705 E.02179
G1 X194.117 Y152.295 E.86802
G1 X193.498 Y152.295 E.02179
G1 X176.088 Y169.705 E.86802
G1 X175.47 Y169.705 E.02179
G1 X192.88 Y152.295 E.86802
G1 X192.262 Y152.295 E.02179
G1 X174.851 Y169.705 E.86802
G1 X174.233 Y169.705 E.02179
G1 X191.644 Y152.295 E.86802
G1 X191.026 Y152.295 E.02179
G1 X173.694 Y169.627 E.86411
G3 X173.38 Y169.322 I.311 J-.633 E.01567
G1 X190.408 Y152.295 E.84891
G1 X189.79 Y152.295 E.02179
G1 X173.295 Y168.79 E.82237
G1 X173.295 Y168.172 E.02179
G1 X189.172 Y152.295 E.79155
G1 X188.553 Y152.295 E.02179
G1 X173.295 Y167.553 E.76073
G1 X173.295 Y166.935 E.02179
G1 X187.935 Y152.295 E.72992
G1 X187.317 Y152.295 E.02179
G1 X173.295 Y166.317 E.6991
G1 X173.295 Y165.699 E.02179
G1 X186.699 Y152.295 E.66828
G1 X186.081 Y152.295 E.02179
G1 X173.295 Y165.081 E.63747
G1 X173.295 Y164.463 E.02179
G1 X185.463 Y152.295 E.60665
G1 X184.845 Y152.295 E.02179
G1 X173.295 Y163.845 E.57583
G1 X173.295 Y163.227 E.02179
G1 X184.227 Y152.295 E.54502
G1 X183.608 Y152.295 E.02179
G1 X173.295 Y162.608 E.5142
G1 X173.295 Y161.99 E.02179
G1 X182.99 Y152.295 E.48338
G1 X182.372 Y152.295 E.02179
G1 X173.295 Y161.372 E.45257
G1 X173.295 Y160.754 E.02179
G1 X181.754 Y152.295 E.42175
G1 X181.136 Y152.295 E.02179
G1 X173.295 Y160.136 E.39093
G1 X173.295 Y159.518 E.02179
G1 X180.518 Y152.295 E.36012
G1 X179.9 Y152.295 E.02179
G1 X173.295 Y158.9 E.3293
G1 X173.295 Y158.282 E.02179
G1 X179.282 Y152.295 E.29848
G1 X178.663 Y152.295 E.02179
G1 X173.295 Y157.663 E.26767
G1 X173.295 Y157.045 E.02179
G1 X178.045 Y152.295 E.23685
G1 X177.427 Y152.295 E.02179
G1 X173.295 Y156.427 E.20603
G1 X173.295 Y155.809 E.02179
G1 X176.809 Y152.295 E.17522
G1 X176.191 Y152.295 E.02179
G1 X173.295 Y155.191 E.1444
G1 X173.295 Y154.573 E.02179
G1 X175.573 Y152.295 E.11358
G1 X174.955 Y152.295 E.02179
G1 X173.295 Y153.955 E.08277
G1 X173.295 Y153.337 E.02179
G1 X174.533 Y152.098 E.06176
; stop printing object flowrate_m3 id:0 copy 0
; printing object flowrate_m6 id:403726925917 copy 0
G1 E-.5 F900
G1 Z1.6 F30000
G1 X210.181 Y138.024 Z1.6
G1 Z1.4
G1 E.5 F900
;TYPE:Inner wall
;WIDTH:0.4
G1 F10725.302
G3 X209.958 Y138.043 I-.2 J-1.043 E.00624
G1 X174.042 Y138.043 E1.00242
G3 X172.957 Y136.958 I-.023 J-1.062 E.04784
G1 X172.957 Y121.042 E.44423
G3 X174.042 Y119.957 I1.062 J-.023 E.04784
G1 X209.958 Y119.957 E1.00242
G1 X210.142 Y119.973 E.00516
G3 X211.043 Y121.042 I-.152 J1.042 E.04265
G1 X211.043 Y136.958 E.44422
G3 X210.22 Y138.016 I-1.062 J.023 E.04048
G1 X210.243 Y138.376 F30000
G1 F10725.302
G3 X209.974 Y138.4 I-.261 J-1.394 E.00754
G1 X174.026 Y138.4 E1.00329
G3 X172.6 Y136.974 I-.008 J-1.418 E.06262
G1 X172.6 Y121.026 E.4451
G3 X174.026 Y119.6 I1.418 J-.008 E.06262
G1 X209.974 Y119.6 E1.00329
G1 X210.173 Y119.617 E.00559
G3 X211.4 Y121.026 I-.182 J1.397 E.05699
G1 X211.4 Y136.974 E.44509
G3 X210.282 Y138.368 I-1.418 J.008 E.05396
SET_VELOCITY_LIMIT ACCEL=5000 ACCEL_TO_DECEL=2500
G1 X210.312 Y138.77 F30000
;TYPE:Outer wall
G1 F10725.302
G3 X209.991 Y138.8 I-.33 J-1.788 E.009
G1 X174.009 Y138.8 E1.00427
G3 X172.2 Y136.991 I.01 J-1.818 E.07918
G1 X172.2 Y121.009 E.44607
G3 X174.009 Y119.2 I1.818 J.01 E.07918
G1 X209.991 Y119.2 E1.00427
G1 X210.208 Y119.219 E.00608
G3 X211.8 Y121.009 I-.216 J1.795 E.07306
G1 X211.8 Y136.991 E.44607
G3 X210.351 Y138.762 I-1.818 J-.01 E.06906
SET_VELOCITY_LIMIT ACCEL=10000 ACCEL_TO_DECEL=5000
G1 E-.5 F900
G1 Z1.6 F30000
G1 X209.388 Y137.575 Z1.6
G1 Z1.4
G1 E.5 F900
;TYPE:Internal solid infill
;WIDTH:0.624487
G1 F6585.294
G1 X209.947 Y137.574 E.02544
G1 X210.283 Y137.49 E.01572
G1 X210.458 Y137.318 E.01115
G2 X210.573 Y136.909 I-.656 J-.405 E.01956
G1 X210.573 Y136.393 E.02348
G3 X209.416 Y137.547 I-243.148 J-242.573 E.07427
G1 X208.651 Y137.902 F30000
;WIDTH:0.479999
G1 F8220
G1 X210.705 Y135.848 E.09923
G1 X210.705 Y135.23 E.02112
G1 X208.23 Y137.705 E.11959
G1 X207.612 Y137.705 E.02112
G1 X210.705 Y134.612 E.14946
G1 X210.705 Y133.994 E.02112
G1 X206.994 Y137.705 E.17932
G1 X206.376 Y137.705 E.02112
G1 X210.705 Y133.376 E.20918
G1 X210.705 Y132.758 E.02112
G1 X205.758 Y137.705 E.23905
G1 X205.139 Y137.705 E.02112
G1 X210.705 Y132.139 E.26891
G1 X210.705 Y131.521 E.02112
G1 X204.521 Y137.705 E.29877
G1 X203.903 Y137.705 E.02112
G1 X210.705 Y130.903 E.32864
G1 X210.705 Y130.285 E.02112
G1 X203.285 Y137.705 E.3585
G1 X202.667 Y137.705 E.02112
G1 X210.705 Y129.667 E.38837
G1 X210.705 Y129.049 E.02112
G1 X202.049 Y137.705 E.41823
G1 X201.431 Y137.705 E.02112
G1 X210.705 Y128.431 E.44809
G1 X210.705 Y127.813 E.02112
G1 X200.813 Y137.705 E.47796
G1 X200.194 Y137.705 E.02112
G1 X210.705 Y127.194 E.50782
G1 X210.705 Y126.576 E.02112
G1 X199.576 Y137.705 E.53768
G1 X198.958 Y137.705 E.02112
G1 X210.705 Y125.958 E.56755
G1 X210.705 Y125.34 E.02112
G1 X198.34 Y137.705 E.59741
G1 X197.722 Y137.705 E.02112
G1 X210.705 Y124.722 E.62727
G1 X210.705 Y124.104 E.02112
G1 X197.104 Y137.705 E.65714
G1 X196.486 Y137.705 E.02112
G1 X210.705 Y123.486 E.687
G1 X210.705 Y122.868 E.02112
G1 X195.868 Y137.705 E.71686
G1 X195.249 Y137.705 E.02112
G1 X210.705 Y122.249 E.74673
G1 X210.705 Y121.631 E.02112
G1 X194.631 Y137.705 E.77659
G1 X194.013 Y137.705 E.02112
G1 X210.702 Y121.017 E.80629
G2 X210.542 Y120.558 I-.925 J.065 E.01678
G1 X193.395 Y137.705 E.82844
G1 X192.777 Y137.705 E.02112
G1 X210.159 Y120.324 E.83976
G2 X209.57 Y120.295 I-.395 J2.007 E.02021
G1 X192.159 Y137.705 E.84117
G1 X191.541 Y137.705 E.02112
G1 X208.952 Y120.295 E.84117
G1 X208.333 Y120.295 E.02112
G1 X190.923 Y137.705 E.84117
G1 X190.304 Y137.705 E.02112
G1 X207.715 Y120.295 E.84117
G1 X207.097 Y120.295 E.02112
G1 X189.686 Y137.705 E.84117
G1 X189.068 Y137.705 E.02112
G1 X206.479 Y120.295 E.84117
G1 X205.861 Y120.295 E.02112
G1 X188.45 Y137.705 E.84117
G1 X187.832 Y137.705 E.02112
G1 X205.243 Y120.295 E.84117
G1 X204.625 Y120.295 E.02112
G1 X187.214 Y137.705 E.84117
G1 X186.596 Y137.705 E.02112
G1 X204.007 Y120.295 E.84117
G1 X203.388 Y120.295 E.02112
G1 X185.978 Y137.705 E.84117
G1 X185.359 Y137.705 E.02112
G1 X202.77 Y120.295 E.84117
G1 X202.152 Y120.295 E.02112
G1 X184.741 Y137.705 E.84117
G1 X184.123 Y137.705 E.02112
G1 X201.534 Y120.295 E.84117
G1 X200.916 Y120.295 E.02112
G1 X183.505 Y137.705 E.84117
G1 X182.887 Y137.705 E.02112
G1 X200.298 Y120.295 E.84117
G1 X199.68 Y120.295 E.02112
G1 X182.269 Y137.705 E.84117
G1 X181.651 Y137.705 E.02112
G1 X199.062 Y120.295 E.84117
G1 X198.443 Y120.295 E.02112
G1 X181.033 Y137.705 E.84117
G1 X180.415 Y137.705 E.02112
G1 X197.825 Y120.295 E.84117
G1 X197.207 Y120.295 E.02112
G1 X179.796 Y137.705 E.84117
G1 X179.178 Y137.705 E.02112
G1 X196.589 Y120.295 E.84117
G1 X195.971 Y120.295 E.02112
G1 X178.56 Y137.705 E.84117
G1 X177.942 Y137.705 E.02112
G1 X195.353 Y120.295 E.84117
G1 X194.735 Y120.295 E.02112
G1 X177.324 Y137.705 E.84117
G1 X176.706 Y137.705 E.02112
G1 X194.117 Y120.295 E.84117
G1 X193.498 Y120.295 E.02112
G1 X176.088 Y137.705 E.84117
G1 X175.47 Y137.705 E.02112
G1 X192.88 Y120.295 E.84117
G1 X192.262 Y120.295 E.02112
G1 X174.851 Y137.705 E.84117
G1 X174.233 Y137.705 E.02112
G1 X191.644 Y120.295 E.84117
G1 X191.026 Y120.295 E.02112
G1 X173.694 Y137.627 E.83739
G3 X173.38 Y137.322 I.311 J-.633 E.01518
G1 X190.408 Y120.295 E.82266
G1 X189.79 Y120.295 E.02112
G1 X173.295 Y136.79 E.79693
G1 X173.295 Y136.172 E.02112
G1 X189.172 Y120.295 E.76707
G1 X188.553 Y120.295 E.02112
G1 X173.295 Y135.553 E.73721
G1 X173.295 Y134.935 E.02112
G1 X187.935 Y120.295 E.70734
G1 X187.317 Y120.295 E.02112
G1 X173.295 Y134.317 E.67748
G1 X173.295 Y133.699 E.02112
G1 X186.699 Y120.295 E.64762
G1 X186.081 Y120.295 E.02112
G1 X173.295 Y133.081 E.61775
G1 X173.295 Y132.463 E.02112
M73 P67 R11
G1 X185.463 Y120.295 E.58789
G1 X184.845 Y120.295 E.02112
G1 X173.295 Y131.845 E.55802
G1 X173.295 Y131.227 E.02112
G1 X184.227 Y120.295 E.52816
G1 X183.608 Y120.295 E.02112
G1 X173.295 Y130.608 E.4983
G1 X173.295 Y129.99 E.02112
G1 X182.99 Y120.295 E.46843
G1 X182.372 Y120.295 E.02112
G1 X173.295 Y129.372 E.43857
G1 X173.295 Y128.754 E.02112
G1 X181.754 Y120.295 E.40871
G1 X181.136 Y120.295 E.02112
G1 X173.295 Y128.136 E.37884
G1 X173.295 Y127.518 E.02112
G1 X180.518 Y120.295 E.34898
G1 X179.9 Y120.295 E.02112
G1 X173.295 Y126.9 E.31912
G1 X173.295 Y126.282 E.02112
G1 X179.282 Y120.295 E.28925
G1 X178.663 Y120.295 E.02112
G1 X173.295 Y125.663 E.25939
G1 X173.295 Y125.045 E.02112
G1 X178.045 Y120.295 E.22953
G1 X177.427 Y120.295 E.02112
G1 X173.295 Y124.427 E.19966
G1 X173.295 Y123.809 E.02112
G1 X176.809 Y120.295 E.1698
G1 X176.191 Y120.295 E.02112
G1 X173.295 Y123.191 E.13993
G1 X173.295 Y122.573 E.02112
G1 X175.573 Y120.295 E.11007
G1 X174.955 Y120.295 E.02112
G1 X173.295 Y121.955 E.08021
G1 X173.295 Y121.337 E.02112
G1 X174.533 Y120.098 E.05985
; stop printing object flowrate_m6 id:403726925917 copy 0
; printing object flowrate_m7 id:1228360646943 copy 0
G1 E-.5 F900
G1 Z1.6 F30000
G1 X210.181 Y106.024 Z1.6
G1 Z1.4
G1 E.5 F900
;TYPE:Inner wall
;WIDTH:0.4
G1 F10840.628
G3 X209.958 Y106.043 I-.2 J-1.043 E.00617
G1 X174.042 Y106.043 E.99176
G3 X172.957 Y104.958 I-.023 J-1.062 E.04733
G1 X172.957 Y89.042 E.4395
G3 X174.042 Y87.957 I1.062 J-.023 E.04733
G1 X209.958 Y87.957 E.99176
G1 X210.142 Y87.973 E.0051
G3 X211.043 Y89.042 I-.152 J1.042 E.04219
G1 X211.043 Y104.958 E.4395
G3 X210.22 Y106.016 I-1.062 J.023 E.04005
G1 X210.243 Y106.376 F30000
G1 F10840.628
G3 X209.974 Y106.4 I-.261 J-1.394 E.00746
G1 X174.026 Y106.4 E.99262
G3 X172.6 Y104.974 I-.008 J-1.418 E.06195
G1 X172.6 Y89.026 E.44036
G3 X174.026 Y87.6 I1.418 J-.008 E.06195
G1 X209.974 Y87.6 E.99262
G1 X210.173 Y87.617 E.00553
G3 X211.4 Y89.026 I-.182 J1.397 E.05639
G1 X211.4 Y104.974 E.44036
G3 X210.282 Y106.368 I-1.418 J.008 E.05339
SET_VELOCITY_LIMIT ACCEL=5000 ACCEL_TO_DECEL=2500
G1 X210.312 Y106.77 F30000
;TYPE:Outer wall
G1 F10840.628
G3 X209.991 Y106.8 I-.33 J-1.788 E.00891
G1 X174.009 Y106.8 E.99358
G3 X172.2 Y104.991 I.01 J-1.818 E.07834
G1 X172.2 Y89.009 E.44132
G3 X174.009 Y87.2 I1.818 J.01 E.07834
G1 X209.991 Y87.2 E.99358
G1 X210.208 Y87.219 E.00602
G3 X211.8 Y89.009 I-.216 J1.795 E.07229
G1 X211.8 Y104.991 E.44132
G3 X210.351 Y106.762 I-1.818 J-.01 E.06833
SET_VELOCITY_LIMIT ACCEL=10000 ACCEL_TO_DECEL=5000
G1 E-.5 F900
G1 Z1.6 F30000
G1 X209.388 Y105.575 Z1.6
G1 Z1.4
G1 E.5 F900
;TYPE:Internal solid infill
;WIDTH:0.624486
G1 F6656.115
G1 X209.947 Y105.574 E.02517
G1 X210.283 Y105.49 E.01556
G1 X210.458 Y105.318 E.01103
G2 X210.573 Y104.909 I-.656 J-.406 E.01935
G1 X210.573 Y104.393 E.02323
G3 X209.416 Y105.547 I-243.323 J-242.749 E.07348
G1 X208.651 Y105.902 F30000
;WIDTH:0.479999
G1 F8220
G1 X210.705 Y103.848 E.09818
G1 X210.705 Y103.23 E.02089
G1 X208.23 Y105.705 E.11832
G1 X207.612 Y105.705 E.02089
G1 X210.705 Y102.612 E.14787
G1 X210.705 Y101.994 E.02089
G1 X206.994 Y105.705 E.17741
G1 X206.376 Y105.705 E.02089
G1 X210.705 Y101.376 E.20696
G1 X210.705 Y100.758 E.02089
G1 X205.758 Y105.705 E.2365
G1 X205.139 Y105.705 E.02089
G1 X210.705 Y100.139 E.26605
G1 X210.705 Y99.521 E.02089
G1 X204.521 Y105.705 E.2956
G1 X203.903 Y105.705 E.02089
G1 X210.705 Y98.903 E.32514
G1 X210.705 Y98.285 E.02089
G1 X203.285 Y105.705 E.35469
G1 X202.667 Y105.705 E.02089
G1 X210.705 Y97.667 E.38423
G1 X210.705 Y97.049 E.02089
G1 X202.049 Y105.705 E.41378
G1 X201.431 Y105.705 E.02089
G1 X210.705 Y96.431 E.44333
G1 X210.705 Y95.813 E.02089
G1 X200.813 Y105.705 E.47287
G1 X200.194 Y105.705 E.02089
G1 X210.705 Y95.194 E.50242
G1 X210.705 Y94.576 E.02089
G1 X199.576 Y105.705 E.53196
G1 X198.958 Y105.705 E.02089
G1 X210.705 Y93.958 E.56151
G1 X210.705 Y93.34 E.02089
G1 X198.34 Y105.705 E.59105
G1 X197.722 Y105.705 E.02089
G1 X210.705 Y92.722 E.6206
G1 X210.705 Y92.104 E.02089
G1 X197.104 Y105.705 E.65015
G1 X196.486 Y105.705 E.02089
G1 X210.705 Y91.486 E.67969
G1 X210.705 Y90.868 E.02089
G1 X195.868 Y105.705 E.70924
G1 X195.249 Y105.705 E.02089
G1 X210.705 Y90.249 E.73878
G1 X210.705 Y89.631 E.02089
G1 X194.631 Y105.705 E.76833
G1 X194.013 Y105.705 E.02089
G1 X210.702 Y89.017 E.79771
G2 X210.542 Y88.558 I-.925 J.065 E.01661
G1 X193.395 Y105.705 E.81963
G1 X192.777 Y105.705 E.02089
G1 X210.159 Y88.324 E.83083
G2 X209.57 Y88.295 I-.395 J2.007 E.02
G1 X192.159 Y105.705 E.83223
G1 X191.541 Y105.705 E.02089
G1 X208.952 Y88.295 E.83223
G1 X208.333 Y88.295 E.02089
G1 X190.923 Y105.705 E.83223
G1 X190.304 Y105.705 E.02089
M73 P67 R10
G1 X207.715 Y88.295 E.83223
G1 X207.097 Y88.295 E.02089
G1 X189.686 Y105.705 E.83223
G1 X189.068 Y105.705 E.02089
G1 X206.479 Y88.295 E.83223
G1 X205.861 Y88.295 E.02089
G1 X188.45 Y105.705 E.83223
G1 X187.832 Y105.705 E.02089
G1 X205.243 Y88.295 E.83223
G1 X204.625 Y88.295 E.02089
G1 X187.214 Y105.705 E.83223
G1 X186.596 Y105.705 E.02089
G1 X204.007 Y88.295 E.83223
G1 X203.388 Y88.295 E.02089
G1 X185.978 Y105.705 E.83223
G1 X185.359 Y105.705 E.02089
G1 X202.77 Y88.295 E.83223
G1 X202.152 Y88.295 E.02089
G1 X184.741 Y105.705 E.83223
G1 X184.123 Y105.705 E.02089
G1 X201.534 Y88.295 E.83223
G1 X200.916 Y88.295 E.02089
G1 X183.505 Y105.705 E.83223
G1 X182.887 Y105.705 E.02089
G1 X200.298 Y88.295 E.83223
G1 X199.68 Y88.295 E.02089
G1 X182.269 Y105.705 E.83223
G1 X181.651 Y105.705 E.02089
G1 X199.062 Y88.295 E.83223
G1 X198.443 Y88.295 E.02089
G1 X181.033 Y105.705 E.83223
G1 X180.415 Y105.705 E.02089
G1 X197.825 Y88.295 E.83223
G1 X197.207 Y88.295 E.02089
G1 X179.796 Y105.705 E.83223
G1 X179.178 Y105.705 E.02089
G1 X196.589 Y88.295 E.83223
G1 X195.971 Y88.295 E.02089
G1 X178.56 Y105.705 E.83223
G1 X177.942 Y105.705 E.02089
G1 X195.353 Y88.295 E.83223
G1 X194.735 Y88.295 E.02089
G1 X177.324 Y105.705 E.83223
G1 X176.706 Y105.705 E.02089
G1 X194.117 Y88.295 E.83223
G1 X193.498 Y88.295 E.02089
G1 X176.088 Y105.705 E.83223
G1 X175.47 Y105.705 E.02089
G1 X192.88 Y88.295 E.83223
G1 X192.262 Y88.295 E.02089
G1 X174.851 Y105.705 E.83223
G1 X174.233 Y105.705 E.02089
G1 X191.644 Y88.295 E.83223
G1 X191.026 Y88.295 E.02089
G1 X173.694 Y105.627 E.82848
G3 X173.38 Y105.322 I.311 J-.633 E.01502
G1 X190.408 Y88.295 E.81391
G1 X189.79 Y88.295 E.02089
G1 X173.295 Y104.79 E.78846
G1 X173.295 Y104.172 E.02089
G1 X189.172 Y88.295 E.75891
G1 X188.553 Y88.295 E.02089
G1 X173.295 Y103.553 E.72936
G1 X173.295 Y102.935 E.02089
G1 X187.935 Y88.295 E.69982
G1 X187.317 Y88.295 E.02089
G1 X173.295 Y102.317 E.67027
G1 X173.295 Y101.699 E.02089
G1 X186.699 Y88.295 E.64073
G1 X186.081 Y88.295 E.02089
G1 X173.295 Y101.081 E.61118
G1 X173.295 Y100.463 E.02089
G1 X185.463 Y88.295 E.58163
G1 X184.845 Y88.295 E.02089
G1 X173.295 Y99.845 E.55209
G1 X173.295 Y99.227 E.02089
G1 X184.227 Y88.295 E.52254
G1 X183.608 Y88.295 E.02089
G1 X173.295 Y98.608 E.493
G1 X173.295 Y97.99 E.02089
G1 X182.99 Y88.295 E.46345
G1 X182.372 Y88.295 E.02089
G1 X173.295 Y97.372 E.43391
G1 X173.295 Y96.754 E.02089
G1 X181.754 Y88.295 E.40436
G1 X181.136 Y88.295 E.02089
G1 X173.295 Y96.136 E.37481
G1 X173.295 Y95.518 E.02089
G1 X180.518 Y88.295 E.34527
G1 X179.9 Y88.295 E.02089
G1 X173.295 Y94.9 E.31572
G1 X173.295 Y94.282 E.02089
G1 X179.282 Y88.295 E.28618
G1 X178.664 Y88.295 E.02089
G1 X173.295 Y93.663 E.25663
G1 X173.295 Y93.045 E.02089
G1 X178.045 Y88.295 E.22708
G1 X177.427 Y88.295 E.02089
G1 X173.295 Y92.427 E.19754
G1 X173.295 Y91.809 E.02089
G1 X176.809 Y88.295 E.16799
G1 X176.191 Y88.295 E.02089
G1 X173.295 Y91.191 E.13845
G1 X173.295 Y90.573 E.02089
G1 X175.573 Y88.295 E.1089
G1 X174.955 Y88.295 E.02089
G1 X173.295 Y89.955 E.07935
G1 X173.295 Y89.337 E.02089
G1 X174.533 Y88.098 E.05921
; stop printing object flowrate_m7 id:1228360646943 copy 0
; printing object flowrate_m8 id:1344324764009 copy 0
G1 E-.5 F900
G1 Z1.6 F30000
G1 X168.181 Y106.024 Z1.6
G1 Z1.4
G1 E.5 F900
;TYPE:Inner wall
;WIDTH:0.4
G1 F10958.461
G3 X167.958 Y106.043 I-.2 J-1.043 E.00611
G1 X132.042 Y106.043 E.98109
G3 X130.957 Y104.958 I-.023 J-1.062 E.04682
G1 X130.957 Y89.042 E.43477
G3 X132.042 Y87.957 I1.062 J-.023 E.04682
G1 X167.958 Y87.957 E.98109
G1 X168.142 Y87.973 E.00505
G3 X169.043 Y89.042 I-.152 J1.042 E.04174
G1 X169.043 Y104.958 E.43477
G3 X168.22 Y106.016 I-1.062 J.023 E.03962
G1 X168.243 Y106.376 F30000
G1 F10958.461
G3 X167.974 Y106.4 I-.261 J-1.394 E.00738
G1 X132.026 Y106.4 E.98194
G3 X130.6 Y104.974 I-.008 J-1.418 E.06129
G1 X130.6 Y89.026 E.43562
G3 X132.026 Y87.6 I1.418 J-.008 E.06129
G1 X167.974 Y87.6 E.98194
G1 X168.173 Y87.617 E.00547
G3 X169.4 Y89.026 I-.182 J1.397 E.05578
G1 X169.4 Y104.974 E.43562
G3 X168.282 Y106.368 I-1.418 J.008 E.05281
SET_VELOCITY_LIMIT ACCEL=5000 ACCEL_TO_DECEL=2500
G1 X168.312 Y106.77 F30000
;TYPE:Outer wall
G1 F10958.461
G3 X167.991 Y106.8 I-.33 J-1.788 E.00881
G1 X132.009 Y106.8 E.9829
G3 X130.2 Y104.991 I.01 J-1.818 E.0775
G1 X130.2 Y89.009 E.43658
G3 X132.009 Y87.2 I1.818 J.01 E.0775
G1 X167.991 Y87.2 E.9829
G1 X168.208 Y87.219 E.00595
M73 P68 R10
G3 X169.8 Y89.009 I-.216 J1.795 E.07151
G1 X169.8 Y104.991 E.43658
G3 X168.351 Y106.762 I-1.818 J-.01 E.06759
SET_VELOCITY_LIMIT ACCEL=10000 ACCEL_TO_DECEL=5000
G1 E-.5 F900
G1 Z1.6 F30000
G1 X167.388 Y105.575 Z1.6
G1 Z1.4
G1 E.5 F900
;TYPE:Internal solid infill
;WIDTH:0.624487
G1 F6728.456
G1 X167.947 Y105.574 E.0249
G1 X168.283 Y105.49 E.01539
G1 X168.458 Y105.318 E.01091
G2 X168.573 Y104.909 I-.656 J-.406 E.01914
G1 X168.573 Y104.393 E.02298
G3 X167.416 Y105.547 I-243.237 J-242.663 E.07269
G1 X166.651 Y105.902 F30000
;WIDTH:0.479999
G1 F8220
G1 X168.705 Y103.848 E.09712
G1 X168.705 Y103.23 E.02067
G1 X166.23 Y105.705 E.11705
G1 X165.612 Y105.705 E.02067
G1 X168.705 Y102.612 E.14628
G1 X168.705 Y101.994 E.02067
G1 X164.994 Y105.705 E.1755
G1 X164.376 Y105.705 E.02067
G1 X168.705 Y101.376 E.20473
G1 X168.705 Y100.758 E.02067
G1 X163.758 Y105.705 E.23396
G1 X163.139 Y105.705 E.02067
G1 X168.705 Y100.139 E.26319
G1 X168.705 Y99.521 E.02067
G1 X162.521 Y105.705 E.29242
G1 X161.903 Y105.705 E.02067
G1 X168.705 Y98.903 E.32165
G1 X168.705 Y98.285 E.02067
G1 X161.285 Y105.705 E.35087
G1 X160.667 Y105.705 E.02067
G1 X168.705 Y97.667 E.3801
G1 X168.705 Y97.049 E.02067
G1 X160.049 Y105.705 E.40933
G1 X159.431 Y105.705 E.02067
G1 X168.705 Y96.431 E.43856
G1 X168.705 Y95.813 E.02067
G1 X158.813 Y105.705 E.46779
G1 X158.194 Y105.705 E.02067
G1 X168.705 Y95.194 E.49701
G1 X168.705 Y94.576 E.02067
G1 X157.576 Y105.705 E.52624
G1 X156.958 Y105.705 E.02067
G1 X168.705 Y93.958 E.55547
G1 X168.705 Y93.34 E.02067
G1 X156.34 Y105.705 E.5847
G1 X155.722 Y105.705 E.02067
G1 X168.705 Y92.722 E.61393
G1 X168.705 Y92.104 E.02067
G1 X155.104 Y105.705 E.64316
G1 X154.486 Y105.705 E.02067
G1 X168.705 Y91.486 E.67238
G1 X168.705 Y90.868 E.02067
G1 X153.868 Y105.705 E.70161
G1 X153.249 Y105.705 E.02067
G1 X168.705 Y90.249 E.73084
G1 X168.705 Y89.631 E.02067
G1 X152.631 Y105.705 E.76007
G1 X152.013 Y105.705 E.02067
G1 X168.702 Y89.017 E.78913
G2 X168.542 Y88.558 I-.925 J.065 E.01643
G1 X151.395 Y105.705 E.81082
G1 X150.777 Y105.705 E.02067
G1 X168.159 Y88.324 E.8219
G2 X167.57 Y88.295 I-.395 J2.007 E.01978
G1 X150.159 Y105.705 E.82328
G1 X149.541 Y105.705 E.02067
G1 X166.952 Y88.295 E.82328
G1 X166.333 Y88.295 E.02067
G1 X148.923 Y105.705 E.82328
G1 X148.304 Y105.705 E.02067
G1 X165.715 Y88.295 E.82328
G1 X165.097 Y88.295 E.02067
G1 X147.686 Y105.705 E.82328
G1 X147.068 Y105.705 E.02067
G1 X164.479 Y88.295 E.82328
G1 X163.861 Y88.295 E.02067
G1 X146.45 Y105.705 E.82328
G1 X145.832 Y105.705 E.02067
G1 X163.243 Y88.295 E.82328
G1 X162.625 Y88.295 E.02067
G1 X145.214 Y105.705 E.82328
G1 X144.596 Y105.705 E.02067
G1 X162.007 Y88.295 E.82328
G1 X161.388 Y88.295 E.02067
G1 X143.978 Y105.705 E.82328
G1 X143.359 Y105.705 E.02067
G1 X160.77 Y88.295 E.82328
G1 X160.152 Y88.295 E.02067
G1 X142.741 Y105.705 E.82328
G1 X142.123 Y105.705 E.02067
G1 X159.534 Y88.295 E.82328
G1 X158.916 Y88.295 E.02067
G1 X141.505 Y105.705 E.82328
G1 X140.887 Y105.705 E.02067
G1 X158.298 Y88.295 E.82328
G1 X157.68 Y88.295 E.02067
G1 X140.269 Y105.705 E.82328
G1 X139.651 Y105.705 E.02067
G1 X157.062 Y88.295 E.82328
G1 X156.443 Y88.295 E.02067
G1 X139.033 Y105.705 E.82328
G1 X138.415 Y105.705 E.02067
G1 X155.825 Y88.295 E.82328
G1 X155.207 Y88.295 E.02067
G1 X137.796 Y105.705 E.82328
G1 X137.178 Y105.705 E.02067
G1 X154.589 Y88.295 E.82328
G1 X153.971 Y88.295 E.02067
G1 X136.56 Y105.705 E.82328
G1 X135.942 Y105.705 E.02067
G1 X153.353 Y88.295 E.82328
G1 X152.735 Y88.295 E.02067
G1 X135.324 Y105.705 E.82328
G1 X134.706 Y105.705 E.02067
G1 X152.117 Y88.295 E.82328
G1 X151.498 Y88.295 E.02067
G1 X134.088 Y105.705 E.82328
G1 X133.47 Y105.705 E.02067
G1 X150.88 Y88.295 E.82328
G1 X150.262 Y88.295 E.02067
G1 X132.851 Y105.705 E.82328
G1 X132.233 Y105.705 E.02067
G1 X149.644 Y88.295 E.82328
G1 X149.026 Y88.295 E.02067
G1 X131.694 Y105.627 E.81957
G3 X131.38 Y105.322 I.311 J-.633 E.01486
G1 X148.408 Y88.295 E.80515
G1 X147.79 Y88.295 E.02067
G1 X131.295 Y104.79 E.77998
G1 X131.295 Y104.172 E.02067
G1 X147.172 Y88.295 E.75075
G1 X146.553 Y88.295 E.02067
G1 X131.295 Y103.553 E.72152
G1 X131.295 Y102.935 E.02067
G1 X145.935 Y88.295 E.69229
G1 X145.317 Y88.295 E.02067
G1 X131.295 Y102.317 E.66306
G1 X131.295 Y101.699 E.02067
G1 X144.699 Y88.295 E.63384
G1 X144.081 Y88.295 E.02067
G1 X131.295 Y101.081 E.60461
G1 X131.295 Y100.463 E.02067
G1 X143.463 Y88.295 E.57538
G1 X142.845 Y88.295 E.02067
G1 X131.295 Y99.845 E.54615
G1 X131.295 Y99.227 E.02067
G1 X142.227 Y88.295 E.51692
G1 X141.608 Y88.295 E.02067
G1 X131.295 Y98.608 E.4877
G1 X131.295 Y97.99 E.02067
G1 X140.99 Y88.295 E.45847
G1 X140.372 Y88.295 E.02067
G1 X131.295 Y97.372 E.42924
G1 X131.295 Y96.754 E.02067
G1 X139.754 Y88.295 E.40001
G1 X139.136 Y88.295 E.02067
G1 X131.295 Y96.136 E.37078
G1 X131.295 Y95.518 E.02067
G1 X138.518 Y88.295 E.34155
G1 X137.9 Y88.295 E.02067
G1 X131.295 Y94.9 E.31233
G1 X131.295 Y94.282 E.02067
G1 X137.282 Y88.295 E.2831
G1 X136.663 Y88.295 E.02067
G1 X131.295 Y93.663 E.25387
G1 X131.295 Y93.045 E.02067
G1 X136.045 Y88.295 E.22464
G1 X135.427 Y88.295 E.02067
G1 X131.295 Y92.427 E.19541
G1 X131.295 Y91.809 E.02067
G1 X134.809 Y88.295 E.16619
G1 X134.191 Y88.295 E.02067
G1 X131.295 Y91.191 E.13696
G1 X131.295 Y90.573 E.02067
G1 X133.573 Y88.295 E.10773
G1 X132.955 Y88.295 E.02067
G1 X131.295 Y89.955 E.0785
G1 X131.295 Y89.337 E.02067
G1 X132.533 Y88.098 E.05857
; stop printing object flowrate_m8 id:1344324764009 copy 0
; printing object flowrate_m5 id:0 copy 0
G1 E-.5 F900
G1 Z1.6 F30000
G1 X168.181 Y138.024 Z1.6
G1 Z1.4
G1 E.5 F900
;TYPE:Inner wall
;WIDTH:0.4
G1 F10612.404
G3 X167.958 Y138.043 I-.2 J-1.043 E.00631
G1 X132.042 Y138.043 E1.01308
G3 X130.957 Y136.958 I-.023 J-1.062 E.04835
G1 X130.957 Y121.042 E.44895
G3 X132.042 Y119.957 I1.062 J-.023 E.04835
G1 X167.958 Y119.957 E1.01309
G1 X168.142 Y119.973 E.00521
G3 X169.043 Y121.042 I-.152 J1.042 E.0431
G1 X169.043 Y136.958 E.44895
G3 X168.22 Y138.016 I-1.062 J.023 E.04091
G1 X168.243 Y138.376 F30000
G1 F10612.404
G3 X167.974 Y138.4 I-.261 J-1.394 E.00762
G1 X132.026 Y138.4 E1.01396
G3 X130.6 Y136.974 I-.008 J-1.418 E.06329
G1 X130.6 Y121.026 E.44983
G3 X132.026 Y119.6 I1.418 J-.008 E.06329
G1 X167.974 Y119.6 E1.01396
G1 X168.173 Y119.617 E.00565
G3 X169.4 Y121.026 I-.182 J1.397 E.0576
G1 X169.4 Y136.974 E.44983
G3 X168.282 Y138.368 I-1.418 J.008 E.05453
SET_VELOCITY_LIMIT ACCEL=5000 ACCEL_TO_DECEL=2500
G1 X168.312 Y138.77 F30000
;TYPE:Outer wall
G1 F10612.404
G3 X167.991 Y138.8 I-.33 J-1.788 E.0091
G1 X132.009 Y138.8 E1.01495
G3 X130.2 Y136.991 I.01 J-1.818 E.08002
G1 X130.2 Y121.009 E.45081
G3 X132.009 Y119.2 I1.818 J.01 E.08002
G1 X167.991 Y119.2 E1.01495
G1 X168.208 Y119.219 E.00615
G3 X169.8 Y121.009 I-.216 J1.795 E.07384
G1 X169.8 Y136.991 E.45081
G3 X168.351 Y138.762 I-1.818 J-.01 E.0698
SET_VELOCITY_LIMIT ACCEL=10000 ACCEL_TO_DECEL=5000
G1 E-.5 F900
G1 Z1.6 F30000
G1 X167.388 Y137.575 Z1.6
G1 Z1.4
G1 E.5 F900
;TYPE:Internal solid infill
;WIDTH:0.624487
G1 F6515.975
G1 X167.947 Y137.574 E.02571
G1 X168.283 Y137.49 E.01589
G1 X168.458 Y137.318 E.01127
G2 X168.573 Y136.909 I-.656 J-.405 E.01976
G1 X168.573 Y136.393 E.02373
G3 X167.416 Y137.547 I-243.148 J-242.573 E.07506
G1 X166.651 Y137.902 F30000
;WIDTH:0.479999
G1 F8220
G1 X168.705 Y135.848 E.10029
G1 X168.705 Y135.23 E.02134
G1 X166.23 Y137.705 E.12087
G1 X165.612 Y137.705 E.02134
G1 X168.705 Y134.612 E.15105
G1 X168.705 Y133.994 E.02134
G1 X164.994 Y137.705 E.18123
G1 X164.376 Y137.705 E.02134
G1 X168.705 Y133.376 E.21141
G1 X168.705 Y132.758 E.02134
G1 X163.758 Y137.705 E.24159
G1 X163.139 Y137.705 E.02134
G1 X168.705 Y132.139 E.27177
G1 X168.705 Y131.521 E.02134
G1 X162.521 Y137.705 E.30195
G1 X161.903 Y137.705 E.02134
G1 X168.705 Y130.903 E.33213
G1 X168.705 Y130.285 E.02134
G1 X161.285 Y137.705 E.36232
G1 X160.667 Y137.705 E.02134
G1 X168.705 Y129.667 E.3925
G1 X168.705 Y129.049 E.02134
G1 X160.049 Y137.705 E.42268
G1 X159.431 Y137.705 E.02134
G1 X168.705 Y128.431 E.45286
G1 X168.705 Y127.813 E.02134
G1 X158.813 Y137.705 E.48304
G1 X158.194 Y137.705 E.02134
G1 X168.705 Y127.194 E.51322
G1 X168.705 Y126.576 E.02134
G1 X157.576 Y137.705 E.5434
G1 X156.958 Y137.705 E.02134
G1 X168.705 Y125.958 E.57358
G1 X168.705 Y125.34 E.02134
G1 X156.34 Y137.705 E.60377
G1 X155.722 Y137.705 E.02134
G1 X168.705 Y124.722 E.63395
G1 X168.705 Y124.104 E.02134
G1 X155.104 Y137.705 E.66413
G1 X154.486 Y137.705 E.02134
G1 X168.705 Y123.486 E.69431
G1 X168.705 Y122.868 E.02134
G1 X153.868 Y137.705 E.72449
G1 X153.249 Y137.705 E.02134
G1 X168.705 Y122.249 E.75467
G1 X168.705 Y121.631 E.02134
G1 X152.631 Y137.705 E.78485
G1 X152.013 Y137.705 E.02134
G1 X168.702 Y121.017 E.81486
G2 X168.542 Y120.558 I-.925 J.065 E.01696
G1 X151.395 Y137.705 E.83726
G1 X150.777 Y137.705 E.02134
G1 X168.159 Y120.324 E.8487
G2 X167.57 Y120.295 I-.395 J2.007 E.02043
G1 X150.159 Y137.705 E.85012
G1 X149.541 Y137.705 E.02134
G1 X166.952 Y120.295 E.85012
G1 X166.333 Y120.295 E.02134
M73 P69 R10
G1 X148.923 Y137.705 E.85012
G1 X148.304 Y137.705 E.02134
G1 X165.715 Y120.295 E.85012
G1 X165.097 Y120.295 E.02134
G1 X147.686 Y137.705 E.85012
G1 X147.068 Y137.705 E.02134
G1 X164.479 Y120.295 E.85012
G1 X163.861 Y120.295 E.02134
G1 X146.45 Y137.705 E.85012
G1 X145.832 Y137.705 E.02134
G1 X163.243 Y120.295 E.85012
G1 X162.625 Y120.295 E.02134
G1 X145.214 Y137.705 E.85012
G1 X144.596 Y137.705 E.02134
G1 X162.007 Y120.295 E.85012
G1 X161.388 Y120.295 E.02134
G1 X143.978 Y137.705 E.85012
G1 X143.359 Y137.705 E.02134
G1 X160.77 Y120.295 E.85012
G1 X160.152 Y120.295 E.02134
G1 X142.741 Y137.705 E.85012
G1 X142.123 Y137.705 E.02134
G1 X159.534 Y120.295 E.85012
G1 X158.916 Y120.295 E.02134
G1 X141.505 Y137.705 E.85012
G1 X140.887 Y137.705 E.02134
G1 X158.298 Y120.295 E.85012
G1 X157.68 Y120.295 E.02134
G1 X140.269 Y137.705 E.85012
G1 X139.651 Y137.705 E.02134
G1 X157.062 Y120.295 E.85012
G1 X156.443 Y120.295 E.02134
G1 X139.033 Y137.705 E.85012
G1 X138.415 Y137.705 E.02134
G1 X155.825 Y120.295 E.85012
G1 X155.207 Y120.295 E.02134
G1 X137.796 Y137.705 E.85012
G1 X137.178 Y137.705 E.02134
G1 X154.589 Y120.295 E.85012
G1 X153.971 Y120.295 E.02134
G1 X136.56 Y137.705 E.85012
G1 X135.942 Y137.705 E.02134
G1 X153.353 Y120.295 E.85012
G1 X152.735 Y120.295 E.02134
G1 X135.324 Y137.705 E.85012
G1 X134.706 Y137.705 E.02134
G1 X152.117 Y120.295 E.85012
G1 X151.498 Y120.295 E.02134
G1 X134.088 Y137.705 E.85012
G1 X133.47 Y137.705 E.02134
G1 X150.88 Y120.295 E.85012
G1 X150.262 Y120.295 E.02134
G1 X132.851 Y137.705 E.85012
G1 X132.233 Y137.705 E.02134
G1 X149.644 Y120.295 E.85012
G1 X149.026 Y120.295 E.02134
G1 X131.694 Y137.627 E.8463
G3 X131.38 Y137.322 I.311 J-.633 E.01534
G1 X148.408 Y120.295 E.83141
G1 X147.79 Y120.295 E.02134
G1 X131.295 Y136.79 E.80541
G1 X131.295 Y136.172 E.02134
G1 X147.172 Y120.295 E.77523
G1 X146.553 Y120.295 E.02134
G1 X131.295 Y135.553 E.74505
G1 X131.295 Y134.935 E.02134
G1 X145.935 Y120.295 E.71487
G1 X145.317 Y120.295 E.02134
G1 X131.295 Y134.317 E.68469
G1 X131.295 Y133.699 E.02134
G1 X144.699 Y120.295 E.65451
G1 X144.081 Y120.295 E.02134
G1 X131.295 Y133.081 E.62432
G1 X131.295 Y132.463 E.02134
G1 X143.463 Y120.295 E.59414
G1 X142.845 Y120.295 E.02134
G1 X131.295 Y131.845 E.56396
G1 X131.295 Y131.227 E.02134
G1 X142.227 Y120.295 E.53378
G1 X141.608 Y120.295 E.02134
G1 X131.295 Y130.608 E.5036
G1 X131.295 Y129.99 E.02134
G1 X140.99 Y120.295 E.47342
G1 X140.372 Y120.295 E.02134
G1 X131.295 Y129.372 E.44324
G1 X131.295 Y128.754 E.02134
G1 X139.754 Y120.295 E.41306
G1 X139.136 Y120.295 E.02134
G1 X131.295 Y128.136 E.38287
G1 X131.295 Y127.518 E.02134
G1 X138.518 Y120.295 E.35269
G1 X137.9 Y120.295 E.02134
G1 X131.295 Y126.9 E.32251
G1 X131.295 Y126.282 E.02134
G1 X137.282 Y120.295 E.29233
G1 X136.663 Y120.295 E.02134
G1 X131.295 Y125.663 E.26215
G1 X131.295 Y125.045 E.02134
G1 X136.045 Y120.295 E.23197
G1 X135.427 Y120.295 E.02134
G1 X131.295 Y124.427 E.20179
G1 X131.295 Y123.809 E.02134
G1 X134.809 Y120.295 E.1716
G1 X134.191 Y120.295 E.02134
G1 X131.295 Y123.191 E.14142
G1 X131.295 Y122.573 E.02134
G1 X133.573 Y120.295 E.11124
G1 X132.955 Y120.295 E.02134
G1 X131.295 Y121.955 E.08106
G1 X131.295 Y121.337 E.02134
G1 X132.533 Y120.098 E.06048
; stop printing object flowrate_m5 id:0 copy 0
; printing object flowrate_m2 id:8247625146344371234 copy 0
G1 E-.5 F900
G1 Z1.6 F30000
G1 X168.181 Y170.024 Z1.6
G1 Z1.4
G1 E.5 F900
;TYPE:Inner wall
;WIDTH:0.4
G1 F10287.535
G3 X167.958 Y170.043 I-.2 J-1.043 E.00651
G1 X132.042 Y170.043 E1.04508
G3 X130.957 Y168.958 I-.023 J-1.062 E.04987
G1 X130.957 Y153.042 E.46313
G3 X132.042 Y151.957 I1.057 J-.028 E.04994
G1 X167.958 Y151.957 E1.04508
G1 X168.142 Y151.973 E.00538
G3 X169.043 Y153.042 I-.152 J1.042 E.04446
G1 X169.043 Y168.958 E.46313
G3 X168.22 Y170.016 I-1.062 J.023 E.04221
G1 X168.243 Y170.376 F30000
G1 F10287.535
G3 X167.974 Y170.4 I-.261 J-1.394 E.00786
G1 X132.026 Y170.4 E1.04598
G3 X130.6 Y168.974 I-.008 J-1.418 E.06528
G1 X130.6 Y153.026 E.46404
G3 X130.669 Y152.589 I1.274 J-.024 E.01294
G3 X132.026 Y151.6 I1.345 J.42 E.05236
G1 X167.974 Y151.6 E1.04598
G1 X168.173 Y151.617 E.00583
G3 X169.4 Y153.026 I-.182 J1.397 E.05942
G1 X169.4 Y168.974 E.46403
G3 X168.282 Y170.368 I-1.418 J.008 E.05626
SET_VELOCITY_LIMIT ACCEL=5000 ACCEL_TO_DECEL=2500
G1 X168.312 Y170.77 F30000
;TYPE:Outer wall
G1 F10287.535
G3 X167.991 Y170.8 I-.33 J-1.788 E.00939
G1 X132.009 Y170.8 E1.047
G3 X130.2 Y168.991 I.01 J-1.818 E.08255
G1 X130.2 Y153.009 E.46505
G3 X132.009 Y151.2 I1.805 J-.004 E.08272
G1 X167.991 Y151.2 E1.047
G1 X168.208 Y151.219 E.00634
G3 X169.8 Y153.009 I-.216 J1.795 E.07617
G1 X169.8 Y168.991 E.46505
G3 X168.351 Y170.762 I-1.818 J-.01 E.072
SET_VELOCITY_LIMIT ACCEL=10000 ACCEL_TO_DECEL=5000
G1 E-.5 F900
G1 Z1.6 F30000
G1 X167.388 Y169.575 Z1.6
G1 Z1.4
G1 E.5 F900
;TYPE:Internal solid infill
;WIDTH:0.624486
G1 F6316.518
G1 X167.948 Y169.574 E.02652
G1 X168.283 Y169.49 E.01639
G1 X168.458 Y169.318 E.01163
G2 X168.573 Y168.909 I-.656 J-.406 E.02039
G1 X168.573 Y168.393 E.02448
G3 X167.416 Y169.547 I-243.06 J-242.485 E.07743
G1 X166.651 Y169.902 F30000
;WIDTH:0.479999
G1 F8220
G1 X168.705 Y167.848 E.10345
G1 X168.705 Y167.23 E.02202
G1 X166.23 Y169.705 E.12468
G1 X165.612 Y169.705 E.02202
G1 X168.705 Y166.612 E.15582
G1 X168.705 Y165.994 E.02202
G1 X164.994 Y169.705 E.18695
G1 X164.376 Y169.705 E.02202
G1 X168.705 Y165.376 E.21809
G1 X168.705 Y164.758 E.02202
G1 X163.758 Y169.705 E.24922
G1 X163.139 Y169.705 E.02202
G1 X168.705 Y164.139 E.28035
G1 X168.705 Y163.521 E.02202
G1 X162.521 Y169.705 E.31149
G1 X161.903 Y169.705 E.02202
G1 X168.705 Y162.903 E.34262
G1 X168.705 Y162.285 E.02202
G1 X161.285 Y169.705 E.37376
G1 X160.667 Y169.705 E.02202
G1 X168.705 Y161.667 E.40489
G1 X168.705 Y161.049 E.02202
G1 X160.049 Y169.705 E.43603
G1 X159.431 Y169.705 E.02202
G1 X168.705 Y160.431 E.46716
G1 X168.705 Y159.813 E.02202
G1 X158.813 Y169.705 E.49829
G1 X158.194 Y169.705 E.02202
G1 X168.705 Y159.194 E.52943
G1 X168.705 Y158.576 E.02202
G1 X157.576 Y169.705 E.56056
G1 X156.958 Y169.705 E.02202
G1 X168.705 Y157.958 E.5917
G1 X168.705 Y157.34 E.02202
G1 X156.34 Y169.705 E.62283
G1 X155.722 Y169.705 E.02202
G1 X168.705 Y156.722 E.65397
G1 X168.705 Y156.104 E.02202
G1 X155.104 Y169.705 E.6851
G1 X154.486 Y169.705 E.02202
G1 X168.705 Y155.486 E.71624
G1 X168.705 Y154.868 E.02202
G1 X153.868 Y169.705 E.74737
G1 X153.249 Y169.705 E.02202
G1 X168.705 Y154.249 E.7785
G1 X168.705 Y153.631 E.02202
G1 X152.631 Y169.705 E.80964
G1 X152.013 Y169.705 E.02202
G1 X168.702 Y153.017 E.8406
G2 X168.542 Y152.558 I-.925 J.065 E.0175
G1 X151.395 Y169.705 E.8637
G1 X150.777 Y169.705 E.02202
G1 X168.159 Y152.324 E.8755
G2 X167.57 Y152.295 I-.395 J2.007 E.02107
G1 X150.159 Y169.705 E.87697
G1 X149.541 Y169.705 E.02202
G1 X166.952 Y152.295 E.87697
G1 X166.333 Y152.295 E.02202
G1 X148.923 Y169.705 E.87697
G1 X148.304 Y169.705 E.02202
G1 X165.715 Y152.295 E.87697
G1 X165.097 Y152.295 E.02202
G1 X147.686 Y169.705 E.87697
G1 X147.068 Y169.705 E.02202
G1 X164.479 Y152.295 E.87697
G1 X163.861 Y152.295 E.02202
G1 X146.45 Y169.705 E.87697
G1 X145.832 Y169.705 E.02202
G1 X163.243 Y152.295 E.87697
G1 X162.625 Y152.295 E.02202
G1 X145.214 Y169.705 E.87697
G1 X144.596 Y169.705 E.02202
G1 X162.007 Y152.295 E.87697
G1 X161.388 Y152.295 E.02202
G1 X143.978 Y169.705 E.87697
G1 X143.359 Y169.705 E.02202
G1 X160.77 Y152.295 E.87697
G1 X160.152 Y152.295 E.02202
G1 X142.741 Y169.705 E.87697
G1 X142.123 Y169.705 E.02202
G1 X159.534 Y152.295 E.87697
G1 X158.916 Y152.295 E.02202
G1 X141.505 Y169.705 E.87697
G1 X140.887 Y169.705 E.02202
G1 X158.298 Y152.295 E.87697
G1 X157.68 Y152.295 E.02202
G1 X140.269 Y169.705 E.87697
G1 X139.651 Y169.705 E.02202
G1 X157.062 Y152.295 E.87697
G1 X156.443 Y152.295 E.02202
G1 X139.033 Y169.705 E.87697
G1 X138.415 Y169.705 E.02202
G1 X155.825 Y152.295 E.87697
G1 X155.207 Y152.295 E.02202
G1 X137.796 Y169.705 E.87697
G1 X137.178 Y169.705 E.02202
G1 X154.589 Y152.295 E.87697
G1 X153.971 Y152.295 E.02202
M73 P70 R10
G1 X136.56 Y169.705 E.87697
G1 X135.942 Y169.705 E.02202
G1 X153.353 Y152.295 E.87697
G1 X152.735 Y152.295 E.02202
G1 X135.324 Y169.705 E.87697
G1 X134.706 Y169.705 E.02202
G1 X152.117 Y152.295 E.87697
G1 X151.498 Y152.295 E.02202
G1 X134.088 Y169.705 E.87697
G1 X133.47 Y169.705 E.02202
G1 X150.88 Y152.295 E.87697
G1 X150.262 Y152.295 E.02202
G1 X132.851 Y169.705 E.87697
G1 X132.233 Y169.705 E.02202
G1 X149.644 Y152.295 E.87697
G1 X149.026 Y152.295 E.02202
G1 X131.694 Y169.627 E.87302
G3 X131.38 Y169.322 I.311 J-.633 E.01583
G1 X148.408 Y152.295 E.85766
G1 X147.79 Y152.295 E.02202
G1 X131.295 Y168.79 E.83085
G1 X131.295 Y168.172 E.02202
G1 X147.172 Y152.295 E.79971
G1 X146.553 Y152.295 E.02202
G1 X131.295 Y167.553 E.76858
G1 X131.295 Y166.935 E.02202
G1 X145.935 Y152.295 E.73744
G1 X145.317 Y152.295 E.02202
G1 X131.295 Y166.317 E.70631
G1 X131.295 Y165.699 E.02202
G1 X144.699 Y152.295 E.67517
G1 X144.081 Y152.295 E.02202
G1 X131.295 Y165.081 E.64404
G1 X131.295 Y164.463 E.02202
G1 X143.463 Y152.295 E.61291
G1 X142.845 Y152.295 E.02202
G1 X131.295 Y163.845 E.58177
G1 X131.295 Y163.227 E.02202
G1 X142.227 Y152.295 E.55064
G1 X141.608 Y152.295 E.02202
G1 X131.295 Y162.608 E.5195
G1 X131.295 Y161.99 E.02202
G1 X140.99 Y152.295 E.48837
G1 X140.372 Y152.295 E.02202
G1 X131.295 Y161.372 E.45723
G1 X131.295 Y160.754 E.02202
G1 X139.754 Y152.295 E.4261
G1 X139.136 Y152.295 E.02202
G1 X131.295 Y160.136 E.39496
G1 X131.295 Y159.518 E.02202
G1 X138.518 Y152.295 E.36383
G1 X137.9 Y152.295 E.02202
G1 X131.295 Y158.9 E.3327
G1 X131.295 Y158.282 E.02202
G1 X137.282 Y152.295 E.30156
G1 X136.664 Y152.295 E.02202
G1 X131.295 Y157.663 E.27043
G1 X131.295 Y157.045 E.02202
G1 X136.045 Y152.295 E.23929
G1 X135.427 Y152.295 E.02202
G1 X131.295 Y156.427 E.20816
G1 X131.295 Y155.809 E.02202
G1 X134.809 Y152.295 E.17702
G1 X134.191 Y152.295 E.02202
G1 X131.295 Y155.191 E.14589
G1 X131.295 Y154.573 E.02202
G1 X133.573 Y152.295 E.11476
G1 X132.955 Y152.295 E.02202
G1 X131.295 Y153.955 E.08362
G1 X131.295 Y153.337 E.02202
G1 X132.533 Y152.098 E.06239
; stop printing object flowrate_m2 id:8247625146344371234 copy 0
; printing object flowrate_0 id:111516266160479 copy 0
G1 E-.5 F900
G1 Z1.6 F30000
G1 X168.517 Y184.104 Z1.6
G1 Z1.4
G1 E.5 F900
;TYPE:Inner wall
;WIDTH:0.4
G1 F10081.784
G3 X169.043 Y185.042 I-.527 J.912 E.0335
G1 X169.043 Y200.958 E.47258
G3 X167.958 Y202.043 I-1.062 J.023 E.05089
G1 X132.042 Y202.043 E1.0664
G3 X130.957 Y200.958 I-.023 J-1.062 E.05089
G1 X130.957 Y185.042 E.47258
G3 X132.042 Y183.957 I1.062 J-.023 E.05089
G1 X167.958 Y183.957 E1.06641
G1 X168.142 Y183.973 E.00549
G3 X168.482 Y184.084 I-.152 J1.042 E.01068
G1 X168.696 Y183.795 F30000
G1 F10081.784
G3 X169.4 Y185.026 I-.705 J1.22 E.04414
G1 X169.4 Y200.974 E.4735
G3 X167.974 Y202.4 I-1.418 J.008 E.06662
G1 X132.026 Y202.4 E1.06733
G3 X130.6 Y200.974 I-.008 J-1.418 E.06662
G1 X130.6 Y185.026 E.47351
G3 X132.026 Y183.6 I1.418 J-.008 E.06662
G1 X167.974 Y183.6 E1.06733
G1 X168.173 Y183.617 E.00595
G3 X168.661 Y183.775 I-.182 J1.397 E.0153
SET_VELOCITY_LIMIT ACCEL=5000 ACCEL_TO_DECEL=2500
G1 X168.896 Y183.448 F30000
;TYPE:Outer wall
G1 F10081.784
G3 X169.8 Y185.009 I-.904 J1.566 E.05606
G1 X169.8 Y200.991 E.47454
G3 X167.991 Y202.8 I-1.818 J-.01 E.08424
G1 X132.009 Y202.8 E1.06837
G3 X130.2 Y200.991 I.01 J-1.818 E.08424
G1 X130.2 Y185.009 E.47454
G3 X132.009 Y183.2 I1.818 J.01 E.08423
G1 X167.991 Y183.2 E1.06837
G1 X168.208 Y183.219 E.00647
G3 X168.861 Y183.429 I-.216 J1.795 E.02048
SET_VELOCITY_LIMIT ACCEL=10000 ACCEL_TO_DECEL=5000
G1 E-.5 F900
M73 P70 R9
G1 Z1.6 F30000
G1 X167.388 Y201.575 Z1.6
G1 Z1.4
G1 E.5 F900
;TYPE:Internal solid infill
;WIDTH:0.624487
G1 F6190.18
G1 X167.948 Y201.574 E.02706
G1 X168.283 Y201.49 E.01673
G1 X168.458 Y201.318 E.01186
G2 X168.573 Y200.909 I-.656 J-.405 E.0208
G1 X168.573 Y200.393 E.02498
G3 X167.416 Y201.547 I-243.238 J-242.664 E.07902
G1 X166.651 Y201.902 F30000
;WIDTH:0.479999
G1 F8220
G1 X168.705 Y199.848 E.10557
G1 X168.705 Y199.23 E.02246
G1 X166.23 Y201.705 E.12723
G1 X165.612 Y201.705 E.02246
G1 X168.705 Y198.612 E.159
G1 X168.705 Y197.994 E.02246
G1 X164.994 Y201.705 E.19077
G1 X164.376 Y201.705 E.02246
G1 X168.705 Y197.376 E.22254
G1 X168.705 Y196.758 E.02246
G1 X163.758 Y201.705 E.25431
G1 X163.139 Y201.705 E.02246
G1 X168.705 Y196.139 E.28608
G1 X168.705 Y195.521 E.02246
G1 X162.521 Y201.705 E.31785
G1 X161.903 Y201.705 E.02246
G1 X168.705 Y194.903 E.34962
G1 X168.705 Y194.285 E.02246
G1 X161.285 Y201.705 E.38138
G1 X160.667 Y201.705 E.02246
G1 X168.705 Y193.667 E.41315
G1 X168.705 Y193.049 E.02246
G1 X160.049 Y201.705 E.44492
G1 X159.431 Y201.705 E.02246
G1 X168.705 Y192.431 E.47669
G1 X168.705 Y191.813 E.02246
G1 X158.813 Y201.705 E.50846
G1 X158.194 Y201.705 E.02246
G1 X168.705 Y191.194 E.54023
G1 X168.705 Y190.576 E.02246
G1 X157.576 Y201.705 E.572
G1 X156.958 Y201.705 E.02246
G1 X168.705 Y189.958 E.60377
G1 X168.705 Y189.34 E.02246
G1 X156.34 Y201.705 E.63554
G1 X155.722 Y201.705 E.02246
G1 X168.705 Y188.722 E.66731
G1 X168.705 Y188.104 E.02246
G1 X155.104 Y201.705 E.69908
G1 X154.486 Y201.705 E.02246
G1 X168.705 Y187.486 E.73085
G1 X168.705 Y186.868 E.02246
G1 X153.868 Y201.705 E.76262
G1 X153.249 Y201.705 E.02246
G1 X168.705 Y186.249 E.79439
G1 X168.705 Y185.631 E.02246
G1 X152.631 Y201.705 E.82616
G1 X152.013 Y201.705 E.02246
G1 X168.702 Y185.017 E.85775
G2 X168.542 Y184.558 I-.925 J.065 E.01786
G1 X151.395 Y201.705 E.88132
G1 X150.777 Y201.705 E.02246
G1 X168.159 Y184.324 E.89337
G2 X167.57 Y184.295 I-.395 J2.007 E.02151
G1 X150.159 Y201.705 E.89487
G1 X149.541 Y201.705 E.02246
G1 X166.952 Y184.295 E.89487
G1 X166.333 Y184.295 E.02246
G1 X148.923 Y201.705 E.89487
G1 X148.304 Y201.705 E.02246
G1 X165.715 Y184.295 E.89487
G1 X165.097 Y184.295 E.02246
G1 X147.686 Y201.705 E.89487
G1 X147.068 Y201.705 E.02246
G1 X164.479 Y184.295 E.89487
G1 X163.861 Y184.295 E.02246
G1 X146.45 Y201.705 E.89487
G1 X145.832 Y201.705 E.02246
G1 X163.243 Y184.295 E.89487
G1 X162.625 Y184.295 E.02246
G1 X145.214 Y201.705 E.89487
G1 X144.596 Y201.705 E.02246
G1 X162.007 Y184.295 E.89487
G1 X161.388 Y184.295 E.02246
G1 X143.978 Y201.705 E.89487
G1 X143.359 Y201.705 E.02246
G1 X160.77 Y184.295 E.89487
G1 X160.152 Y184.295 E.02246
G1 X142.741 Y201.705 E.89487
G1 X142.123 Y201.705 E.02246
G1 X159.534 Y184.295 E.89487
G1 X158.916 Y184.295 E.02246
G1 X141.505 Y201.705 E.89487
G1 X140.887 Y201.705 E.02246
G1 X158.298 Y184.295 E.89487
G1 X157.68 Y184.295 E.02246
G1 X140.269 Y201.705 E.89487
G1 X139.651 Y201.705 E.02246
G1 X157.062 Y184.295 E.89487
G1 X156.443 Y184.295 E.02246
G1 X139.033 Y201.705 E.89487
G1 X138.415 Y201.705 E.02246
G1 X155.825 Y184.295 E.89487
G1 X155.207 Y184.295 E.02246
G1 X137.796 Y201.705 E.89487
G1 X137.178 Y201.705 E.02246
G1 X154.589 Y184.295 E.89487
G1 X153.971 Y184.295 E.02246
G1 X136.56 Y201.705 E.89487
G1 X135.942 Y201.705 E.02246
G1 X153.353 Y184.295 E.89487
G1 X152.735 Y184.295 E.02246
G1 X135.324 Y201.705 E.89487
G1 X134.706 Y201.705 E.02246
G1 X152.117 Y184.295 E.89487
G1 X151.498 Y184.295 E.02246
G1 X134.088 Y201.705 E.89487
G1 X133.47 Y201.705 E.02246
G1 X150.88 Y184.295 E.89487
G1 X150.262 Y184.295 E.02246
G1 X132.851 Y201.705 E.89487
G1 X132.233 Y201.705 E.02246
G1 X149.644 Y184.295 E.89487
G1 X149.026 Y184.295 E.02246
G1 X131.694 Y201.627 E.89084
G3 X131.38 Y201.322 I.311 J-.633 E.01615
G1 X148.408 Y184.295 E.87517
G1 X147.79 Y184.295 E.02246
G1 X131.295 Y200.79 E.8478
G1 X131.295 Y200.172 E.02246
G1 X147.172 Y184.295 E.81603
G1 X146.553 Y184.295 E.02246
G1 X131.295 Y199.553 E.78426
G1 X131.295 Y198.935 E.02246
G1 X145.935 Y184.295 E.75249
G1 X145.317 Y184.295 E.02246
G1 X131.295 Y198.317 E.72072
G1 X131.295 Y197.699 E.02246
G1 X144.699 Y184.295 E.68895
G1 X144.081 Y184.295 E.02246
G1 X131.295 Y197.081 E.65718
G1 X131.295 Y196.463 E.02246
G1 X143.463 Y184.295 E.62541
G1 X142.845 Y184.295 E.02246
G1 X131.295 Y195.845 E.59364
G1 X131.295 Y195.227 E.02246
G1 X142.227 Y184.295 E.56187
G1 X141.608 Y184.295 E.02246
G1 X131.295 Y194.608 E.5301
G1 X131.295 Y193.99 E.02246
G1 X140.99 Y184.295 E.49833
G1 X140.372 Y184.295 E.02246
M73 P71 R9
G1 X131.295 Y193.372 E.46656
G1 X131.295 Y192.754 E.02246
G1 X139.754 Y184.295 E.43479
G1 X139.136 Y184.295 E.02246
G1 X131.295 Y192.136 E.40303
G1 X131.295 Y191.518 E.02246
G1 X138.518 Y184.295 E.37126
G1 X137.9 Y184.295 E.02246
G1 X131.295 Y190.9 E.33949
G1 X131.295 Y190.282 E.02246
G1 X137.282 Y184.295 E.30772
G1 X136.663 Y184.295 E.02246
G1 X131.295 Y189.663 E.27595
G1 X131.295 Y189.045 E.02246
G1 X136.045 Y184.295 E.24418
G1 X135.427 Y184.295 E.02246
G1 X131.295 Y188.427 E.21241
G1 X131.295 Y187.809 E.02246
G1 X134.809 Y184.295 E.18064
G1 X134.191 Y184.295 E.02246
G1 X131.295 Y187.191 E.14887
G1 X131.295 Y186.573 E.02246
G1 X133.573 Y184.295 E.1171
G1 X132.955 Y184.295 E.02246
G1 X131.295 Y185.955 E.08533
G1 X131.295 Y185.337 E.02246
G1 X132.533 Y184.098 E.06367
; stop printing object flowrate_0 id:111516266160479 copy 0
; printing object flowrate_m1 id:8318823020889268071 copy 0
G1 E-.5 F900
G1 Z1.6 F30000
G1 X126.181 Y170.024 Z1.6
G1 Z1.4
G1 E.5 F900
;TYPE:Inner wall
;WIDTH:0.4
G1 F10183.62
G3 X125.958 Y170.043 I-.2 J-1.043 E.00657
G1 X90.042 Y170.043 E1.05574
G3 X88.957 Y168.958 I-.023 J-1.062 E.05038
G1 X88.957 Y153.042 E.46785
G3 X90.042 Y151.957 I1.057 J-.028 E.05045
G1 X125.958 Y151.957 E1.05574
G1 X126.142 Y151.973 E.00543
G3 X127.043 Y153.042 I-.152 J1.042 E.04492
G1 X127.043 Y168.958 E.46785
G3 X126.22 Y170.016 I-1.062 J.023 E.04264
G1 X126.243 Y170.376 F30000
G1 F10183.62
G3 X125.974 Y170.4 I-.261 J-1.394 E.00794
G1 X90.026 Y170.4 E1.05666
G3 X88.6 Y168.974 I-.008 J-1.418 E.06595
G1 X88.6 Y153.026 E.46877
G3 X88.669 Y152.589 I1.274 J-.024 E.01307
G3 X90.026 Y151.6 I1.345 J.42 E.05289
G1 X125.974 Y151.6 E1.05666
G1 X126.173 Y151.617 E.00589
G3 X127.4 Y153.026 I-.182 J1.397 E.06002
G1 X127.4 Y168.974 E.46877
G3 X126.282 Y170.368 I-1.418 J.008 E.05683
SET_VELOCITY_LIMIT ACCEL=5000 ACCEL_TO_DECEL=2500
G1 X126.312 Y170.77 F30000
;TYPE:Outer wall
G1 F10183.62
G3 X125.991 Y170.8 I-.33 J-1.788 E.00948
G1 X90.009 Y170.8 E1.05768
G3 X88.2 Y168.991 I.01 J-1.818 E.08339
G1 X88.2 Y153.009 E.4698
G3 X90.009 Y151.2 I1.805 J-.004 E.08356
G1 X125.991 Y151.2 E1.05768
G1 X126.208 Y151.219 E.0064
G3 X127.8 Y153.009 I-.216 J1.795 E.07695
G1 X127.8 Y168.991 E.4698
G3 X126.351 Y170.762 I-1.818 J-.01 E.07274
SET_VELOCITY_LIMIT ACCEL=10000 ACCEL_TO_DECEL=5000
G1 E-.5 F900
G1 Z1.6 F30000
G1 X125.388 Y169.575 Z1.6
G1 Z1.4
G1 E.5 F900
;TYPE:Internal solid infill
;WIDTH:0.624486
G1 F6252.718
G1 X125.948 Y169.574 E.02679
G1 X126.283 Y169.49 E.01656
G1 X126.458 Y169.318 E.01175
G2 X126.573 Y168.909 I-.656 J-.405 E.0206
G1 X126.573 Y168.393 E.02473
G3 X125.416 Y169.547 I-243.064 J-242.489 E.07823
G1 X124.651 Y169.902 F30000
;WIDTH:0.479999
G1 F8220
G1 X126.705 Y167.848 E.10451
G1 X126.705 Y167.23 E.02224
G1 X124.23 Y169.705 E.12595
G1 X123.612 Y169.705 E.02224
G1 X126.705 Y166.612 E.15741
G1 X126.705 Y165.994 E.02224
G1 X122.994 Y169.705 E.18886
G1 X122.376 Y169.705 E.02224
G1 X126.705 Y165.376 E.22031
G1 X126.705 Y164.758 E.02224
G1 X121.758 Y169.705 E.25176
G1 X121.139 Y169.705 E.02224
G1 X126.705 Y164.139 E.28321
G1 X126.705 Y163.521 E.02224
G1 X120.521 Y169.705 E.31467
G1 X119.903 Y169.705 E.02224
G1 X126.705 Y162.903 E.34612
G1 X126.705 Y162.285 E.02224
G1 X119.285 Y169.705 E.37757
G1 X118.667 Y169.705 E.02224
G1 X126.705 Y161.667 E.40902
G1 X126.705 Y161.049 E.02224
G1 X118.049 Y169.705 E.44048
G1 X117.431 Y169.705 E.02224
G1 X126.705 Y160.431 E.47193
G1 X126.705 Y159.813 E.02224
G1 X116.813 Y169.705 E.50338
G1 X116.194 Y169.705 E.02224
G1 X126.705 Y159.194 E.53483
G1 X126.705 Y158.576 E.02224
G1 X115.576 Y169.705 E.56628
G1 X114.958 Y169.705 E.02224
G1 X126.705 Y157.958 E.59774
G1 X126.705 Y157.34 E.02224
G1 X114.34 Y169.705 E.62919
G1 X113.722 Y169.705 E.02224
G1 X126.705 Y156.722 E.66064
G1 X126.705 Y156.104 E.02224
G1 X113.104 Y169.705 E.69209
G1 X112.486 Y169.705 E.02224
G1 X126.705 Y155.486 E.72354
G1 X126.705 Y154.868 E.02224
G1 X111.868 Y169.705 E.755
G1 X111.249 Y169.705 E.02224
G1 X126.705 Y154.249 E.78645
G1 X126.705 Y153.631 E.02224
G1 X110.631 Y169.705 E.8179
G1 X110.013 Y169.705 E.02224
G1 X126.702 Y153.017 E.84917
G2 X126.542 Y152.558 I-.925 J.065 E.01768
G1 X109.395 Y169.705 E.87251
G1 X108.777 Y169.705 E.02224
G1 X126.159 Y152.324 E.88443
G2 X125.57 Y152.295 I-.395 J2.007 E.02129
G1 X108.159 Y169.705 E.88592
G1 X107.541 Y169.705 E.02224
G1 X124.952 Y152.295 E.88592
G1 X124.333 Y152.295 E.02224
G1 X106.923 Y169.705 E.88592
G1 X106.304 Y169.705 E.02224
G1 X123.715 Y152.295 E.88592
G1 X123.097 Y152.295 E.02224
G1 X105.686 Y169.705 E.88592
G1 X105.068 Y169.705 E.02224
G1 X122.479 Y152.295 E.88592
G1 X121.861 Y152.295 E.02224
G1 X104.45 Y169.705 E.88592
G1 X103.832 Y169.705 E.02224
G1 X121.243 Y152.295 E.88592
G1 X120.625 Y152.295 E.02224
G1 X103.214 Y169.705 E.88592
G1 X102.596 Y169.705 E.02224
G1 X120.007 Y152.295 E.88592
G1 X119.388 Y152.295 E.02224
G1 X101.978 Y169.705 E.88592
G1 X101.359 Y169.705 E.02224
G1 X118.77 Y152.295 E.88592
G1 X118.152 Y152.295 E.02224
G1 X100.741 Y169.705 E.88592
G1 X100.123 Y169.705 E.02224
G1 X117.534 Y152.295 E.88592
G1 X116.916 Y152.295 E.02224
G1 X99.505 Y169.705 E.88592
G1 X98.887 Y169.705 E.02224
G1 X116.298 Y152.295 E.88592
G1 X115.68 Y152.295 E.02224
G1 X98.269 Y169.705 E.88592
G1 X97.651 Y169.705 E.02224
G1 X115.062 Y152.295 E.88592
G1 X114.443 Y152.295 E.02224
G1 X97.033 Y169.705 E.88592
G1 X96.415 Y169.705 E.02224
G1 X113.825 Y152.295 E.88592
G1 X113.207 Y152.295 E.02224
G1 X95.796 Y169.705 E.88592
G1 X95.178 Y169.705 E.02224
G1 X112.589 Y152.295 E.88592
G1 X111.971 Y152.295 E.02224
G1 X94.56 Y169.705 E.88592
G1 X93.942 Y169.705 E.02224
G1 X111.353 Y152.295 E.88592
G1 X110.735 Y152.295 E.02224
G1 X93.324 Y169.705 E.88592
G1 X92.706 Y169.705 E.02224
G1 X110.117 Y152.295 E.88592
G1 X109.498 Y152.295 E.02224
G1 X92.088 Y169.705 E.88592
G1 X91.47 Y169.705 E.02224
G1 X108.88 Y152.295 E.88592
G1 X108.262 Y152.295 E.02224
G1 X90.851 Y169.705 E.88592
G1 X90.233 Y169.705 E.02224
G1 X107.644 Y152.295 E.88592
G1 X107.026 Y152.295 E.02224
G1 X89.694 Y169.627 E.88193
G3 X89.38 Y169.322 I.311 J-.633 E.01599
G1 X106.408 Y152.295 E.86642
G1 X105.79 Y152.295 E.02224
G1 X89.295 Y168.79 E.83932
G1 X89.295 Y168.172 E.02224
G1 X105.172 Y152.295 E.80787
G1 X104.553 Y152.295 E.02224
G1 X89.295 Y167.553 E.77642
G1 X89.295 Y166.935 E.02224
G1 X103.935 Y152.295 E.74497
G1 X103.317 Y152.295 E.02224
G1 X89.295 Y166.317 E.71352
G1 X89.295 Y165.699 E.02224
G1 X102.699 Y152.295 E.68206
G1 X102.081 Y152.295 E.02224
G1 X89.295 Y165.081 E.65061
G1 X89.295 Y164.463 E.02224
G1 X101.463 Y152.295 E.61916
G1 X100.845 Y152.295 E.02224
G1 X89.295 Y163.845 E.58771
G1 X89.295 Y163.227 E.02224
G1 X100.227 Y152.295 E.55626
G1 X99.608 Y152.295 E.02224
G1 X89.295 Y162.608 E.5248
G1 X89.295 Y161.99 E.02224
G1 X98.99 Y152.295 E.49335
G1 X98.372 Y152.295 E.02224
G1 X89.295 Y161.372 E.4619
G1 X89.295 Y160.754 E.02224
G1 X97.754 Y152.295 E.43045
G1 X97.136 Y152.295 E.02224
G1 X89.295 Y160.136 E.39899
G1 X89.295 Y159.518 E.02224
G1 X96.518 Y152.295 E.36754
G1 X95.9 Y152.295 E.02224
G1 X89.295 Y158.9 E.33609
G1 X89.295 Y158.282 E.02224
G1 X95.282 Y152.295 E.30464
G1 X94.663 Y152.295 E.02224
G1 X89.295 Y157.663 E.27319
G1 X89.295 Y157.045 E.02224
G1 X94.045 Y152.295 E.24173
G1 X93.427 Y152.295 E.02224
G1 X89.295 Y156.427 E.21028
G1 X89.295 Y155.809 E.02224
G1 X92.809 Y152.295 E.17883
G1 X92.191 Y152.295 E.02224
G1 X89.295 Y155.191 E.14738
G1 X89.295 Y154.573 E.02224
G1 X91.573 Y152.295 E.11593
G1 X90.955 Y152.295 E.02224
G1 X89.295 Y153.955 E.08447
G1 X89.295 Y153.337 E.02224
G1 X90.533 Y152.098 E.06303
; stop printing object flowrate_m1 id:8318823020889268071 copy 0
; printing object flowrate_m4 id:0 copy 0
G1 E-.5 F900
G1 Z1.6 F30000
G1 X126.181 Y138.024 Z1.6
G1 Z1.4
G1 E.5 F900
;TYPE:Inner wall
;WIDTH:0.4
G1 F10501.858
G3 X125.958 Y138.043 I-.2 J-1.043 E.00637
G1 X90.042 Y138.043 E1.02375
G3 X88.957 Y136.958 I-.023 J-1.062 E.04886
G1 X88.957 Y121.042 E.45368
G3 X90.042 Y119.957 I1.062 J-.023 E.04886
G1 X125.958 Y119.957 E1.02375
G1 X126.142 Y119.973 E.00527
G3 X127.043 Y121.042 I-.152 J1.042 E.04355
G1 X127.043 Y136.958 E.45367
G3 X126.22 Y138.016 I-1.062 J.023 E.04134
G1 X126.243 Y138.376 F30000
G1 F10501.858
G3 X125.974 Y138.4 I-.261 J-1.394 E.0077
G1 X90.026 Y138.4 E1.02464
G3 X88.6 Y136.974 I-.008 J-1.418 E.06395
G1 X88.6 Y121.026 E.45457
G3 X90.026 Y119.6 I1.418 J-.008 E.06395
G1 X125.974 Y119.6 E1.02464
G1 X126.173 Y119.617 E.00571
G3 X127.4 Y121.026 I-.182 J1.397 E.0582
G1 X127.4 Y136.974 E.45456
G3 X126.282 Y138.368 I-1.418 J.008 E.05511
SET_VELOCITY_LIMIT ACCEL=5000 ACCEL_TO_DECEL=2500
G1 X126.312 Y138.77 F30000
;TYPE:Outer wall
G1 F10501.858
G3 X125.991 Y138.8 I-.33 J-1.788 E.0092
G1 X90.009 Y138.8 E1.02563
G3 X88.2 Y136.991 I.01 J-1.818 E.08087
G1 X88.2 Y121.009 E.45556
G3 X90.009 Y119.2 I1.818 J.01 E.08087
G1 X125.991 Y119.2 E1.02563
G1 X126.208 Y119.219 E.00621
G3 X127.8 Y121.009 I-.216 J1.795 E.07462
G1 X127.8 Y136.991 E.45556
G3 X126.351 Y138.762 I-1.818 J-.01 E.07053
SET_VELOCITY_LIMIT ACCEL=10000 ACCEL_TO_DECEL=5000
G1 E-.5 F900
G1 Z1.6 F30000
G1 X125.388 Y137.575 Z1.6
G1 Z1.4
G1 E.5 F900
;TYPE:Internal solid infill
;WIDTH:0.624487
G1 F6448.104
G1 X125.947 Y137.574 E.02598
G1 X126.283 Y137.49 E.01606
G1 X126.458 Y137.318 E.01139
G2 X126.573 Y136.909 I-.656 J-.405 E.01997
G1 X126.573 Y136.393 E.02398
G3 X125.416 Y137.547 I-243.241 J-242.667 E.07585
G1 X124.651 Y137.902 F30000
;WIDTH:0.479999
G1 F8220
G1 X126.705 Y135.848 E.10134
G1 X126.705 Y135.23 E.02157
G1 X124.23 Y137.705 E.12214
M73 P72 R9
G1 X123.612 Y137.705 E.02157
G1 X126.705 Y134.612 E.15264
G1 X126.705 Y133.994 E.02157
G1 X122.994 Y137.705 E.18314
G1 X122.376 Y137.705 E.02157
G1 X126.705 Y133.376 E.21363
G1 X126.705 Y132.758 E.02157
G1 X121.758 Y137.705 E.24413
G1 X121.139 Y137.705 E.02157
G1 X126.705 Y132.139 E.27463
G1 X126.705 Y131.521 E.02157
G1 X120.521 Y137.705 E.30513
G1 X119.903 Y137.705 E.02157
G1 X126.705 Y130.903 E.33563
G1 X126.705 Y130.285 E.02157
G1 X119.285 Y137.705 E.36613
G1 X118.667 Y137.705 E.02157
G1 X126.705 Y129.667 E.39663
G1 X126.705 Y129.049 E.02157
G1 X118.049 Y137.705 E.42713
G1 X117.431 Y137.705 E.02157
G1 X126.705 Y128.431 E.45763
G1 X126.705 Y127.813 E.02157
G1 X116.813 Y137.705 E.48813
G1 X116.194 Y137.705 E.02157
G1 X126.705 Y127.194 E.51862
G1 X126.705 Y126.576 E.02157
G1 X115.576 Y137.705 E.54912
G1 X114.958 Y137.705 E.02157
G1 X126.705 Y125.958 E.57962
G1 X126.705 Y125.34 E.02157
G1 X114.34 Y137.705 E.61012
G1 X113.722 Y137.705 E.02157
G1 X126.705 Y124.722 E.64062
G1 X126.705 Y124.104 E.02157
G1 X113.104 Y137.705 E.67112
G1 X112.486 Y137.705 E.02157
G1 X126.705 Y123.486 E.70162
G1 X126.705 Y122.868 E.02157
G1 X111.868 Y137.705 E.73212
G1 X111.249 Y137.705 E.02157
G1 X126.705 Y122.249 E.76262
G1 X126.705 Y121.631 E.02157
G1 X110.631 Y137.705 E.79311
G1 X110.013 Y137.705 E.02157
G1 X126.702 Y121.017 E.82344
G2 X126.542 Y120.558 I-.925 J.065 E.01714
G1 X109.395 Y137.705 E.84607
G1 X108.777 Y137.705 E.02157
G1 X126.159 Y120.324 E.85763
G2 X125.57 Y120.295 I-.395 J2.007 E.02065
G1 X108.159 Y137.705 E.85907
G1 X107.541 Y137.705 E.02157
G1 X124.952 Y120.295 E.85907
G1 X124.333 Y120.295 E.02157
G1 X106.923 Y137.705 E.85907
G1 X106.304 Y137.705 E.02157
G1 X123.715 Y120.295 E.85907
G1 X123.097 Y120.295 E.02157
G1 X105.686 Y137.705 E.85907
G1 X105.068 Y137.705 E.02157
G1 X122.479 Y120.295 E.85907
G1 X121.861 Y120.295 E.02157
G1 X104.45 Y137.705 E.85907
G1 X103.832 Y137.705 E.02157
G1 X121.243 Y120.295 E.85907
G1 X120.625 Y120.295 E.02157
G1 X103.214 Y137.705 E.85907
G1 X102.596 Y137.705 E.02157
G1 X120.007 Y120.295 E.85907
G1 X119.388 Y120.295 E.02157
G1 X101.978 Y137.705 E.85907
G1 X101.359 Y137.705 E.02157
G1 X118.77 Y120.295 E.85907
G1 X118.152 Y120.295 E.02157
G1 X100.741 Y137.705 E.85907
G1 X100.123 Y137.705 E.02157
G1 X117.534 Y120.295 E.85907
G1 X116.916 Y120.295 E.02157
G1 X99.505 Y137.705 E.85907
G1 X98.887 Y137.705 E.02157
G1 X116.298 Y120.295 E.85907
G1 X115.68 Y120.295 E.02157
G1 X98.269 Y137.705 E.85907
G1 X97.651 Y137.705 E.02157
G1 X115.062 Y120.295 E.85907
G1 X114.443 Y120.295 E.02157
G1 X97.033 Y137.705 E.85907
G1 X96.415 Y137.705 E.02157
G1 X113.825 Y120.295 E.85907
G1 X113.207 Y120.295 E.02157
G1 X95.796 Y137.705 E.85907
G1 X95.178 Y137.705 E.02157
G1 X112.589 Y120.295 E.85907
G1 X111.971 Y120.295 E.02157
G1 X94.56 Y137.705 E.85907
G1 X93.942 Y137.705 E.02157
G1 X111.353 Y120.295 E.85907
G1 X110.735 Y120.295 E.02157
G1 X93.324 Y137.705 E.85907
G1 X92.706 Y137.705 E.02157
G1 X110.117 Y120.295 E.85907
G1 X109.498 Y120.295 E.02157
G1 X92.088 Y137.705 E.85907
G1 X91.47 Y137.705 E.02157
G1 X108.88 Y120.295 E.85907
G1 X108.262 Y120.295 E.02157
G1 X90.851 Y137.705 E.85907
G1 X90.233 Y137.705 E.02157
G1 X107.644 Y120.295 E.85907
G1 X107.026 Y120.295 E.02157
G1 X89.694 Y137.627 E.8552
G3 X89.38 Y137.322 I.311 J-.633 E.01551
G1 X106.408 Y120.295 E.84016
G1 X105.79 Y120.295 E.02157
G1 X89.295 Y136.79 E.81389
G1 X89.295 Y136.172 E.02157
G1 X105.172 Y120.295 E.78339
G1 X104.553 Y120.295 E.02157
G1 X89.295 Y135.553 E.75289
G1 X89.295 Y134.935 E.02157
G1 X103.935 Y120.295 E.72239
G1 X103.317 Y120.295 E.02157
G1 X89.295 Y134.317 E.69189
G1 X89.295 Y133.699 E.02157
G1 X102.699 Y120.295 E.66139
G1 X102.081 Y120.295 E.02157
G1 X89.295 Y133.081 E.6309
G1 X89.295 Y132.463 E.02157
G1 X101.463 Y120.295 E.6004
G1 X100.845 Y120.295 E.02157
G1 X89.295 Y131.845 E.5699
G1 X89.295 Y131.227 E.02157
G1 X100.227 Y120.295 E.5394
G1 X99.608 Y120.295 E.02157
G1 X89.295 Y130.608 E.5089
G1 X89.295 Y129.99 E.02157
G1 X98.99 Y120.295 E.4784
G1 X98.372 Y120.295 E.02157
G1 X89.295 Y129.372 E.4479
G1 X89.295 Y128.754 E.02157
G1 X97.754 Y120.295 E.4174
G1 X97.136 Y120.295 E.02157
G1 X89.295 Y128.136 E.3869
G1 X89.295 Y127.518 E.02157
G1 X96.518 Y120.295 E.35641
G1 X95.9 Y120.295 E.02157
G1 X89.295 Y126.9 E.32591
G1 X89.295 Y126.282 E.02157
G1 X95.282 Y120.295 E.29541
G1 X94.663 Y120.295 E.02157
G1 X89.295 Y125.663 E.26491
G1 X89.295 Y125.045 E.02157
G1 X94.045 Y120.295 E.23441
G1 X93.427 Y120.295 E.02157
G1 X89.295 Y124.427 E.20391
G1 X89.295 Y123.809 E.02157
G1 X92.809 Y120.295 E.17341
G1 X92.191 Y120.295 E.02157
G1 X89.295 Y123.191 E.14291
G1 X89.295 Y122.573 E.02157
G1 X91.573 Y120.295 E.11241
G1 X90.955 Y120.295 E.02157
G1 X89.295 Y121.955 E.08191
G1 X89.295 Y121.337 E.02157
G1 X90.533 Y120.098 E.06112
; stop printing object flowrate_m4 id:0 copy 0
; printing object flowrate_m9 id:0 copy 0
G1 E-.5 F900
G1 Z1.6 F30000
G1 X126.181 Y106.024 Z1.6
G1 Z1.4
G1 E.5 F900
;TYPE:Inner wall
;WIDTH:0.4
G1 F11078.884
G3 X125.958 Y106.043 I-.2 J-1.043 E.00604
G1 X90.042 Y106.043 E.97043
G3 X88.957 Y104.958 I-.023 J-1.062 E.04631
G1 X88.957 Y89.042 E.43005
G3 X90.042 Y87.957 I1.062 J-.023 E.04631
G1 X125.958 Y87.957 E.97043
G1 X126.142 Y87.973 E.00499
G3 X127.043 Y89.042 I-.152 J1.042 E.04129
G1 X127.043 Y104.958 E.43005
G3 X126.22 Y106.016 I-1.062 J.023 E.03919
G1 X126.243 Y106.376 F30000
G1 F11078.884
G3 X125.974 Y106.4 I-.261 J-1.394 E.0073
G1 X90.026 Y106.4 E.97127
G3 X88.6 Y104.974 I-.008 J-1.418 E.06062
G1 X88.6 Y89.026 E.43089
G3 X90.026 Y87.6 I1.418 J-.008 E.06062
G1 X125.974 Y87.6 E.97127
G1 X126.173 Y87.617 E.00541
G3 X127.4 Y89.026 I-.182 J1.397 E.05517
G1 X127.4 Y104.974 E.43089
G3 X126.282 Y106.368 I-1.418 J.008 E.05224
SET_VELOCITY_LIMIT ACCEL=5000 ACCEL_TO_DECEL=2500
G1 X126.312 Y106.77 F30000
;TYPE:Outer wall
G1 F11078.884
G3 X125.991 Y106.8 I-.33 J-1.788 E.00872
G1 X90.009 Y106.8 E.97221
G3 X88.2 Y104.991 I.01 J-1.818 E.07665
G1 X88.2 Y89.009 E.43183
G3 X90.009 Y87.2 I1.818 J.01 E.07665
G1 X125.991 Y87.2 E.97221
G1 X126.208 Y87.219 E.00589
G3 X127.8 Y89.009 I-.216 J1.795 E.07073
G1 X127.8 Y104.991 E.43183
G3 X126.351 Y106.762 I-1.818 J-.01 E.06686
SET_VELOCITY_LIMIT ACCEL=10000 ACCEL_TO_DECEL=5000
G1 E-.5 F900
G1 Z1.6 F30000
G1 X125.388 Y105.575 Z1.6
G1 Z1.4
G1 E.5 F900
;TYPE:Internal solid infill
;WIDTH:0.624487
G1 F6802.395
G1 X125.947 Y105.574 E.02463
G1 X126.283 Y105.49 E.01522
G1 X126.458 Y105.318 E.0108
G2 X126.573 Y104.909 I-.656 J-.405 E.01893
G1 X126.573 Y104.393 E.02273
G3 X125.416 Y105.547 I-243.24 J-242.666 E.0719
G1 X124.651 Y105.902 F30000
;WIDTH:0.479999
G1 F8220
G1 X126.705 Y103.848 E.09607
G1 X126.705 Y103.23 E.02044
G1 X124.23 Y105.705 E.11578
G1 X123.612 Y105.705 E.02044
G1 X126.705 Y102.612 E.14469
G1 X126.705 Y101.994 E.02044
G1 X122.994 Y105.705 E.1736
G1 X122.376 Y105.705 E.02044
G1 X126.705 Y101.376 E.20251
G1 X126.705 Y100.758 E.02044
G1 X121.758 Y105.705 E.23142
G1 X121.139 Y105.705 E.02044
G1 X126.705 Y100.139 E.26033
G1 X126.705 Y99.521 E.02044
G1 X120.521 Y105.705 E.28924
G1 X119.903 Y105.705 E.02044
G1 X126.705 Y98.903 E.31815
G1 X126.705 Y98.285 E.02044
G1 X119.285 Y105.705 E.34706
G1 X118.667 Y105.705 E.02044
G1 X126.705 Y97.667 E.37597
G1 X126.705 Y97.049 E.02044
G1 X118.049 Y105.705 E.40488
G1 X117.431 Y105.705 E.02044
G1 X126.705 Y96.431 E.43379
G1 X126.705 Y95.813 E.02044
G1 X116.813 Y105.705 E.4627
G1 X116.194 Y105.705 E.02044
G1 X126.705 Y95.194 E.49161
G1 X126.705 Y94.576 E.02044
G1 X115.576 Y105.705 E.52052
G1 X114.958 Y105.705 E.02044
G1 X126.705 Y93.958 E.54943
G1 X126.705 Y93.34 E.02044
G1 X114.34 Y105.705 E.57834
G1 X113.722 Y105.705 E.02044
G1 X126.705 Y92.722 E.60725
G1 X126.705 Y92.104 E.02044
G1 X113.104 Y105.705 E.63617
G1 X112.486 Y105.705 E.02044
G1 X126.705 Y91.486 E.66508
G1 X126.705 Y90.868 E.02044
G1 X111.868 Y105.705 E.69399
G1 X111.249 Y105.705 E.02044
G1 X126.705 Y90.249 E.7229
G1 X126.705 Y89.631 E.02044
G1 X110.631 Y105.705 E.75181
G1 X110.013 Y105.705 E.02044
G1 X126.702 Y89.017 E.78055
G2 X126.542 Y88.558 I-.925 J.064 E.01625
G1 X109.395 Y105.705 E.802
G1 X108.777 Y105.705 E.02044
G1 X126.159 Y88.324 E.81296
G2 X125.57 Y88.295 I-.395 J2.007 E.01957
G1 X108.159 Y105.705 E.81433
G1 X107.541 Y105.705 E.02044
G1 X124.952 Y88.295 E.81433
G1 X124.333 Y88.295 E.02044
G1 X106.923 Y105.705 E.81433
G1 X106.304 Y105.705 E.02044
G1 X123.715 Y88.295 E.81433
G1 X123.097 Y88.295 E.02044
G1 X105.686 Y105.705 E.81433
G1 X105.068 Y105.705 E.02044
M73 P73 R9
G1 X122.479 Y88.295 E.81433
G1 X121.861 Y88.295 E.02044
G1 X104.45 Y105.705 E.81433
G1 X103.832 Y105.705 E.02044
G1 X121.243 Y88.295 E.81433
G1 X120.625 Y88.295 E.02044
G1 X103.214 Y105.705 E.81433
G1 X102.596 Y105.705 E.02044
G1 X120.007 Y88.295 E.81433
G1 X119.388 Y88.295 E.02044
G1 X101.978 Y105.705 E.81433
G1 X101.359 Y105.705 E.02044
G1 X118.77 Y88.295 E.81433
G1 X118.152 Y88.295 E.02044
G1 X100.741 Y105.705 E.81433
G1 X100.123 Y105.705 E.02044
G1 X117.534 Y88.295 E.81433
G1 X116.916 Y88.295 E.02044
G1 X99.505 Y105.705 E.81433
G1 X98.887 Y105.705 E.02044
G1 X116.298 Y88.295 E.81433
G1 X115.68 Y88.295 E.02044
G1 X98.269 Y105.705 E.81433
G1 X97.651 Y105.705 E.02044
G1 X115.062 Y88.295 E.81433
G1 X114.443 Y88.295 E.02044
G1 X97.033 Y105.705 E.81433
G1 X96.415 Y105.705 E.02044
G1 X113.825 Y88.295 E.81433
G1 X113.207 Y88.295 E.02044
G1 X95.796 Y105.705 E.81433
G1 X95.178 Y105.705 E.02044
G1 X112.589 Y88.295 E.81433
G1 X111.971 Y88.295 E.02044
G1 X94.56 Y105.705 E.81433
G1 X93.942 Y105.705 E.02044
G1 X111.353 Y88.295 E.81433
G1 X110.735 Y88.295 E.02044
G1 X93.324 Y105.705 E.81433
G1 X92.706 Y105.705 E.02044
G1 X110.117 Y88.295 E.81433
G1 X109.498 Y88.295 E.02044
G1 X92.088 Y105.705 E.81433
G1 X91.47 Y105.705 E.02044
G1 X108.88 Y88.295 E.81433
G1 X108.262 Y88.295 E.02044
G1 X90.851 Y105.705 E.81433
G1 X90.233 Y105.705 E.02044
G1 X107.644 Y88.295 E.81433
G1 X107.026 Y88.295 E.02044
G1 X89.694 Y105.627 E.81066
G3 X89.38 Y105.322 I.311 J-.633 E.0147
G1 X106.408 Y88.295 E.7964
G1 X105.79 Y88.295 E.02044
G1 X89.295 Y104.79 E.7715
G1 X89.295 Y104.172 E.02044
G1 X105.172 Y88.295 E.74259
G1 X104.553 Y88.295 E.02044
G1 X89.295 Y103.553 E.71368
G1 X89.295 Y102.935 E.02044
G1 X103.935 Y88.295 E.68477
G1 X103.317 Y88.295 E.02044
G1 X89.295 Y102.317 E.65586
G1 X89.295 Y101.699 E.02044
G1 X102.699 Y88.295 E.62695
G1 X102.081 Y88.295 E.02044
G1 X89.295 Y101.081 E.59804
G1 X89.295 Y100.463 E.02044
G1 X101.463 Y88.295 E.56913
G1 X100.845 Y88.295 E.02044
G1 X89.295 Y99.845 E.54022
G1 X89.295 Y99.227 E.02044
G1 X100.227 Y88.295 E.51131
G1 X99.608 Y88.295 E.02044
M73 P73 R8
G1 X89.295 Y98.608 E.48239
G1 X89.295 Y97.99 E.02044
G1 X98.99 Y88.295 E.45348
G1 X98.372 Y88.295 E.02044
G1 X89.295 Y97.372 E.42457
G1 X89.295 Y96.754 E.02044
G1 X97.754 Y88.295 E.39566
G1 X97.136 Y88.295 E.02044
G1 X89.295 Y96.136 E.36675
G1 X89.295 Y95.518 E.02044
G1 X96.518 Y88.295 E.33784
G1 X95.9 Y88.295 E.02044
G1 X89.295 Y94.9 E.30893
G1 X89.295 Y94.282 E.02044
G1 X95.282 Y88.295 E.28002
G1 X94.663 Y88.295 E.02044
G1 X89.295 Y93.663 E.25111
G1 X89.295 Y93.045 E.02044
G1 X94.045 Y88.295 E.2222
G1 X93.427 Y88.295 E.02044
G1 X89.295 Y92.427 E.19329
G1 X89.295 Y91.809 E.02044
G1 X92.809 Y88.295 E.16438
G1 X92.191 Y88.295 E.02044
G1 X89.295 Y91.191 E.13547
G1 X89.295 Y90.573 E.02044
G1 X91.573 Y88.295 E.10656
G1 X90.955 Y88.295 E.02044
G1 X89.295 Y89.955 E.07765
G1 X89.295 Y89.337 E.02044
G1 X90.533 Y88.098 E.05794
; stop printing object flowrate_m9 id:0 copy 0
;LAYER_CHANGE
;Z:1.6
;HEIGHT:0.2
;BEFORE_LAYER_CHANGE
;1.6
G92 E0

G1 E-.5 F900
;AFTER_LAYER_CHANGE
;1.6
SET_PRINT_STATS_INFO CURRENT_LAYER=8
;_SET_FAN_SPEED_CHANGING_LAYER
; printing object flowrate_m3 id:0 copy 0
G1 Z1.8 F30000
G1 X210.181 Y170.024 Z1.8
G1 Z1.6
G1 E.5 F900
;TYPE:Inner wall
;WIDTH:0.4
G1 F10393.592
G3 X209.958 Y170.043 I-.2 J-1.043 E.00644
G1 X174.042 Y170.043 E1.03441
G3 X172.957 Y168.958 I-.023 J-1.062 E.04936
G1 X172.957 Y153.042 E.4584
G3 X174.042 Y151.957 I1.062 J-.023 E.04936
G1 X209.958 Y151.957 E1.03441
G1 X210.18 Y151.977 E.00643
G3 X211.043 Y153.042 I-.192 J1.037 E.04297
G1 X211.043 Y168.958 E.4584
G3 X210.22 Y170.016 I-1.062 J.023 E.04177
G1 X210.243 Y170.376 F30000
G1 F10393.592
G3 X209.974 Y170.4 I-.261 J-1.394 E.00778
G1 X174.026 Y170.4 E1.03531
G3 X172.6 Y168.974 I-.008 J-1.418 E.06462
G1 X172.6 Y153.026 E.4593
G3 X174.026 Y151.6 I1.418 J-.008 E.06462
G1 X209.974 Y151.6 E1.03531
G1 X210.208 Y151.621 E.00678
G3 X211.4 Y153.026 I-.221 J1.396 E.05782
G1 X211.4 Y168.974 E.4593
G3 X210.282 Y170.368 I-1.418 J.008 E.05568
SET_VELOCITY_LIMIT ACCEL=5000 ACCEL_TO_DECEL=2500
G1 X210.312 Y170.77 F30000
;TYPE:Outer wall
G1 F10393.592
G3 X209.991 Y170.8 I-.33 J-1.788 E.00929
G1 X174.009 Y170.8 E1.03632
G3 X172.2 Y168.991 I.01 J-1.818 E.08171
G1 X172.2 Y153.009 E.46031
G3 X174.009 Y151.2 I1.818 J.01 E.08171
G1 X209.991 Y151.2 E1.03632
G1 X210.243 Y151.222 E.00728
G3 X211.8 Y153.009 I-.254 J1.793 E.0744
G1 X211.8 Y168.991 E.46031
G3 X210.351 Y170.762 I-1.818 J-.01 E.07127
SET_VELOCITY_LIMIT ACCEL=10000 ACCEL_TO_DECEL=5000
G1 E-.5 F900
G1 Z1.8 F30000
G1 X175.349 Y169.902 Z1.8
G1 Z1.6
G1 E.5 F900
;TYPE:Internal solid infill
;WIDTH:0.479999
G1 F8220
G1 X173.295 Y167.848 E.1024
G1 X173.295 Y167.23 E.02179
G1 X175.77 Y169.705 E.12341
G1 X176.388 Y169.705 E.02179
G1 X173.295 Y166.612 E.15423
G1 X173.295 Y165.994 E.02179
G1 X177.006 Y169.705 E.18504
G1 X177.624 Y169.705 E.02179
G1 X173.295 Y165.376 E.21586
G1 X173.295 Y164.758 E.02179
G1 X178.242 Y169.705 E.24668
G1 X178.861 Y169.705 E.02179
G1 X173.295 Y164.139 E.27749
G1 X173.295 Y163.521 E.02179
G1 X179.479 Y169.705 E.30831
G1 X180.097 Y169.705 E.02179
G1 X173.295 Y162.903 E.33913
G1 X173.295 Y162.285 E.02179
G1 X180.715 Y169.705 E.36994
G1 X181.333 Y169.705 E.02179
G1 X173.295 Y161.667 E.40076
G1 X173.295 Y161.049 E.02179
G1 X181.951 Y169.705 E.43158
G1 X182.569 Y169.705 E.02179
G1 X173.295 Y160.431 E.46239
G1 X173.295 Y159.813 E.02179
G1 X183.187 Y169.705 E.49321
G1 X183.806 Y169.705 E.02179
G1 X173.295 Y159.194 E.52403
G1 X173.295 Y158.576 E.02179
G1 X184.424 Y169.705 E.55484
G1 X185.042 Y169.705 E.02179
G1 X173.295 Y157.958 E.58566
G1 X173.295 Y157.34 E.02179
G1 X185.66 Y169.705 E.61648
G1 X186.278 Y169.705 E.02179
G1 X173.295 Y156.722 E.64729
G1 X173.295 Y156.104 E.02179
G1 X186.896 Y169.705 E.67811
G1 X187.514 Y169.705 E.02179
G1 X173.295 Y155.486 E.70893
G1 X173.295 Y154.868 E.02179
G1 X188.132 Y169.705 E.73974
G1 X188.751 Y169.705 E.02179
G1 X173.295 Y154.249 E.77056
G1 X173.295 Y153.631 E.02179
G1 X189.369 Y169.705 E.80138
G1 X189.987 Y169.705 E.02179
G1 X173.298 Y153.017 E.83202
G3 X173.458 Y152.558 I.925 J.065 E.01732
G1 X190.605 Y169.705 E.85488
G1 X191.223 Y169.705 E.02179
G1 X173.839 Y152.321 E.86671
G3 X174.43 Y152.295 I.4 J2.333 E.02094
G1 X191.841 Y169.705 E.86802
G1 X192.459 Y169.705 E.02179
G1 X175.048 Y152.295 E.86802
G1 X175.667 Y152.295 E.02179
G1 X193.077 Y169.705 E.86802
G1 X193.696 Y169.705 E.02179
G1 X176.285 Y152.295 E.86802
G1 X176.903 Y152.295 E.02179
G1 X194.314 Y169.705 E.86802
G1 X194.932 Y169.705 E.02179
G1 X177.521 Y152.295 E.86802
G1 X178.139 Y152.295 E.02179
G1 X195.55 Y169.705 E.86802
G1 X196.168 Y169.705 E.02179
G1 X178.757 Y152.295 E.86802
G1 X179.375 Y152.295 E.02179
G1 X196.786 Y169.705 E.86802
G1 X197.404 Y169.705 E.02179
G1 X179.993 Y152.295 E.86802
G1 X180.612 Y152.295 E.02179
G1 X198.022 Y169.705 E.86802
G1 X198.641 Y169.705 E.02179
G1 X181.23 Y152.295 E.86802
G1 X181.848 Y152.295 E.02179
G1 X199.259 Y169.705 E.86802
G1 X199.877 Y169.705 E.02179
G1 X182.466 Y152.295 E.86802
G1 X183.084 Y152.295 E.02179
G1 X200.495 Y169.705 E.86802
G1 X201.113 Y169.705 E.02179
G1 X183.702 Y152.295 E.86802
G1 X184.32 Y152.295 E.02179
G1 X201.731 Y169.705 E.86802
G1 X202.349 Y169.705 E.02179
G1 X184.938 Y152.295 E.86802
G1 X185.557 Y152.295 E.02179
G1 X202.967 Y169.705 E.86802
G1 X203.585 Y169.705 E.02179
G1 X186.175 Y152.295 E.86802
G1 X186.793 Y152.295 E.02179
G1 X204.204 Y169.705 E.86802
G1 X204.822 Y169.705 E.02179
G1 X187.411 Y152.295 E.86802
G1 X188.029 Y152.295 E.02179
G1 X205.44 Y169.705 E.86802
G1 X206.058 Y169.705 E.02179
G1 X188.647 Y152.295 E.86802
G1 X189.265 Y152.295 E.02179
M73 P74 R8
G1 X206.676 Y169.705 E.86802
G1 X207.294 Y169.705 E.02179
G1 X189.883 Y152.295 E.86802
G1 X190.502 Y152.295 E.02179
G1 X207.912 Y169.705 E.86802
G1 X208.53 Y169.705 E.02179
G1 X191.12 Y152.295 E.86802
G1 X191.738 Y152.295 E.02179
G1 X209.149 Y169.705 E.86802
G1 X209.767 Y169.705 E.02179
G1 X192.356 Y152.295 E.86802
G1 X192.974 Y152.295 E.02179
G1 X210.306 Y169.627 E.86411
G2 X210.62 Y169.322 I-.311 J-.633 E.01567
G1 X193.592 Y152.295 E.84891
G1 X194.21 Y152.295 E.02179
G1 X210.705 Y168.79 E.82237
G1 X210.705 Y168.172 E.02179
G1 X194.828 Y152.295 E.79155
G1 X195.447 Y152.295 E.02179
G1 X210.705 Y167.553 E.76073
G1 X210.705 Y166.935 E.02179
G1 X196.065 Y152.295 E.72992
G1 X196.683 Y152.295 E.02179
G1 X210.705 Y166.317 E.6991
G1 X210.705 Y165.699 E.02179
G1 X197.301 Y152.295 E.66828
G1 X197.919 Y152.295 E.02179
G1 X210.705 Y165.081 E.63747
G1 X210.705 Y164.463 E.02179
G1 X198.537 Y152.295 E.60665
G1 X199.155 Y152.295 E.02179
G1 X210.705 Y163.845 E.57583
G1 X210.705 Y163.227 E.02179
G1 X199.773 Y152.295 E.54502
G1 X200.392 Y152.295 E.02179
G1 X210.705 Y162.608 E.5142
G1 X210.705 Y161.99 E.02179
G1 X201.01 Y152.295 E.48338
G1 X201.628 Y152.295 E.02179
G1 X210.705 Y161.372 E.45257
G1 X210.705 Y160.754 E.02179
G1 X202.246 Y152.295 E.42175
G1 X202.864 Y152.295 E.02179
G1 X210.705 Y160.136 E.39093
G1 X210.705 Y159.518 E.02179
G1 X203.482 Y152.295 E.36012
G1 X204.1 Y152.295 E.02179
G1 X210.705 Y158.9 E.3293
G1 X210.705 Y158.282 E.02179
G1 X204.718 Y152.295 E.29848
G1 X205.337 Y152.295 E.02179
G1 X210.705 Y157.664 E.26767
G1 X210.705 Y157.045 E.02179
G1 X205.955 Y152.295 E.23685
G1 X206.573 Y152.295 E.02179
G1 X210.705 Y156.427 E.20603
G1 X210.705 Y155.809 E.02179
G1 X207.191 Y152.295 E.17522
G1 X207.809 Y152.295 E.02179
G1 X210.705 Y155.191 E.1444
G1 X210.705 Y154.573 E.02179
G1 X208.427 Y152.295 E.11358
G1 X209.045 Y152.295 E.02179
G1 X210.705 Y153.955 E.08277
G1 X210.705 Y153.337 E.02179
G1 X209.467 Y152.098 E.06176
G1 X174.607 Y169.573 F30000
;WIDTH:0.624488
G1 F6381.61
G3 X173.425 Y168.388 I248.649 J-249.223 E.07852
G1 X173.426 Y168.948 E.02625
G1 X173.51 Y169.283 E.01622
G1 X173.682 Y169.458 E.01151
G2 X174.091 Y169.573 I.405 J-.656 E.02018
G1 X174.567 Y169.573 E.02236
; stop printing object flowrate_m3 id:0 copy 0
; printing object flowrate_m6 id:403726925917 copy 0
G1 E-.5 F900
G1 Z1.8 F30000
G1 X210.181 Y138.024 Z1.8
G1 Z1.6
G1 E.5 F900
;TYPE:Inner wall
;WIDTH:0.4
G1 F10725.302
G3 X209.958 Y138.043 I-.2 J-1.043 E.00624
G1 X174.042 Y138.043 E1.00242
G3 X172.957 Y136.958 I-.023 J-1.062 E.04784
G1 X172.957 Y121.042 E.44423
G3 X174.042 Y119.957 I1.062 J-.023 E.04784
G1 X209.958 Y119.957 E1.00242
G1 X210.18 Y119.977 E.00623
G3 X211.043 Y121.042 I-.192 J1.037 E.04164
G1 X211.043 Y136.958 E.44422
G3 X210.22 Y138.016 I-1.062 J.023 E.04048
G1 X210.243 Y138.376 F30000
G1 F10725.302
G3 X209.974 Y138.4 I-.261 J-1.394 E.00754
G1 X174.026 Y138.4 E1.00329
G3 X172.6 Y136.974 I-.008 J-1.418 E.06262
G1 X172.6 Y121.026 E.4451
G3 X174.026 Y119.6 I1.418 J-.008 E.06262
G1 X209.974 Y119.6 E1.00329
G1 X210.208 Y119.621 E.00657
G3 X211.4 Y121.026 I-.221 J1.396 E.05603
G1 X211.4 Y136.974 E.44509
G3 X210.282 Y138.368 I-1.418 J.008 E.05396
SET_VELOCITY_LIMIT ACCEL=5000 ACCEL_TO_DECEL=2500
G1 X210.312 Y138.77 F30000
;TYPE:Outer wall
G1 F10725.302
G3 X209.991 Y138.8 I-.33 J-1.788 E.009
G1 X174.009 Y138.8 E1.00427
G3 X172.2 Y136.991 I.01 J-1.818 E.07918
G1 X172.2 Y121.009 E.44607
G3 X174.009 Y119.2 I1.818 J.01 E.07918
G1 X209.991 Y119.2 E1.00427
G1 X210.243 Y119.222 E.00705
G3 X211.8 Y121.009 I-.254 J1.793 E.0721
G1 X211.8 Y136.991 E.44607
G3 X210.351 Y138.762 I-1.818 J-.01 E.06906
SET_VELOCITY_LIMIT ACCEL=10000 ACCEL_TO_DECEL=5000
G1 E-.5 F900
G1 Z1.8 F30000
G1 X175.349 Y137.902 Z1.8
G1 Z1.6
G1 E.5 F900
;TYPE:Internal solid infill
;WIDTH:0.479999
G1 F8220
G1 X173.295 Y135.848 E.09923
G1 X173.295 Y135.23 E.02112
G1 X175.77 Y137.705 E.11959
G1 X176.388 Y137.705 E.02112
G1 X173.295 Y134.612 E.14946
G1 X173.295 Y133.994 E.02112
G1 X177.006 Y137.705 E.17932
G1 X177.624 Y137.705 E.02112
G1 X173.295 Y133.376 E.20918
G1 X173.295 Y132.758 E.02112
G1 X178.242 Y137.705 E.23905
G1 X178.861 Y137.705 E.02112
G1 X173.295 Y132.139 E.26891
G1 X173.295 Y131.521 E.02112
G1 X179.479 Y137.705 E.29877
G1 X180.097 Y137.705 E.02112
G1 X173.295 Y130.903 E.32864
G1 X173.295 Y130.285 E.02112
G1 X180.715 Y137.705 E.3585
G1 X181.333 Y137.705 E.02112
G1 X173.295 Y129.667 E.38837
G1 X173.295 Y129.049 E.02112
G1 X181.951 Y137.705 E.41823
G1 X182.569 Y137.705 E.02112
G1 X173.295 Y128.431 E.44809
G1 X173.295 Y127.813 E.02112
G1 X183.187 Y137.705 E.47796
G1 X183.806 Y137.705 E.02112
G1 X173.295 Y127.194 E.50782
G1 X173.295 Y126.576 E.02112
G1 X184.424 Y137.705 E.53768
G1 X185.042 Y137.705 E.02112
G1 X173.295 Y125.958 E.56755
G1 X173.295 Y125.34 E.02112
G1 X185.66 Y137.705 E.59741
G1 X186.278 Y137.705 E.02112
G1 X173.295 Y124.722 E.62727
G1 X173.295 Y124.104 E.02112
G1 X186.896 Y137.705 E.65714
G1 X187.514 Y137.705 E.02112
G1 X173.295 Y123.486 E.687
G1 X173.295 Y122.868 E.02112
G1 X188.132 Y137.705 E.71686
G1 X188.751 Y137.705 E.02112
G1 X173.295 Y122.249 E.74673
G1 X173.295 Y121.631 E.02112
G1 X189.369 Y137.705 E.77659
G1 X189.987 Y137.705 E.02112
G1 X173.298 Y121.017 E.80629
G3 X173.458 Y120.558 I.924 J.064 E.01678
G1 X190.605 Y137.705 E.82844
G1 X191.223 Y137.705 E.02112
G1 X173.839 Y120.321 E.8399
G3 X174.43 Y120.295 I.4 J2.333 E.02029
G1 X191.841 Y137.705 E.84117
G1 X192.459 Y137.705 E.02112
G1 X175.048 Y120.295 E.84117
G1 X175.667 Y120.295 E.02112
G1 X193.077 Y137.705 E.84117
G1 X193.696 Y137.705 E.02112
G1 X176.285 Y120.295 E.84117
G1 X176.903 Y120.295 E.02112
G1 X194.314 Y137.705 E.84117
G1 X194.932 Y137.705 E.02112
G1 X177.521 Y120.295 E.84117
G1 X178.139 Y120.295 E.02112
G1 X195.55 Y137.705 E.84117
G1 X196.168 Y137.705 E.02112
G1 X178.757 Y120.295 E.84117
G1 X179.375 Y120.295 E.02112
G1 X196.786 Y137.705 E.84117
G1 X197.404 Y137.705 E.02112
G1 X179.993 Y120.295 E.84117
G1 X180.612 Y120.295 E.02112
G1 X198.022 Y137.705 E.84117
G1 X198.641 Y137.705 E.02112
G1 X181.23 Y120.295 E.84117
G1 X181.848 Y120.295 E.02112
G1 X199.259 Y137.705 E.84117
G1 X199.877 Y137.705 E.02112
G1 X182.466 Y120.295 E.84117
G1 X183.084 Y120.295 E.02112
G1 X200.495 Y137.705 E.84117
G1 X201.113 Y137.705 E.02112
G1 X183.702 Y120.295 E.84117
G1 X184.32 Y120.295 E.02112
G1 X201.731 Y137.705 E.84117
G1 X202.349 Y137.705 E.02112
G1 X184.938 Y120.295 E.84117
G1 X185.557 Y120.295 E.02112
G1 X202.967 Y137.705 E.84117
G1 X203.585 Y137.705 E.02112
G1 X186.175 Y120.295 E.84117
G1 X186.793 Y120.295 E.02112
G1 X204.204 Y137.705 E.84117
G1 X204.822 Y137.705 E.02112
G1 X187.411 Y120.295 E.84117
G1 X188.029 Y120.295 E.02112
G1 X205.44 Y137.705 E.84117
G1 X206.058 Y137.705 E.02112
G1 X188.647 Y120.295 E.84117
G1 X189.265 Y120.295 E.02112
G1 X206.676 Y137.705 E.84117
G1 X207.294 Y137.705 E.02112
G1 X189.883 Y120.295 E.84117
G1 X190.502 Y120.295 E.02112
G1 X207.912 Y137.705 E.84117
G1 X208.53 Y137.705 E.02112
G1 X191.12 Y120.295 E.84117
G1 X191.738 Y120.295 E.02112
G1 X209.149 Y137.705 E.84117
G1 X209.767 Y137.705 E.02112
G1 X192.356 Y120.295 E.84117
G1 X192.974 Y120.295 E.02112
G1 X210.306 Y137.627 E.83739
G2 X210.62 Y137.322 I-.311 J-.633 E.01518
G1 X193.592 Y120.295 E.82266
G1 X194.21 Y120.295 E.02112
G1 X210.705 Y136.79 E.79693
G1 X210.705 Y136.172 E.02112
G1 X194.828 Y120.295 E.76707
G1 X195.447 Y120.295 E.02112
G1 X210.705 Y135.553 E.73721
G1 X210.705 Y134.935 E.02112
G1 X196.065 Y120.295 E.70734
G1 X196.683 Y120.295 E.02112
G1 X210.705 Y134.317 E.67748
G1 X210.705 Y133.699 E.02112
G1 X197.301 Y120.295 E.64762
G1 X197.919 Y120.295 E.02112
G1 X210.705 Y133.081 E.61775
G1 X210.705 Y132.463 E.02112
G1 X198.537 Y120.295 E.58789
G1 X199.155 Y120.295 E.02112
G1 X210.705 Y131.845 E.55803
G1 X210.705 Y131.227 E.02112
G1 X199.773 Y120.295 E.52816
G1 X200.392 Y120.295 E.02112
G1 X210.705 Y130.608 E.4983
G1 X210.705 Y129.99 E.02112
G1 X201.01 Y120.295 E.46843
G1 X201.628 Y120.295 E.02112
G1 X210.705 Y129.372 E.43857
G1 X210.705 Y128.754 E.02112
G1 X202.246 Y120.295 E.40871
G1 X202.864 Y120.295 E.02112
G1 X210.705 Y128.136 E.37884
G1 X210.705 Y127.518 E.02112
G1 X203.482 Y120.295 E.34898
G1 X204.1 Y120.295 E.02112
M73 P75 R8
G1 X210.705 Y126.9 E.31912
G1 X210.705 Y126.282 E.02112
G1 X204.718 Y120.295 E.28925
G1 X205.337 Y120.295 E.02112
G1 X210.705 Y125.664 E.25939
G1 X210.705 Y125.045 E.02112
G1 X205.955 Y120.295 E.22953
G1 X206.573 Y120.295 E.02112
G1 X210.705 Y124.427 E.19966
G1 X210.705 Y123.809 E.02112
G1 X207.191 Y120.295 E.1698
G1 X207.809 Y120.295 E.02112
G1 X210.705 Y123.191 E.13994
G1 X210.705 Y122.573 E.02112
G1 X208.427 Y120.295 E.11007
G1 X209.045 Y120.295 E.02112
G1 X210.705 Y121.955 E.08021
G1 X210.705 Y121.337 E.02112
G1 X209.467 Y120.098 E.05985
G1 X174.607 Y137.573 F30000
;WIDTH:0.624488
G1 F6585.279
G3 X173.425 Y136.388 I248.743 J-249.316 E.07609
G1 X173.426 Y136.948 E.02544
G1 X173.51 Y137.283 E.01572
G1 X173.682 Y137.458 E.01115
G2 X174.091 Y137.573 I.405 J-.656 E.01956
G1 X174.567 Y137.573 E.02166
; stop printing object flowrate_m6 id:403726925917 copy 0
; printing object flowrate_m7 id:1228360646943 copy 0
G1 E-.5 F900
G1 Z1.8 F30000
G1 X210.181 Y106.024 Z1.8
G1 Z1.6
G1 E.5 F900
;TYPE:Inner wall
;WIDTH:0.4
G1 F10840.628
G3 X209.958 Y106.043 I-.2 J-1.043 E.00618
G1 X174.042 Y106.043 E.99176
G3 X172.957 Y104.958 I-.023 J-1.062 E.04733
G1 X172.957 Y89.042 E.4395
G3 X174.042 Y87.957 I1.062 J-.023 E.04733
G1 X209.958 Y87.957 E.99176
G1 X210.18 Y87.977 E.00616
G3 X211.043 Y89.042 I-.192 J1.037 E.0412
G1 X211.043 Y104.958 E.4395
G3 X210.22 Y106.016 I-1.062 J.023 E.04005
G1 X210.243 Y106.376 F30000
G1 F10840.628
G3 X209.974 Y106.4 I-.261 J-1.394 E.00746
G1 X174.026 Y106.4 E.99262
G3 X172.6 Y104.974 I-.008 J-1.418 E.06195
G1 X172.6 Y89.026 E.44036
G3 X174.026 Y87.6 I1.418 J-.008 E.06195
G1 X209.974 Y87.6 E.99262
G1 X210.208 Y87.621 E.0065
G3 X211.4 Y89.026 I-.221 J1.396 E.05543
G1 X211.4 Y104.974 E.44036
G3 X210.282 Y106.368 I-1.418 J.008 E.05339
SET_VELOCITY_LIMIT ACCEL=5000 ACCEL_TO_DECEL=2500
G1 X210.312 Y106.77 F30000
;TYPE:Outer wall
G1 F10840.628
G3 X209.991 Y106.8 I-.33 J-1.788 E.00891
G1 X174.009 Y106.8 E.99358
G3 X172.2 Y104.991 I.01 J-1.818 E.07834
G1 X172.2 Y89.009 E.44132
G3 X174.009 Y87.2 I1.818 J.01 E.07834
G1 X209.991 Y87.2 E.99358
G1 X210.243 Y87.222 E.00698
G3 X211.8 Y89.009 I-.254 J1.793 E.07133
G1 X211.8 Y104.991 E.44132
G3 X210.351 Y106.762 I-1.818 J-.01 E.06833
SET_VELOCITY_LIMIT ACCEL=10000 ACCEL_TO_DECEL=5000
G1 E-.5 F900
G1 Z1.8 F30000
G1 X175.349 Y105.902 Z1.8
G1 Z1.6
G1 E.5 F900
;TYPE:Internal solid infill
;WIDTH:0.479999
G1 F8220
G1 X173.295 Y103.848 E.09818
G1 X173.295 Y103.23 E.02089
G1 X175.77 Y105.705 E.11832
G1 X176.388 Y105.705 E.02089
G1 X173.295 Y102.612 E.14787
G1 X173.295 Y101.994 E.02089
G1 X177.006 Y105.705 E.17741
G1 X177.624 Y105.705 E.02089
G1 X173.295 Y101.376 E.20696
G1 X173.295 Y100.758 E.02089
G1 X178.242 Y105.705 E.2365
G1 X178.861 Y105.705 E.02089
G1 X173.295 Y100.139 E.26605
G1 X173.295 Y99.521 E.02089
G1 X179.479 Y105.705 E.2956
G1 X180.097 Y105.705 E.02089
G1 X173.295 Y98.903 E.32514
G1 X173.295 Y98.285 E.02089
G1 X180.715 Y105.705 E.35469
G1 X181.333 Y105.705 E.02089
G1 X173.295 Y97.667 E.38423
G1 X173.295 Y97.049 E.02089
G1 X181.951 Y105.705 E.41378
G1 X182.569 Y105.705 E.02089
G1 X173.295 Y96.431 E.44333
G1 X173.295 Y95.813 E.02089
G1 X183.187 Y105.705 E.47287
G1 X183.806 Y105.705 E.02089
G1 X173.295 Y95.194 E.50242
G1 X173.295 Y94.576 E.02089
G1 X184.424 Y105.705 E.53196
G1 X185.042 Y105.705 E.02089
G1 X173.295 Y93.958 E.56151
G1 X173.295 Y93.34 E.02089
G1 X185.66 Y105.705 E.59105
G1 X186.278 Y105.705 E.02089
G1 X173.295 Y92.722 E.6206
G1 X173.295 Y92.104 E.02089
G1 X186.896 Y105.705 E.65015
G1 X187.514 Y105.705 E.02089
G1 X173.295 Y91.486 E.67969
G1 X173.295 Y90.868 E.02089
G1 X188.132 Y105.705 E.70924
G1 X188.751 Y105.705 E.02089
G1 X173.295 Y90.249 E.73878
G1 X173.295 Y89.631 E.02089
G1 X189.369 Y105.705 E.76833
G1 X189.987 Y105.705 E.02089
G1 X173.298 Y89.017 E.79771
G3 X173.458 Y88.558 I.925 J.065 E.01661
G1 X190.605 Y105.705 E.81963
G1 X191.223 Y105.705 E.02089
G1 X173.838 Y88.321 E.83097
G3 X174.43 Y88.295 I.4 J2.333 E.02008
G1 X191.841 Y105.705 E.83222
G1 X192.459 Y105.705 E.02089
G1 X175.048 Y88.295 E.83222
G1 X175.667 Y88.295 E.02089
G1 X193.077 Y105.705 E.83223
G1 X193.696 Y105.705 E.02089
G1 X176.285 Y88.295 E.83222
G1 X176.903 Y88.295 E.02089
G1 X194.314 Y105.705 E.83222
G1 X194.932 Y105.705 E.02089
G1 X177.521 Y88.295 E.83223
G1 X178.139 Y88.295 E.02089
G1 X195.55 Y105.705 E.83223
G1 X196.168 Y105.705 E.02089
G1 X178.757 Y88.295 E.83222
G1 X179.375 Y88.295 E.02089
G1 X196.786 Y105.705 E.83222
G1 X197.404 Y105.705 E.02089
G1 X179.993 Y88.295 E.83223
G1 X180.612 Y88.295 E.02089
G1 X198.022 Y105.705 E.83222
G1 X198.641 Y105.705 E.02089
G1 X181.23 Y88.295 E.83222
G1 X181.848 Y88.295 E.02089
G1 X199.259 Y105.705 E.83222
G1 X199.877 Y105.705 E.02089
G1 X182.466 Y88.295 E.83223
G1 X183.084 Y88.295 E.02089
G1 X200.495 Y105.705 E.83222
G1 X201.113 Y105.705 E.02089
G1 X183.702 Y88.295 E.83222
G1 X184.32 Y88.295 E.02089
G1 X201.731 Y105.705 E.83223
G1 X202.349 Y105.705 E.02089
G1 X184.938 Y88.295 E.83222
G1 X185.557 Y88.295 E.02089
G1 X202.967 Y105.705 E.83222
G1 X203.585 Y105.705 E.02089
G1 X186.175 Y88.295 E.83222
G1 X186.793 Y88.295 E.02089
G1 X204.204 Y105.705 E.83223
G1 X204.822 Y105.705 E.02089
G1 X187.411 Y88.295 E.83222
G1 X188.029 Y88.295 E.02089
G1 X205.44 Y105.705 E.83222
G1 X206.058 Y105.705 E.02089
G1 X188.647 Y88.295 E.83223
G1 X189.265 Y88.295 E.02089
G1 X206.676 Y105.705 E.83223
G1 X207.294 Y105.705 E.02089
G1 X189.883 Y88.295 E.83222
G1 X190.502 Y88.295 E.02089
G1 X207.912 Y105.705 E.83222
G1 X208.53 Y105.705 E.02089
G1 X191.12 Y88.295 E.83223
G1 X191.738 Y88.295 E.02089
G1 X209.149 Y105.705 E.83222
G1 X209.767 Y105.705 E.02089
G1 X192.356 Y88.295 E.83222
G1 X192.974 Y88.295 E.02089
G1 X210.306 Y105.627 E.82848
G2 X210.62 Y105.322 I-.311 J-.633 E.01502
G1 X193.592 Y88.295 E.81391
G1 X194.21 Y88.295 E.02089
G1 X210.705 Y104.79 E.78846
G1 X210.705 Y104.172 E.02089
G1 X194.828 Y88.295 E.75891
G1 X195.447 Y88.295 E.02089
G1 X210.705 Y103.553 E.72936
G1 X210.705 Y102.935 E.02089
G1 X196.065 Y88.295 E.69982
G1 X196.683 Y88.295 E.02089
G1 X210.705 Y102.317 E.67027
G1 X210.705 Y101.699 E.02089
G1 X197.301 Y88.295 E.64073
G1 X197.919 Y88.295 E.02089
G1 X210.705 Y101.081 E.61118
G1 X210.705 Y100.463 E.02089
G1 X198.537 Y88.295 E.58164
G1 X199.155 Y88.295 E.02089
G1 X210.705 Y99.845 E.55209
G1 X210.705 Y99.227 E.02089
G1 X199.773 Y88.295 E.52254
G1 X200.392 Y88.295 E.02089
G1 X210.705 Y98.608 E.493
G1 X210.705 Y97.99 E.02089
G1 X201.01 Y88.295 E.46345
G1 X201.628 Y88.295 E.02089
G1 X210.705 Y97.372 E.43391
G1 X210.705 Y96.754 E.02089
G1 X202.246 Y88.295 E.40436
G1 X202.864 Y88.295 E.02089
G1 X210.705 Y96.136 E.37481
G1 X210.705 Y95.518 E.02089
G1 X203.482 Y88.295 E.34527
G1 X204.1 Y88.295 E.02089
G1 X210.705 Y94.9 E.31572
G1 X210.705 Y94.282 E.02089
G1 X204.718 Y88.295 E.28618
G1 X205.337 Y88.295 E.02089
G1 X210.705 Y93.664 E.25663
G1 X210.705 Y93.045 E.02089
G1 X205.955 Y88.295 E.22708
G1 X206.573 Y88.295 E.02089
G1 X210.705 Y92.427 E.19754
G1 X210.705 Y91.809 E.02089
G1 X207.191 Y88.295 E.16799
G1 X207.809 Y88.295 E.02089
G1 X210.705 Y91.191 E.13845
G1 X210.705 Y90.573 E.02089
G1 X208.427 Y88.295 E.1089
G1 X209.045 Y88.295 E.02089
G1 X210.705 Y89.955 E.07936
G1 X210.705 Y89.337 E.02089
G1 X209.467 Y88.098 E.05921
G1 X174.607 Y105.573 F30000
;WIDTH:0.624488
G1 F6656.092
G3 X173.425 Y104.388 I248.733 J-249.307 E.07528
G1 X173.426 Y104.948 E.02517
G1 X173.51 Y105.283 E.01555
G1 X173.682 Y105.458 E.01103
G2 X174.091 Y105.573 I.406 J-.656 E.01935
G1 X174.567 Y105.573 E.02143
; stop printing object flowrate_m7 id:1228360646943 copy 0
; printing object flowrate_m8 id:1344324764009 copy 0
G1 E-.5 F900
G1 Z1.8 F30000
G1 X168.181 Y106.024 Z1.8
G1 Z1.6
G1 E.5 F900
;TYPE:Inner wall
;WIDTH:0.4
G1 F10958.461
G3 X167.958 Y106.043 I-.2 J-1.043 E.00611
G1 X132.042 Y106.043 E.98109
G3 X130.957 Y104.958 I-.023 J-1.062 E.04682
G1 X130.957 Y89.042 E.43477
G3 X132.042 Y87.957 I1.062 J-.023 E.04682
G1 X167.958 Y87.957 E.98109
G1 X168.18 Y87.977 E.00609
G3 X169.043 Y89.042 I-.192 J1.037 E.04075
G1 X169.043 Y104.958 E.43477
G3 X168.22 Y106.016 I-1.062 J.023 E.03962
G1 X168.243 Y106.376 F30000
G1 F10958.461
G3 X167.974 Y106.4 I-.261 J-1.394 E.00738
G1 X132.026 Y106.4 E.98194
G3 X130.6 Y104.974 I-.008 J-1.418 E.06129
G1 X130.6 Y89.026 E.43562
G3 X132.026 Y87.6 I1.418 J-.008 E.06129
G1 X167.974 Y87.6 E.98194
G1 X168.208 Y87.621 E.00643
G3 X169.4 Y89.026 I-.221 J1.396 E.05484
G1 X169.4 Y104.974 E.43562
G3 X168.282 Y106.368 I-1.418 J.008 E.05281
SET_VELOCITY_LIMIT ACCEL=5000 ACCEL_TO_DECEL=2500
G1 X168.312 Y106.77 F30000
;TYPE:Outer wall
G1 F10958.461
G3 X167.991 Y106.8 I-.33 J-1.788 E.00881
G1 X132.009 Y106.8 E.9829
G3 X130.2 Y104.991 I.01 J-1.818 E.0775
G1 X130.2 Y89.009 E.43658
G3 X132.009 Y87.2 I1.818 J.01 E.0775
G1 X167.991 Y87.2 E.9829
G1 X168.243 Y87.222 E.0069
G3 X169.8 Y89.009 I-.254 J1.793 E.07057
G1 X169.8 Y104.991 E.43658
G3 X168.351 Y106.762 I-1.818 J-.01 E.06759
SET_VELOCITY_LIMIT ACCEL=10000 ACCEL_TO_DECEL=5000
G1 E-.5 F900
G1 Z1.8 F30000
G1 X133.349 Y105.902 Z1.8
G1 Z1.6
G1 E.5 F900
;TYPE:Internal solid infill
;WIDTH:0.479999
G1 F8220
G1 X131.295 Y103.848 E.09712
G1 X131.295 Y103.23 E.02067
G1 X133.77 Y105.705 E.11705
G1 X134.388 Y105.705 E.02067
G1 X131.295 Y102.612 E.14628
G1 X131.295 Y101.994 E.02067
G1 X135.006 Y105.705 E.1755
G1 X135.624 Y105.705 E.02067
G1 X131.295 Y101.376 E.20473
G1 X131.295 Y100.758 E.02067
G1 X136.242 Y105.705 E.23396
G1 X136.861 Y105.705 E.02067
M73 P76 R8
G1 X131.295 Y100.139 E.26319
G1 X131.295 Y99.521 E.02067
G1 X137.479 Y105.705 E.29242
G1 X138.097 Y105.705 E.02067
G1 X131.295 Y98.903 E.32165
G1 X131.295 Y98.285 E.02067
G1 X138.715 Y105.705 E.35087
G1 X139.333 Y105.705 E.02067
G1 X131.295 Y97.667 E.3801
G1 X131.295 Y97.049 E.02067
G1 X139.951 Y105.705 E.40933
G1 X140.569 Y105.705 E.02067
G1 X131.295 Y96.431 E.43856
G1 X131.295 Y95.813 E.02067
G1 X141.187 Y105.705 E.46779
G1 X141.806 Y105.705 E.02067
G1 X131.295 Y95.194 E.49701
G1 X131.295 Y94.576 E.02067
G1 X142.424 Y105.705 E.52624
G1 X143.042 Y105.705 E.02067
G1 X131.295 Y93.958 E.55547
G1 X131.295 Y93.34 E.02067
G1 X143.66 Y105.705 E.5847
G1 X144.278 Y105.705 E.02067
G1 X131.295 Y92.722 E.61393
G1 X131.295 Y92.104 E.02067
G1 X144.896 Y105.705 E.64316
G1 X145.514 Y105.705 E.02067
G1 X131.295 Y91.486 E.67238
G1 X131.295 Y90.868 E.02067
G1 X146.132 Y105.705 E.70161
G1 X146.751 Y105.705 E.02067
G1 X131.295 Y90.249 E.73084
G1 X131.295 Y89.631 E.02067
G1 X147.369 Y105.705 E.76007
G1 X147.987 Y105.705 E.02067
G1 X131.298 Y89.017 E.78913
G3 X131.458 Y88.558 I.925 J.065 E.01643
G1 X148.605 Y105.705 E.81082
G1 X149.223 Y105.705 E.02067
G1 X131.839 Y88.321 E.82203
G3 X132.43 Y88.295 I.4 J2.333 E.01986
G1 X149.841 Y105.705 E.82328
G1 X150.459 Y105.705 E.02067
G1 X133.048 Y88.295 E.82328
G1 X133.667 Y88.295 E.02067
G1 X151.077 Y105.705 E.82328
G1 X151.696 Y105.705 E.02067
G1 X134.285 Y88.295 E.82328
G1 X134.903 Y88.295 E.02067
G1 X152.314 Y105.705 E.82328
G1 X152.932 Y105.705 E.02067
G1 X135.521 Y88.295 E.82328
G1 X136.139 Y88.295 E.02067
G1 X153.55 Y105.705 E.82328
G1 X154.168 Y105.705 E.02067
G1 X136.757 Y88.295 E.82328
G1 X137.375 Y88.295 E.02067
G1 X154.786 Y105.705 E.82328
G1 X155.404 Y105.705 E.02067
G1 X137.993 Y88.295 E.82328
G1 X138.612 Y88.295 E.02067
G1 X156.022 Y105.705 E.82328
G1 X156.641 Y105.705 E.02067
G1 X139.23 Y88.295 E.82328
G1 X139.848 Y88.295 E.02067
G1 X157.259 Y105.705 E.82328
G1 X157.877 Y105.705 E.02067
G1 X140.466 Y88.295 E.82328
G1 X141.084 Y88.295 E.02067
G1 X158.495 Y105.705 E.82328
G1 X159.113 Y105.705 E.02067
G1 X141.702 Y88.295 E.82328
G1 X142.32 Y88.295 E.02067
G1 X159.731 Y105.705 E.82328
G1 X160.349 Y105.705 E.02067
M73 P76 R7
G1 X142.938 Y88.295 E.82328
G1 X143.557 Y88.295 E.02067
G1 X160.967 Y105.705 E.82328
G1 X161.585 Y105.705 E.02067
G1 X144.175 Y88.295 E.82328
G1 X144.793 Y88.295 E.02067
G1 X162.204 Y105.705 E.82328
G1 X162.822 Y105.705 E.02067
G1 X145.411 Y88.295 E.82328
G1 X146.029 Y88.295 E.02067
G1 X163.44 Y105.705 E.82328
G1 X164.058 Y105.705 E.02067
G1 X146.647 Y88.295 E.82328
G1 X147.265 Y88.295 E.02067
G1 X164.676 Y105.705 E.82328
G1 X165.294 Y105.705 E.02067
G1 X147.883 Y88.295 E.82328
G1 X148.502 Y88.295 E.02067
G1 X165.912 Y105.705 E.82328
G1 X166.53 Y105.705 E.02067
G1 X149.12 Y88.295 E.82328
G1 X149.738 Y88.295 E.02067
G1 X167.149 Y105.705 E.82328
G1 X167.767 Y105.705 E.02067
G1 X150.356 Y88.295 E.82328
G1 X150.974 Y88.295 E.02067
G1 X168.306 Y105.627 E.81957
G2 X168.62 Y105.322 I-.311 J-.633 E.01486
G1 X151.592 Y88.295 E.80515
G1 X152.21 Y88.295 E.02067
G1 X168.705 Y104.79 E.77998
G1 X168.705 Y104.172 E.02067
G1 X152.828 Y88.295 E.75075
G1 X153.447 Y88.295 E.02067
G1 X168.705 Y103.553 E.72152
G1 X168.705 Y102.935 E.02067
G1 X154.065 Y88.295 E.69229
G1 X154.683 Y88.295 E.02067
G1 X168.705 Y102.317 E.66307
G1 X168.705 Y101.699 E.02067
G1 X155.301 Y88.295 E.63384
G1 X155.919 Y88.295 E.02067
G1 X168.705 Y101.081 E.60461
G1 X168.705 Y100.463 E.02067
G1 X156.537 Y88.295 E.57538
G1 X157.155 Y88.295 E.02067
G1 X168.705 Y99.845 E.54615
G1 X168.705 Y99.227 E.02067
G1 X157.773 Y88.295 E.51692
G1 X158.392 Y88.295 E.02067
G1 X168.705 Y98.608 E.4877
G1 X168.705 Y97.99 E.02067
G1 X159.01 Y88.295 E.45847
G1 X159.628 Y88.295 E.02067
G1 X168.705 Y97.372 E.42924
G1 X168.705 Y96.754 E.02067
G1 X160.246 Y88.295 E.40001
G1 X160.864 Y88.295 E.02067
G1 X168.705 Y96.136 E.37078
G1 X168.705 Y95.518 E.02067
G1 X161.482 Y88.295 E.34156
G1 X162.1 Y88.295 E.02067
G1 X168.705 Y94.9 E.31233
G1 X168.705 Y94.282 E.02067
G1 X162.718 Y88.295 E.2831
G1 X163.337 Y88.295 E.02067
G1 X168.705 Y93.664 E.25387
G1 X168.705 Y93.045 E.02067
G1 X163.955 Y88.295 E.22464
G1 X164.573 Y88.295 E.02067
G1 X168.705 Y92.427 E.19541
G1 X168.705 Y91.809 E.02067
G1 X165.191 Y88.295 E.16619
G1 X165.809 Y88.295 E.02067
G1 X168.705 Y91.191 E.13696
G1 X168.705 Y90.573 E.02067
G1 X166.427 Y88.295 E.10773
G1 X167.045 Y88.295 E.02067
G1 X168.705 Y89.955 E.0785
G1 X168.705 Y89.337 E.02067
G1 X167.467 Y88.098 E.05857
G1 X132.607 Y105.573 F30000
;WIDTH:0.624489
G1 F6728.433
G3 X131.425 Y104.388 I248.733 J-249.307 E.07447
G1 X131.426 Y104.948 E.0249
G1 X131.51 Y105.283 E.01539
G1 X131.682 Y105.458 E.01092
G2 X132.091 Y105.573 I.406 J-.656 E.01914
G1 X132.567 Y105.573 E.0212
; stop printing object flowrate_m8 id:1344324764009 copy 0
; printing object flowrate_m5 id:0 copy 0
G1 E-.5 F900
G1 Z1.8 F30000
G1 X168.181 Y138.024 Z1.8
G1 Z1.6
G1 E.5 F900
;TYPE:Inner wall
;WIDTH:0.4
G1 F10612.404
G3 X167.958 Y138.043 I-.2 J-1.043 E.00631
G1 X132.042 Y138.043 E1.01308
G3 X130.957 Y136.958 I-.023 J-1.062 E.04835
G1 X130.957 Y121.042 E.44895
G3 X132.042 Y119.957 I1.062 J-.023 E.04835
G1 X167.958 Y119.957 E1.01309
G1 X168.18 Y119.977 E.00629
G3 X169.043 Y121.042 I-.192 J1.037 E.04208
G1 X169.043 Y136.958 E.44895
G3 X168.22 Y138.016 I-1.062 J.023 E.04091
G1 X168.243 Y138.376 F30000
G1 F10612.404
G3 X167.974 Y138.4 I-.261 J-1.394 E.00762
G1 X132.026 Y138.4 E1.01396
G3 X130.6 Y136.974 I-.008 J-1.418 E.06329
G1 X130.6 Y121.026 E.44983
G3 X132.026 Y119.6 I1.418 J-.008 E.06329
G1 X167.974 Y119.6 E1.01396
G1 X168.208 Y119.621 E.00664
G3 X169.4 Y121.026 I-.221 J1.396 E.05663
G1 X169.4 Y136.974 E.44983
G3 X168.282 Y138.368 I-1.418 J.008 E.05453
SET_VELOCITY_LIMIT ACCEL=5000 ACCEL_TO_DECEL=2500
G1 X168.312 Y138.77 F30000
;TYPE:Outer wall
G1 F10612.404
G3 X167.991 Y138.8 I-.33 J-1.788 E.0091
G1 X132.009 Y138.8 E1.01495
G3 X130.2 Y136.991 I.01 J-1.818 E.08002
G1 X130.2 Y121.009 E.45081
G3 X132.009 Y119.2 I1.818 J.01 E.08002
G1 X167.991 Y119.2 E1.01495
G1 X168.243 Y119.222 E.00713
G3 X169.8 Y121.009 I-.254 J1.793 E.07287
G1 X169.8 Y136.991 E.45081
G3 X168.351 Y138.762 I-1.818 J-.01 E.0698
SET_VELOCITY_LIMIT ACCEL=10000 ACCEL_TO_DECEL=5000
G1 E-.5 F900
G1 Z1.8 F30000
G1 X133.349 Y137.902 Z1.8
G1 Z1.6
G1 E.5 F900
;TYPE:Internal solid infill
;WIDTH:0.479999
G1 F8220
G1 X131.295 Y135.848 E.10029
G1 X131.295 Y135.23 E.02134
G1 X133.77 Y137.705 E.12087
G1 X134.388 Y137.705 E.02134
G1 X131.295 Y134.612 E.15105
G1 X131.295 Y133.994 E.02134
G1 X135.006 Y137.705 E.18123
G1 X135.624 Y137.705 E.02134
G1 X131.295 Y133.376 E.21141
G1 X131.295 Y132.758 E.02134
G1 X136.242 Y137.705 E.24159
G1 X136.861 Y137.705 E.02134
G1 X131.295 Y132.139 E.27177
G1 X131.295 Y131.521 E.02134
G1 X137.479 Y137.705 E.30195
G1 X138.097 Y137.705 E.02134
G1 X131.295 Y130.903 E.33213
G1 X131.295 Y130.285 E.02134
G1 X138.715 Y137.705 E.36232
G1 X139.333 Y137.705 E.02134
G1 X131.295 Y129.667 E.3925
G1 X131.295 Y129.049 E.02134
G1 X139.951 Y137.705 E.42268
G1 X140.569 Y137.705 E.02134
G1 X131.295 Y128.431 E.45286
G1 X131.295 Y127.813 E.02134
G1 X141.187 Y137.705 E.48304
G1 X141.806 Y137.705 E.02134
G1 X131.295 Y127.194 E.51322
G1 X131.295 Y126.576 E.02134
G1 X142.424 Y137.705 E.5434
G1 X143.042 Y137.705 E.02134
G1 X131.295 Y125.958 E.57358
G1 X131.295 Y125.34 E.02134
G1 X143.66 Y137.705 E.60377
G1 X144.278 Y137.705 E.02134
G1 X131.295 Y124.722 E.63395
G1 X131.295 Y124.104 E.02134
G1 X144.896 Y137.705 E.66413
G1 X145.514 Y137.705 E.02134
G1 X131.295 Y123.486 E.69431
G1 X131.295 Y122.868 E.02134
G1 X146.132 Y137.705 E.72449
G1 X146.751 Y137.705 E.02134
G1 X131.295 Y122.249 E.75467
G1 X131.295 Y121.631 E.02134
G1 X147.369 Y137.705 E.78485
G1 X147.987 Y137.705 E.02134
G1 X131.298 Y121.017 E.81486
G3 X131.458 Y120.558 I.925 J.065 E.01696
G1 X148.605 Y137.705 E.83726
G1 X149.223 Y137.705 E.02134
G1 X131.838 Y120.321 E.84884
G3 X132.43 Y120.295 I.4 J2.333 E.02051
G1 X149.841 Y137.705 E.85012
G1 X150.459 Y137.705 E.02134
G1 X133.048 Y120.295 E.85012
G1 X133.667 Y120.295 E.02134
G1 X151.077 Y137.705 E.85012
G1 X151.696 Y137.705 E.02134
G1 X134.285 Y120.295 E.85012
G1 X134.903 Y120.295 E.02134
G1 X152.314 Y137.705 E.85012
G1 X152.932 Y137.705 E.02134
M73 P77 R7
G1 X135.521 Y120.295 E.85012
G1 X136.139 Y120.295 E.02134
G1 X153.55 Y137.705 E.85012
G1 X154.168 Y137.705 E.02134
G1 X136.757 Y120.295 E.85012
G1 X137.375 Y120.295 E.02134
G1 X154.786 Y137.705 E.85012
G1 X155.404 Y137.705 E.02134
G1 X137.993 Y120.295 E.85012
G1 X138.612 Y120.295 E.02134
G1 X156.022 Y137.705 E.85012
G1 X156.641 Y137.705 E.02134
G1 X139.23 Y120.295 E.85012
G1 X139.848 Y120.295 E.02134
G1 X157.259 Y137.705 E.85012
G1 X157.877 Y137.705 E.02134
G1 X140.466 Y120.295 E.85012
G1 X141.084 Y120.295 E.02134
G1 X158.495 Y137.705 E.85012
G1 X159.113 Y137.705 E.02134
G1 X141.702 Y120.295 E.85012
G1 X142.32 Y120.295 E.02134
G1 X159.731 Y137.705 E.85012
G1 X160.349 Y137.705 E.02134
G1 X142.938 Y120.295 E.85012
G1 X143.557 Y120.295 E.02134
G1 X160.967 Y137.705 E.85012
G1 X161.585 Y137.705 E.02134
G1 X144.175 Y120.295 E.85012
G1 X144.793 Y120.295 E.02134
G1 X162.204 Y137.705 E.85012
G1 X162.822 Y137.705 E.02134
G1 X145.411 Y120.295 E.85012
G1 X146.029 Y120.295 E.02134
G1 X163.44 Y137.705 E.85012
G1 X164.058 Y137.705 E.02134
G1 X146.647 Y120.295 E.85012
G1 X147.265 Y120.295 E.02134
G1 X164.676 Y137.705 E.85012
G1 X165.294 Y137.705 E.02134
G1 X147.883 Y120.295 E.85012
G1 X148.502 Y120.295 E.02134
G1 X165.912 Y137.705 E.85012
G1 X166.53 Y137.705 E.02134
G1 X149.12 Y120.295 E.85012
G1 X149.738 Y120.295 E.02134
G1 X167.149 Y137.705 E.85012
G1 X167.767 Y137.705 E.02134
G1 X150.356 Y120.295 E.85012
G1 X150.974 Y120.295 E.02134
G1 X168.306 Y137.627 E.8463
G2 X168.62 Y137.322 I-.311 J-.633 E.01534
G1 X151.592 Y120.295 E.83141
G1 X152.21 Y120.295 E.02134
G1 X168.705 Y136.79 E.80541
G1 X168.705 Y136.172 E.02134
G1 X152.828 Y120.295 E.77523
G1 X153.447 Y120.295 E.02134
G1 X168.705 Y135.553 E.74505
G1 X168.705 Y134.935 E.02134
G1 X154.065 Y120.295 E.71487
G1 X154.683 Y120.295 E.02134
G1 X168.705 Y134.317 E.68469
G1 X168.705 Y133.699 E.02134
G1 X155.301 Y120.295 E.65451
G1 X155.919 Y120.295 E.02134
G1 X168.705 Y133.081 E.62432
G1 X168.705 Y132.463 E.02134
G1 X156.537 Y120.295 E.59414
G1 X157.155 Y120.295 E.02134
G1 X168.705 Y131.845 E.56396
G1 X168.705 Y131.227 E.02134
G1 X157.773 Y120.295 E.53378
G1 X158.392 Y120.295 E.02134
G1 X168.705 Y130.608 E.5036
G1 X168.705 Y129.99 E.02134
G1 X159.01 Y120.295 E.47342
G1 X159.628 Y120.295 E.02134
G1 X168.705 Y129.372 E.44324
G1 X168.705 Y128.754 E.02134
G1 X160.246 Y120.295 E.41306
G1 X160.864 Y120.295 E.02134
G1 X168.705 Y128.136 E.38287
G1 X168.705 Y127.518 E.02134
G1 X161.482 Y120.295 E.35269
G1 X162.1 Y120.295 E.02134
G1 X168.705 Y126.9 E.32251
G1 X168.705 Y126.282 E.02134
G1 X162.718 Y120.295 E.29233
G1 X163.337 Y120.295 E.02134
G1 X168.705 Y125.664 E.26215
G1 X168.705 Y125.045 E.02134
G1 X163.955 Y120.295 E.23197
G1 X164.573 Y120.295 E.02134
G1 X168.705 Y124.427 E.20179
G1 X168.705 Y123.809 E.02134
G1 X165.191 Y120.295 E.17161
G1 X165.809 Y120.295 E.02134
G1 X168.705 Y123.191 E.14142
G1 X168.705 Y122.573 E.02134
G1 X166.427 Y120.295 E.11124
G1 X167.045 Y120.295 E.02134
G1 X168.705 Y121.955 E.08106
G1 X168.705 Y121.337 E.02134
G1 X167.467 Y120.098 E.06048
G1 X132.607 Y137.573 F30000
;WIDTH:0.624489
G1 F6515.952
G3 X131.425 Y136.388 I248.834 J-249.407 E.0769
G1 X131.426 Y136.948 E.02571
G1 X131.51 Y137.283 E.01589
G1 X131.682 Y137.458 E.01127
G2 X132.091 Y137.573 I.406 J-.657 E.01976
G1 X132.567 Y137.573 E.02189
; stop printing object flowrate_m5 id:0 copy 0
; printing object flowrate_m2 id:8247625146344371234 copy 0
G1 E-.5 F900
G1 Z1.8 F30000
G1 X168.181 Y170.024 Z1.8
G1 Z1.6
G1 E.5 F900
;TYPE:Inner wall
;WIDTH:0.4
G1 F10287.535
G3 X167.958 Y170.043 I-.2 J-1.043 E.00651
G1 X132.042 Y170.043 E1.04508
G3 X130.957 Y168.958 I-.023 J-1.062 E.04987
G1 X130.957 Y153.042 E.46313
G3 X132.042 Y151.957 I1.062 J-.023 E.04987
G1 X167.958 Y151.957 E1.04508
G1 X168.18 Y151.977 E.00649
G3 X169.043 Y153.042 I-.192 J1.037 E.04341
G1 X169.043 Y168.958 E.46313
G3 X168.22 Y170.016 I-1.062 J.023 E.04221
G1 X168.243 Y170.376 F30000
G1 F10287.535
G3 X167.974 Y170.4 I-.261 J-1.394 E.00786
G1 X132.026 Y170.4 E1.04598
G3 X130.6 Y168.974 I-.008 J-1.418 E.06528
G1 X130.6 Y153.026 E.46404
G3 X132.026 Y151.6 I1.418 J-.008 E.06528
G1 X167.974 Y151.6 E1.04599
G1 X168.208 Y151.621 E.00685
G3 X169.4 Y153.026 I-.221 J1.396 E.05841
G1 X169.4 Y168.974 E.46403
G3 X168.282 Y170.368 I-1.418 J.008 E.05626
SET_VELOCITY_LIMIT ACCEL=5000 ACCEL_TO_DECEL=2500
G1 X168.312 Y170.77 F30000
;TYPE:Outer wall
G1 F10287.535
G3 X167.991 Y170.8 I-.33 J-1.788 E.00939
G1 X132.009 Y170.8 E1.047
G3 X130.2 Y168.991 I.01 J-1.818 E.08255
G1 X130.2 Y153.009 E.46505
G3 X132.009 Y151.2 I1.818 J.01 E.08255
G1 X167.991 Y151.2 E1.047
G1 X168.243 Y151.222 E.00735
G3 X169.8 Y153.009 I-.254 J1.793 E.07517
G1 X169.8 Y168.991 E.46505
G3 X168.351 Y170.762 I-1.818 J-.01 E.072
SET_VELOCITY_LIMIT ACCEL=10000 ACCEL_TO_DECEL=5000
G1 E-.5 F900
G1 Z1.8 F30000
G1 X133.349 Y169.902 Z1.8
G1 Z1.6
G1 E.5 F900
;TYPE:Internal solid infill
;WIDTH:0.479999
G1 F8220
G1 X131.295 Y167.848 E.10345
G1 X131.295 Y167.23 E.02202
G1 X133.77 Y169.705 E.12468
G1 X134.388 Y169.705 E.02202
G1 X131.295 Y166.612 E.15582
G1 X131.295 Y165.994 E.02202
G1 X135.006 Y169.705 E.18695
G1 X135.624 Y169.705 E.02202
G1 X131.295 Y165.376 E.21809
G1 X131.295 Y164.758 E.02202
G1 X136.242 Y169.705 E.24922
G1 X136.861 Y169.705 E.02202
G1 X131.295 Y164.139 E.28035
G1 X131.295 Y163.521 E.02202
G1 X137.479 Y169.705 E.31149
G1 X138.097 Y169.705 E.02202
G1 X131.295 Y162.903 E.34262
G1 X131.295 Y162.285 E.02202
G1 X138.715 Y169.705 E.37376
G1 X139.333 Y169.705 E.02202
G1 X131.295 Y161.667 E.40489
G1 X131.295 Y161.049 E.02202
G1 X139.951 Y169.705 E.43603
G1 X140.569 Y169.705 E.02202
G1 X131.295 Y160.431 E.46716
G1 X131.295 Y159.813 E.02202
G1 X141.187 Y169.705 E.49829
G1 X141.806 Y169.705 E.02202
G1 X131.295 Y159.194 E.52943
G1 X131.295 Y158.576 E.02202
G1 X142.424 Y169.705 E.56056
G1 X143.042 Y169.705 E.02202
G1 X131.295 Y157.958 E.5917
G1 X131.295 Y157.34 E.02202
G1 X143.66 Y169.705 E.62283
G1 X144.278 Y169.705 E.02202
G1 X131.295 Y156.722 E.65397
G1 X131.295 Y156.104 E.02202
G1 X144.896 Y169.705 E.6851
G1 X145.514 Y169.705 E.02202
G1 X131.295 Y155.486 E.71624
G1 X131.295 Y154.868 E.02202
G1 X146.132 Y169.705 E.74737
G1 X146.751 Y169.705 E.02202
G1 X131.295 Y154.249 E.7785
G1 X131.295 Y153.631 E.02202
G1 X147.369 Y169.705 E.80964
G1 X147.987 Y169.705 E.02202
G1 X131.298 Y153.017 E.8406
G3 X131.458 Y152.558 I.924 J.064 E.0175
G1 X148.605 Y169.705 E.8637
G1 X149.223 Y169.705 E.02202
G1 X131.839 Y152.321 E.87565
G3 X132.43 Y152.295 I.4 J2.333 E.02116
G1 X149.841 Y169.705 E.87697
G1 X150.459 Y169.705 E.02202
G1 X133.048 Y152.295 E.87697
G1 X133.667 Y152.295 E.02202
G1 X151.077 Y169.705 E.87697
G1 X151.696 Y169.705 E.02202
G1 X134.285 Y152.295 E.87697
G1 X134.903 Y152.295 E.02202
G1 X152.314 Y169.705 E.87697
G1 X152.932 Y169.705 E.02202
G1 X135.521 Y152.295 E.87697
G1 X136.139 Y152.295 E.02202
G1 X153.55 Y169.705 E.87697
G1 X154.168 Y169.705 E.02202
G1 X136.757 Y152.295 E.87697
G1 X137.375 Y152.295 E.02202
G1 X154.786 Y169.705 E.87697
G1 X155.404 Y169.705 E.02202
G1 X137.993 Y152.295 E.87697
G1 X138.612 Y152.295 E.02202
G1 X156.022 Y169.705 E.87697
G1 X156.641 Y169.705 E.02202
G1 X139.23 Y152.295 E.87697
G1 X139.848 Y152.295 E.02202
G1 X157.259 Y169.705 E.87697
G1 X157.877 Y169.705 E.02202
G1 X140.466 Y152.295 E.87697
G1 X141.084 Y152.295 E.02202
G1 X158.495 Y169.705 E.87697
G1 X159.113 Y169.705 E.02202
G1 X141.702 Y152.295 E.87697
G1 X142.32 Y152.295 E.02202
G1 X159.731 Y169.705 E.87697
G1 X160.349 Y169.705 E.02202
G1 X142.938 Y152.295 E.87697
G1 X143.557 Y152.295 E.02202
G1 X160.967 Y169.705 E.87697
G1 X161.585 Y169.705 E.02202
G1 X144.175 Y152.295 E.87697
G1 X144.793 Y152.295 E.02202
G1 X162.204 Y169.705 E.87697
G1 X162.822 Y169.705 E.02202
G1 X145.411 Y152.295 E.87697
G1 X146.029 Y152.295 E.02202
G1 X163.44 Y169.705 E.87697
G1 X164.058 Y169.705 E.02202
G1 X146.647 Y152.295 E.87697
G1 X147.265 Y152.295 E.02202
M73 P78 R7
G1 X164.676 Y169.705 E.87697
G1 X165.294 Y169.705 E.02202
G1 X147.883 Y152.295 E.87697
G1 X148.502 Y152.295 E.02202
G1 X165.912 Y169.705 E.87697
G1 X166.53 Y169.705 E.02202
G1 X149.12 Y152.295 E.87697
G1 X149.738 Y152.295 E.02202
G1 X167.149 Y169.705 E.87697
G1 X167.767 Y169.705 E.02202
G1 X150.356 Y152.295 E.87697
G1 X150.974 Y152.295 E.02202
G1 X168.306 Y169.627 E.87302
G2 X168.62 Y169.322 I-.311 J-.633 E.01583
G1 X151.592 Y152.295 E.85766
G1 X152.21 Y152.295 E.02202
G1 X168.705 Y168.79 E.83085
G1 X168.705 Y168.172 E.02202
G1 X152.828 Y152.295 E.79971
G1 X153.447 Y152.295 E.02202
G1 X168.705 Y167.553 E.76858
G1 X168.705 Y166.935 E.02202
G1 X154.065 Y152.295 E.73744
G1 X154.683 Y152.295 E.02202
G1 X168.705 Y166.317 E.70631
G1 X168.705 Y165.699 E.02202
G1 X155.301 Y152.295 E.67517
G1 X155.919 Y152.295 E.02202
G1 X168.705 Y165.081 E.64404
G1 X168.705 Y164.463 E.02202
G1 X156.537 Y152.295 E.61291
G1 X157.155 Y152.295 E.02202
G1 X168.705 Y163.845 E.58177
G1 X168.705 Y163.227 E.02202
G1 X157.773 Y152.295 E.55064
G1 X158.392 Y152.295 E.02202
G1 X168.705 Y162.608 E.5195
G1 X168.705 Y161.99 E.02202
G1 X159.01 Y152.295 E.48837
G1 X159.628 Y152.295 E.02202
G1 X168.705 Y161.372 E.45723
G1 X168.705 Y160.754 E.02202
G1 X160.246 Y152.295 E.4261
G1 X160.864 Y152.295 E.02202
G1 X168.705 Y160.136 E.39497
G1 X168.705 Y159.518 E.02202
G1 X161.482 Y152.295 E.36383
G1 X162.1 Y152.295 E.02202
G1 X168.705 Y158.9 E.3327
G1 X168.705 Y158.282 E.02202
G1 X162.718 Y152.295 E.30156
G1 X163.337 Y152.295 E.02202
G1 X168.705 Y157.664 E.27043
G1 X168.705 Y157.045 E.02202
G1 X163.955 Y152.295 E.23929
G1 X164.573 Y152.295 E.02202
G1 X168.705 Y156.427 E.20816
G1 X168.705 Y155.809 E.02202
G1 X165.191 Y152.295 E.17702
G1 X165.809 Y152.295 E.02202
G1 X168.705 Y155.191 E.14589
G1 X168.705 Y154.573 E.02202
G1 X166.427 Y152.295 E.11476
G1 X167.045 Y152.295 E.02202
G1 X168.705 Y153.955 E.08362
G1 X168.705 Y153.337 E.02202
G1 X167.467 Y152.098 E.06239
G1 X132.607 Y169.573 F30000
;WIDTH:0.624489
G1 F6316.481
G3 X131.425 Y168.388 I248.738 J-249.312 E.07933
G1 X131.426 Y168.948 E.02653
G1 X131.51 Y169.283 E.01639
G1 X131.682 Y169.458 E.01163
G2 X132.091 Y169.573 I.405 J-.656 E.02039
G1 X132.567 Y169.573 E.02259
; stop printing object flowrate_m2 id:8247625146344371234 copy 0
; printing object flowrate_0 id:111516266160479 copy 0
G1 E-.5 F900
G1 Z1.8 F30000
G1 X168.519 Y184.102 Z1.8
G1 Z1.6
G1 E.5 F900
;TYPE:Inner wall
;WIDTH:0.4
G1 F10081.784
G3 X169.043 Y185.042 I-.53 J.912 E.03354
G1 X169.043 Y200.958 E.47258
G3 X167.958 Y202.043 I-1.062 J.023 E.05089
G1 X132.042 Y202.043 E1.0664
G3 X130.957 Y200.958 I-.023 J-1.062 E.05089
G1 X130.957 Y185.042 E.47258
G3 X132.042 Y183.957 I1.062 J-.023 E.05089
G1 X167.958 Y183.957 E1.06641
G1 X168.18 Y183.977 E.00662
G3 X168.484 Y184.082 I-.192 J1.037 E.00957
G1 X168.696 Y183.794 F30000
G1 F10081.784
G3 X169.4 Y185.026 I-.709 J1.222 E.04414
G1 X169.4 Y200.974 E.4735
G3 X167.974 Y202.4 I-1.418 J.008 E.06662
G1 X132.026 Y202.4 E1.06733
G3 X130.6 Y200.974 I-.008 J-1.418 E.06662
G1 X130.6 Y185.026 E.47351
G3 X132.026 Y183.6 I1.418 J-.008 E.06662
G1 X167.974 Y183.6 E1.06733
G1 X168.208 Y183.621 E.00699
G3 X168.661 Y183.774 I-.221 J1.396 E.01428
SET_VELOCITY_LIMIT ACCEL=5000 ACCEL_TO_DECEL=2500
G1 X168.896 Y183.448 F30000
;TYPE:Outer wall
G1 F10081.784
G3 X169.8 Y185.009 I-.908 J1.568 E.05606
G1 X169.8 Y200.991 E.47454
G3 X167.991 Y202.8 I-1.818 J-.01 E.08424
G1 X132.009 Y202.8 E1.06837
G3 X130.2 Y200.991 I.01 J-1.818 E.08424
G1 X130.2 Y185.009 E.47454
G3 X132.009 Y183.2 I1.818 J.01 E.08423
G1 X167.991 Y183.2 E1.06837
G1 X168.243 Y183.222 E.0075
G3 X168.861 Y183.428 I-.254 J1.793 E.01946
SET_VELOCITY_LIMIT ACCEL=10000 ACCEL_TO_DECEL=5000
G1 E-.5 F900
G1 Z1.8 F30000
G1 X133.349 Y201.902 Z1.8
G1 Z1.6
G1 E.5 F900
;TYPE:Internal solid infill
;WIDTH:0.479999
G1 F8220
G1 X131.295 Y199.848 E.10557
G1 X131.295 Y199.23 E.02246
G1 X133.77 Y201.705 E.12723
G1 X134.388 Y201.705 E.02246
G1 X131.295 Y198.612 E.159
G1 X131.295 Y197.994 E.02246
G1 X135.006 Y201.705 E.19077
G1 X135.624 Y201.705 E.02246
G1 X131.295 Y197.376 E.22254
G1 X131.295 Y196.758 E.02246
G1 X136.242 Y201.705 E.25431
G1 X136.861 Y201.705 E.02246
G1 X131.295 Y196.139 E.28608
G1 X131.295 Y195.521 E.02246
G1 X137.479 Y201.705 E.31785
G1 X138.097 Y201.705 E.02246
G1 X131.295 Y194.903 E.34962
G1 X131.295 Y194.285 E.02246
G1 X138.715 Y201.705 E.38138
G1 X139.333 Y201.705 E.02246
G1 X131.295 Y193.667 E.41315
G1 X131.295 Y193.049 E.02246
G1 X139.951 Y201.705 E.44492
G1 X140.569 Y201.705 E.02246
G1 X131.295 Y192.431 E.47669
G1 X131.295 Y191.813 E.02246
G1 X141.187 Y201.705 E.50846
G1 X141.806 Y201.705 E.02246
G1 X131.295 Y191.194 E.54023
G1 X131.295 Y190.576 E.02246
G1 X142.424 Y201.705 E.572
G1 X143.042 Y201.705 E.02246
G1 X131.295 Y189.958 E.60377
G1 X131.295 Y189.34 E.02246
G1 X143.66 Y201.705 E.63554
G1 X144.278 Y201.705 E.02246
G1 X131.295 Y188.722 E.66731
G1 X131.295 Y188.104 E.02246
G1 X144.896 Y201.705 E.69908
G1 X145.514 Y201.705 E.02246
G1 X131.295 Y187.486 E.73085
G1 X131.295 Y186.868 E.02246
G1 X146.132 Y201.705 E.76262
G1 X146.751 Y201.705 E.02246
G1 X131.295 Y186.249 E.79439
G1 X131.295 Y185.631 E.02246
G1 X147.369 Y201.705 E.82616
G1 X147.987 Y201.705 E.02246
G1 X131.298 Y185.017 E.85775
G3 X131.458 Y184.558 I.924 J.064 E.01786
G1 X148.605 Y201.705 E.88132
G1 X149.223 Y201.705 E.02246
G1 X131.839 Y184.321 E.89352
G3 X132.43 Y184.295 I.4 J2.333 E.02159
G1 X149.841 Y201.705 E.89487
G1 X150.459 Y201.705 E.02246
G1 X133.048 Y184.295 E.89487
G1 X133.667 Y184.295 E.02246
G1 X151.077 Y201.705 E.89487
G1 X151.696 Y201.705 E.02246
G1 X134.285 Y184.295 E.89487
G1 X134.903 Y184.295 E.02246
G1 X152.314 Y201.705 E.89487
G1 X152.932 Y201.705 E.02246
G1 X135.521 Y184.295 E.89487
G1 X136.139 Y184.295 E.02246
G1 X153.55 Y201.705 E.89487
G1 X154.168 Y201.705 E.02246
G1 X136.757 Y184.295 E.89487
G1 X137.375 Y184.295 E.02246
G1 X154.786 Y201.705 E.89487
G1 X155.404 Y201.705 E.02246
G1 X137.993 Y184.295 E.89487
G1 X138.612 Y184.295 E.02246
G1 X156.022 Y201.705 E.89487
G1 X156.641 Y201.705 E.02246
G1 X139.23 Y184.295 E.89487
G1 X139.848 Y184.295 E.02246
G1 X157.259 Y201.705 E.89487
G1 X157.877 Y201.705 E.02246
G1 X140.466 Y184.295 E.89487
G1 X141.084 Y184.295 E.02246
G1 X158.495 Y201.705 E.89487
G1 X159.113 Y201.705 E.02246
G1 X141.702 Y184.295 E.89487
G1 X142.32 Y184.295 E.02246
G1 X159.731 Y201.705 E.89487
G1 X160.349 Y201.705 E.02246
G1 X142.938 Y184.295 E.89487
G1 X143.557 Y184.295 E.02246
G1 X160.967 Y201.705 E.89487
G1 X161.585 Y201.705 E.02246
G1 X144.175 Y184.295 E.89487
G1 X144.793 Y184.295 E.02246
G1 X162.204 Y201.705 E.89487
G1 X162.822 Y201.705 E.02246
G1 X145.411 Y184.295 E.89487
G1 X146.029 Y184.295 E.02246
G1 X163.44 Y201.705 E.89487
G1 X164.058 Y201.705 E.02246
G1 X146.647 Y184.295 E.89487
G1 X147.265 Y184.295 E.02246
G1 X164.676 Y201.705 E.89487
G1 X165.294 Y201.705 E.02246
G1 X147.883 Y184.295 E.89487
G1 X148.502 Y184.295 E.02246
G1 X165.912 Y201.705 E.89487
G1 X166.53 Y201.705 E.02246
G1 X149.12 Y184.295 E.89487
G1 X149.738 Y184.295 E.02246
G1 X167.149 Y201.705 E.89487
G1 X167.767 Y201.705 E.02246
G1 X150.356 Y184.295 E.89487
G1 X150.974 Y184.295 E.02246
G1 X168.306 Y201.627 E.89084
G2 X168.62 Y201.322 I-.311 J-.633 E.01615
G1 X151.592 Y184.295 E.87517
G1 X152.21 Y184.295 E.02246
G1 X168.705 Y200.79 E.8478
G1 X168.705 Y200.172 E.02246
G1 X152.828 Y184.295 E.81603
G1 X153.447 Y184.295 E.02246
G1 X168.705 Y199.553 E.78426
G1 X168.705 Y198.935 E.02246
G1 X154.065 Y184.295 E.75249
G1 X154.683 Y184.295 E.02246
G1 X168.705 Y198.317 E.72072
G1 X168.705 Y197.699 E.02246
G1 X155.301 Y184.295 E.68895
G1 X155.919 Y184.295 E.02246
G1 X168.705 Y197.081 E.65718
G1 X168.705 Y196.463 E.02246
G1 X156.537 Y184.295 E.62541
G1 X157.155 Y184.295 E.02246
G1 X168.705 Y195.845 E.59364
G1 X168.705 Y195.227 E.02246
G1 X157.773 Y184.295 E.56187
G1 X158.392 Y184.295 E.02246
G1 X168.705 Y194.608 E.5301
G1 X168.705 Y193.99 E.02246
G1 X159.01 Y184.295 E.49833
G1 X159.628 Y184.295 E.02246
G1 X168.705 Y193.372 E.46657
G1 X168.705 Y192.754 E.02246
G1 X160.246 Y184.295 E.4348
G1 X160.864 Y184.295 E.02246
G1 X168.705 Y192.136 E.40303
G1 X168.705 Y191.518 E.02246
M73 P79 R7
G1 X161.482 Y184.295 E.37126
G1 X162.1 Y184.295 E.02246
G1 X168.705 Y190.9 E.33949
G1 X168.705 Y190.282 E.02246
G1 X162.718 Y184.295 E.30772
G1 X163.337 Y184.295 E.02246
G1 X168.705 Y189.664 E.27595
G1 X168.705 Y189.045 E.02246
G1 X163.955 Y184.295 E.24418
G1 X164.573 Y184.295 E.02246
G1 X168.705 Y188.427 E.21241
G1 X168.705 Y187.809 E.02246
G1 X165.191 Y184.295 E.18064
G1 X165.809 Y184.295 E.02246
G1 X168.705 Y187.191 E.14887
G1 X168.705 Y186.573 E.02246
G1 X166.427 Y184.295 E.1171
G1 X167.045 Y184.295 E.02246
G1 X168.705 Y185.955 E.08533
G1 X168.705 Y185.337 E.02246
G1 X167.467 Y184.098 E.06367
G1 X132.607 Y201.573 F30000
;WIDTH:0.624489
G1 F6190.151
G3 X131.425 Y200.388 I248.738 J-249.312 E.08095
G1 X131.426 Y200.948 E.02707
G1 X131.51 Y201.283 E.01672
G1 X131.682 Y201.458 E.01186
G2 X132.091 Y201.573 I.405 J-.656 E.0208
G1 X132.567 Y201.573 E.02305
; stop printing object flowrate_0 id:111516266160479 copy 0
; printing object flowrate_m1 id:8318823020889268071 copy 0
G1 E-.5 F900
G1 Z1.8 F30000
G1 X126.181 Y170.024 Z1.8
G1 Z1.6
G1 E.5 F900
;TYPE:Inner wall
;WIDTH:0.4
G1 F10183.62
G3 X125.958 Y170.043 I-.2 J-1.043 E.00657
G1 X90.042 Y170.043 E1.05574
G3 X88.957 Y168.958 I-.023 J-1.062 E.05038
G1 X88.957 Y153.042 E.46785
G3 X90.042 Y151.957 I1.062 J-.023 E.05038
G1 X125.958 Y151.957 E1.05574
G1 X126.18 Y151.977 E.00656
G3 X127.043 Y153.042 I-.192 J1.037 E.04385
G1 X127.043 Y168.958 E.46785
G3 X126.22 Y170.016 I-1.062 J.023 E.04264
G1 X126.243 Y170.376 F30000
G1 F10183.62
G3 X125.974 Y170.4 I-.261 J-1.394 E.00794
G1 X90.026 Y170.4 E1.05666
G3 X88.6 Y168.974 I-.008 J-1.418 E.06595
G1 X88.6 Y153.026 E.46877
G3 X90.026 Y151.6 I1.418 J-.008 E.06595
G1 X125.974 Y151.6 E1.05666
G1 X126.208 Y151.621 E.00691
G3 X127.4 Y153.026 I-.221 J1.396 E.05901
G1 X127.4 Y168.974 E.46877
G3 X126.282 Y170.368 I-1.418 J.008 E.05683
SET_VELOCITY_LIMIT ACCEL=5000 ACCEL_TO_DECEL=2500
G1 X126.312 Y170.77 F30000
;TYPE:Outer wall
G1 F10183.62
G3 X125.991 Y170.8 I-.33 J-1.788 E.00948
G1 X90.009 Y170.8 E1.05768
G3 X88.2 Y168.991 I.01 J-1.818 E.08339
G1 X88.2 Y153.009 E.4698
G3 X90.009 Y151.2 I1.818 J.01 E.08339
G1 X125.991 Y151.2 E1.05768
G1 X126.243 Y151.222 E.00743
G3 X127.8 Y153.009 I-.254 J1.793 E.07594
G1 X127.8 Y168.991 E.4698
G3 X126.351 Y170.762 I-1.818 J-.01 E.07274
SET_VELOCITY_LIMIT ACCEL=10000 ACCEL_TO_DECEL=5000
G1 E-.5 F900
G1 Z1.8 F30000
G1 X91.349 Y169.902 Z1.8
G1 Z1.6
G1 E.5 F900
;TYPE:Internal solid infill
;WIDTH:0.479999
G1 F8220
G1 X89.295 Y167.848 E.10451
G1 X89.295 Y167.23 E.02224
G1 X91.77 Y169.705 E.12595
G1 X92.388 Y169.705 E.02224
G1 X89.295 Y166.612 E.15741
G1 X89.295 Y165.994 E.02224
G1 X93.006 Y169.705 E.18886
G1 X93.624 Y169.705 E.02224
G1 X89.295 Y165.376 E.22031
G1 X89.295 Y164.758 E.02224
G1 X94.242 Y169.705 E.25176
G1 X94.861 Y169.705 E.02224
G1 X89.295 Y164.139 E.28321
G1 X89.295 Y163.521 E.02224
G1 X95.479 Y169.705 E.31467
G1 X96.097 Y169.705 E.02224
G1 X89.295 Y162.903 E.34612
G1 X89.295 Y162.285 E.02224
G1 X96.715 Y169.705 E.37757
G1 X97.333 Y169.705 E.02224
G1 X89.295 Y161.667 E.40902
G1 X89.295 Y161.049 E.02224
G1 X97.951 Y169.705 E.44048
G1 X98.569 Y169.705 E.02224
G1 X89.295 Y160.431 E.47193
G1 X89.295 Y159.813 E.02224
G1 X99.187 Y169.705 E.50338
G1 X99.806 Y169.705 E.02224
G1 X89.295 Y159.194 E.53483
G1 X89.295 Y158.576 E.02224
G1 X100.424 Y169.705 E.56628
G1 X101.042 Y169.705 E.02224
G1 X89.295 Y157.958 E.59774
G1 X89.295 Y157.34 E.02224
G1 X101.66 Y169.705 E.62919
G1 X102.278 Y169.705 E.02224
M73 P79 R6
G1 X89.295 Y156.722 E.66064
G1 X89.295 Y156.104 E.02224
G1 X102.896 Y169.705 E.69209
G1 X103.514 Y169.705 E.02224
G1 X89.295 Y155.486 E.72354
G1 X89.295 Y154.868 E.02224
G1 X104.132 Y169.705 E.755
G1 X104.751 Y169.705 E.02224
G1 X89.295 Y154.249 E.78645
G1 X89.295 Y153.631 E.02224
G1 X105.369 Y169.705 E.8179
G1 X105.987 Y169.705 E.02224
G1 X89.298 Y153.017 E.84917
G3 X89.458 Y152.558 I.924 J.064 E.01768
G1 X106.605 Y169.705 E.87251
G1 X107.223 Y169.705 E.02224
G1 X89.839 Y152.321 E.88458
G3 X90.43 Y152.295 I.4 J2.333 E.02137
G1 X107.841 Y169.705 E.88592
G1 X108.459 Y169.705 E.02224
G1 X91.048 Y152.295 E.88592
G1 X91.667 Y152.295 E.02224
G1 X109.077 Y169.705 E.88592
G1 X109.696 Y169.705 E.02224
G1 X92.285 Y152.295 E.88592
G1 X92.903 Y152.295 E.02224
G1 X110.314 Y169.705 E.88592
G1 X110.932 Y169.705 E.02224
G1 X93.521 Y152.295 E.88592
G1 X94.139 Y152.295 E.02224
G1 X111.55 Y169.705 E.88592
G1 X112.168 Y169.705 E.02224
G1 X94.757 Y152.295 E.88592
G1 X95.375 Y152.295 E.02224
G1 X112.786 Y169.705 E.88592
G1 X113.404 Y169.705 E.02224
G1 X95.993 Y152.295 E.88592
G1 X96.612 Y152.295 E.02224
G1 X114.022 Y169.705 E.88592
G1 X114.641 Y169.705 E.02224
G1 X97.23 Y152.295 E.88592
G1 X97.848 Y152.295 E.02224
G1 X115.259 Y169.705 E.88592
G1 X115.877 Y169.705 E.02224
G1 X98.466 Y152.295 E.88592
G1 X99.084 Y152.295 E.02224
G1 X116.495 Y169.705 E.88592
G1 X117.113 Y169.705 E.02224
G1 X99.702 Y152.295 E.88592
G1 X100.32 Y152.295 E.02224
G1 X117.731 Y169.705 E.88592
G1 X118.349 Y169.705 E.02224
G1 X100.938 Y152.295 E.88592
G1 X101.557 Y152.295 E.02224
G1 X118.967 Y169.705 E.88592
G1 X119.585 Y169.705 E.02224
G1 X102.175 Y152.295 E.88592
G1 X102.793 Y152.295 E.02224
G1 X120.204 Y169.705 E.88592
G1 X120.822 Y169.705 E.02224
G1 X103.411 Y152.295 E.88592
G1 X104.029 Y152.295 E.02224
G1 X121.44 Y169.705 E.88592
G1 X122.058 Y169.705 E.02224
G1 X104.647 Y152.295 E.88592
G1 X105.265 Y152.295 E.02224
G1 X122.676 Y169.705 E.88592
G1 X123.294 Y169.705 E.02224
G1 X105.883 Y152.295 E.88592
G1 X106.502 Y152.295 E.02224
G1 X123.912 Y169.705 E.88592
G1 X124.53 Y169.705 E.02224
G1 X107.12 Y152.295 E.88592
G1 X107.738 Y152.295 E.02224
G1 X125.149 Y169.705 E.88592
G1 X125.767 Y169.705 E.02224
G1 X108.356 Y152.295 E.88592
G1 X108.974 Y152.295 E.02224
G1 X126.306 Y169.627 E.88193
G2 X126.62 Y169.322 I-.311 J-.633 E.01599
G1 X109.592 Y152.295 E.86642
G1 X110.21 Y152.295 E.02224
G1 X126.705 Y168.79 E.83932
G1 X126.705 Y168.172 E.02224
G1 X110.828 Y152.295 E.80787
G1 X111.447 Y152.295 E.02224
G1 X126.705 Y167.553 E.77642
G1 X126.705 Y166.935 E.02224
G1 X112.065 Y152.295 E.74497
G1 X112.683 Y152.295 E.02224
G1 X126.705 Y166.317 E.71352
G1 X126.705 Y165.699 E.02224
G1 X113.301 Y152.295 E.68206
G1 X113.919 Y152.295 E.02224
G1 X126.705 Y165.081 E.65061
G1 X126.705 Y164.463 E.02224
G1 X114.537 Y152.295 E.61916
G1 X115.155 Y152.295 E.02224
G1 X126.705 Y163.845 E.58771
G1 X126.705 Y163.227 E.02224
G1 X115.773 Y152.295 E.55626
G1 X116.392 Y152.295 E.02224
G1 X126.705 Y162.608 E.5248
G1 X126.705 Y161.99 E.02224
G1 X117.01 Y152.295 E.49335
G1 X117.628 Y152.295 E.02224
G1 X126.705 Y161.372 E.4619
G1 X126.705 Y160.754 E.02224
G1 X118.246 Y152.295 E.43045
G1 X118.864 Y152.295 E.02224
G1 X126.705 Y160.136 E.399
G1 X126.705 Y159.518 E.02224
G1 X119.482 Y152.295 E.36754
G1 X120.1 Y152.295 E.02224
G1 X126.705 Y158.9 E.33609
G1 X126.705 Y158.282 E.02224
G1 X120.718 Y152.295 E.30464
G1 X121.337 Y152.295 E.02224
G1 X126.705 Y157.664 E.27319
G1 X126.705 Y157.045 E.02224
G1 X121.955 Y152.295 E.24174
G1 X122.573 Y152.295 E.02224
G1 X126.705 Y156.427 E.21028
G1 X126.705 Y155.809 E.02224
G1 X123.191 Y152.295 E.17883
G1 X123.809 Y152.295 E.02224
G1 X126.705 Y155.191 E.14738
G1 X126.705 Y154.573 E.02224
G1 X124.427 Y152.295 E.11593
G1 X125.045 Y152.295 E.02224
G1 X126.705 Y153.955 E.08447
G1 X126.705 Y153.337 E.02224
G1 X125.467 Y152.098 E.06303
G1 X90.607 Y169.573 F30000
;WIDTH:0.624489
G1 F6252.678
G3 X89.425 Y168.388 I248.738 J-249.312 E.08014
G1 X89.426 Y168.948 E.0268
G1 X89.51 Y169.283 E.01656
G1 X89.682 Y169.458 E.01175
G2 X90.091 Y169.573 I.405 J-.656 E.0206
G1 X90.567 Y169.573 E.02282
; stop printing object flowrate_m1 id:8318823020889268071 copy 0
; printing object flowrate_m4 id:0 copy 0
G1 E-.5 F900
G1 Z1.8 F30000
G1 X126.181 Y138.024 Z1.8
G1 Z1.6
G1 E.5 F900
;TYPE:Inner wall
;WIDTH:0.4
G1 F10501.858
G3 X125.958 Y138.043 I-.2 J-1.043 E.00637
G1 X90.042 Y138.043 E1.02375
G3 X88.957 Y136.958 I-.023 J-1.062 E.04886
G1 X88.957 Y121.042 E.45368
G3 X90.042 Y119.957 I1.062 J-.023 E.04886
G1 X125.958 Y119.957 E1.02375
G1 X126.18 Y119.977 E.00636
G3 X127.043 Y121.042 I-.192 J1.037 E.04253
G1 X127.043 Y136.958 E.45367
G3 X126.22 Y138.016 I-1.062 J.023 E.04134
G1 X126.243 Y138.376 F30000
G1 F10501.858
G3 X125.974 Y138.4 I-.261 J-1.394 E.0077
G1 X90.026 Y138.4 E1.02464
G3 X88.6 Y136.974 I-.008 J-1.418 E.06395
G1 X88.6 Y121.026 E.45457
G3 X90.026 Y119.6 I1.418 J-.008 E.06395
G1 X125.974 Y119.6 E1.02464
G1 X126.208 Y119.621 E.00671
G3 X127.4 Y121.026 I-.221 J1.396 E.05722
G1 X127.4 Y136.974 E.45456
G3 X126.282 Y138.368 I-1.418 J.008 E.05511
SET_VELOCITY_LIMIT ACCEL=5000 ACCEL_TO_DECEL=2500
G1 X126.312 Y138.77 F30000
;TYPE:Outer wall
G1 F10501.858
G3 X125.991 Y138.8 I-.33 J-1.788 E.0092
G1 X90.009 Y138.8 E1.02563
G3 X88.2 Y136.991 I.01 J-1.818 E.08087
G1 X88.2 Y121.009 E.45556
G3 X90.009 Y119.2 I1.818 J.01 E.08087
G1 X125.991 Y119.2 E1.02563
G1 X126.243 Y119.222 E.0072
G3 X127.8 Y121.009 I-.254 J1.793 E.07363
G1 X127.8 Y136.991 E.45556
G3 X126.351 Y138.762 I-1.818 J-.01 E.07053
SET_VELOCITY_LIMIT ACCEL=10000 ACCEL_TO_DECEL=5000
G1 E-.5 F900
G1 Z1.8 F30000
G1 X91.349 Y137.902 Z1.8
G1 Z1.6
G1 E.5 F900
M73 P80 R6
;TYPE:Internal solid infill
;WIDTH:0.479999
G1 F8220
G1 X89.295 Y135.848 E.10134
G1 X89.295 Y135.23 E.02157
G1 X91.77 Y137.705 E.12214
G1 X92.388 Y137.705 E.02157
G1 X89.295 Y134.612 E.15264
G1 X89.295 Y133.994 E.02157
G1 X93.006 Y137.705 E.18314
G1 X93.624 Y137.705 E.02157
G1 X89.295 Y133.376 E.21363
G1 X89.295 Y132.758 E.02157
G1 X94.242 Y137.705 E.24413
G1 X94.861 Y137.705 E.02157
G1 X89.295 Y132.139 E.27463
G1 X89.295 Y131.521 E.02157
G1 X95.479 Y137.705 E.30513
G1 X96.097 Y137.705 E.02157
G1 X89.295 Y130.903 E.33563
G1 X89.295 Y130.285 E.02157
G1 X96.715 Y137.705 E.36613
G1 X97.333 Y137.705 E.02157
G1 X89.295 Y129.667 E.39663
G1 X89.295 Y129.049 E.02157
G1 X97.951 Y137.705 E.42713
G1 X98.569 Y137.705 E.02157
G1 X89.295 Y128.431 E.45763
G1 X89.295 Y127.813 E.02157
G1 X99.187 Y137.705 E.48813
G1 X99.806 Y137.705 E.02157
G1 X89.295 Y127.194 E.51862
G1 X89.295 Y126.576 E.02157
G1 X100.424 Y137.705 E.54912
G1 X101.042 Y137.705 E.02157
G1 X89.295 Y125.958 E.57962
G1 X89.295 Y125.34 E.02157
G1 X101.66 Y137.705 E.61012
G1 X102.278 Y137.705 E.02157
G1 X89.295 Y124.722 E.64062
G1 X89.295 Y124.104 E.02157
G1 X102.896 Y137.705 E.67112
G1 X103.514 Y137.705 E.02157
G1 X89.295 Y123.486 E.70162
G1 X89.295 Y122.868 E.02157
G1 X104.132 Y137.705 E.73212
G1 X104.751 Y137.705 E.02157
G1 X89.295 Y122.249 E.76262
G1 X89.295 Y121.631 E.02157
G1 X105.369 Y137.705 E.79311
G1 X105.987 Y137.705 E.02157
G1 X89.298 Y121.017 E.82344
G3 X89.458 Y120.558 I.925 J.065 E.01714
G1 X106.605 Y137.705 E.84607
G1 X107.223 Y137.705 E.02157
G1 X89.838 Y120.321 E.85778
G3 X90.43 Y120.295 I.4 J2.333 E.02072
G1 X107.841 Y137.705 E.85907
G1 X108.459 Y137.705 E.02157
G1 X91.048 Y120.295 E.85907
G1 X91.667 Y120.295 E.02157
G1 X109.077 Y137.705 E.85907
G1 X109.696 Y137.705 E.02157
G1 X92.285 Y120.295 E.85907
G1 X92.903 Y120.295 E.02157
G1 X110.314 Y137.705 E.85907
G1 X110.932 Y137.705 E.02157
G1 X93.521 Y120.295 E.85907
G1 X94.139 Y120.295 E.02157
G1 X111.55 Y137.705 E.85907
G1 X112.168 Y137.705 E.02157
G1 X94.757 Y120.295 E.85907
G1 X95.375 Y120.295 E.02157
G1 X112.786 Y137.705 E.85907
G1 X113.404 Y137.705 E.02157
G1 X95.993 Y120.295 E.85907
G1 X96.612 Y120.295 E.02157
G1 X114.022 Y137.705 E.85907
G1 X114.641 Y137.705 E.02157
G1 X97.23 Y120.295 E.85907
G1 X97.848 Y120.295 E.02157
G1 X115.259 Y137.705 E.85907
G1 X115.877 Y137.705 E.02157
G1 X98.466 Y120.295 E.85907
G1 X99.084 Y120.295 E.02157
G1 X116.495 Y137.705 E.85907
G1 X117.113 Y137.705 E.02157
G1 X99.702 Y120.295 E.85907
G1 X100.32 Y120.295 E.02157
G1 X117.731 Y137.705 E.85907
G1 X118.349 Y137.705 E.02157
G1 X100.938 Y120.295 E.85907
G1 X101.557 Y120.295 E.02157
G1 X118.967 Y137.705 E.85907
G1 X119.585 Y137.705 E.02157
G1 X102.175 Y120.295 E.85907
G1 X102.793 Y120.295 E.02157
G1 X120.204 Y137.705 E.85907
G1 X120.822 Y137.705 E.02157
G1 X103.411 Y120.295 E.85907
G1 X104.029 Y120.295 E.02157
G1 X121.44 Y137.705 E.85907
G1 X122.058 Y137.705 E.02157
G1 X104.647 Y120.295 E.85907
G1 X105.265 Y120.295 E.02157
G1 X122.676 Y137.705 E.85907
G1 X123.294 Y137.705 E.02157
G1 X105.883 Y120.295 E.85907
G1 X106.502 Y120.295 E.02157
G1 X123.912 Y137.705 E.85907
G1 X124.53 Y137.705 E.02157
G1 X107.12 Y120.295 E.85907
G1 X107.738 Y120.295 E.02157
G1 X125.149 Y137.705 E.85907
G1 X125.767 Y137.705 E.02157
G1 X108.356 Y120.295 E.85907
G1 X108.974 Y120.295 E.02157
G1 X126.306 Y137.627 E.8552
G2 X126.62 Y137.322 I-.311 J-.633 E.01551
G1 X109.592 Y120.295 E.84016
G1 X110.21 Y120.295 E.02157
G1 X126.705 Y136.79 E.81389
G1 X126.705 Y136.172 E.02157
G1 X110.828 Y120.295 E.78339
G1 X111.447 Y120.295 E.02157
G1 X126.705 Y135.553 E.75289
G1 X126.705 Y134.935 E.02157
G1 X112.065 Y120.295 E.72239
G1 X112.683 Y120.295 E.02157
G1 X126.705 Y134.317 E.69189
G1 X126.705 Y133.699 E.02157
G1 X113.301 Y120.295 E.6614
G1 X113.919 Y120.295 E.02157
G1 X126.705 Y133.081 E.6309
G1 X126.705 Y132.463 E.02157
G1 X114.537 Y120.295 E.6004
G1 X115.155 Y120.295 E.02157
G1 X126.705 Y131.845 E.5699
G1 X126.705 Y131.227 E.02157
G1 X115.773 Y120.295 E.5394
G1 X116.392 Y120.295 E.02157
G1 X126.705 Y130.608 E.5089
G1 X126.705 Y129.99 E.02157
G1 X117.01 Y120.295 E.4784
G1 X117.628 Y120.295 E.02157
G1 X126.705 Y129.372 E.4479
G1 X126.705 Y128.754 E.02157
G1 X118.246 Y120.295 E.4174
G1 X118.864 Y120.295 E.02157
G1 X126.705 Y128.136 E.3869
G1 X126.705 Y127.518 E.02157
G1 X119.482 Y120.295 E.35641
G1 X120.1 Y120.295 E.02157
G1 X126.705 Y126.9 E.32591
G1 X126.705 Y126.282 E.02157
G1 X120.718 Y120.295 E.29541
G1 X121.336 Y120.295 E.02157
G1 X126.705 Y125.664 E.26491
G1 X126.705 Y125.045 E.02157
G1 X121.955 Y120.295 E.23441
G1 X122.573 Y120.295 E.02157
G1 X126.705 Y124.427 E.20391
G1 X126.705 Y123.809 E.02157
G1 X123.191 Y120.295 E.17341
G1 X123.809 Y120.295 E.02157
G1 X126.705 Y123.191 E.14291
G1 X126.705 Y122.573 E.02157
G1 X124.427 Y120.295 E.11241
G1 X125.045 Y120.295 E.02157
G1 X126.705 Y121.955 E.08192
G1 X126.705 Y121.337 E.02157
G1 X125.467 Y120.098 E.06112
G1 X90.607 Y137.573 F30000
;WIDTH:0.624488
G1 F6448.085
G3 X89.425 Y136.388 I248.656 J-249.23 E.07771
G1 X89.426 Y136.948 E.02598
G1 X89.51 Y137.283 E.01606
G1 X89.682 Y137.458 E.01139
G2 X90.091 Y137.573 I.406 J-.657 E.01997
G1 X90.567 Y137.573 E.02212
; stop printing object flowrate_m4 id:0 copy 0
; printing object flowrate_m9 id:0 copy 0
G1 E-.5 F900
G1 Z1.8 F30000
G1 X126.181 Y106.024 Z1.8
G1 Z1.6
G1 E.5 F900
;TYPE:Inner wall
;WIDTH:0.4
G1 F11078.884
G3 X125.958 Y106.043 I-.2 J-1.043 E.00604
G1 X90.042 Y106.043 E.97043
G3 X88.957 Y104.958 I-.023 J-1.062 E.04631
G1 X88.957 Y89.042 E.43005
G3 X90.042 Y87.957 I1.062 J-.023 E.04631
G1 X125.958 Y87.957 E.97043
G1 X126.18 Y87.977 E.00603
G3 X127.043 Y89.042 I-.192 J1.037 E.04031
G1 X127.043 Y104.958 E.43005
G3 X126.22 Y106.016 I-1.062 J.023 E.03919
G1 X126.243 Y106.376 F30000
G1 F11078.884
G3 X125.974 Y106.4 I-.261 J-1.394 E.0073
G1 X90.026 Y106.4 E.97127
G3 X88.6 Y104.974 I-.008 J-1.418 E.06062
G1 X88.6 Y89.026 E.43089
G3 X90.026 Y87.6 I1.418 J-.008 E.06062
G1 X125.974 Y87.6 E.97127
G1 X126.208 Y87.621 E.00636
G3 X127.4 Y89.026 I-.221 J1.396 E.05424
G1 X127.4 Y104.974 E.43089
G3 X126.282 Y106.368 I-1.418 J.008 E.05224
SET_VELOCITY_LIMIT ACCEL=5000 ACCEL_TO_DECEL=2500
G1 X126.312 Y106.77 F30000
;TYPE:Outer wall
G1 F11078.884
G3 X125.991 Y106.8 I-.33 J-1.788 E.00872
G1 X90.009 Y106.8 E.97221
G3 X88.2 Y104.991 I.01 J-1.818 E.07665
G1 X88.2 Y89.009 E.43183
G3 X90.009 Y87.2 I1.818 J.01 E.07665
G1 X125.991 Y87.2 E.97221
G1 X126.243 Y87.222 E.00683
G3 X127.8 Y89.009 I-.254 J1.793 E.0698
G1 X127.8 Y104.991 E.43183
G3 X126.351 Y106.762 I-1.818 J-.01 E.06686
SET_VELOCITY_LIMIT ACCEL=10000 ACCEL_TO_DECEL=5000
G1 E-.5 F900
G1 Z1.8 F30000
G1 X91.349 Y105.902 Z1.8
G1 Z1.6
G1 E.5 F900
;TYPE:Internal solid infill
;WIDTH:0.479999
G1 F8220
G1 X89.295 Y103.848 E.09607
G1 X89.295 Y103.23 E.02044
G1 X91.77 Y105.705 E.11578
G1 X92.388 Y105.705 E.02044
G1 X89.295 Y102.612 E.14469
G1 X89.295 Y101.994 E.02044
G1 X93.006 Y105.705 E.1736
G1 X93.624 Y105.705 E.02044
G1 X89.295 Y101.376 E.20251
G1 X89.295 Y100.758 E.02044
G1 X94.242 Y105.705 E.23142
G1 X94.861 Y105.705 E.02044
G1 X89.295 Y100.139 E.26033
G1 X89.295 Y99.521 E.02044
G1 X95.479 Y105.705 E.28924
G1 X96.097 Y105.705 E.02044
G1 X89.295 Y98.903 E.31815
G1 X89.295 Y98.285 E.02044
G1 X96.715 Y105.705 E.34706
G1 X97.333 Y105.705 E.02044
G1 X89.295 Y97.667 E.37597
G1 X89.295 Y97.049 E.02044
G1 X97.951 Y105.705 E.40488
G1 X98.569 Y105.705 E.02044
G1 X89.295 Y96.431 E.43379
G1 X89.295 Y95.813 E.02044
G1 X99.187 Y105.705 E.4627
G1 X99.806 Y105.705 E.02044
G1 X89.295 Y95.194 E.49161
G1 X89.295 Y94.576 E.02044
G1 X100.424 Y105.705 E.52052
G1 X101.042 Y105.705 E.02044
G1 X89.295 Y93.958 E.54943
G1 X89.295 Y93.34 E.02044
G1 X101.66 Y105.705 E.57834
G1 X102.278 Y105.705 E.02044
G1 X89.295 Y92.722 E.60725
G1 X89.295 Y92.104 E.02044
G1 X102.896 Y105.705 E.63616
G1 X103.514 Y105.705 E.02044
G1 X89.295 Y91.486 E.66508
G1 X89.295 Y90.868 E.02044
G1 X104.132 Y105.705 E.69399
G1 X104.751 Y105.705 E.02044
G1 X89.295 Y90.249 E.7229
G1 X89.295 Y89.631 E.02044
G1 X105.369 Y105.705 E.75181
G1 X105.987 Y105.705 E.02044
G1 X89.298 Y89.017 E.78055
G3 X89.458 Y88.558 I.925 J.065 E.01625
G1 X106.605 Y105.705 E.802
G1 X107.223 Y105.705 E.02044
G1 X89.839 Y88.321 E.8131
G3 X90.43 Y88.295 I.4 J2.333 E.01964
G1 X107.841 Y105.705 E.81433
G1 X108.459 Y105.705 E.02044
G1 X91.048 Y88.295 E.81433
G1 X91.667 Y88.295 E.02044
G1 X109.077 Y105.705 E.81433
G1 X109.696 Y105.705 E.02044
M73 P81 R6
G1 X92.285 Y88.295 E.81433
G1 X92.903 Y88.295 E.02044
G1 X110.314 Y105.705 E.81433
G1 X110.932 Y105.705 E.02044
G1 X93.521 Y88.295 E.81433
G1 X94.139 Y88.295 E.02044
G1 X111.55 Y105.705 E.81433
G1 X112.168 Y105.705 E.02044
G1 X94.757 Y88.295 E.81433
G1 X95.375 Y88.295 E.02044
G1 X112.786 Y105.705 E.81433
G1 X113.404 Y105.705 E.02044
G1 X95.993 Y88.295 E.81433
G1 X96.612 Y88.295 E.02044
G1 X114.022 Y105.705 E.81433
G1 X114.641 Y105.705 E.02044
G1 X97.23 Y88.295 E.81433
G1 X97.848 Y88.295 E.02044
G1 X115.259 Y105.705 E.81433
G1 X115.877 Y105.705 E.02044
G1 X98.466 Y88.295 E.81433
G1 X99.084 Y88.295 E.02044
G1 X116.495 Y105.705 E.81433
G1 X117.113 Y105.705 E.02044
G1 X99.702 Y88.295 E.81433
G1 X100.32 Y88.295 E.02044
G1 X117.731 Y105.705 E.81433
G1 X118.349 Y105.705 E.02044
G1 X100.938 Y88.295 E.81433
G1 X101.557 Y88.295 E.02044
G1 X118.967 Y105.705 E.81433
G1 X119.585 Y105.705 E.02044
G1 X102.175 Y88.295 E.81433
G1 X102.793 Y88.295 E.02044
G1 X120.204 Y105.705 E.81433
G1 X120.822 Y105.705 E.02044
G1 X103.411 Y88.295 E.81433
G1 X104.029 Y88.295 E.02044
G1 X121.44 Y105.705 E.81433
G1 X122.058 Y105.705 E.02044
G1 X104.647 Y88.295 E.81433
G1 X105.265 Y88.295 E.02044
G1 X122.676 Y105.705 E.81433
G1 X123.294 Y105.705 E.02044
G1 X105.883 Y88.295 E.81433
G1 X106.502 Y88.295 E.02044
G1 X123.912 Y105.705 E.81433
G1 X124.53 Y105.705 E.02044
G1 X107.12 Y88.295 E.81433
G1 X107.738 Y88.295 E.02044
G1 X125.149 Y105.705 E.81433
G1 X125.767 Y105.705 E.02044
G1 X108.356 Y88.295 E.81433
G1 X108.974 Y88.295 E.02044
G1 X126.306 Y105.627 E.81066
G2 X126.62 Y105.322 I-.311 J-.633 E.0147
G1 X109.592 Y88.295 E.7964
G1 X110.21 Y88.295 E.02044
G1 X126.705 Y104.79 E.7715
G1 X126.705 Y104.172 E.02044
G1 X110.828 Y88.295 E.74259
G1 X111.447 Y88.295 E.02044
G1 X126.705 Y103.553 E.71368
G1 X126.705 Y102.935 E.02044
G1 X112.065 Y88.295 E.68477
G1 X112.683 Y88.295 E.02044
G1 X126.705 Y102.317 E.65586
G1 X126.705 Y101.699 E.02044
G1 X113.301 Y88.295 E.62695
G1 X113.919 Y88.295 E.02044
G1 X126.705 Y101.081 E.59804
G1 X126.705 Y100.463 E.02044
G1 X114.537 Y88.295 E.56913
G1 X115.155 Y88.295 E.02044
G1 X126.705 Y99.845 E.54022
G1 X126.705 Y99.227 E.02044
G1 X115.773 Y88.295 E.51131
G1 X116.392 Y88.295 E.02044
G1 X126.705 Y98.608 E.4824
G1 X126.705 Y97.99 E.02044
G1 X117.01 Y88.295 E.45348
G1 X117.628 Y88.295 E.02044
G1 X126.705 Y97.372 E.42457
G1 X126.705 Y96.754 E.02044
G1 X118.246 Y88.295 E.39566
G1 X118.864 Y88.295 E.02044
G1 X126.705 Y96.136 E.36675
G1 X126.705 Y95.518 E.02044
G1 X119.482 Y88.295 E.33784
G1 X120.1 Y88.295 E.02044
G1 X126.705 Y94.9 E.30893
G1 X126.705 Y94.282 E.02044
G1 X120.718 Y88.295 E.28002
G1 X121.337 Y88.295 E.02044
G1 X126.705 Y93.664 E.25111
G1 X126.705 Y93.045 E.02044
G1 X121.955 Y88.295 E.2222
G1 X122.573 Y88.295 E.02044
G1 X126.705 Y92.427 E.19329
G1 X126.705 Y91.809 E.02044
G1 X123.191 Y88.295 E.16438
G1 X123.809 Y88.295 E.02044
G1 X126.705 Y91.191 E.13547
G1 X126.705 Y90.573 E.02044
G1 X124.427 Y88.295 E.10656
G1 X125.045 Y88.295 E.02044
G1 X126.705 Y89.955 E.07765
G1 X126.705 Y89.337 E.02044
G1 X125.467 Y88.098 E.05794
G1 X90.607 Y105.573 F30000
;WIDTH:0.624489
G1 F6802.372
G3 X89.425 Y104.388 I248.825 J-249.399 E.07366
G1 X89.426 Y104.948 E.02463
G1 X89.51 Y105.283 E.01522
G1 X89.682 Y105.458 E.0108
G2 X90.091 Y105.573 I.405 J-.656 E.01893
G1 X90.567 Y105.573 E.02097
; stop printing object flowrate_m9 id:0 copy 0
;LAYER_CHANGE
;Z:1.8
;HEIGHT:0.2
;BEFORE_LAYER_CHANGE
;1.8
G92 E0

G1 E-.5 F900
;AFTER_LAYER_CHANGE
;1.8
SET_PRINT_STATS_INFO CURRENT_LAYER=9
;_SET_FAN_SPEED_CHANGING_LAYER
; printing object flowrate_m3 id:0 copy 0
G1 Z2 F30000
G1 X210.181 Y170.024 Z2
G1 Z1.8
G1 E.5 F900
;TYPE:Inner wall
;WIDTH:0.4
G1 F10393.592
G3 X209.958 Y170.043 I-.2 J-1.043 E.00644
G1 X174.042 Y170.043 E1.03441
G3 X172.957 Y168.958 I-.023 J-1.062 E.04936
G1 X172.957 Y153.042 E.4584
G3 X174.042 Y151.957 I1.062 J-.023 E.04936
G1 X209.958 Y151.957 E1.03441
G1 X210.18 Y151.977 E.00642
G3 X211.043 Y153.042 I-.192 J1.037 E.04297
G1 X211.043 Y168.958 E.4584
G3 X210.22 Y170.016 I-1.062 J.023 E.04177
G1 X210.243 Y170.376 F30000
G1 F10393.592
G3 X209.974 Y170.4 I-.261 J-1.394 E.00778
G1 X174.026 Y170.4 E1.03531
G3 X172.6 Y168.974 I-.008 J-1.418 E.06462
G1 X172.6 Y153.026 E.4593
G3 X174.026 Y151.6 I1.418 J-.008 E.06462
G1 X209.974 Y151.6 E1.03531
G1 X210.243 Y151.624 E.00777
G3 X211.4 Y153.026 I-.257 J1.391 E.05688
G1 X211.4 Y168.974 E.4593
G3 X210.282 Y170.368 I-1.418 J.008 E.05568
SET_VELOCITY_LIMIT ACCEL=5000 ACCEL_TO_DECEL=2500
G1 X210.312 Y170.77 F30000
;TYPE:Outer wall
G1 F10393.592
G3 X209.991 Y170.8 I-.33 J-1.788 E.00929
G1 X174.009 Y170.8 E1.03632
G3 X172.2 Y168.991 I.01 J-1.818 E.08171
G1 X172.2 Y153.009 E.46031
G3 X174.009 Y151.2 I1.818 J.01 E.08171
G1 X209.991 Y151.2 E1.03632
G1 X210.278 Y151.225 E.00828
G1 X210.312 Y151.228 E.001
G3 X211.8 Y153.009 I-.317 J1.777 E.07258
G1 X211.8 Y168.991 E.46031
G3 X210.351 Y170.762 I-1.818 J-.01 E.07127
SET_VELOCITY_LIMIT ACCEL=10000 ACCEL_TO_DECEL=5000
G1 E-.5 F900
G1 Z2 F30000
G1 X209.388 Y169.575 Z2
G1 Z1.8
G1 E.5 F900
;TYPE:Internal solid infill
;WIDTH:0.624486
G1 F6381.64
G1 X209.948 Y169.574 E.02625
G1 X210.283 Y169.49 E.01622
G1 X210.458 Y169.318 E.01151
G2 X210.573 Y168.909 I-.656 J-.405 E.02018
G1 X210.573 Y168.393 E.02423
G3 X209.416 Y169.547 I-243.241 J-242.667 E.07664
G1 X208.651 Y169.902 F30000
;WIDTH:0.479999
G1 F8220
G1 X210.705 Y167.848 E.1024
G1 X210.705 Y167.23 E.02179
G1 X208.23 Y169.705 E.12341
G1 X207.612 Y169.705 E.02179
G1 X210.705 Y166.612 E.15423
G1 X210.705 Y165.994 E.02179
G1 X206.994 Y169.705 E.18504
G1 X206.376 Y169.705 E.02179
G1 X210.705 Y165.376 E.21586
G1 X210.705 Y164.758 E.02179
G1 X205.758 Y169.705 E.24668
G1 X205.139 Y169.705 E.02179
G1 X210.705 Y164.139 E.27749
G1 X210.705 Y163.521 E.02179
G1 X204.521 Y169.705 E.30831
G1 X203.903 Y169.705 E.02179
G1 X210.705 Y162.903 E.33913
G1 X210.705 Y162.285 E.02179
G1 X203.285 Y169.705 E.36994
G1 X202.667 Y169.705 E.02179
G1 X210.705 Y161.667 E.40076
G1 X210.705 Y161.049 E.02179
G1 X202.049 Y169.705 E.43158
G1 X201.431 Y169.705 E.02179
G1 X210.705 Y160.431 E.46239
G1 X210.705 Y159.813 E.02179
G1 X200.813 Y169.705 E.49321
G1 X200.194 Y169.705 E.02179
G1 X210.705 Y159.194 E.52403
G1 X210.705 Y158.576 E.02179
G1 X199.576 Y169.705 E.55484
G1 X198.958 Y169.705 E.02179
G1 X210.705 Y157.958 E.58566
G1 X210.705 Y157.34 E.02179
G1 X198.34 Y169.705 E.61648
G1 X197.722 Y169.705 E.02179
G1 X210.705 Y156.722 E.64729
G1 X210.705 Y156.104 E.02179
G1 X197.104 Y169.705 E.67811
G1 X196.486 Y169.705 E.02179
G1 X210.705 Y155.486 E.70893
G1 X210.705 Y154.868 E.02179
G1 X195.868 Y169.705 E.73974
G1 X195.249 Y169.705 E.02179
G1 X210.705 Y154.249 E.77056
G1 X210.705 Y153.631 E.02179
G1 X194.631 Y169.705 E.80138
G1 X194.013 Y169.705 E.02179
G1 X210.702 Y153.017 E.83202
G2 X210.542 Y152.558 I-.925 J.065 E.01732
G1 X193.395 Y169.705 E.85488
G1 X192.777 Y169.705 E.02179
G1 X210.162 Y152.321 E.86671
G2 X209.57 Y152.295 I-.4 J2.333 E.02094
G1 X192.159 Y169.705 E.86802
G1 X191.541 Y169.705 E.02179
G1 X208.952 Y152.295 E.86802
G1 X208.333 Y152.295 E.02179
G1 X190.923 Y169.705 E.86802
G1 X190.304 Y169.705 E.02179
G1 X207.715 Y152.295 E.86802
G1 X207.097 Y152.295 E.02179
G1 X189.686 Y169.705 E.86802
G1 X189.068 Y169.705 E.02179
G1 X206.479 Y152.295 E.86802
G1 X205.861 Y152.295 E.02179
G1 X188.45 Y169.705 E.86802
G1 X187.832 Y169.705 E.02179
G1 X205.243 Y152.295 E.86802
G1 X204.625 Y152.295 E.02179
G1 X187.214 Y169.705 E.86802
G1 X186.596 Y169.705 E.02179
G1 X204.007 Y152.295 E.86802
G1 X203.388 Y152.295 E.02179
G1 X185.978 Y169.705 E.86802
G1 X185.359 Y169.705 E.02179
G1 X202.77 Y152.295 E.86802
G1 X202.152 Y152.295 E.02179
G1 X184.741 Y169.705 E.86802
G1 X184.123 Y169.705 E.02179
G1 X201.534 Y152.295 E.86802
G1 X200.916 Y152.295 E.02179
G1 X183.505 Y169.705 E.86802
G1 X182.887 Y169.705 E.02179
G1 X200.298 Y152.295 E.86802
G1 X199.68 Y152.295 E.02179
G1 X182.269 Y169.705 E.86802
G1 X181.651 Y169.705 E.02179
G1 X199.062 Y152.295 E.86802
G1 X198.443 Y152.295 E.02179
G1 X181.033 Y169.705 E.86802
G1 X180.415 Y169.705 E.02179
G1 X197.825 Y152.295 E.86802
G1 X197.207 Y152.295 E.02179
G1 X179.796 Y169.705 E.86802
G1 X179.178 Y169.705 E.02179
G1 X196.589 Y152.295 E.86802
G1 X195.971 Y152.295 E.02179
M73 P82 R6
G1 X178.56 Y169.705 E.86802
G1 X177.942 Y169.705 E.02179
G1 X195.353 Y152.295 E.86802
G1 X194.735 Y152.295 E.02179
G1 X177.324 Y169.705 E.86802
G1 X176.706 Y169.705 E.02179
G1 X194.117 Y152.295 E.86802
G1 X193.498 Y152.295 E.02179
G1 X176.088 Y169.705 E.86802
G1 X175.47 Y169.705 E.02179
G1 X192.88 Y152.295 E.86802
G1 X192.262 Y152.295 E.02179
G1 X174.851 Y169.705 E.86802
G1 X174.233 Y169.705 E.02179
G1 X191.644 Y152.295 E.86802
G1 X191.026 Y152.295 E.02179
G1 X173.694 Y169.627 E.86411
G3 X173.38 Y169.322 I.311 J-.633 E.01567
G1 X190.408 Y152.295 E.84891
G1 X189.79 Y152.295 E.02179
G1 X173.295 Y168.79 E.82237
G1 X173.295 Y168.172 E.02179
G1 X189.172 Y152.295 E.79155
G1 X188.553 Y152.295 E.02179
G1 X173.295 Y167.553 E.76073
G1 X173.295 Y166.935 E.02179
G1 X187.935 Y152.295 E.72992
G1 X187.317 Y152.295 E.02179
G1 X173.295 Y166.317 E.6991
G1 X173.295 Y165.699 E.02179
G1 X186.699 Y152.295 E.66828
G1 X186.081 Y152.295 E.02179
G1 X173.295 Y165.081 E.63747
G1 X173.295 Y164.463 E.02179
G1 X185.463 Y152.295 E.60665
G1 X184.845 Y152.295 E.02179
G1 X173.295 Y163.845 E.57583
G1 X173.295 Y163.227 E.02179
G1 X184.227 Y152.295 E.54502
G1 X183.608 Y152.295 E.02179
G1 X173.295 Y162.608 E.5142
G1 X173.295 Y161.99 E.02179
G1 X182.99 Y152.295 E.48338
G1 X182.372 Y152.295 E.02179
G1 X173.295 Y161.372 E.45257
G1 X173.295 Y160.754 E.02179
G1 X181.754 Y152.295 E.42175
G1 X181.136 Y152.295 E.02179
G1 X173.295 Y160.136 E.39093
G1 X173.295 Y159.518 E.02179
G1 X180.518 Y152.295 E.36012
G1 X179.9 Y152.295 E.02179
G1 X173.295 Y158.9 E.3293
G1 X173.295 Y158.282 E.02179
G1 X179.282 Y152.295 E.29848
G1 X178.663 Y152.295 E.02179
G1 X173.295 Y157.663 E.26767
G1 X173.295 Y157.045 E.02179
G1 X178.045 Y152.295 E.23685
G1 X177.427 Y152.295 E.02179
G1 X173.295 Y156.427 E.20603
G1 X173.295 Y155.809 E.02179
G1 X176.809 Y152.295 E.17522
G1 X176.191 Y152.295 E.02179
M73 P82 R5
G1 X173.295 Y155.191 E.1444
G1 X173.295 Y154.573 E.02179
G1 X175.573 Y152.295 E.11358
G1 X174.955 Y152.295 E.02179
G1 X173.295 Y153.955 E.08277
G1 X173.295 Y153.337 E.02179
G1 X174.533 Y152.098 E.06176
; stop printing object flowrate_m3 id:0 copy 0
; printing object flowrate_m6 id:403726925917 copy 0
G1 E-.5 F900
G1 Z2 F30000
G1 X210.181 Y138.024 Z2
G1 Z1.8
G1 E.5 F900
;TYPE:Inner wall
;WIDTH:0.4
G1 F10725.302
G3 X209.958 Y138.043 I-.2 J-1.043 E.00624
G1 X174.042 Y138.043 E1.00242
G3 X172.957 Y136.958 I-.023 J-1.062 E.04784
G1 X172.957 Y121.042 E.44423
G3 X174.042 Y119.957 I1.062 J-.023 E.04784
G1 X209.958 Y119.957 E1.00242
G1 X210.18 Y119.977 E.00623
G3 X211.043 Y121.042 I-.192 J1.037 E.04164
G1 X211.043 Y136.958 E.44422
G3 X210.22 Y138.016 I-1.062 J.023 E.04048
G1 X210.243 Y138.376 F30000
G1 F10725.302
G3 X209.974 Y138.4 I-.261 J-1.394 E.00754
G1 X174.026 Y138.4 E1.00329
G3 X172.6 Y136.974 I-.008 J-1.418 E.06262
G1 X172.6 Y121.026 E.4451
G3 X174.026 Y119.6 I1.418 J-.008 E.06262
G1 X209.974 Y119.6 E1.00329
G1 X210.243 Y119.624 E.00753
G3 X211.4 Y121.026 I-.257 J1.391 E.05512
G1 X211.4 Y136.974 E.44509
G3 X210.282 Y138.368 I-1.418 J.008 E.05396
SET_VELOCITY_LIMIT ACCEL=5000 ACCEL_TO_DECEL=2500
G1 X210.312 Y138.77 F30000
;TYPE:Outer wall
G1 F10725.302
G3 X209.991 Y138.8 I-.33 J-1.788 E.009
G1 X174.009 Y138.8 E1.00427
G3 X172.2 Y136.991 I.01 J-1.818 E.07918
G1 X172.2 Y121.009 E.44607
G3 X174.009 Y119.2 I1.818 J.01 E.07918
G1 X209.991 Y119.2 E1.00427
G1 X210.278 Y119.225 E.00803
G1 X210.312 Y119.228 E.00097
G3 X211.8 Y121.009 I-.317 J1.777 E.07033
G1 X211.8 Y136.991 E.44607
G3 X210.351 Y138.762 I-1.818 J-.01 E.06906
SET_VELOCITY_LIMIT ACCEL=10000 ACCEL_TO_DECEL=5000
G1 E-.5 F900
G1 Z2 F30000
G1 X209.388 Y137.575 Z2
G1 Z1.8
G1 E.5 F900
;TYPE:Internal solid infill
;WIDTH:0.624488
G1 F6585.287
G1 X209.947 Y137.574 E.02544
G1 X210.283 Y137.49 E.01572
G1 X210.458 Y137.318 E.01115
G2 X210.573 Y136.909 I-.656 J-.405 E.01956
G1 X210.573 Y136.393 E.02348
G3 X209.416 Y137.547 I-243.416 J-242.843 E.07427
G1 X208.651 Y137.902 F30000
;WIDTH:0.479999
G1 F8220
G1 X210.705 Y135.848 E.09923
G1 X210.705 Y135.23 E.02112
G1 X208.23 Y137.705 E.11959
G1 X207.612 Y137.705 E.02112
G1 X210.705 Y134.612 E.14946
G1 X210.705 Y133.994 E.02112
G1 X206.994 Y137.705 E.17932
G1 X206.376 Y137.705 E.02112
G1 X210.705 Y133.376 E.20918
G1 X210.705 Y132.758 E.02112
G1 X205.758 Y137.705 E.23905
G1 X205.139 Y137.705 E.02112
G1 X210.705 Y132.139 E.26891
G1 X210.705 Y131.521 E.02112
G1 X204.521 Y137.705 E.29877
G1 X203.903 Y137.705 E.02112
G1 X210.705 Y130.903 E.32864
G1 X210.705 Y130.285 E.02112
G1 X203.285 Y137.705 E.3585
G1 X202.667 Y137.705 E.02112
G1 X210.705 Y129.667 E.38837
G1 X210.705 Y129.049 E.02112
G1 X202.049 Y137.705 E.41823
G1 X201.431 Y137.705 E.02112
G1 X210.705 Y128.431 E.44809
G1 X210.705 Y127.813 E.02112
G1 X200.813 Y137.705 E.47796
G1 X200.194 Y137.705 E.02112
G1 X210.705 Y127.194 E.50782
G1 X210.705 Y126.576 E.02112
G1 X199.576 Y137.705 E.53768
G1 X198.958 Y137.705 E.02112
G1 X210.705 Y125.958 E.56755
G1 X210.705 Y125.34 E.02112
G1 X198.34 Y137.705 E.59741
G1 X197.722 Y137.705 E.02112
G1 X210.705 Y124.722 E.62727
G1 X210.705 Y124.104 E.02112
G1 X197.104 Y137.705 E.65714
G1 X196.486 Y137.705 E.02112
G1 X210.705 Y123.486 E.687
G1 X210.705 Y122.868 E.02112
G1 X195.868 Y137.705 E.71686
G1 X195.249 Y137.705 E.02112
G1 X210.705 Y122.249 E.74673
G1 X210.705 Y121.631 E.02112
G1 X194.631 Y137.705 E.77659
G1 X194.013 Y137.705 E.02112
G1 X210.702 Y121.017 E.80629
G2 X210.542 Y120.558 I-.925 J.065 E.01678
G1 X193.395 Y137.705 E.82844
G1 X192.777 Y137.705 E.02112
G1 X210.162 Y120.321 E.8399
G2 X209.57 Y120.295 I-.4 J2.332 E.02029
G1 X192.159 Y137.705 E.84117
G1 X191.541 Y137.705 E.02112
G1 X208.952 Y120.295 E.84117
G1 X208.333 Y120.295 E.02112
G1 X190.923 Y137.705 E.84117
G1 X190.304 Y137.705 E.02112
G1 X207.715 Y120.295 E.84117
G1 X207.097 Y120.295 E.02112
G1 X189.686 Y137.705 E.84117
G1 X189.068 Y137.705 E.02112
G1 X206.479 Y120.295 E.84117
G1 X205.861 Y120.295 E.02112
G1 X188.45 Y137.705 E.84117
G1 X187.832 Y137.705 E.02112
G1 X205.243 Y120.295 E.84117
G1 X204.625 Y120.295 E.02112
G1 X187.214 Y137.705 E.84117
G1 X186.596 Y137.705 E.02112
G1 X204.007 Y120.295 E.84117
G1 X203.388 Y120.295 E.02112
G1 X185.978 Y137.705 E.84117
G1 X185.359 Y137.705 E.02112
G1 X202.77 Y120.295 E.84117
G1 X202.152 Y120.295 E.02112
G1 X184.741 Y137.705 E.84117
G1 X184.123 Y137.705 E.02112
G1 X201.534 Y120.295 E.84117
G1 X200.916 Y120.295 E.02112
G1 X183.505 Y137.705 E.84117
G1 X182.887 Y137.705 E.02112
G1 X200.298 Y120.295 E.84117
G1 X199.68 Y120.295 E.02112
G1 X182.269 Y137.705 E.84117
G1 X181.651 Y137.705 E.02112
G1 X199.062 Y120.295 E.84117
G1 X198.443 Y120.295 E.02112
G1 X181.033 Y137.705 E.84117
G1 X180.415 Y137.705 E.02112
G1 X197.825 Y120.295 E.84117
G1 X197.207 Y120.295 E.02112
G1 X179.796 Y137.705 E.84117
G1 X179.178 Y137.705 E.02112
G1 X196.589 Y120.295 E.84117
G1 X195.971 Y120.295 E.02112
G1 X178.56 Y137.705 E.84117
G1 X177.942 Y137.705 E.02112
G1 X195.353 Y120.295 E.84117
G1 X194.735 Y120.295 E.02112
G1 X177.324 Y137.705 E.84117
G1 X176.706 Y137.705 E.02112
G1 X194.117 Y120.295 E.84117
G1 X193.498 Y120.295 E.02112
G1 X176.088 Y137.705 E.84117
G1 X175.47 Y137.705 E.02112
G1 X192.88 Y120.295 E.84117
G1 X192.262 Y120.295 E.02112
G1 X174.851 Y137.705 E.84117
G1 X174.233 Y137.705 E.02112
G1 X191.644 Y120.295 E.84117
G1 X191.026 Y120.295 E.02112
G1 X173.694 Y137.627 E.83739
G3 X173.38 Y137.322 I.311 J-.633 E.01518
G1 X190.408 Y120.295 E.82266
G1 X189.79 Y120.295 E.02112
G1 X173.295 Y136.79 E.79693
G1 X173.295 Y136.172 E.02112
G1 X189.172 Y120.295 E.76707
G1 X188.553 Y120.295 E.02112
G1 X173.295 Y135.553 E.73721
G1 X173.295 Y134.935 E.02112
G1 X187.935 Y120.295 E.70734
G1 X187.317 Y120.295 E.02112
G1 X173.295 Y134.317 E.67748
G1 X173.295 Y133.699 E.02112
G1 X186.699 Y120.295 E.64762
G1 X186.081 Y120.295 E.02112
G1 X173.295 Y133.081 E.61775
G1 X173.295 Y132.463 E.02112
G1 X185.463 Y120.295 E.58789
G1 X184.845 Y120.295 E.02112
G1 X173.295 Y131.845 E.55802
G1 X173.295 Y131.227 E.02112
G1 X184.227 Y120.295 E.52816
G1 X183.608 Y120.295 E.02112
G1 X173.295 Y130.608 E.4983
G1 X173.295 Y129.99 E.02112
G1 X182.99 Y120.295 E.46843
G1 X182.372 Y120.295 E.02112
G1 X173.295 Y129.372 E.43857
G1 X173.295 Y128.754 E.02112
M73 P83 R5
G1 X181.754 Y120.295 E.40871
G1 X181.136 Y120.295 E.02112
G1 X173.295 Y128.136 E.37884
G1 X173.295 Y127.518 E.02112
G1 X180.518 Y120.295 E.34898
G1 X179.9 Y120.295 E.02112
G1 X173.295 Y126.9 E.31912
G1 X173.295 Y126.282 E.02112
G1 X179.282 Y120.295 E.28925
G1 X178.663 Y120.295 E.02112
G1 X173.295 Y125.663 E.25939
G1 X173.295 Y125.045 E.02112
G1 X178.045 Y120.295 E.22953
G1 X177.427 Y120.295 E.02112
G1 X173.295 Y124.427 E.19966
G1 X173.295 Y123.809 E.02112
G1 X176.809 Y120.295 E.1698
G1 X176.191 Y120.295 E.02112
G1 X173.295 Y123.191 E.13993
G1 X173.295 Y122.573 E.02112
G1 X175.573 Y120.295 E.11007
G1 X174.955 Y120.295 E.02112
G1 X173.295 Y121.955 E.08021
G1 X173.295 Y121.337 E.02112
G1 X174.533 Y120.098 E.05985
; stop printing object flowrate_m6 id:403726925917 copy 0
; printing object flowrate_m7 id:1228360646943 copy 0
G1 E-.5 F900
G1 Z2 F30000
G1 X210.181 Y106.024 Z2
G1 Z1.8
G1 E.5 F900
;TYPE:Inner wall
;WIDTH:0.4
G1 F10840.628
G3 X209.958 Y106.043 I-.2 J-1.043 E.00617
G1 X174.042 Y106.043 E.99176
G3 X172.957 Y104.958 I-.023 J-1.062 E.04733
G1 X172.957 Y89.042 E.4395
G3 X174.042 Y87.957 I1.062 J-.023 E.04733
G1 X209.958 Y87.957 E.99176
G1 X210.18 Y87.977 E.00616
G3 X211.043 Y89.042 I-.192 J1.037 E.0412
G1 X211.043 Y104.958 E.4395
G3 X210.22 Y106.016 I-1.062 J.023 E.04005
G1 X210.243 Y106.376 F30000
G1 F10840.628
G3 X209.974 Y106.4 I-.261 J-1.394 E.00746
G1 X174.026 Y106.4 E.99262
G3 X172.6 Y104.974 I-.008 J-1.418 E.06195
G1 X172.6 Y89.026 E.44036
G3 X174.026 Y87.6 I1.418 J-.008 E.06195
G1 X209.974 Y87.6 E.99262
G1 X210.243 Y87.624 E.00745
G3 X211.4 Y89.026 I-.257 J1.391 E.05454
G1 X211.4 Y104.974 E.44036
G3 X210.282 Y106.368 I-1.418 J.008 E.05339
SET_VELOCITY_LIMIT ACCEL=5000 ACCEL_TO_DECEL=2500
G1 X210.312 Y106.77 F30000
;TYPE:Outer wall
G1 F10840.628
G3 X209.991 Y106.8 I-.33 J-1.788 E.00891
G1 X174.009 Y106.8 E.99358
G3 X172.2 Y104.991 I.01 J-1.818 E.07834
G1 X172.2 Y89.009 E.44132
G3 X174.009 Y87.2 I1.818 J.01 E.07834
G1 X209.991 Y87.2 E.99358
G1 X210.278 Y87.225 E.00794
G1 X210.312 Y87.228 E.00096
G3 X211.8 Y89.009 I-.317 J1.777 E.06959
G1 X211.8 Y104.991 E.44132
G3 X210.351 Y106.762 I-1.818 J-.01 E.06833
SET_VELOCITY_LIMIT ACCEL=10000 ACCEL_TO_DECEL=5000
G1 E-.5 F900
G1 Z2 F30000
G1 X209.388 Y105.575 Z2
G1 Z1.8
G1 E.5 F900
;TYPE:Internal solid infill
;WIDTH:0.624487
G1 F6656.104
G1 X209.947 Y105.574 E.02517
G1 X210.283 Y105.49 E.01556
G1 X210.458 Y105.318 E.01103
G2 X210.573 Y104.909 I-.656 J-.406 E.01935
G1 X210.573 Y104.393 E.02323
G3 X209.416 Y105.547 I-243.239 J-242.665 E.07348
G1 X208.651 Y105.902 F30000
;WIDTH:0.479999
G1 F8220
G1 X210.705 Y103.848 E.09818
G1 X210.705 Y103.23 E.02089
G1 X208.23 Y105.705 E.11832
G1 X207.612 Y105.705 E.02089
G1 X210.705 Y102.612 E.14787
G1 X210.705 Y101.994 E.02089
G1 X206.994 Y105.705 E.17741
G1 X206.376 Y105.705 E.02089
G1 X210.705 Y101.376 E.20696
G1 X210.705 Y100.758 E.02089
G1 X205.758 Y105.705 E.2365
G1 X205.139 Y105.705 E.02089
G1 X210.705 Y100.139 E.26605
G1 X210.705 Y99.521 E.02089
G1 X204.521 Y105.705 E.2956
G1 X203.903 Y105.705 E.02089
G1 X210.705 Y98.903 E.32514
G1 X210.705 Y98.285 E.02089
G1 X203.285 Y105.705 E.35469
G1 X202.667 Y105.705 E.02089
G1 X210.705 Y97.667 E.38423
G1 X210.705 Y97.049 E.02089
G1 X202.049 Y105.705 E.41378
G1 X201.431 Y105.705 E.02089
G1 X210.705 Y96.431 E.44333
G1 X210.705 Y95.813 E.02089
G1 X200.813 Y105.705 E.47287
G1 X200.194 Y105.705 E.02089
G1 X210.705 Y95.194 E.50242
G1 X210.705 Y94.576 E.02089
G1 X199.576 Y105.705 E.53196
G1 X198.958 Y105.705 E.02089
G1 X210.705 Y93.958 E.56151
G1 X210.705 Y93.34 E.02089
G1 X198.34 Y105.705 E.59105
G1 X197.722 Y105.705 E.02089
G1 X210.705 Y92.722 E.6206
G1 X210.705 Y92.104 E.02089
G1 X197.104 Y105.705 E.65015
G1 X196.486 Y105.705 E.02089
G1 X210.705 Y91.486 E.67969
G1 X210.705 Y90.868 E.02089
G1 X195.868 Y105.705 E.70924
G1 X195.249 Y105.705 E.02089
G1 X210.705 Y90.249 E.73878
G1 X210.705 Y89.631 E.02089
G1 X194.631 Y105.705 E.76833
G1 X194.013 Y105.705 E.02089
G1 X210.702 Y89.017 E.79771
G2 X210.542 Y88.558 I-.925 J.065 E.01661
G1 X193.395 Y105.705 E.81963
G1 X192.777 Y105.705 E.02089
G1 X210.162 Y88.321 E.83097
G2 X209.57 Y88.295 I-.4 J2.333 E.02008
G1 X192.159 Y105.705 E.83223
G1 X191.541 Y105.705 E.02089
G1 X208.952 Y88.295 E.83223
G1 X208.333 Y88.295 E.02089
G1 X190.923 Y105.705 E.83223
G1 X190.304 Y105.705 E.02089
G1 X207.715 Y88.295 E.83223
G1 X207.097 Y88.295 E.02089
G1 X189.686 Y105.705 E.83223
G1 X189.068 Y105.705 E.02089
G1 X206.479 Y88.295 E.83223
G1 X205.861 Y88.295 E.02089
G1 X188.45 Y105.705 E.83223
G1 X187.832 Y105.705 E.02089
G1 X205.243 Y88.295 E.83223
G1 X204.625 Y88.295 E.02089
G1 X187.214 Y105.705 E.83223
G1 X186.596 Y105.705 E.02089
G1 X204.007 Y88.295 E.83223
G1 X203.388 Y88.295 E.02089
G1 X185.978 Y105.705 E.83223
G1 X185.359 Y105.705 E.02089
G1 X202.77 Y88.295 E.83223
G1 X202.152 Y88.295 E.02089
G1 X184.741 Y105.705 E.83223
G1 X184.123 Y105.705 E.02089
G1 X201.534 Y88.295 E.83223
G1 X200.916 Y88.295 E.02089
G1 X183.505 Y105.705 E.83223
G1 X182.887 Y105.705 E.02089
G1 X200.298 Y88.295 E.83223
G1 X199.68 Y88.295 E.02089
G1 X182.269 Y105.705 E.83223
G1 X181.651 Y105.705 E.02089
G1 X199.062 Y88.295 E.83223
G1 X198.443 Y88.295 E.02089
G1 X181.033 Y105.705 E.83223
G1 X180.415 Y105.705 E.02089
G1 X197.825 Y88.295 E.83223
G1 X197.207 Y88.295 E.02089
G1 X179.796 Y105.705 E.83223
G1 X179.178 Y105.705 E.02089
G1 X196.589 Y88.295 E.83223
G1 X195.971 Y88.295 E.02089
G1 X178.56 Y105.705 E.83223
G1 X177.942 Y105.705 E.02089
G1 X195.353 Y88.295 E.83223
G1 X194.735 Y88.295 E.02089
G1 X177.324 Y105.705 E.83223
G1 X176.706 Y105.705 E.02089
G1 X194.117 Y88.295 E.83223
G1 X193.498 Y88.295 E.02089
G1 X176.088 Y105.705 E.83223
G1 X175.47 Y105.705 E.02089
G1 X192.88 Y88.295 E.83223
G1 X192.262 Y88.295 E.02089
G1 X174.851 Y105.705 E.83223
G1 X174.233 Y105.705 E.02089
G1 X191.644 Y88.295 E.83223
G1 X191.026 Y88.295 E.02089
G1 X173.694 Y105.627 E.82848
G3 X173.38 Y105.322 I.311 J-.633 E.01502
G1 X190.408 Y88.295 E.81391
G1 X189.79 Y88.295 E.02089
G1 X173.295 Y104.79 E.78846
G1 X173.295 Y104.172 E.02089
G1 X189.172 Y88.295 E.75891
G1 X188.553 Y88.295 E.02089
G1 X173.295 Y103.553 E.72936
G1 X173.295 Y102.935 E.02089
G1 X187.935 Y88.295 E.69982
G1 X187.317 Y88.295 E.02089
G1 X173.295 Y102.317 E.67027
G1 X173.295 Y101.699 E.02089
G1 X186.699 Y88.295 E.64073
G1 X186.081 Y88.295 E.02089
G1 X173.295 Y101.081 E.61118
G1 X173.295 Y100.463 E.02089
G1 X185.463 Y88.295 E.58163
G1 X184.845 Y88.295 E.02089
G1 X173.295 Y99.845 E.55209
G1 X173.295 Y99.227 E.02089
G1 X184.227 Y88.295 E.52254
G1 X183.608 Y88.295 E.02089
G1 X173.295 Y98.608 E.493
G1 X173.295 Y97.99 E.02089
G1 X182.99 Y88.295 E.46345
G1 X182.372 Y88.295 E.02089
G1 X173.295 Y97.372 E.43391
G1 X173.295 Y96.754 E.02089
G1 X181.754 Y88.295 E.40436
G1 X181.136 Y88.295 E.02089
G1 X173.295 Y96.136 E.37481
G1 X173.295 Y95.518 E.02089
G1 X180.518 Y88.295 E.34527
G1 X179.9 Y88.295 E.02089
G1 X173.295 Y94.9 E.31572
G1 X173.295 Y94.282 E.02089
G1 X179.282 Y88.295 E.28618
G1 X178.663 Y88.295 E.02089
G1 X173.295 Y93.663 E.25663
G1 X173.295 Y93.045 E.02089
G1 X178.045 Y88.295 E.22708
G1 X177.427 Y88.295 E.02089
G1 X173.295 Y92.427 E.19754
G1 X173.295 Y91.809 E.02089
G1 X176.809 Y88.295 E.16799
G1 X176.191 Y88.295 E.02089
G1 X173.295 Y91.191 E.13845
G1 X173.295 Y90.573 E.02089
G1 X175.573 Y88.295 E.1089
G1 X174.955 Y88.295 E.02089
G1 X173.295 Y89.955 E.07935
G1 X173.295 Y89.337 E.02089
G1 X174.533 Y88.098 E.05921
; stop printing object flowrate_m7 id:1228360646943 copy 0
; printing object flowrate_m8 id:1344324764009 copy 0
G1 E-.5 F900
G1 Z2 F30000
G1 X168.181 Y106.024 Z2
G1 Z1.8
G1 E.5 F900
;TYPE:Inner wall
;WIDTH:0.4
G1 F10958.461
G3 X167.958 Y106.043 I-.2 J-1.043 E.00611
G1 X132.042 Y106.043 E.98109
G3 X130.957 Y104.958 I-.023 J-1.062 E.04682
G1 X130.957 Y89.042 E.43477
G3 X132.042 Y87.957 I1.062 J-.023 E.04682
G1 X167.958 Y87.957 E.98109
G1 X168.18 Y87.977 E.00609
G3 X169.043 Y89.042 I-.192 J1.037 E.04075
G1 X169.043 Y104.958 E.43477
G3 X168.22 Y106.016 I-1.062 J.023 E.03962
G1 X168.243 Y106.376 F30000
G1 F10958.461
G3 X167.974 Y106.4 I-.261 J-1.394 E.00738
G1 X132.026 Y106.4 E.98194
G3 X130.6 Y104.974 I-.008 J-1.418 E.06129
G1 X130.6 Y89.026 E.43562
G3 X132.026 Y87.6 I1.418 J-.008 E.06129
G1 X167.974 Y87.6 E.98194
G1 X168.243 Y87.624 E.00737
G3 X169.4 Y89.026 I-.257 J1.391 E.05395
G1 X169.4 Y104.974 E.43562
G3 X168.282 Y106.368 I-1.418 J.008 E.05281
SET_VELOCITY_LIMIT ACCEL=5000 ACCEL_TO_DECEL=2500
G1 X168.312 Y106.77 F30000
;TYPE:Outer wall
G1 F10958.461
G3 X167.991 Y106.8 I-.33 J-1.788 E.00881
G1 X132.009 Y106.8 E.9829
G3 X130.2 Y104.991 I.01 J-1.818 E.0775
G1 X130.2 Y89.009 E.43658
G3 X132.009 Y87.2 I1.818 J.01 E.0775
G1 X167.991 Y87.2 E.9829
G1 X168.278 Y87.225 E.00786
G1 X168.312 Y87.228 E.00095
G3 X169.8 Y89.009 I-.317 J1.777 E.06884
G1 X169.8 Y104.991 E.43658
G3 X168.351 Y106.762 I-1.818 J-.01 E.06759
SET_VELOCITY_LIMIT ACCEL=10000 ACCEL_TO_DECEL=5000
G1 E-.5 F900
G1 Z2 F30000
G1 X167.388 Y105.575 Z2
G1 Z1.8
G1 E.5 F900
;TYPE:Internal solid infill
;WIDTH:0.624487
G1 F6728.456
G1 X167.947 Y105.574 E.0249
G1 X168.283 Y105.49 E.01539
G1 X168.458 Y105.318 E.01092
G2 X168.573 Y104.909 I-.656 J-.405 E.01914
G1 X168.573 Y104.393 E.02298
G3 X167.416 Y105.547 I-243.414 J-242.84 E.07269
G1 X166.651 Y105.902 F30000
;WIDTH:0.479999
G1 F8220
G1 X168.705 Y103.848 E.09712
G1 X168.705 Y103.23 E.02067
G1 X166.23 Y105.705 E.11705
G1 X165.612 Y105.705 E.02067
G1 X168.705 Y102.612 E.14628
G1 X168.705 Y101.994 E.02067
G1 X164.994 Y105.705 E.1755
G1 X164.376 Y105.705 E.02067
G1 X168.705 Y101.376 E.20473
G1 X168.705 Y100.758 E.02067
G1 X163.758 Y105.705 E.23396
G1 X163.139 Y105.705 E.02067
M73 P84 R5
G1 X168.705 Y100.139 E.26319
G1 X168.705 Y99.521 E.02067
G1 X162.521 Y105.705 E.29242
G1 X161.903 Y105.705 E.02067
G1 X168.705 Y98.903 E.32165
G1 X168.705 Y98.285 E.02067
G1 X161.285 Y105.705 E.35087
G1 X160.667 Y105.705 E.02067
G1 X168.705 Y97.667 E.3801
G1 X168.705 Y97.049 E.02067
G1 X160.049 Y105.705 E.40933
G1 X159.431 Y105.705 E.02067
G1 X168.705 Y96.431 E.43856
G1 X168.705 Y95.813 E.02067
G1 X158.813 Y105.705 E.46779
G1 X158.194 Y105.705 E.02067
G1 X168.705 Y95.194 E.49701
G1 X168.705 Y94.576 E.02067
G1 X157.576 Y105.705 E.52624
G1 X156.958 Y105.705 E.02067
G1 X168.705 Y93.958 E.55547
G1 X168.705 Y93.34 E.02067
G1 X156.34 Y105.705 E.5847
G1 X155.722 Y105.705 E.02067
G1 X168.705 Y92.722 E.61393
G1 X168.705 Y92.104 E.02067
G1 X155.104 Y105.705 E.64316
G1 X154.486 Y105.705 E.02067
G1 X168.705 Y91.486 E.67238
G1 X168.705 Y90.868 E.02067
G1 X153.868 Y105.705 E.70161
G1 X153.249 Y105.705 E.02067
G1 X168.705 Y90.249 E.73084
G1 X168.705 Y89.631 E.02067
G1 X152.631 Y105.705 E.76007
G1 X152.013 Y105.705 E.02067
G1 X168.702 Y89.017 E.78913
G2 X168.542 Y88.558 I-.925 J.065 E.01643
G1 X151.395 Y105.705 E.81082
G1 X150.777 Y105.705 E.02067
G1 X168.162 Y88.321 E.82203
G2 X167.57 Y88.295 I-.4 J2.333 E.01986
G1 X150.159 Y105.705 E.82328
G1 X149.541 Y105.705 E.02067
G1 X166.952 Y88.295 E.82328
G1 X166.333 Y88.295 E.02067
G1 X148.923 Y105.705 E.82328
G1 X148.304 Y105.705 E.02067
G1 X165.715 Y88.295 E.82328
G1 X165.097 Y88.295 E.02067
G1 X147.686 Y105.705 E.82328
G1 X147.068 Y105.705 E.02067
G1 X164.479 Y88.295 E.82328
G1 X163.861 Y88.295 E.02067
G1 X146.45 Y105.705 E.82328
G1 X145.832 Y105.705 E.02067
G1 X163.243 Y88.295 E.82328
G1 X162.625 Y88.295 E.02067
G1 X145.214 Y105.705 E.82328
G1 X144.596 Y105.705 E.02067
G1 X162.007 Y88.295 E.82328
G1 X161.388 Y88.295 E.02067
G1 X143.978 Y105.705 E.82328
G1 X143.359 Y105.705 E.02067
G1 X160.77 Y88.295 E.82328
G1 X160.152 Y88.295 E.02067
G1 X142.741 Y105.705 E.82328
G1 X142.123 Y105.705 E.02067
G1 X159.534 Y88.295 E.82328
G1 X158.916 Y88.295 E.02067
G1 X141.505 Y105.705 E.82328
G1 X140.887 Y105.705 E.02067
G1 X158.298 Y88.295 E.82328
G1 X157.68 Y88.295 E.02067
G1 X140.269 Y105.705 E.82328
G1 X139.651 Y105.705 E.02067
G1 X157.062 Y88.295 E.82328
G1 X156.443 Y88.295 E.02067
G1 X139.033 Y105.705 E.82328
G1 X138.415 Y105.705 E.02067
G1 X155.825 Y88.295 E.82328
G1 X155.207 Y88.295 E.02067
G1 X137.796 Y105.705 E.82328
G1 X137.178 Y105.705 E.02067
G1 X154.589 Y88.295 E.82328
G1 X153.971 Y88.295 E.02067
G1 X136.56 Y105.705 E.82328
G1 X135.942 Y105.705 E.02067
G1 X153.353 Y88.295 E.82328
G1 X152.735 Y88.295 E.02067
G1 X135.324 Y105.705 E.82328
G1 X134.706 Y105.705 E.02067
G1 X152.117 Y88.295 E.82328
G1 X151.498 Y88.295 E.02067
G1 X134.088 Y105.705 E.82328
G1 X133.47 Y105.705 E.02067
G1 X150.88 Y88.295 E.82328
G1 X150.262 Y88.295 E.02067
G1 X132.851 Y105.705 E.82328
G1 X132.233 Y105.705 E.02067
G1 X149.644 Y88.295 E.82328
G1 X149.026 Y88.295 E.02067
G1 X131.694 Y105.627 E.81957
G3 X131.38 Y105.322 I.311 J-.633 E.01486
G1 X148.408 Y88.295 E.80515
G1 X147.79 Y88.295 E.02067
G1 X131.295 Y104.79 E.77998
G1 X131.295 Y104.172 E.02067
G1 X147.172 Y88.295 E.75075
G1 X146.553 Y88.295 E.02067
G1 X131.295 Y103.553 E.72152
G1 X131.295 Y102.935 E.02067
G1 X145.935 Y88.295 E.69229
G1 X145.317 Y88.295 E.02067
G1 X131.295 Y102.317 E.66306
G1 X131.295 Y101.699 E.02067
G1 X144.699 Y88.295 E.63384
G1 X144.081 Y88.295 E.02067
G1 X131.295 Y101.081 E.60461
G1 X131.295 Y100.463 E.02067
G1 X143.463 Y88.295 E.57538
G1 X142.845 Y88.295 E.02067
G1 X131.295 Y99.845 E.54615
G1 X131.295 Y99.227 E.02067
G1 X142.227 Y88.295 E.51692
G1 X141.608 Y88.295 E.02067
G1 X131.295 Y98.608 E.4877
G1 X131.295 Y97.99 E.02067
G1 X140.99 Y88.295 E.45847
G1 X140.372 Y88.295 E.02067
G1 X131.295 Y97.372 E.42924
G1 X131.295 Y96.754 E.02067
G1 X139.754 Y88.295 E.40001
G1 X139.136 Y88.295 E.02067
G1 X131.295 Y96.136 E.37078
G1 X131.295 Y95.518 E.02067
G1 X138.518 Y88.295 E.34155
G1 X137.9 Y88.295 E.02067
G1 X131.295 Y94.9 E.31233
G1 X131.295 Y94.282 E.02067
G1 X137.282 Y88.295 E.2831
G1 X136.664 Y88.295 E.02067
G1 X131.295 Y93.663 E.25387
G1 X131.295 Y93.045 E.02067
G1 X136.045 Y88.295 E.22464
G1 X135.427 Y88.295 E.02067
G1 X131.295 Y92.427 E.19541
G1 X131.295 Y91.809 E.02067
G1 X134.809 Y88.295 E.16619
G1 X134.191 Y88.295 E.02067
G1 X131.295 Y91.191 E.13696
G1 X131.295 Y90.573 E.02067
G1 X133.573 Y88.295 E.10773
G1 X132.955 Y88.295 E.02067
G1 X131.295 Y89.955 E.0785
G1 X131.295 Y89.337 E.02067
G1 X132.533 Y88.098 E.05857
; stop printing object flowrate_m8 id:1344324764009 copy 0
; printing object flowrate_m5 id:0 copy 0
G1 E-.5 F900
G1 Z2 F30000
G1 X168.181 Y138.024 Z2
G1 Z1.8
G1 E.5 F900
;TYPE:Inner wall
;WIDTH:0.4
G1 F10612.404
G3 X167.958 Y138.043 I-.2 J-1.043 E.00631
G1 X132.042 Y138.043 E1.01308
G3 X130.957 Y136.958 I-.023 J-1.062 E.04835
G1 X130.957 Y121.042 E.44895
G3 X132.042 Y119.957 I1.062 J-.023 E.04835
G1 X167.958 Y119.957 E1.01309
G1 X168.18 Y119.977 E.00629
G3 X169.043 Y121.042 I-.192 J1.037 E.04208
G1 X169.043 Y136.958 E.44895
G3 X168.22 Y138.016 I-1.062 J.023 E.04091
G1 X168.243 Y138.376 F30000
G1 F10612.404
G3 X167.974 Y138.4 I-.261 J-1.394 E.00762
G1 X132.026 Y138.4 E1.01396
G3 X130.6 Y136.974 I-.008 J-1.418 E.06329
G1 X130.6 Y121.026 E.44983
G3 X132.026 Y119.6 I1.418 J-.008 E.06329
G1 X167.974 Y119.6 E1.01396
G1 X168.243 Y119.624 E.00761
G3 X169.4 Y121.026 I-.257 J1.391 E.05571
G1 X169.4 Y136.974 E.44983
G3 X168.282 Y138.368 I-1.418 J.008 E.05453
SET_VELOCITY_LIMIT ACCEL=5000 ACCEL_TO_DECEL=2500
G1 X168.312 Y138.77 F30000
;TYPE:Outer wall
G1 F10612.404
G3 X167.991 Y138.8 I-.33 J-1.788 E.0091
G1 X132.009 Y138.8 E1.01495
G3 X130.2 Y136.991 I.01 J-1.818 E.08002
G1 X130.2 Y121.009 E.45081
G3 X132.009 Y119.2 I1.818 J.01 E.08002
G1 X167.991 Y119.2 E1.01495
G1 X168.278 Y119.225 E.00811
G1 X168.312 Y119.228 E.00098
G3 X169.8 Y121.009 I-.317 J1.777 E.07108
G1 X169.8 Y136.991 E.45081
G3 X168.351 Y138.762 I-1.818 J-.01 E.0698
SET_VELOCITY_LIMIT ACCEL=10000 ACCEL_TO_DECEL=5000
G1 E-.5 F900
G1 Z2 F30000
G1 X167.388 Y137.575 Z2
G1 Z1.8
G1 E.5 F900
;TYPE:Internal solid infill
;WIDTH:0.624488
G1 F6515.968
G1 X167.947 Y137.574 E.02571
G1 X168.283 Y137.49 E.01589
G1 X168.458 Y137.318 E.01127
G2 X168.573 Y136.909 I-.656 J-.405 E.01976
G1 X168.573 Y136.393 E.02373
G3 X167.416 Y137.547 I-243.416 J-242.843 E.07506
G1 X166.651 Y137.902 F30000
;WIDTH:0.479999
G1 F8220
G1 X168.705 Y135.848 E.10029
G1 X168.705 Y135.23 E.02134
G1 X166.23 Y137.705 E.12087
G1 X165.612 Y137.705 E.02134
G1 X168.705 Y134.612 E.15105
G1 X168.705 Y133.994 E.02134
G1 X164.994 Y137.705 E.18123
G1 X164.376 Y137.705 E.02134
G1 X168.705 Y133.376 E.21141
G1 X168.705 Y132.758 E.02134
G1 X163.758 Y137.705 E.24159
G1 X163.139 Y137.705 E.02134
G1 X168.705 Y132.139 E.27177
G1 X168.705 Y131.521 E.02134
G1 X162.521 Y137.705 E.30195
G1 X161.903 Y137.705 E.02134
G1 X168.705 Y130.903 E.33213
G1 X168.705 Y130.285 E.02134
G1 X161.285 Y137.705 E.36232
G1 X160.667 Y137.705 E.02134
G1 X168.705 Y129.667 E.3925
G1 X168.705 Y129.049 E.02134
G1 X160.049 Y137.705 E.42268
G1 X159.431 Y137.705 E.02134
G1 X168.705 Y128.431 E.45286
G1 X168.705 Y127.813 E.02134
G1 X158.813 Y137.705 E.48304
G1 X158.194 Y137.705 E.02134
G1 X168.705 Y127.194 E.51322
G1 X168.705 Y126.576 E.02134
G1 X157.576 Y137.705 E.5434
G1 X156.958 Y137.705 E.02134
G1 X168.705 Y125.958 E.57358
G1 X168.705 Y125.34 E.02134
G1 X156.34 Y137.705 E.60377
G1 X155.722 Y137.705 E.02134
G1 X168.705 Y124.722 E.63395
G1 X168.705 Y124.104 E.02134
G1 X155.104 Y137.705 E.66413
G1 X154.486 Y137.705 E.02134
G1 X168.705 Y123.486 E.69431
G1 X168.705 Y122.868 E.02134
G1 X153.868 Y137.705 E.72449
G1 X153.249 Y137.705 E.02134
G1 X168.705 Y122.249 E.75467
G1 X168.705 Y121.631 E.02134
G1 X152.631 Y137.705 E.78485
G1 X152.013 Y137.705 E.02134
G1 X168.702 Y121.017 E.81486
G2 X168.542 Y120.558 I-.925 J.065 E.01696
G1 X151.395 Y137.705 E.83726
G1 X150.777 Y137.705 E.02134
G1 X168.162 Y120.321 E.84884
G2 X167.57 Y120.295 I-.4 J2.332 E.02051
G1 X150.159 Y137.705 E.85012
G1 X149.541 Y137.705 E.02134
G1 X166.952 Y120.295 E.85012
G1 X166.333 Y120.295 E.02134
G1 X148.923 Y137.705 E.85012
G1 X148.304 Y137.705 E.02134
G1 X165.715 Y120.295 E.85012
G1 X165.097 Y120.295 E.02134
G1 X147.686 Y137.705 E.85012
G1 X147.068 Y137.705 E.02134
G1 X164.479 Y120.295 E.85012
G1 X163.861 Y120.295 E.02134
M73 P85 R5
G1 X146.45 Y137.705 E.85012
G1 X145.832 Y137.705 E.02134
G1 X163.243 Y120.295 E.85012
G1 X162.625 Y120.295 E.02134
G1 X145.214 Y137.705 E.85012
G1 X144.596 Y137.705 E.02134
G1 X162.007 Y120.295 E.85012
G1 X161.388 Y120.295 E.02134
G1 X143.978 Y137.705 E.85012
G1 X143.359 Y137.705 E.02134
G1 X160.77 Y120.295 E.85012
G1 X160.152 Y120.295 E.02134
G1 X142.741 Y137.705 E.85012
G1 X142.123 Y137.705 E.02134
G1 X159.534 Y120.295 E.85012
G1 X158.916 Y120.295 E.02134
G1 X141.505 Y137.705 E.85012
G1 X140.887 Y137.705 E.02134
G1 X158.298 Y120.295 E.85012
G1 X157.68 Y120.295 E.02134
G1 X140.269 Y137.705 E.85012
G1 X139.651 Y137.705 E.02134
G1 X157.062 Y120.295 E.85012
G1 X156.443 Y120.295 E.02134
G1 X139.033 Y137.705 E.85012
G1 X138.415 Y137.705 E.02134
G1 X155.825 Y120.295 E.85012
G1 X155.207 Y120.295 E.02134
G1 X137.796 Y137.705 E.85012
G1 X137.178 Y137.705 E.02134
G1 X154.589 Y120.295 E.85012
G1 X153.971 Y120.295 E.02134
G1 X136.56 Y137.705 E.85012
G1 X135.942 Y137.705 E.02134
G1 X153.353 Y120.295 E.85012
G1 X152.735 Y120.295 E.02134
G1 X135.324 Y137.705 E.85012
G1 X134.706 Y137.705 E.02134
G1 X152.117 Y120.295 E.85012
G1 X151.498 Y120.295 E.02134
G1 X134.088 Y137.705 E.85012
M73 P85 R4
G1 X133.47 Y137.705 E.02134
G1 X150.88 Y120.295 E.85012
G1 X150.262 Y120.295 E.02134
G1 X132.851 Y137.705 E.85012
G1 X132.233 Y137.705 E.02134
G1 X149.644 Y120.295 E.85012
G1 X149.026 Y120.295 E.02134
G1 X131.694 Y137.627 E.8463
G3 X131.38 Y137.322 I.311 J-.633 E.01534
G1 X148.408 Y120.295 E.83141
G1 X147.79 Y120.295 E.02134
G1 X131.295 Y136.79 E.80541
G1 X131.295 Y136.172 E.02134
G1 X147.172 Y120.295 E.77523
G1 X146.553 Y120.295 E.02134
G1 X131.295 Y135.553 E.74505
G1 X131.295 Y134.935 E.02134
G1 X145.935 Y120.295 E.71487
G1 X145.317 Y120.295 E.02134
G1 X131.295 Y134.317 E.68469
G1 X131.295 Y133.699 E.02134
G1 X144.699 Y120.295 E.65451
G1 X144.081 Y120.295 E.02134
G1 X131.295 Y133.081 E.62432
G1 X131.295 Y132.463 E.02134
G1 X143.463 Y120.295 E.59414
G1 X142.845 Y120.295 E.02134
G1 X131.295 Y131.845 E.56396
G1 X131.295 Y131.227 E.02134
G1 X142.227 Y120.295 E.53378
G1 X141.608 Y120.295 E.02134
G1 X131.295 Y130.608 E.5036
G1 X131.295 Y129.99 E.02134
G1 X140.99 Y120.295 E.47342
G1 X140.372 Y120.295 E.02134
G1 X131.295 Y129.372 E.44324
G1 X131.295 Y128.754 E.02134
G1 X139.754 Y120.295 E.41306
G1 X139.136 Y120.295 E.02134
G1 X131.295 Y128.136 E.38287
G1 X131.295 Y127.518 E.02134
G1 X138.518 Y120.295 E.35269
G1 X137.9 Y120.295 E.02134
G1 X131.295 Y126.9 E.32251
G1 X131.295 Y126.282 E.02134
G1 X137.282 Y120.295 E.29233
G1 X136.663 Y120.295 E.02134
G1 X131.295 Y125.663 E.26215
G1 X131.295 Y125.045 E.02134
G1 X136.045 Y120.295 E.23197
G1 X135.427 Y120.295 E.02134
G1 X131.295 Y124.427 E.20179
G1 X131.295 Y123.809 E.02134
G1 X134.809 Y120.295 E.1716
G1 X134.191 Y120.295 E.02134
G1 X131.295 Y123.191 E.14142
G1 X131.295 Y122.573 E.02134
G1 X133.573 Y120.295 E.11124
G1 X132.955 Y120.295 E.02134
G1 X131.295 Y121.955 E.08106
G1 X131.295 Y121.337 E.02134
G1 X132.533 Y120.098 E.06048
; stop printing object flowrate_m5 id:0 copy 0
; printing object flowrate_m2 id:8247625146344371234 copy 0
G1 E-.5 F900
G1 Z2 F30000
G1 X168.181 Y170.024 Z2
G1 Z1.8
G1 E.5 F900
;TYPE:Inner wall
;WIDTH:0.4
G1 F10287.535
G3 X167.958 Y170.043 I-.2 J-1.043 E.00651
G1 X132.042 Y170.043 E1.04508
G3 X130.957 Y168.958 I-.023 J-1.062 E.04987
G1 X130.957 Y153.042 E.46313
G3 X132.042 Y151.957 I1.062 J-.023 E.04987
G1 X167.958 Y151.957 E1.04508
G1 X168.18 Y151.977 E.00649
G3 X169.043 Y153.042 I-.192 J1.037 E.04341
G1 X169.043 Y168.958 E.46313
G3 X168.22 Y170.016 I-1.062 J.023 E.04221
G1 X168.243 Y170.376 F30000
G1 F10287.535
G3 X167.974 Y170.4 I-.261 J-1.394 E.00786
G1 X132.026 Y170.4 E1.04598
G3 X130.6 Y168.974 I-.008 J-1.418 E.06528
G1 X130.6 Y153.026 E.46404
G3 X132.026 Y151.6 I1.418 J-.008 E.06528
G1 X167.974 Y151.6 E1.04599
G1 X168.243 Y151.624 E.00785
G3 X169.4 Y153.026 I-.257 J1.391 E.05747
G1 X169.4 Y168.974 E.46403
G3 X168.282 Y170.368 I-1.418 J.008 E.05626
SET_VELOCITY_LIMIT ACCEL=5000 ACCEL_TO_DECEL=2500
G1 X168.312 Y170.77 F30000
;TYPE:Outer wall
G1 F10287.535
G3 X167.991 Y170.8 I-.33 J-1.788 E.00939
G1 X132.009 Y170.8 E1.047
G3 X130.2 Y168.991 I.01 J-1.818 E.08255
G1 X130.2 Y153.009 E.46505
G3 X132.009 Y151.2 I1.818 J.01 E.08255
G1 X167.991 Y151.2 E1.047
G1 X168.278 Y151.225 E.00837
G1 X168.312 Y151.228 E.00101
G3 X169.8 Y153.009 I-.317 J1.777 E.07333
G1 X169.8 Y168.991 E.46505
G3 X168.351 Y170.762 I-1.818 J-.01 E.072
SET_VELOCITY_LIMIT ACCEL=10000 ACCEL_TO_DECEL=5000
G1 E-.5 F900
G1 Z2 F30000
G1 X167.388 Y169.575 Z2
G1 Z1.8
G1 E.5 F900
;TYPE:Internal solid infill
;WIDTH:0.624485
G1 F6316.524
G1 X167.948 Y169.574 E.02652
G1 X168.283 Y169.49 E.01639
G1 X168.458 Y169.318 E.01163
G2 X168.573 Y168.909 I-.656 J-.405 E.02039
G1 X168.573 Y168.393 E.02448
G3 X167.416 Y169.547 I-243.416 J-242.843 E.07743
G1 X166.651 Y169.902 F30000
;WIDTH:0.479999
G1 F8220
G1 X168.705 Y167.848 E.10345
G1 X168.705 Y167.23 E.02202
G1 X166.23 Y169.705 E.12468
G1 X165.612 Y169.705 E.02202
G1 X168.705 Y166.612 E.15582
G1 X168.705 Y165.994 E.02202
G1 X164.994 Y169.705 E.18695
G1 X164.376 Y169.705 E.02202
G1 X168.705 Y165.376 E.21809
G1 X168.705 Y164.758 E.02202
G1 X163.758 Y169.705 E.24922
G1 X163.139 Y169.705 E.02202
G1 X168.705 Y164.139 E.28035
G1 X168.705 Y163.521 E.02202
G1 X162.521 Y169.705 E.31149
G1 X161.903 Y169.705 E.02202
G1 X168.705 Y162.903 E.34262
G1 X168.705 Y162.285 E.02202
G1 X161.285 Y169.705 E.37376
G1 X160.667 Y169.705 E.02202
G1 X168.705 Y161.667 E.40489
G1 X168.705 Y161.049 E.02202
G1 X160.049 Y169.705 E.43603
G1 X159.431 Y169.705 E.02202
G1 X168.705 Y160.431 E.46716
G1 X168.705 Y159.813 E.02202
G1 X158.813 Y169.705 E.49829
G1 X158.194 Y169.705 E.02202
G1 X168.705 Y159.194 E.52943
G1 X168.705 Y158.576 E.02202
G1 X157.576 Y169.705 E.56056
G1 X156.958 Y169.705 E.02202
G1 X168.705 Y157.958 E.5917
G1 X168.705 Y157.34 E.02202
G1 X156.34 Y169.705 E.62283
G1 X155.722 Y169.705 E.02202
G1 X168.705 Y156.722 E.65397
G1 X168.705 Y156.104 E.02202
G1 X155.104 Y169.705 E.6851
G1 X154.486 Y169.705 E.02202
G1 X168.705 Y155.486 E.71624
G1 X168.705 Y154.868 E.02202
G1 X153.868 Y169.705 E.74737
G1 X153.249 Y169.705 E.02202
G1 X168.705 Y154.249 E.7785
G1 X168.705 Y153.631 E.02202
G1 X152.631 Y169.705 E.80964
G1 X152.013 Y169.705 E.02202
G1 X168.702 Y153.017 E.8406
G2 X168.542 Y152.558 I-.925 J.065 E.0175
G1 X151.395 Y169.705 E.8637
G1 X150.777 Y169.705 E.02202
G1 X168.162 Y152.321 E.87565
G2 X167.57 Y152.295 I-.4 J2.333 E.02116
G1 X150.159 Y169.705 E.87697
G1 X149.541 Y169.705 E.02202
G1 X166.952 Y152.295 E.87697
G1 X166.333 Y152.295 E.02202
G1 X148.923 Y169.705 E.87697
G1 X148.304 Y169.705 E.02202
G1 X165.715 Y152.295 E.87697
G1 X165.097 Y152.295 E.02202
G1 X147.686 Y169.705 E.87697
G1 X147.068 Y169.705 E.02202
G1 X164.479 Y152.295 E.87697
G1 X163.861 Y152.295 E.02202
G1 X146.45 Y169.705 E.87697
G1 X145.832 Y169.705 E.02202
G1 X163.243 Y152.295 E.87697
G1 X162.625 Y152.295 E.02202
G1 X145.214 Y169.705 E.87697
G1 X144.596 Y169.705 E.02202
G1 X162.007 Y152.295 E.87697
G1 X161.388 Y152.295 E.02202
G1 X143.978 Y169.705 E.87697
G1 X143.359 Y169.705 E.02202
G1 X160.77 Y152.295 E.87697
G1 X160.152 Y152.295 E.02202
G1 X142.741 Y169.705 E.87697
G1 X142.123 Y169.705 E.02202
G1 X159.534 Y152.295 E.87697
G1 X158.916 Y152.295 E.02202
G1 X141.505 Y169.705 E.87697
G1 X140.887 Y169.705 E.02202
G1 X158.298 Y152.295 E.87697
G1 X157.68 Y152.295 E.02202
G1 X140.269 Y169.705 E.87697
G1 X139.651 Y169.705 E.02202
G1 X157.062 Y152.295 E.87697
G1 X156.443 Y152.295 E.02202
G1 X139.033 Y169.705 E.87697
G1 X138.415 Y169.705 E.02202
G1 X155.825 Y152.295 E.87697
G1 X155.207 Y152.295 E.02202
G1 X137.796 Y169.705 E.87697
G1 X137.178 Y169.705 E.02202
G1 X154.589 Y152.295 E.87697
G1 X153.971 Y152.295 E.02202
G1 X136.56 Y169.705 E.87697
G1 X135.942 Y169.705 E.02202
G1 X153.353 Y152.295 E.87697
G1 X152.735 Y152.295 E.02202
G1 X135.324 Y169.705 E.87697
G1 X134.706 Y169.705 E.02202
G1 X152.117 Y152.295 E.87697
G1 X151.498 Y152.295 E.02202
M73 P86 R4
G1 X134.088 Y169.705 E.87697
G1 X133.47 Y169.705 E.02202
G1 X150.88 Y152.295 E.87697
G1 X150.262 Y152.295 E.02202
G1 X132.851 Y169.705 E.87697
G1 X132.233 Y169.705 E.02202
G1 X149.644 Y152.295 E.87697
G1 X149.026 Y152.295 E.02202
G1 X131.694 Y169.627 E.87302
G3 X131.38 Y169.322 I.311 J-.633 E.01583
G1 X148.408 Y152.295 E.85766
G1 X147.79 Y152.295 E.02202
G1 X131.295 Y168.79 E.83085
G1 X131.295 Y168.172 E.02202
G1 X147.172 Y152.295 E.79971
G1 X146.553 Y152.295 E.02202
G1 X131.295 Y167.553 E.76858
G1 X131.295 Y166.935 E.02202
G1 X145.935 Y152.295 E.73744
G1 X145.317 Y152.295 E.02202
G1 X131.295 Y166.317 E.70631
G1 X131.295 Y165.699 E.02202
G1 X144.699 Y152.295 E.67517
G1 X144.081 Y152.295 E.02202
G1 X131.295 Y165.081 E.64404
G1 X131.295 Y164.463 E.02202
G1 X143.463 Y152.295 E.61291
G1 X142.845 Y152.295 E.02202
G1 X131.295 Y163.845 E.58177
G1 X131.295 Y163.227 E.02202
G1 X142.227 Y152.295 E.55064
G1 X141.608 Y152.295 E.02202
G1 X131.295 Y162.608 E.5195
G1 X131.295 Y161.99 E.02202
G1 X140.99 Y152.295 E.48837
G1 X140.372 Y152.295 E.02202
G1 X131.295 Y161.372 E.45723
G1 X131.295 Y160.754 E.02202
G1 X139.754 Y152.295 E.4261
G1 X139.136 Y152.295 E.02202
G1 X131.295 Y160.136 E.39496
G1 X131.295 Y159.518 E.02202
G1 X138.518 Y152.295 E.36383
G1 X137.9 Y152.295 E.02202
G1 X131.295 Y158.9 E.3327
G1 X131.295 Y158.282 E.02202
G1 X137.282 Y152.295 E.30156
G1 X136.663 Y152.295 E.02202
G1 X131.295 Y157.663 E.27043
G1 X131.295 Y157.045 E.02202
G1 X136.045 Y152.295 E.23929
G1 X135.427 Y152.295 E.02202
G1 X131.295 Y156.427 E.20816
G1 X131.295 Y155.809 E.02202
G1 X134.809 Y152.295 E.17702
G1 X134.191 Y152.295 E.02202
G1 X131.295 Y155.191 E.14589
G1 X131.295 Y154.573 E.02202
G1 X133.573 Y152.295 E.11476
G1 X132.955 Y152.295 E.02202
G1 X131.295 Y153.955 E.08362
G1 X131.295 Y153.337 E.02202
G1 X132.533 Y152.098 E.06239
; stop printing object flowrate_m2 id:8247625146344371234 copy 0
; printing object flowrate_0 id:111516266160479 copy 0
G1 E-.5 F900
G1 Z2 F30000
G1 X168.519 Y184.102 Z2
G1 Z1.8
G1 E.5 F900
;TYPE:Inner wall
;WIDTH:0.4
G1 F10081.784
G3 X169.043 Y185.042 I-.53 J.912 E.03354
G1 X169.043 Y200.958 E.47258
G3 X167.958 Y202.043 I-1.062 J.023 E.05089
G1 X132.042 Y202.043 E1.0664
G3 X130.957 Y200.958 I-.023 J-1.062 E.05089
G1 X130.957 Y185.042 E.47258
G3 X132.042 Y183.957 I1.062 J-.023 E.05089
G1 X167.958 Y183.957 E1.06641
G1 X168.18 Y183.977 E.00662
G3 X168.484 Y184.082 I-.192 J1.037 E.00957
G1 X168.697 Y183.792 F30000
G1 F10081.784
G3 X169.4 Y185.026 I-.712 J1.222 E.04417
G1 X169.4 Y200.974 E.4735
G3 X167.974 Y202.4 I-1.418 J.008 E.06662
G1 X132.026 Y202.4 E1.06733
G3 X130.6 Y200.974 I-.008 J-1.418 E.06662
G1 X130.6 Y185.026 E.47351
G3 X132.026 Y183.6 I1.418 J-.008 E.06662
G1 X167.974 Y183.6 E1.06733
G1 X168.243 Y183.624 E.00801
G3 X168.663 Y183.772 I-.257 J1.391 E.01328
SET_VELOCITY_LIMIT ACCEL=5000 ACCEL_TO_DECEL=2500
G1 X168.899 Y183.443 F30000
;TYPE:Outer wall
G1 F10081.784
G3 X169.8 Y185.009 I-.904 J1.562 E.05618
G1 X169.8 Y200.991 E.47454
G3 X167.991 Y202.8 I-1.818 J-.01 E.08424
G1 X132.009 Y202.8 E1.06837
G3 X130.2 Y200.991 I.01 J-1.818 E.08424
G1 X130.2 Y185.009 E.47454
G3 X132.009 Y183.2 I1.818 J.01 E.08423
G1 X167.991 Y183.2 E1.06837
G1 X168.278 Y183.225 E.00854
G1 X168.312 Y183.228 E.00103
G3 X168.864 Y183.423 I-.317 J1.777 E.01746
SET_VELOCITY_LIMIT ACCEL=10000 ACCEL_TO_DECEL=5000
G1 E-.5 F900
G1 Z2 F30000
G1 X167.388 Y201.575 Z2
G1 Z1.8
G1 E.5 F900
;TYPE:Internal solid infill
;WIDTH:0.624486
G1 F6190.19
G1 X167.948 Y201.574 E.02706
G1 X168.283 Y201.49 E.01673
G1 X168.458 Y201.318 E.01186
G2 X168.573 Y200.909 I-.656 J-.405 E.0208
G1 X168.573 Y200.393 E.02498
G3 X167.416 Y201.547 I-243.241 J-242.667 E.07902
G1 X166.651 Y201.902 F30000
;WIDTH:0.479999
G1 F8220
G1 X168.705 Y199.848 E.10557
G1 X168.705 Y199.23 E.02246
G1 X166.23 Y201.705 E.12723
G1 X165.612 Y201.705 E.02246
G1 X168.705 Y198.612 E.159
G1 X168.705 Y197.994 E.02246
G1 X164.994 Y201.705 E.19077
G1 X164.376 Y201.705 E.02246
G1 X168.705 Y197.376 E.22254
G1 X168.705 Y196.758 E.02246
G1 X163.758 Y201.705 E.25431
G1 X163.139 Y201.705 E.02246
G1 X168.705 Y196.139 E.28608
G1 X168.705 Y195.521 E.02246
G1 X162.521 Y201.705 E.31785
G1 X161.903 Y201.705 E.02246
G1 X168.705 Y194.903 E.34962
G1 X168.705 Y194.285 E.02246
G1 X161.285 Y201.705 E.38138
G1 X160.667 Y201.705 E.02246
G1 X168.705 Y193.667 E.41315
G1 X168.705 Y193.049 E.02246
G1 X160.049 Y201.705 E.44492
G1 X159.431 Y201.705 E.02246
G1 X168.705 Y192.431 E.47669
G1 X168.705 Y191.813 E.02246
G1 X158.813 Y201.705 E.50846
G1 X158.194 Y201.705 E.02246
G1 X168.705 Y191.194 E.54023
G1 X168.705 Y190.576 E.02246
G1 X157.576 Y201.705 E.572
G1 X156.958 Y201.705 E.02246
G1 X168.705 Y189.958 E.60377
G1 X168.705 Y189.34 E.02246
G1 X156.34 Y201.705 E.63554
G1 X155.722 Y201.705 E.02246
G1 X168.705 Y188.722 E.66731
G1 X168.705 Y188.104 E.02246
G1 X155.104 Y201.705 E.69908
G1 X154.486 Y201.705 E.02246
G1 X168.705 Y187.486 E.73085
G1 X168.705 Y186.868 E.02246
G1 X153.868 Y201.705 E.76262
G1 X153.249 Y201.705 E.02246
G1 X168.705 Y186.249 E.79439
G1 X168.705 Y185.631 E.02246
G1 X152.631 Y201.705 E.82616
G1 X152.013 Y201.705 E.02246
G1 X168.702 Y185.017 E.85775
G2 X168.542 Y184.558 I-.925 J.065 E.01786
G1 X151.395 Y201.705 E.88132
G1 X150.777 Y201.705 E.02246
G1 X168.162 Y184.321 E.89352
G2 X167.57 Y184.295 I-.4 J2.333 E.02159
G1 X150.159 Y201.705 E.89487
G1 X149.541 Y201.705 E.02246
G1 X166.952 Y184.295 E.89487
G1 X166.333 Y184.295 E.02246
G1 X148.923 Y201.705 E.89487
G1 X148.304 Y201.705 E.02246
G1 X165.715 Y184.295 E.89487
G1 X165.097 Y184.295 E.02246
G1 X147.686 Y201.705 E.89487
G1 X147.068 Y201.705 E.02246
G1 X164.479 Y184.295 E.89487
G1 X163.861 Y184.295 E.02246
G1 X146.45 Y201.705 E.89487
G1 X145.832 Y201.705 E.02246
G1 X163.243 Y184.295 E.89487
G1 X162.625 Y184.295 E.02246
G1 X145.214 Y201.705 E.89487
G1 X144.596 Y201.705 E.02246
G1 X162.007 Y184.295 E.89487
G1 X161.388 Y184.295 E.02246
G1 X143.978 Y201.705 E.89487
G1 X143.359 Y201.705 E.02246
G1 X160.77 Y184.295 E.89487
G1 X160.152 Y184.295 E.02246
G1 X142.741 Y201.705 E.89487
G1 X142.123 Y201.705 E.02246
G1 X159.534 Y184.295 E.89487
G1 X158.916 Y184.295 E.02246
G1 X141.505 Y201.705 E.89487
G1 X140.887 Y201.705 E.02246
G1 X158.298 Y184.295 E.89487
G1 X157.68 Y184.295 E.02246
G1 X140.269 Y201.705 E.89487
G1 X139.651 Y201.705 E.02246
G1 X157.062 Y184.295 E.89487
G1 X156.443 Y184.295 E.02246
G1 X139.033 Y201.705 E.89487
G1 X138.415 Y201.705 E.02246
G1 X155.825 Y184.295 E.89487
G1 X155.207 Y184.295 E.02246
G1 X137.796 Y201.705 E.89487
G1 X137.178 Y201.705 E.02246
G1 X154.589 Y184.295 E.89487
G1 X153.971 Y184.295 E.02246
G1 X136.56 Y201.705 E.89487
G1 X135.942 Y201.705 E.02246
G1 X153.353 Y184.295 E.89487
G1 X152.735 Y184.295 E.02246
G1 X135.324 Y201.705 E.89487
G1 X134.706 Y201.705 E.02246
G1 X152.117 Y184.295 E.89487
G1 X151.498 Y184.295 E.02246
G1 X134.088 Y201.705 E.89487
G1 X133.47 Y201.705 E.02246
G1 X150.88 Y184.295 E.89487
G1 X150.262 Y184.295 E.02246
G1 X132.851 Y201.705 E.89487
G1 X132.233 Y201.705 E.02246
G1 X149.644 Y184.295 E.89487
G1 X149.026 Y184.295 E.02246
G1 X131.694 Y201.627 E.89084
G3 X131.38 Y201.322 I.311 J-.633 E.01615
G1 X148.408 Y184.295 E.87517
G1 X147.79 Y184.295 E.02246
G1 X131.295 Y200.79 E.8478
G1 X131.295 Y200.172 E.02246
G1 X147.172 Y184.295 E.81603
G1 X146.553 Y184.295 E.02246
G1 X131.295 Y199.553 E.78426
G1 X131.295 Y198.935 E.02246
G1 X145.935 Y184.295 E.75249
G1 X145.317 Y184.295 E.02246
G1 X131.295 Y198.317 E.72072
G1 X131.295 Y197.699 E.02246
G1 X144.699 Y184.295 E.68895
G1 X144.081 Y184.295 E.02246
G1 X131.295 Y197.081 E.65718
G1 X131.295 Y196.463 E.02246
G1 X143.463 Y184.295 E.62541
G1 X142.845 Y184.295 E.02246
G1 X131.295 Y195.845 E.59364
G1 X131.295 Y195.227 E.02246
G1 X142.227 Y184.295 E.56187
G1 X141.608 Y184.295 E.02246
G1 X131.295 Y194.608 E.5301
G1 X131.295 Y193.99 E.02246
G1 X140.99 Y184.295 E.49833
G1 X140.372 Y184.295 E.02246
G1 X131.295 Y193.372 E.46656
G1 X131.295 Y192.754 E.02246
G1 X139.754 Y184.295 E.43479
G1 X139.136 Y184.295 E.02246
G1 X131.295 Y192.136 E.40303
G1 X131.295 Y191.518 E.02246
G1 X138.518 Y184.295 E.37126
G1 X137.9 Y184.295 E.02246
G1 X131.295 Y190.9 E.33949
G1 X131.295 Y190.282 E.02246
G1 X137.282 Y184.295 E.30772
G1 X136.663 Y184.295 E.02246
G1 X131.295 Y189.663 E.27595
G1 X131.295 Y189.045 E.02246
G1 X136.045 Y184.295 E.24418
G1 X135.427 Y184.295 E.02246
M73 P87 R4
G1 X131.295 Y188.427 E.21241
G1 X131.295 Y187.809 E.02246
G1 X134.809 Y184.295 E.18064
G1 X134.191 Y184.295 E.02246
G1 X131.295 Y187.191 E.14887
G1 X131.295 Y186.573 E.02246
G1 X133.573 Y184.295 E.1171
G1 X132.955 Y184.295 E.02246
G1 X131.295 Y185.955 E.08533
G1 X131.295 Y185.337 E.02246
G1 X132.533 Y184.098 E.06367
; stop printing object flowrate_0 id:111516266160479 copy 0
; printing object flowrate_m1 id:8318823020889268071 copy 0
G1 E-.5 F900
G1 Z2 F30000
G1 X126.181 Y170.024 Z2
G1 Z1.8
G1 E.5 F900
;TYPE:Inner wall
;WIDTH:0.4
G1 F10183.62
G3 X125.958 Y170.043 I-.2 J-1.043 E.00657
G1 X90.042 Y170.043 E1.05574
G3 X88.957 Y168.958 I-.023 J-1.062 E.05038
G1 X88.957 Y153.042 E.46785
G3 X90.042 Y151.957 I1.062 J-.023 E.05038
G1 X125.958 Y151.957 E1.05574
G1 X126.18 Y151.977 E.00656
G3 X127.043 Y153.042 I-.192 J1.037 E.04385
G1 X127.043 Y168.958 E.46785
G3 X126.22 Y170.016 I-1.062 J.023 E.04264
G1 X126.243 Y170.376 F30000
G1 F10183.62
G3 X125.974 Y170.4 I-.261 J-1.394 E.00794
G1 X90.026 Y170.4 E1.05666
G3 X88.6 Y168.974 I-.008 J-1.418 E.06595
G1 X88.6 Y153.026 E.46877
G3 X90.026 Y151.6 I1.418 J-.008 E.06595
G1 X125.974 Y151.6 E1.05666
G1 X126.243 Y151.624 E.00793
G3 X127.4 Y153.026 I-.257 J1.391 E.05806
G1 X127.4 Y168.974 E.46877
G3 X126.282 Y170.368 I-1.418 J.008 E.05683
SET_VELOCITY_LIMIT ACCEL=5000 ACCEL_TO_DECEL=2500
G1 X126.312 Y170.77 F30000
;TYPE:Outer wall
G1 F10183.62
G3 X125.991 Y170.8 I-.33 J-1.788 E.00948
G1 X90.009 Y170.8 E1.05768
G3 X88.2 Y168.991 I.01 J-1.818 E.08339
G1 X88.2 Y153.009 E.4698
G3 X90.009 Y151.2 I1.818 J.01 E.08339
G1 X125.991 Y151.2 E1.05768
G1 X126.278 Y151.225 E.00845
G1 X126.312 Y151.228 E.00102
G3 X127.8 Y153.009 I-.317 J1.777 E.07407
G1 X127.8 Y168.991 E.4698
G3 X126.351 Y170.762 I-1.818 J-.01 E.07274
SET_VELOCITY_LIMIT ACCEL=10000 ACCEL_TO_DECEL=5000
G1 E-.5 F900
G1 Z2 F30000
G1 X125.388 Y169.575 Z2
G1 Z1.8
G1 E.5 F900
;TYPE:Internal solid infill
;WIDTH:0.624486
G1 F6252.71
G1 X125.948 Y169.574 E.02679
G1 X126.283 Y169.49 E.01656
G1 X126.458 Y169.318 E.01175
G2 X126.573 Y168.909 I-.656 J-.405 E.0206
G1 X126.573 Y168.393 E.02473
G3 X125.416 Y169.547 I-243.33 J-242.756 E.07823
G1 X124.651 Y169.902 F30000
;WIDTH:0.479999
G1 F8220
G1 X126.705 Y167.848 E.10451
G1 X126.705 Y167.23 E.02224
G1 X124.23 Y169.705 E.12595
G1 X123.612 Y169.705 E.02224
G1 X126.705 Y166.612 E.15741
G1 X126.705 Y165.994 E.02224
G1 X122.994 Y169.705 E.18886
G1 X122.376 Y169.705 E.02224
G1 X126.705 Y165.376 E.22031
G1 X126.705 Y164.758 E.02224
G1 X121.758 Y169.705 E.25176
G1 X121.139 Y169.705 E.02224
G1 X126.705 Y164.139 E.28321
G1 X126.705 Y163.521 E.02224
G1 X120.521 Y169.705 E.31467
G1 X119.903 Y169.705 E.02224
G1 X126.705 Y162.903 E.34612
G1 X126.705 Y162.285 E.02224
G1 X119.285 Y169.705 E.37757
G1 X118.667 Y169.705 E.02224
G1 X126.705 Y161.667 E.40902
G1 X126.705 Y161.049 E.02224
G1 X118.049 Y169.705 E.44048
G1 X117.431 Y169.705 E.02224
G1 X126.705 Y160.431 E.47193
G1 X126.705 Y159.813 E.02224
G1 X116.813 Y169.705 E.50338
G1 X116.194 Y169.705 E.02224
G1 X126.705 Y159.194 E.53483
G1 X126.705 Y158.576 E.02224
G1 X115.576 Y169.705 E.56628
G1 X114.958 Y169.705 E.02224
G1 X126.705 Y157.958 E.59774
G1 X126.705 Y157.34 E.02224
G1 X114.34 Y169.705 E.62919
G1 X113.722 Y169.705 E.02224
G1 X126.705 Y156.722 E.66064
G1 X126.705 Y156.104 E.02224
G1 X113.104 Y169.705 E.69209
G1 X112.486 Y169.705 E.02224
G1 X126.705 Y155.486 E.72354
G1 X126.705 Y154.868 E.02224
G1 X111.868 Y169.705 E.755
G1 X111.249 Y169.705 E.02224
G1 X126.705 Y154.249 E.78645
G1 X126.705 Y153.631 E.02224
G1 X110.631 Y169.705 E.8179
G1 X110.013 Y169.705 E.02224
G1 X126.702 Y153.017 E.84917
G2 X126.542 Y152.558 I-.925 J.065 E.01768
G1 X109.395 Y169.705 E.87251
G1 X108.777 Y169.705 E.02224
G1 X126.162 Y152.321 E.88458
G2 X125.57 Y152.295 I-.4 J2.333 E.02137
G1 X108.159 Y169.705 E.88592
G1 X107.541 Y169.705 E.02224
G1 X124.952 Y152.295 E.88592
G1 X124.333 Y152.295 E.02224
G1 X106.923 Y169.705 E.88592
G1 X106.304 Y169.705 E.02224
G1 X123.715 Y152.295 E.88592
G1 X123.097 Y152.295 E.02224
G1 X105.686 Y169.705 E.88592
G1 X105.068 Y169.705 E.02224
G1 X122.479 Y152.295 E.88592
G1 X121.861 Y152.295 E.02224
G1 X104.45 Y169.705 E.88592
G1 X103.832 Y169.705 E.02224
G1 X121.243 Y152.295 E.88592
G1 X120.625 Y152.295 E.02224
G1 X103.214 Y169.705 E.88592
G1 X102.596 Y169.705 E.02224
G1 X120.007 Y152.295 E.88592
G1 X119.388 Y152.295 E.02224
G1 X101.978 Y169.705 E.88592
G1 X101.359 Y169.705 E.02224
G1 X118.77 Y152.295 E.88592
G1 X118.152 Y152.295 E.02224
G1 X100.741 Y169.705 E.88592
G1 X100.123 Y169.705 E.02224
G1 X117.534 Y152.295 E.88592
G1 X116.916 Y152.295 E.02224
G1 X99.505 Y169.705 E.88592
G1 X98.887 Y169.705 E.02224
G1 X116.298 Y152.295 E.88592
G1 X115.68 Y152.295 E.02224
G1 X98.269 Y169.705 E.88592
G1 X97.651 Y169.705 E.02224
G1 X115.062 Y152.295 E.88592
G1 X114.443 Y152.295 E.02224
G1 X97.033 Y169.705 E.88592
G1 X96.415 Y169.705 E.02224
G1 X113.825 Y152.295 E.88592
G1 X113.207 Y152.295 E.02224
G1 X95.796 Y169.705 E.88592
G1 X95.178 Y169.705 E.02224
G1 X112.589 Y152.295 E.88592
G1 X111.971 Y152.295 E.02224
G1 X94.56 Y169.705 E.88592
G1 X93.942 Y169.705 E.02224
G1 X111.353 Y152.295 E.88592
G1 X110.735 Y152.295 E.02224
G1 X93.324 Y169.705 E.88592
G1 X92.706 Y169.705 E.02224
G1 X110.117 Y152.295 E.88592
G1 X109.498 Y152.295 E.02224
G1 X92.088 Y169.705 E.88592
G1 X91.47 Y169.705 E.02224
G1 X108.88 Y152.295 E.88592
G1 X108.262 Y152.295 E.02224
G1 X90.851 Y169.705 E.88592
G1 X90.233 Y169.705 E.02224
G1 X107.644 Y152.295 E.88592
G1 X107.026 Y152.295 E.02224
G1 X89.694 Y169.627 E.88193
G3 X89.38 Y169.322 I.311 J-.633 E.01599
G1 X106.408 Y152.295 E.86642
G1 X105.79 Y152.295 E.02224
G1 X89.295 Y168.79 E.83932
G1 X89.295 Y168.172 E.02224
G1 X105.172 Y152.295 E.80787
G1 X104.553 Y152.295 E.02224
G1 X89.295 Y167.553 E.77642
G1 X89.295 Y166.935 E.02224
G1 X103.935 Y152.295 E.74497
G1 X103.317 Y152.295 E.02224
G1 X89.295 Y166.317 E.71352
G1 X89.295 Y165.699 E.02224
G1 X102.699 Y152.295 E.68206
G1 X102.081 Y152.295 E.02224
G1 X89.295 Y165.081 E.65061
G1 X89.295 Y164.463 E.02224
G1 X101.463 Y152.295 E.61916
G1 X100.845 Y152.295 E.02224
G1 X89.295 Y163.845 E.58771
G1 X89.295 Y163.227 E.02224
G1 X100.227 Y152.295 E.55626
G1 X99.608 Y152.295 E.02224
G1 X89.295 Y162.608 E.5248
G1 X89.295 Y161.99 E.02224
G1 X98.99 Y152.295 E.49335
G1 X98.372 Y152.295 E.02224
G1 X89.295 Y161.372 E.4619
G1 X89.295 Y160.754 E.02224
G1 X97.754 Y152.295 E.43045
G1 X97.136 Y152.295 E.02224
G1 X89.295 Y160.136 E.39899
G1 X89.295 Y159.518 E.02224
G1 X96.518 Y152.295 E.36754
G1 X95.9 Y152.295 E.02224
G1 X89.295 Y158.9 E.33609
G1 X89.295 Y158.282 E.02224
G1 X95.282 Y152.295 E.30464
G1 X94.663 Y152.295 E.02224
G1 X89.295 Y157.663 E.27319
G1 X89.295 Y157.045 E.02224
G1 X94.045 Y152.295 E.24173
G1 X93.427 Y152.295 E.02224
G1 X89.295 Y156.427 E.21028
G1 X89.295 Y155.809 E.02224
G1 X92.809 Y152.295 E.17883
G1 X92.191 Y152.295 E.02224
G1 X89.295 Y155.191 E.14738
G1 X89.295 Y154.573 E.02224
G1 X91.573 Y152.295 E.11593
G1 X90.955 Y152.295 E.02224
G1 X89.295 Y153.955 E.08447
G1 X89.295 Y153.337 E.02224
G1 X90.533 Y152.098 E.06303
; stop printing object flowrate_m1 id:8318823020889268071 copy 0
; printing object flowrate_m4 id:0 copy 0
G1 E-.5 F900
G1 Z2 F30000
G1 X126.181 Y138.024 Z2
G1 Z1.8
G1 E.5 F900
;TYPE:Inner wall
;WIDTH:0.4
G1 F10501.858
G3 X125.958 Y138.043 I-.2 J-1.043 E.00637
G1 X90.042 Y138.043 E1.02375
G3 X88.957 Y136.958 I-.023 J-1.062 E.04886
G1 X88.957 Y121.042 E.45368
G3 X90.042 Y119.957 I1.062 J-.023 E.04886
G1 X125.958 Y119.957 E1.02375
G1 X126.18 Y119.977 E.00636
G3 X127.043 Y121.042 I-.192 J1.037 E.04253
G1 X127.043 Y136.958 E.45367
G3 X126.22 Y138.016 I-1.062 J.023 E.04134
G1 X126.243 Y138.376 F30000
G1 F10501.858
G3 X125.974 Y138.4 I-.261 J-1.394 E.0077
G1 X90.026 Y138.4 E1.02464
G3 X88.6 Y136.974 I-.008 J-1.418 E.06395
G1 X88.6 Y121.026 E.45457
G3 X90.026 Y119.6 I1.418 J-.008 E.06395
G1 X125.974 Y119.6 E1.02464
G1 X126.243 Y119.624 E.00769
G3 X127.4 Y121.026 I-.257 J1.391 E.0563
G1 X127.4 Y136.974 E.45456
G3 X126.282 Y138.368 I-1.418 J.008 E.05511
SET_VELOCITY_LIMIT ACCEL=5000 ACCEL_TO_DECEL=2500
G1 X126.312 Y138.77 F30000
;TYPE:Outer wall
G1 F10501.858
G3 X125.991 Y138.8 I-.33 J-1.788 E.0092
G1 X90.009 Y138.8 E1.02563
G3 X88.2 Y136.991 I.01 J-1.818 E.08087
G1 X88.2 Y121.009 E.45556
G3 X90.009 Y119.2 I1.818 J.01 E.08087
G1 X125.991 Y119.2 E1.02563
G1 X126.278 Y119.225 E.0082
G1 X126.312 Y119.228 E.00099
G3 X127.8 Y121.009 I-.317 J1.777 E.07183
G1 X127.8 Y136.991 E.45556
G3 X126.351 Y138.762 I-1.818 J-.01 E.07053
SET_VELOCITY_LIMIT ACCEL=10000 ACCEL_TO_DECEL=5000
G1 E-.5 F900
G1 Z2 F30000
G1 X125.388 Y137.575 Z2
G1 Z1.8
G1 E.5 F900
;TYPE:Internal solid infill
;WIDTH:0.624488
G1 F6448.093
G1 X125.947 Y137.574 E.02598
G1 X126.283 Y137.49 E.01606
G1 X126.458 Y137.318 E.01139
G2 X126.573 Y136.909 I-.657 J-.406 E.01997
G1 X126.573 Y136.393 E.02398
G3 X125.416 Y137.547 I-243.417 J-242.844 E.07585
G1 X124.651 Y137.902 F30000
;WIDTH:0.479999
G1 F8220
G1 X126.705 Y135.848 E.10134
G1 X126.705 Y135.23 E.02157
G1 X124.23 Y137.705 E.12214
G1 X123.612 Y137.705 E.02157
G1 X126.705 Y134.612 E.15264
G1 X126.705 Y133.994 E.02157
G1 X122.994 Y137.705 E.18314
G1 X122.376 Y137.705 E.02157
G1 X126.705 Y133.376 E.21363
G1 X126.705 Y132.758 E.02157
G1 X121.758 Y137.705 E.24413
G1 X121.139 Y137.705 E.02157
G1 X126.705 Y132.139 E.27463
G1 X126.705 Y131.521 E.02157
G1 X120.521 Y137.705 E.30513
G1 X119.903 Y137.705 E.02157
G1 X126.705 Y130.903 E.33563
G1 X126.705 Y130.285 E.02157
G1 X119.285 Y137.705 E.36613
G1 X118.667 Y137.705 E.02157
G1 X126.705 Y129.667 E.39663
G1 X126.705 Y129.049 E.02157
G1 X118.049 Y137.705 E.42713
M73 P88 R4
G1 X117.431 Y137.705 E.02157
G1 X126.705 Y128.431 E.45763
G1 X126.705 Y127.813 E.02157
G1 X116.813 Y137.705 E.48813
G1 X116.194 Y137.705 E.02157
G1 X126.705 Y127.194 E.51862
G1 X126.705 Y126.576 E.02157
G1 X115.576 Y137.705 E.54912
G1 X114.958 Y137.705 E.02157
G1 X126.705 Y125.958 E.57962
G1 X126.705 Y125.34 E.02157
G1 X114.34 Y137.705 E.61012
G1 X113.722 Y137.705 E.02157
G1 X126.705 Y124.722 E.64062
G1 X126.705 Y124.104 E.02157
G1 X113.104 Y137.705 E.67112
G1 X112.486 Y137.705 E.02157
G1 X126.705 Y123.486 E.70162
G1 X126.705 Y122.868 E.02157
G1 X111.868 Y137.705 E.73212
G1 X111.249 Y137.705 E.02157
G1 X126.705 Y122.249 E.76262
G1 X126.705 Y121.631 E.02157
G1 X110.631 Y137.705 E.79311
G1 X110.013 Y137.705 E.02157
G1 X126.702 Y121.017 E.82344
G2 X126.542 Y120.558 I-.925 J.065 E.01714
G1 X109.395 Y137.705 E.84607
G1 X108.777 Y137.705 E.02157
G1 X126.162 Y120.321 E.85778
G2 X125.57 Y120.295 I-.4 J2.333 E.02072
G1 X108.159 Y137.705 E.85907
G1 X107.541 Y137.705 E.02157
G1 X124.952 Y120.295 E.85907
G1 X124.333 Y120.295 E.02157
G1 X106.923 Y137.705 E.85907
G1 X106.304 Y137.705 E.02157
G1 X123.715 Y120.295 E.85907
G1 X123.097 Y120.295 E.02157
G1 X105.686 Y137.705 E.85907
G1 X105.068 Y137.705 E.02157
M73 P88 R3
G1 X122.479 Y120.295 E.85907
G1 X121.861 Y120.295 E.02157
G1 X104.45 Y137.705 E.85907
G1 X103.832 Y137.705 E.02157
G1 X121.243 Y120.295 E.85907
G1 X120.625 Y120.295 E.02157
G1 X103.214 Y137.705 E.85907
G1 X102.596 Y137.705 E.02157
G1 X120.007 Y120.295 E.85907
G1 X119.388 Y120.295 E.02157
G1 X101.978 Y137.705 E.85907
G1 X101.359 Y137.705 E.02157
G1 X118.77 Y120.295 E.85907
G1 X118.152 Y120.295 E.02157
G1 X100.741 Y137.705 E.85907
G1 X100.123 Y137.705 E.02157
G1 X117.534 Y120.295 E.85907
G1 X116.916 Y120.295 E.02157
G1 X99.505 Y137.705 E.85907
G1 X98.887 Y137.705 E.02157
G1 X116.298 Y120.295 E.85907
G1 X115.68 Y120.295 E.02157
G1 X98.269 Y137.705 E.85907
G1 X97.651 Y137.705 E.02157
G1 X115.062 Y120.295 E.85907
G1 X114.443 Y120.295 E.02157
G1 X97.033 Y137.705 E.85907
G1 X96.415 Y137.705 E.02157
G1 X113.825 Y120.295 E.85907
G1 X113.207 Y120.295 E.02157
G1 X95.796 Y137.705 E.85907
G1 X95.178 Y137.705 E.02157
G1 X112.589 Y120.295 E.85907
G1 X111.971 Y120.295 E.02157
G1 X94.56 Y137.705 E.85907
G1 X93.942 Y137.705 E.02157
G1 X111.353 Y120.295 E.85907
G1 X110.735 Y120.295 E.02157
G1 X93.324 Y137.705 E.85907
G1 X92.706 Y137.705 E.02157
G1 X110.117 Y120.295 E.85907
G1 X109.498 Y120.295 E.02157
G1 X92.088 Y137.705 E.85907
G1 X91.47 Y137.705 E.02157
G1 X108.88 Y120.295 E.85907
G1 X108.262 Y120.295 E.02157
G1 X90.851 Y137.705 E.85907
G1 X90.233 Y137.705 E.02157
G1 X107.644 Y120.295 E.85907
G1 X107.026 Y120.295 E.02157
G1 X89.694 Y137.627 E.8552
G3 X89.38 Y137.322 I.311 J-.633 E.01551
G1 X106.408 Y120.295 E.84016
G1 X105.79 Y120.295 E.02157
G1 X89.295 Y136.79 E.81389
G1 X89.295 Y136.172 E.02157
G1 X105.172 Y120.295 E.78339
G1 X104.553 Y120.295 E.02157
G1 X89.295 Y135.553 E.75289
G1 X89.295 Y134.935 E.02157
G1 X103.935 Y120.295 E.72239
G1 X103.317 Y120.295 E.02157
G1 X89.295 Y134.317 E.69189
G1 X89.295 Y133.699 E.02157
G1 X102.699 Y120.295 E.66139
G1 X102.081 Y120.295 E.02157
G1 X89.295 Y133.081 E.6309
G1 X89.295 Y132.463 E.02157
G1 X101.463 Y120.295 E.6004
G1 X100.845 Y120.295 E.02157
G1 X89.295 Y131.845 E.5699
G1 X89.295 Y131.227 E.02157
G1 X100.227 Y120.295 E.5394
G1 X99.608 Y120.295 E.02157
G1 X89.295 Y130.608 E.5089
G1 X89.295 Y129.99 E.02157
G1 X98.99 Y120.295 E.4784
G1 X98.372 Y120.295 E.02157
G1 X89.295 Y129.372 E.4479
G1 X89.295 Y128.754 E.02157
G1 X97.754 Y120.295 E.4174
G1 X97.136 Y120.295 E.02157
G1 X89.295 Y128.136 E.3869
G1 X89.295 Y127.518 E.02157
G1 X96.518 Y120.295 E.35641
G1 X95.9 Y120.295 E.02157
G1 X89.295 Y126.9 E.32591
G1 X89.295 Y126.282 E.02157
G1 X95.282 Y120.295 E.29541
G1 X94.663 Y120.295 E.02157
G1 X89.295 Y125.663 E.26491
G1 X89.295 Y125.045 E.02157
G1 X94.045 Y120.295 E.23441
G1 X93.427 Y120.295 E.02157
G1 X89.295 Y124.427 E.20391
G1 X89.295 Y123.809 E.02157
G1 X92.809 Y120.295 E.17341
G1 X92.191 Y120.295 E.02157
G1 X89.295 Y123.191 E.14291
G1 X89.295 Y122.573 E.02157
G1 X91.573 Y120.295 E.11241
G1 X90.955 Y120.295 E.02157
G1 X89.295 Y121.955 E.08191
G1 X89.295 Y121.337 E.02157
G1 X90.533 Y120.098 E.06112
; stop printing object flowrate_m4 id:0 copy 0
; printing object flowrate_m9 id:0 copy 0
G1 E-.5 F900
G1 Z2 F30000
G1 X126.181 Y106.024 Z2
G1 Z1.8
G1 E.5 F900
;TYPE:Inner wall
;WIDTH:0.4
G1 F11078.884
G3 X125.958 Y106.043 I-.2 J-1.043 E.00604
G1 X90.042 Y106.043 E.97043
G3 X88.957 Y104.958 I-.023 J-1.062 E.04631
G1 X88.957 Y89.042 E.43005
G3 X90.042 Y87.957 I1.062 J-.023 E.04631
G1 X125.958 Y87.957 E.97043
G1 X126.18 Y87.977 E.00603
G3 X127.043 Y89.042 I-.192 J1.037 E.04031
G1 X127.043 Y104.958 E.43005
G3 X126.22 Y106.016 I-1.062 J.023 E.03919
G1 X126.243 Y106.376 F30000
G1 F11078.884
G3 X125.974 Y106.4 I-.261 J-1.394 E.0073
G1 X90.026 Y106.4 E.97127
G3 X88.6 Y104.974 I-.008 J-1.418 E.06062
G1 X88.6 Y89.026 E.43089
G3 X90.026 Y87.6 I1.418 J-.008 E.06062
G1 X125.974 Y87.6 E.97127
G1 X126.243 Y87.624 E.00729
G3 X127.4 Y89.026 I-.257 J1.391 E.05336
G1 X127.4 Y104.974 E.43089
G3 X126.282 Y106.368 I-1.418 J.008 E.05224
SET_VELOCITY_LIMIT ACCEL=5000 ACCEL_TO_DECEL=2500
G1 X126.312 Y106.77 F30000
;TYPE:Outer wall
G1 F11078.884
G3 X125.991 Y106.8 I-.33 J-1.788 E.00872
G1 X90.009 Y106.8 E.97221
G3 X88.2 Y104.991 I.01 J-1.818 E.07665
G1 X88.2 Y89.009 E.43183
G3 X90.009 Y87.2 I1.818 J.01 E.07665
G1 X125.991 Y87.2 E.97221
G1 X126.278 Y87.225 E.00777
G1 X126.312 Y87.228 E.00094
G3 X127.8 Y89.009 I-.317 J1.777 E.06809
G1 X127.8 Y104.991 E.43183
G3 X126.351 Y106.762 I-1.818 J-.01 E.06686
SET_VELOCITY_LIMIT ACCEL=10000 ACCEL_TO_DECEL=5000
G1 E-.5 F900
G1 Z2 F30000
G1 X125.388 Y105.575 Z2
G1 Z1.8
G1 E.5 F900
;TYPE:Internal solid infill
;WIDTH:0.624486
G1 F6802.399
G1 X125.947 Y105.574 E.02463
G1 X126.283 Y105.49 E.01522
G1 X126.458 Y105.318 E.0108
G2 X126.573 Y104.909 I-.656 J-.405 E.01893
G1 X126.573 Y104.393 E.02273
G3 X125.416 Y105.547 I-243.33 J-242.756 E.0719
G1 X124.651 Y105.902 F30000
;WIDTH:0.479999
G1 F8220
G1 X126.705 Y103.848 E.09607
G1 X126.705 Y103.23 E.02044
G1 X124.23 Y105.705 E.11578
G1 X123.612 Y105.705 E.02044
G1 X126.705 Y102.612 E.14469
G1 X126.705 Y101.994 E.02044
G1 X122.994 Y105.705 E.1736
G1 X122.376 Y105.705 E.02044
G1 X126.705 Y101.376 E.20251
G1 X126.705 Y100.758 E.02044
G1 X121.758 Y105.705 E.23142
G1 X121.139 Y105.705 E.02044
G1 X126.705 Y100.139 E.26033
G1 X126.705 Y99.521 E.02044
G1 X120.521 Y105.705 E.28924
G1 X119.903 Y105.705 E.02044
G1 X126.705 Y98.903 E.31815
G1 X126.705 Y98.285 E.02044
G1 X119.285 Y105.705 E.34706
G1 X118.667 Y105.705 E.02044
G1 X126.705 Y97.667 E.37597
G1 X126.705 Y97.049 E.02044
G1 X118.049 Y105.705 E.40488
G1 X117.431 Y105.705 E.02044
G1 X126.705 Y96.431 E.43379
G1 X126.705 Y95.813 E.02044
G1 X116.813 Y105.705 E.4627
G1 X116.194 Y105.705 E.02044
G1 X126.705 Y95.194 E.49161
G1 X126.705 Y94.576 E.02044
G1 X115.576 Y105.705 E.52052
G1 X114.958 Y105.705 E.02044
G1 X126.705 Y93.958 E.54943
G1 X126.705 Y93.34 E.02044
G1 X114.34 Y105.705 E.57834
G1 X113.722 Y105.705 E.02044
G1 X126.705 Y92.722 E.60725
G1 X126.705 Y92.104 E.02044
G1 X113.104 Y105.705 E.63616
G1 X112.486 Y105.705 E.02044
G1 X126.705 Y91.486 E.66508
G1 X126.705 Y90.868 E.02044
G1 X111.868 Y105.705 E.69399
G1 X111.249 Y105.705 E.02044
G1 X126.705 Y90.249 E.7229
G1 X126.705 Y89.631 E.02044
G1 X110.631 Y105.705 E.75181
G1 X110.013 Y105.705 E.02044
G1 X126.702 Y89.017 E.78055
G2 X126.542 Y88.558 I-.925 J.065 E.01625
G1 X109.395 Y105.705 E.802
G1 X108.777 Y105.705 E.02044
G1 X126.162 Y88.321 E.8131
G2 X125.57 Y88.295 I-.4 J2.333 E.01964
G1 X108.159 Y105.705 E.81433
G1 X107.541 Y105.705 E.02044
G1 X124.952 Y88.295 E.81433
G1 X124.333 Y88.295 E.02044
G1 X106.923 Y105.705 E.81433
G1 X106.304 Y105.705 E.02044
G1 X123.715 Y88.295 E.81433
G1 X123.097 Y88.295 E.02044
G1 X105.686 Y105.705 E.81433
G1 X105.068 Y105.705 E.02044
G1 X122.479 Y88.295 E.81433
G1 X121.861 Y88.295 E.02044
G1 X104.45 Y105.705 E.81433
G1 X103.832 Y105.705 E.02044
G1 X121.243 Y88.295 E.81433
G1 X120.625 Y88.295 E.02044
G1 X103.214 Y105.705 E.81433
G1 X102.596 Y105.705 E.02044
M73 P89 R3
G1 X120.007 Y88.295 E.81433
G1 X119.388 Y88.295 E.02044
G1 X101.978 Y105.705 E.81433
G1 X101.359 Y105.705 E.02044
G1 X118.77 Y88.295 E.81433
G1 X118.152 Y88.295 E.02044
G1 X100.741 Y105.705 E.81433
G1 X100.123 Y105.705 E.02044
G1 X117.534 Y88.295 E.81433
G1 X116.916 Y88.295 E.02044
G1 X99.505 Y105.705 E.81433
G1 X98.887 Y105.705 E.02044
G1 X116.298 Y88.295 E.81433
G1 X115.68 Y88.295 E.02044
G1 X98.269 Y105.705 E.81433
G1 X97.651 Y105.705 E.02044
G1 X115.062 Y88.295 E.81433
G1 X114.443 Y88.295 E.02044
G1 X97.033 Y105.705 E.81433
G1 X96.415 Y105.705 E.02044
G1 X113.825 Y88.295 E.81433
G1 X113.207 Y88.295 E.02044
G1 X95.796 Y105.705 E.81433
G1 X95.178 Y105.705 E.02044
G1 X112.589 Y88.295 E.81433
G1 X111.971 Y88.295 E.02044
G1 X94.56 Y105.705 E.81433
G1 X93.942 Y105.705 E.02044
G1 X111.353 Y88.295 E.81433
G1 X110.735 Y88.295 E.02044
G1 X93.324 Y105.705 E.81433
G1 X92.706 Y105.705 E.02044
G1 X110.117 Y88.295 E.81433
G1 X109.498 Y88.295 E.02044
G1 X92.088 Y105.705 E.81433
G1 X91.47 Y105.705 E.02044
G1 X108.88 Y88.295 E.81433
G1 X108.262 Y88.295 E.02044
G1 X90.851 Y105.705 E.81433
G1 X90.233 Y105.705 E.02044
G1 X107.644 Y88.295 E.81433
G1 X107.026 Y88.295 E.02044
G1 X89.694 Y105.627 E.81066
G3 X89.38 Y105.322 I.311 J-.633 E.0147
G1 X106.408 Y88.295 E.7964
G1 X105.79 Y88.295 E.02044
G1 X89.295 Y104.79 E.7715
G1 X89.295 Y104.172 E.02044
G1 X105.172 Y88.295 E.74259
G1 X104.553 Y88.295 E.02044
G1 X89.295 Y103.553 E.71368
G1 X89.295 Y102.935 E.02044
G1 X103.935 Y88.295 E.68477
G1 X103.317 Y88.295 E.02044
G1 X89.295 Y102.317 E.65586
G1 X89.295 Y101.699 E.02044
G1 X102.699 Y88.295 E.62695
G1 X102.081 Y88.295 E.02044
G1 X89.295 Y101.081 E.59804
G1 X89.295 Y100.463 E.02044
G1 X101.463 Y88.295 E.56913
G1 X100.845 Y88.295 E.02044
G1 X89.295 Y99.845 E.54022
G1 X89.295 Y99.227 E.02044
G1 X100.227 Y88.295 E.51131
G1 X99.608 Y88.295 E.02044
G1 X89.295 Y98.608 E.48239
G1 X89.295 Y97.99 E.02044
G1 X98.99 Y88.295 E.45348
G1 X98.372 Y88.295 E.02044
G1 X89.295 Y97.372 E.42457
G1 X89.295 Y96.754 E.02044
G1 X97.754 Y88.295 E.39566
G1 X97.136 Y88.295 E.02044
G1 X89.295 Y96.136 E.36675
G1 X89.295 Y95.518 E.02044
G1 X96.518 Y88.295 E.33784
G1 X95.9 Y88.295 E.02044
G1 X89.295 Y94.9 E.30893
G1 X89.295 Y94.282 E.02044
G1 X95.282 Y88.295 E.28002
G1 X94.664 Y88.295 E.02044
G1 X89.295 Y93.663 E.25111
G1 X89.295 Y93.045 E.02044
G1 X94.045 Y88.295 E.2222
G1 X93.427 Y88.295 E.02044
G1 X89.295 Y92.427 E.19329
G1 X89.295 Y91.809 E.02044
G1 X92.809 Y88.295 E.16438
G1 X92.191 Y88.295 E.02044
G1 X89.295 Y91.191 E.13547
G1 X89.295 Y90.573 E.02044
G1 X91.573 Y88.295 E.10656
G1 X90.955 Y88.295 E.02044
G1 X89.295 Y89.955 E.07765
G1 X89.295 Y89.337 E.02044
G1 X90.533 Y88.098 E.05794
; stop printing object flowrate_m9 id:0 copy 0
;LAYER_CHANGE
;Z:2
;HEIGHT:0.2
;BEFORE_LAYER_CHANGE
;2
G92 E0

G1 E-.5 F900
;AFTER_LAYER_CHANGE
;2
SET_PRINT_STATS_INFO CURRENT_LAYER=10
;_SET_FAN_SPEED_CHANGING_LAYER
; printing object flowrate_m3 id:0 copy 0
G1 Z2.2 F30000
G1 X210.312 Y170.77 Z2.2
G1 Z2
G1 E.5 F900
SET_VELOCITY_LIMIT ACCEL=5000 ACCEL_TO_DECEL=2500
;TYPE:Outer wall
;WIDTH:0.4
G1 F10393.592
G3 X209.991 Y170.8 I-.33 J-1.788 E.00929
G1 X174.009 Y170.8 E1.03632
G3 X172.2 Y168.991 I.01 J-1.818 E.08171
G1 X172.2 Y153.009 E.46031
G3 X174.009 Y151.2 I1.818 J.01 E.08171
G1 X209.991 Y151.2 E1.03632
G1 X210.312 Y151.228 E.00929
G3 X211.8 Y153.009 I-.317 J1.777 E.07258
G1 X211.8 Y168.991 E.46031
G3 X210.351 Y170.762 I-1.818 J-.01 E.07127
SET_VELOCITY_LIMIT ACCEL=10000 ACCEL_TO_DECEL=5000
G1 E-.5 F900
G1 Z2.2 F30000
G1 X172.381 Y169.491 Z2.2
G1 Z2
G1 E.5 F900
SET_VELOCITY_LIMIT ACCEL=2000 ACCEL_TO_DECEL=1000
;TYPE:Top surface
;WIDTH:0.484632
G1 F8220
G1 X173.047 Y170.157 E.03356
G2 X174.016 Y170.502 I.963 J-1.172 E.03739
G1 X172.498 Y168.984 E.07647
G1 X172.498 Y168.359 E.02227
G1 X174.641 Y170.502 E.10799
G1 X175.266 Y170.502 E.02226
G1 X172.498 Y167.734 E.13947
G1 X172.498 Y167.109 E.02226
G1 X175.891 Y170.502 E.17094
G1 X176.515 Y170.502 E.02226
G1 X172.498 Y166.485 E.20241
G1 X172.498 Y165.86 E.02226
G1 X177.14 Y170.502 E.23389
G1 X177.765 Y170.502 E.02226
G1 X172.498 Y165.235 E.26536
G1 X172.498 Y164.611 E.02226
G1 X178.389 Y170.502 E.29683
G1 X179.014 Y170.502 E.02226
G1 X172.498 Y163.986 E.32831
G1 X172.498 Y163.361 E.02226
G1 X179.639 Y170.502 E.35978
G1 X180.263 Y170.502 E.02226
G1 X172.498 Y162.737 E.39125
G1 X172.498 Y162.112 E.02226
G1 X180.888 Y170.502 E.42273
G1 X181.513 Y170.502 E.02226
G1 X172.498 Y161.487 E.4542
G1 X172.498 Y160.863 E.02226
G1 X182.137 Y170.502 E.48567
G1 X182.762 Y170.502 E.02226
G1 X172.498 Y160.238 E.51715
G1 X172.498 Y159.613 E.02226
G1 X183.387 Y170.502 E.54862
G1 X184.011 Y170.502 E.02226
G1 X172.498 Y158.989 E.5801
G1 X172.498 Y158.364 E.02226
G1 X184.636 Y170.502 E.61157
G1 X185.261 Y170.502 E.02226
G1 X172.498 Y157.739 E.64304
G1 X172.498 Y157.115 E.02226
G1 X185.885 Y170.502 E.67452
G1 X186.51 Y170.502 E.02226
G1 X172.498 Y156.49 E.70599
G1 X172.498 Y155.865 E.02226
G1 X187.135 Y170.502 E.73746
G1 X187.759 Y170.502 E.02226
G1 X172.498 Y155.241 E.76894
G1 X172.498 Y154.616 E.02226
G1 X188.384 Y170.502 E.80041
G1 X189.009 Y170.502 E.02226
G1 X172.498 Y153.991 E.83188
G1 X172.498 Y153.367 E.02226
G1 X189.633 Y170.502 E.86336
G1 X190.258 Y170.502 E.02226
G1 X172.52 Y152.764 E.8937
G3 X172.678 Y152.298 I1.793 J.347 E.01761
G1 X190.883 Y170.502 E.91721
G1 X191.507 Y170.502 E.02226
G1 X172.946 Y151.941 E.9352
G3 X173.305 Y151.675 I1.113 J1.129 E.01597
G1 X192.132 Y170.502 E.94858
G1 X192.757 Y170.502 E.02226
G1 X173.774 Y151.519 E.95642
G3 X174.377 Y151.498 I.425 J3.435 E.02152
G1 X193.381 Y170.502 E.95751
G1 X194.006 Y170.502 E.02226
G1 X175.002 Y151.498 E.95751
G1 X175.626 Y151.498 E.02226
G1 X194.631 Y170.502 E.95751
G1 X195.256 Y170.502 E.02226
G1 X176.251 Y151.498 E.95751
G1 X176.876 Y151.498 E.02226
G1 X195.88 Y170.502 E.95751
G1 X196.505 Y170.502 E.02226
G1 X177.5 Y151.498 E.95751
G1 X178.125 Y151.498 E.02226
G1 X197.13 Y170.502 E.95751
G1 X197.754 Y170.502 E.02226
G1 X178.75 Y151.498 E.95751
G1 X179.375 Y151.498 E.02226
G1 X198.379 Y170.502 E.95751
G1 X199.004 Y170.502 E.02226
G1 X179.999 Y151.498 E.95751
G1 X180.624 Y151.498 E.02226
G1 X199.628 Y170.502 E.95751
G1 X200.253 Y170.502 E.02226
G1 X181.249 Y151.498 E.95751
G1 X181.873 Y151.498 E.02226
G1 X200.878 Y170.502 E.95751
G1 X201.502 Y170.502 E.02226
G1 X182.498 Y151.498 E.95751
G1 X183.123 Y151.498 E.02226
G1 X202.127 Y170.502 E.95751
G1 X202.752 Y170.502 E.02226
G1 X183.747 Y151.498 E.95751
G1 X184.372 Y151.498 E.02226
M73 P90 R3
G1 X203.376 Y170.502 E.95751
G1 X204.001 Y170.502 E.02226
G1 X184.997 Y151.498 E.95751
G1 X185.621 Y151.498 E.02226
G1 X204.626 Y170.502 E.95751
G1 X205.25 Y170.502 E.02226
G1 X186.246 Y151.498 E.95751
G1 X186.871 Y151.498 E.02226
G1 X205.875 Y170.502 E.95751
G1 X206.5 Y170.502 E.02226
G1 X187.495 Y151.498 E.95751
G1 X188.12 Y151.498 E.02226
G1 X207.124 Y170.502 E.95751
G1 X207.749 Y170.502 E.02226
G1 X188.745 Y151.498 E.95751
G1 X189.369 Y151.498 E.02226
G1 X208.374 Y170.502 E.95751
G1 X208.998 Y170.502 E.02226
G1 X189.994 Y151.498 E.95751
G1 X190.619 Y151.498 E.02226
G1 X209.623 Y170.502 E.95751
G2 X210.226 Y170.481 I.178 J-3.457 E.02152
G1 X191.243 Y151.498 E.95642
G1 X191.868 Y151.498 E.02226
G1 X210.695 Y170.325 E.94858
G2 X211.054 Y170.059 I-.754 J-1.395 E.01597
G1 X192.493 Y151.498 E.9352
G1 X193.117 Y151.498 E.02226
G1 X211.322 Y169.702 E.9172
G2 X211.48 Y169.235 I-1.634 J-.813 E.01761
G1 X193.742 Y151.498 E.89369
G1 X194.367 Y151.498 E.02226
G1 X211.502 Y168.633 E.86335
G1 X211.502 Y168.009 E.02226
G1 X194.991 Y151.498 E.83188
G1 X195.616 Y151.498 E.02226
G1 X211.502 Y167.384 E.8004
G1 X211.502 Y166.759 E.02226
G1 X196.241 Y151.498 E.76893
G1 X196.865 Y151.498 E.02226
G1 X211.502 Y166.135 E.73746
G1 X211.502 Y165.51 E.02226
G1 X197.49 Y151.498 E.70598
G1 X198.115 Y151.498 E.02226
G1 X211.502 Y164.885 E.67451
G1 X211.502 Y164.261 E.02226
G1 X198.739 Y151.498 E.64304
G1 X199.364 Y151.498 E.02226
G1 X211.502 Y163.636 E.61156
G1 X211.502 Y163.011 E.02226
G1 X199.989 Y151.498 E.58009
G1 X200.613 Y151.498 E.02226
G1 X211.502 Y162.387 E.54862
G1 X211.502 Y161.762 E.02226
G1 X201.238 Y151.498 E.51714
G1 X201.863 Y151.498 E.02226
G1 X211.502 Y161.137 E.48567
G1 X211.502 Y160.513 E.02226
G1 X202.487 Y151.498 E.45419
G1 X203.112 Y151.498 E.02226
G1 X211.502 Y159.888 E.42272
G1 X211.502 Y159.263 E.02226
G1 X203.737 Y151.498 E.39125
G1 X204.362 Y151.498 E.02226
G1 X211.502 Y158.639 E.35977
G1 X211.502 Y158.014 E.02226
G1 X204.986 Y151.498 E.3283
G1 X205.611 Y151.498 E.02226
G1 X211.502 Y157.389 E.29683
G1 X211.502 Y156.764 E.02226
G1 X206.236 Y151.498 E.26535
G1 X206.86 Y151.498 E.02226
G1 X211.502 Y156.14 E.23388
G1 X211.502 Y155.515 E.02226
G1 X207.485 Y151.498 E.20241
G1 X208.11 Y151.498 E.02226
G1 X211.502 Y154.89 E.17093
G1 X211.502 Y154.266 E.02226
G1 X208.734 Y151.498 E.13946
G1 X209.359 Y151.498 E.02226
G1 X211.502 Y153.641 E.10799
G1 X211.502 Y153.016 E.02227
G1 X209.984 Y151.498 E.07646
G3 X210.954 Y151.843 I.007 J1.517 E.0374
G1 X211.619 Y152.509 E.03354
; stop printing object flowrate_m3 id:0 copy 0
; printing object flowrate_m6 id:403726925917 copy 0
SET_VELOCITY_LIMIT ACCEL=10000 ACCEL_TO_DECEL=5000
G1 E-.5 F900
G1 Z2.2 F30000
G1 X210.312 Y138.77 Z2.2
G1 Z2
G1 E.5 F900
SET_VELOCITY_LIMIT ACCEL=5000 ACCEL_TO_DECEL=2500
;TYPE:Outer wall
;WIDTH:0.4
G1 F10725.302
G3 X209.991 Y138.8 I-.33 J-1.788 E.009
G1 X174.009 Y138.8 E1.00427
G3 X172.2 Y136.991 I.01 J-1.818 E.07918
G1 X172.2 Y121.009 E.44607
G3 X174.009 Y119.2 I1.818 J.01 E.07918
G1 X209.991 Y119.2 E1.00427
G1 X210.312 Y119.228 E.009
G3 X211.8 Y121.009 I-.317 J1.777 E.07033
G1 X211.8 Y136.991 E.44607
G3 X210.351 Y138.762 I-1.818 J-.01 E.06906
SET_VELOCITY_LIMIT ACCEL=10000 ACCEL_TO_DECEL=5000
G1 E-.5 F900
G1 Z2.2 F30000
G1 X172.381 Y137.491 Z2.2
G1 Z2
G1 E.5 F900
SET_VELOCITY_LIMIT ACCEL=2000 ACCEL_TO_DECEL=1000
;TYPE:Top surface
;WIDTH:0.484632
G1 F8220
G1 X173.047 Y138.157 E.03253
G2 X174.016 Y138.502 I.963 J-1.172 E.03623
G1 X172.498 Y136.984 E.07411
G1 X172.498 Y136.359 E.02158
G1 X174.641 Y138.502 E.10465
G1 X175.266 Y138.502 E.02157
G1 X172.498 Y135.734 E.13515
G1 X172.498 Y135.109 E.02157
G1 X175.891 Y138.502 E.16565
G1 X176.515 Y138.502 E.02157
G1 X172.498 Y134.485 E.19615
G1 X172.498 Y133.86 E.02157
G1 X177.14 Y138.502 E.22665
G1 X177.765 Y138.502 E.02157
G1 X172.498 Y133.235 E.25715
G1 X172.498 Y132.611 E.02157
G1 X178.389 Y138.502 E.28765
G1 X179.014 Y138.502 E.02157
G1 X172.498 Y131.986 E.31815
G1 X172.498 Y131.361 E.02157
G1 X179.639 Y138.502 E.34865
G1 X180.263 Y138.502 E.02157
G1 X172.498 Y130.737 E.37915
G1 X172.498 Y130.112 E.02157
G1 X180.888 Y138.502 E.40965
G1 X181.513 Y138.502 E.02157
G1 X172.498 Y129.487 E.44015
G1 X172.498 Y128.863 E.02157
G1 X182.137 Y138.502 E.47065
G1 X182.762 Y138.502 E.02157
G1 X172.498 Y128.238 E.50115
G1 X172.498 Y127.613 E.02157
G1 X183.387 Y138.502 E.53165
G1 X184.011 Y138.502 E.02157
G1 X172.498 Y126.989 E.56215
G1 X172.498 Y126.364 E.02157
G1 X184.636 Y138.502 E.59265
G1 X185.261 Y138.502 E.02157
G1 X172.498 Y125.739 E.62315
G1 X172.498 Y125.115 E.02157
G1 X185.885 Y138.502 E.65365
G1 X186.51 Y138.502 E.02157
G1 X172.498 Y124.49 E.68415
G1 X172.498 Y123.865 E.02157
G1 X187.135 Y138.502 E.71465
G1 X187.759 Y138.502 E.02157
G1 X172.498 Y123.241 E.74515
G1 X172.498 Y122.616 E.02157
G1 X188.384 Y138.502 E.77565
G1 X189.009 Y138.502 E.02157
G1 X172.498 Y121.991 E.80615
G1 X172.498 Y121.367 E.02157
G1 X189.633 Y138.502 E.83665
G1 X190.258 Y138.502 E.02157
G1 X172.52 Y120.764 E.86606
G3 X172.678 Y120.298 I1.793 J.347 E.01706
G1 X190.883 Y138.502 E.88884
G1 X191.507 Y138.502 E.02157
G1 X172.946 Y119.941 E.90628
G3 X173.305 Y119.675 I1.113 J1.129 E.01547
G1 X192.132 Y138.502 E.91924
G1 X192.757 Y138.502 E.02157
G1 X173.774 Y119.519 E.92684
G3 X174.377 Y119.498 I.425 J3.435 E.02086
G1 X193.381 Y138.502 E.9279
G1 X194.006 Y138.502 E.02157
G1 X175.002 Y119.498 E.9279
G1 X175.626 Y119.498 E.02157
G1 X194.631 Y138.502 E.9279
G1 X195.256 Y138.502 E.02157
G1 X176.251 Y119.498 E.9279
G1 X176.876 Y119.498 E.02157
G1 X195.88 Y138.502 E.9279
G1 X196.505 Y138.502 E.02157
G1 X177.5 Y119.498 E.9279
G1 X178.125 Y119.498 E.02157
G1 X197.13 Y138.502 E.9279
G1 X197.754 Y138.502 E.02157
G1 X178.75 Y119.498 E.9279
G1 X179.375 Y119.498 E.02157
G1 X198.379 Y138.502 E.9279
G1 X199.004 Y138.502 E.02157
G1 X179.999 Y119.498 E.9279
G1 X180.624 Y119.498 E.02157
G1 X199.628 Y138.502 E.9279
G1 X200.253 Y138.502 E.02157
G1 X181.249 Y119.498 E.9279
G1 X181.873 Y119.498 E.02157
M73 P91 R3
G1 X200.878 Y138.502 E.9279
G1 X201.502 Y138.502 E.02157
G1 X182.498 Y119.498 E.9279
G1 X183.123 Y119.498 E.02157
G1 X202.127 Y138.502 E.9279
G1 X202.752 Y138.502 E.02157
G1 X183.747 Y119.498 E.9279
G1 X184.372 Y119.498 E.02157
G1 X203.376 Y138.502 E.9279
G1 X204.001 Y138.502 E.02157
G1 X184.997 Y119.498 E.9279
G1 X185.621 Y119.498 E.02157
G1 X204.626 Y138.502 E.9279
G1 X205.25 Y138.502 E.02157
G1 X186.246 Y119.498 E.9279
G1 X186.871 Y119.498 E.02157
G1 X205.875 Y138.502 E.9279
G1 X206.5 Y138.502 E.02157
G1 X187.495 Y119.498 E.9279
G1 X188.12 Y119.498 E.02157
M73 P91 R2
G1 X207.124 Y138.502 E.9279
G1 X207.749 Y138.502 E.02157
G1 X188.745 Y119.498 E.9279
G1 X189.369 Y119.498 E.02157
G1 X208.374 Y138.502 E.9279
G1 X208.998 Y138.502 E.02157
G1 X189.994 Y119.498 E.9279
G1 X190.619 Y119.498 E.02157
G1 X209.623 Y138.502 E.9279
G2 X210.226 Y138.481 I.178 J-3.457 E.02086
G1 X191.243 Y119.498 E.92684
G1 X191.868 Y119.498 E.02157
G1 X210.695 Y138.325 E.91924
G2 X211.054 Y138.059 I-.754 J-1.395 E.01547
G1 X192.493 Y119.498 E.90628
G1 X193.117 Y119.498 E.02157
G1 X211.322 Y137.702 E.88883
G2 X211.48 Y137.235 I-1.634 J-.813 E.01706
G1 X193.742 Y119.498 E.86605
G1 X194.367 Y119.498 E.02157
G1 X211.502 Y136.633 E.83665
G1 X211.502 Y136.009 E.02157
G1 X194.991 Y119.498 E.80615
G1 X195.616 Y119.498 E.02157
G1 X211.502 Y135.384 E.77565
G1 X211.502 Y134.759 E.02157
G1 X196.241 Y119.498 E.74515
G1 X196.865 Y119.498 E.02157
G1 X211.502 Y134.135 E.71465
G1 X211.502 Y133.51 E.02157
G1 X197.49 Y119.498 E.68415
G1 X198.115 Y119.498 E.02157
G1 X211.502 Y132.885 E.65365
G1 X211.502 Y132.261 E.02157
G1 X198.739 Y119.498 E.62315
G1 X199.364 Y119.498 E.02157
G1 X211.502 Y131.636 E.59265
G1 X211.502 Y131.011 E.02157
G1 X199.989 Y119.498 E.56215
G1 X200.613 Y119.498 E.02157
G1 X211.502 Y130.387 E.53165
G1 X211.502 Y129.762 E.02157
G1 X201.238 Y119.498 E.50115
G1 X201.863 Y119.498 E.02157
G1 X211.502 Y129.137 E.47065
G1 X211.502 Y128.513 E.02157
G1 X202.487 Y119.498 E.44015
G1 X203.112 Y119.498 E.02157
G1 X211.502 Y127.888 E.40965
G1 X211.502 Y127.263 E.02157
G1 X203.737 Y119.498 E.37915
G1 X204.362 Y119.498 E.02157
G1 X211.502 Y126.639 E.34865
G1 X211.502 Y126.014 E.02157
G1 X204.986 Y119.498 E.31815
G1 X205.611 Y119.498 E.02157
G1 X211.502 Y125.389 E.28765
G1 X211.502 Y124.764 E.02157
G1 X206.236 Y119.498 E.25715
G1 X206.86 Y119.498 E.02157
G1 X211.502 Y124.14 E.22665
G1 X211.502 Y123.515 E.02157
G1 X207.485 Y119.498 E.19615
G1 X208.11 Y119.498 E.02157
G1 X211.502 Y122.89 E.16565
G1 X211.502 Y122.266 E.02157
G1 X208.734 Y119.498 E.13515
G1 X209.359 Y119.498 E.02157
G1 X211.502 Y121.641 E.10465
G1 X211.502 Y121.016 E.02158
G1 X209.984 Y119.498 E.0741
G3 X210.954 Y119.843 I.007 J1.517 E.03625
G1 X211.619 Y120.509 E.0325
; stop printing object flowrate_m6 id:403726925917 copy 0
; printing object flowrate_m7 id:1228360646943 copy 0
SET_VELOCITY_LIMIT ACCEL=10000 ACCEL_TO_DECEL=5000
G1 E-.5 F900
G1 Z2.2 F30000
G1 X210.312 Y106.77 Z2.2
G1 Z2
G1 E.5 F900
SET_VELOCITY_LIMIT ACCEL=5000 ACCEL_TO_DECEL=2500
;TYPE:Outer wall
;WIDTH:0.4
G1 F10840.628
G3 X209.991 Y106.8 I-.33 J-1.788 E.00891
G1 X174.009 Y106.8 E.99358
G3 X172.2 Y104.991 I.01 J-1.818 E.07834
G1 X172.2 Y89.009 E.44132
G3 X174.009 Y87.2 I1.818 J.01 E.07834
G1 X209.991 Y87.2 E.99358
G1 X210.312 Y87.228 E.0089
G3 X211.8 Y89.009 I-.317 J1.777 E.06959
G1 X211.8 Y104.991 E.44132
G3 X210.351 Y106.762 I-1.818 J-.01 E.06833
SET_VELOCITY_LIMIT ACCEL=10000 ACCEL_TO_DECEL=5000
G1 E-.5 F900
G1 Z2.2 F30000
G1 X172.381 Y105.491 Z2.2
G1 Z2
G1 E.5 F900
SET_VELOCITY_LIMIT ACCEL=2000 ACCEL_TO_DECEL=1000
;TYPE:Top surface
;WIDTH:0.484632
G1 F8220
G1 X173.047 Y106.157 E.03218
G2 X174.016 Y106.502 I.963 J-1.172 E.03585
G1 X172.498 Y104.984 E.07332
G1 X172.498 Y104.359 E.02135
G1 X174.641 Y106.502 E.10354
G1 X175.266 Y106.502 E.02134
G1 X172.498 Y103.734 E.13372
G1 X172.498 Y103.109 E.02134
G1 X175.891 Y106.502 E.16389
G1 X176.515 Y106.502 E.02134
G1 X172.498 Y102.485 E.19407
G1 X172.498 Y101.86 E.02134
G1 X177.14 Y106.502 E.22424
G1 X177.765 Y106.502 E.02134
G1 X172.498 Y101.235 E.25442
G1 X172.498 Y100.611 E.02134
G1 X178.389 Y106.502 E.28459
G1 X179.014 Y106.502 E.02134
G1 X172.498 Y99.986 E.31477
G1 X172.498 Y99.361 E.02134
G1 X179.639 Y106.502 E.34494
G1 X180.263 Y106.502 E.02134
G1 X172.498 Y98.737 E.37512
G1 X172.498 Y98.112 E.02134
G1 X180.888 Y106.502 E.4053
G1 X181.513 Y106.502 E.02134
G1 X172.498 Y97.487 E.43547
G1 X172.498 Y96.863 E.02134
G1 X182.137 Y106.502 E.46565
G1 X182.762 Y106.502 E.02134
G1 X172.498 Y96.238 E.49582
G1 X172.498 Y95.613 E.02134
G1 X183.387 Y106.502 E.526
G1 X184.011 Y106.502 E.02134
G1 X172.498 Y94.989 E.55617
G1 X172.498 Y94.364 E.02134
G1 X184.636 Y106.502 E.58635
G1 X185.261 Y106.502 E.02134
G1 X172.498 Y93.739 E.61652
G1 X172.498 Y93.115 E.02134
G1 X185.885 Y106.502 E.6467
G1 X186.51 Y106.502 E.02134
G1 X172.498 Y92.49 E.67688
G1 X172.498 Y91.865 E.02134
G1 X187.135 Y106.502 E.70705
G1 X187.759 Y106.502 E.02134
G1 X172.498 Y91.241 E.73723
G1 X172.498 Y90.616 E.02134
G1 X188.384 Y106.502 E.7674
G1 X189.009 Y106.502 E.02134
G1 X172.498 Y89.991 E.79758
G1 X172.498 Y89.367 E.02134
G1 X189.633 Y106.502 E.82775
G1 X190.258 Y106.502 E.02134
G1 X172.52 Y88.764 E.85684
G3 X172.678 Y88.298 I1.793 J.347 E.01688
G1 X190.883 Y106.502 E.87938
G1 X191.507 Y106.502 E.02134
G1 X172.946 Y87.941 E.89664
G3 X173.305 Y87.675 I1.113 J1.13 E.01531
G1 X192.132 Y106.502 E.90947
G1 X192.757 Y106.502 E.02134
G1 X173.774 Y87.519 E.91698
G3 X174.377 Y87.498 I.425 J3.435 E.02064
G1 X193.381 Y106.502 E.91803
G1 X194.006 Y106.502 E.02134
G1 X175.002 Y87.498 E.91803
G1 X175.626 Y87.498 E.02134
G1 X194.631 Y106.502 E.91803
G1 X195.256 Y106.502 E.02134
G1 X176.251 Y87.498 E.91803
G1 X176.876 Y87.498 E.02134
G1 X195.88 Y106.502 E.91803
G1 X196.505 Y106.502 E.02134
G1 X177.5 Y87.498 E.91803
G1 X178.125 Y87.498 E.02134
G1 X197.13 Y106.502 E.91803
G1 X197.754 Y106.502 E.02134
G1 X178.75 Y87.498 E.91803
G1 X179.375 Y87.498 E.02134
M73 P92 R2
G1 X198.379 Y106.502 E.91803
G1 X199.004 Y106.502 E.02134
G1 X179.999 Y87.498 E.91803
G1 X180.624 Y87.498 E.02134
G1 X199.628 Y106.502 E.91803
G1 X200.253 Y106.502 E.02134
G1 X181.249 Y87.498 E.91803
G1 X181.873 Y87.498 E.02134
G1 X200.878 Y106.502 E.91803
G1 X201.502 Y106.502 E.02134
G1 X182.498 Y87.498 E.91803
G1 X183.123 Y87.498 E.02134
G1 X202.127 Y106.502 E.91803
G1 X202.752 Y106.502 E.02134
G1 X183.747 Y87.498 E.91803
G1 X184.372 Y87.498 E.02134
G1 X203.376 Y106.502 E.91803
G1 X204.001 Y106.502 E.02134
G1 X184.997 Y87.498 E.91803
G1 X185.621 Y87.498 E.02134
G1 X204.626 Y106.502 E.91803
G1 X205.25 Y106.502 E.02134
G1 X186.246 Y87.498 E.91803
G1 X186.871 Y87.498 E.02134
G1 X205.875 Y106.502 E.91803
G1 X206.5 Y106.502 E.02134
G1 X187.495 Y87.498 E.91803
G1 X188.12 Y87.498 E.02134
G1 X207.124 Y106.502 E.91803
G1 X207.749 Y106.502 E.02134
G1 X188.745 Y87.498 E.91803
G1 X189.369 Y87.498 E.02134
G1 X208.374 Y106.502 E.91803
G1 X208.998 Y106.502 E.02134
G1 X189.994 Y87.498 E.91803
G1 X190.619 Y87.498 E.02134
G1 X209.623 Y106.502 E.91803
G2 X210.226 Y106.481 I.178 J-3.457 E.02064
G1 X191.243 Y87.498 E.91698
G1 X191.868 Y87.498 E.02134
G1 X210.695 Y106.325 E.90946
G2 X211.054 Y106.059 I-.754 J-1.395 E.01531
G1 X192.493 Y87.498 E.89664
G1 X193.117 Y87.498 E.02134
G1 X211.322 Y105.702 E.87938
G2 X211.48 Y105.235 I-1.634 J-.813 E.01688
G1 X193.742 Y87.498 E.85684
G1 X194.367 Y87.498 E.02134
G1 X211.502 Y104.633 E.82775
G1 X211.502 Y104.009 E.02134
G1 X194.991 Y87.498 E.79757
G1 X195.616 Y87.498 E.02134
G1 X211.502 Y103.384 E.7674
G1 X211.502 Y102.759 E.02134
G1 X196.241 Y87.498 E.73722
G1 X196.865 Y87.498 E.02134
G1 X211.502 Y102.135 E.70705
G1 X211.502 Y101.51 E.02134
G1 X197.49 Y87.498 E.67687
G1 X198.115 Y87.498 E.02134
G1 X211.502 Y100.885 E.64669
G1 X211.502 Y100.261 E.02134
G1 X198.739 Y87.498 E.61652
G1 X199.364 Y87.498 E.02134
G1 X211.502 Y99.636 E.58634
G1 X211.502 Y99.011 E.02134
G1 X199.989 Y87.498 E.55617
G1 X200.613 Y87.498 E.02134
G1 X211.502 Y98.387 E.52599
G1 X211.502 Y97.762 E.02134
G1 X201.238 Y87.498 E.49582
G1 X201.863 Y87.498 E.02134
G1 X211.502 Y97.137 E.46564
G1 X211.502 Y96.513 E.02134
G1 X202.487 Y87.498 E.43547
G1 X203.112 Y87.498 E.02134
G1 X211.502 Y95.888 E.40529
G1 X211.502 Y95.263 E.02134
G1 X203.737 Y87.498 E.37511
G1 X204.362 Y87.498 E.02134
G1 X211.502 Y94.639 E.34494
G1 X211.502 Y94.014 E.02134
G1 X204.986 Y87.498 E.31476
G1 X205.611 Y87.498 E.02134
G1 X211.502 Y93.389 E.28459
G1 X211.502 Y92.764 E.02134
G1 X206.236 Y87.498 E.25441
G1 X206.86 Y87.498 E.02134
G1 X211.502 Y92.14 E.22424
G1 X211.502 Y91.515 E.02134
G1 X207.485 Y87.498 E.19406
G1 X208.11 Y87.498 E.02134
G1 X211.502 Y90.89 E.16389
G1 X211.502 Y90.266 E.02134
G1 X208.734 Y87.498 E.13371
G1 X209.359 Y87.498 E.02134
G1 X211.502 Y89.641 E.10353
G1 X211.502 Y89.016 E.02135
G1 X209.984 Y87.498 E.07331
G3 X210.954 Y87.843 I.007 J1.517 E.03586
G1 X211.619 Y88.509 E.03216
; stop printing object flowrate_m7 id:1228360646943 copy 0
; printing object flowrate_m8 id:1344324764009 copy 0
SET_VELOCITY_LIMIT ACCEL=10000 ACCEL_TO_DECEL=5000
G1 E-.5 F900
G1 Z2.2 F30000
G1 X168.312 Y106.77 Z2.2
G1 Z2
G1 E.5 F900
SET_VELOCITY_LIMIT ACCEL=5000 ACCEL_TO_DECEL=2500
;TYPE:Outer wall
;WIDTH:0.4
G1 F10958.461
G3 X167.991 Y106.8 I-.33 J-1.788 E.00881
G1 X132.009 Y106.8 E.9829
G3 X130.2 Y104.991 I.01 J-1.818 E.0775
G1 X130.2 Y89.009 E.43658
G3 X132.009 Y87.2 I1.818 J.01 E.0775
G1 X167.991 Y87.2 E.9829
G1 X168.312 Y87.228 E.00881
G3 X169.8 Y89.009 I-.317 J1.777 E.06884
G1 X169.8 Y104.991 E.43658
G3 X168.351 Y106.762 I-1.818 J-.01 E.06759
SET_VELOCITY_LIMIT ACCEL=10000 ACCEL_TO_DECEL=5000
G1 E-.5 F900
G1 Z2.2 F30000
G1 X130.381 Y105.491 Z2.2
G1 Z2
G1 E.5 F900
SET_VELOCITY_LIMIT ACCEL=2000 ACCEL_TO_DECEL=1000
;TYPE:Top surface
;WIDTH:0.484632
G1 F8220
G1 X131.047 Y106.157 E.03183
G2 X132.016 Y106.502 I.963 J-1.172 E.03546
G1 X130.498 Y104.984 E.07253
G1 X130.498 Y104.359 E.02112
G1 X132.641 Y106.502 E.10243
G1 X133.266 Y106.502 E.02111
G1 X130.498 Y103.734 E.13228
G1 X130.498 Y103.109 E.02111
G1 X133.891 Y106.502 E.16213
G1 X134.515 Y106.502 E.02111
G1 X130.498 Y102.485 E.19198
G1 X130.498 Y101.86 E.02111
G1 X135.14 Y106.502 E.22183
G1 X135.765 Y106.502 E.02111
G1 X130.498 Y101.235 E.25168
G1 X130.498 Y100.611 E.02111
G1 X136.389 Y106.502 E.28153
G1 X137.014 Y106.502 E.02111
G1 X130.498 Y99.986 E.31138
G1 X130.498 Y99.361 E.02111
G1 X137.639 Y106.502 E.34124
G1 X138.263 Y106.502 E.02111
G1 X130.498 Y98.737 E.37109
G1 X130.498 Y98.112 E.02111
G1 X138.888 Y106.502 E.40094
G1 X139.513 Y106.502 E.02111
G1 X130.498 Y97.487 E.43079
G1 X130.498 Y96.863 E.02111
G1 X140.137 Y106.502 E.46064
G1 X140.762 Y106.502 E.02111
G1 X130.498 Y96.238 E.49049
G1 X130.498 Y95.613 E.02111
G1 X141.387 Y106.502 E.52034
G1 X142.011 Y106.502 E.02111
G1 X130.498 Y94.989 E.55019
G1 X130.498 Y94.364 E.02111
G1 X142.636 Y106.502 E.58004
G1 X143.261 Y106.502 E.02111
G1 X130.498 Y93.739 E.6099
G1 X130.498 Y93.115 E.02111
G1 X143.885 Y106.502 E.63975
G1 X144.51 Y106.502 E.02111
G1 X130.498 Y92.49 E.6696
G1 X130.498 Y91.865 E.02111
G1 X145.135 Y106.502 E.69945
G1 X145.759 Y106.502 E.02111
G1 X130.498 Y91.241 E.7293
G1 X130.498 Y90.616 E.02111
G1 X146.384 Y106.502 E.75915
G1 X147.009 Y106.502 E.02111
G1 X130.498 Y89.991 E.789
G1 X130.498 Y89.367 E.02111
G1 X147.633 Y106.502 E.81885
G1 X148.258 Y106.502 E.02111
G1 X130.52 Y88.764 E.84763
G3 X130.678 Y88.298 I1.793 J.347 E.0167
G1 X148.883 Y106.502 E.86993
G1 X149.507 Y106.502 E.02111
G1 X130.946 Y87.941 E.887
G3 X131.305 Y87.675 I1.113 J1.13 E.01514
G1 X150.132 Y106.502 E.89969
G1 X150.757 Y106.502 E.02111
G1 X131.774 Y87.519 E.90712
G3 X132.377 Y87.498 I.425 J3.435 E.02041
G1 X151.381 Y106.502 E.90815
G1 X152.006 Y106.502 E.02111
G1 X133.002 Y87.498 E.90815
G1 X133.626 Y87.498 E.02111
G1 X152.631 Y106.502 E.90815
G1 X153.256 Y106.502 E.02111
G1 X134.251 Y87.498 E.90815
G1 X134.876 Y87.498 E.02111
M73 P93 R2
G1 X153.88 Y106.502 E.90815
G1 X154.505 Y106.502 E.02111
G1 X135.5 Y87.498 E.90815
G1 X136.125 Y87.498 E.02111
G1 X155.13 Y106.502 E.90815
G1 X155.754 Y106.502 E.02111
G1 X136.75 Y87.498 E.90815
G1 X137.375 Y87.498 E.02111
G1 X156.379 Y106.502 E.90815
G1 X157.004 Y106.502 E.02111
G1 X137.999 Y87.498 E.90815
G1 X138.624 Y87.498 E.02111
G1 X157.628 Y106.502 E.90815
G1 X158.253 Y106.502 E.02111
G1 X139.249 Y87.498 E.90815
G1 X139.873 Y87.498 E.02111
G1 X158.878 Y106.502 E.90815
G1 X159.502 Y106.502 E.02111
G1 X140.498 Y87.498 E.90815
G1 X141.123 Y87.498 E.02111
G1 X160.127 Y106.502 E.90815
G1 X160.752 Y106.502 E.02111
G1 X141.747 Y87.498 E.90815
G1 X142.372 Y87.498 E.02111
G1 X161.376 Y106.502 E.90815
G1 X162.001 Y106.502 E.02111
G1 X142.997 Y87.498 E.90815
G1 X143.621 Y87.498 E.02111
G1 X162.626 Y106.502 E.90815
G1 X163.25 Y106.502 E.02111
G1 X144.246 Y87.498 E.90815
G1 X144.871 Y87.498 E.02111
G1 X163.875 Y106.502 E.90815
G1 X164.5 Y106.502 E.02111
G1 X145.495 Y87.498 E.90815
G1 X146.12 Y87.498 E.02111
G1 X165.124 Y106.502 E.90815
G1 X165.749 Y106.502 E.02111
G1 X146.745 Y87.498 E.90815
G1 X147.369 Y87.498 E.02111
G1 X166.374 Y106.502 E.90815
G1 X166.998 Y106.502 E.02111
G1 X147.994 Y87.498 E.90815
G1 X148.619 Y87.498 E.02111
G1 X167.623 Y106.502 E.90815
G2 X168.226 Y106.481 I.178 J-3.457 E.02041
G1 X149.243 Y87.498 E.90712
G1 X149.868 Y87.498 E.02111
G1 X168.695 Y106.325 E.89968
G2 X169.054 Y106.059 I-.754 J-1.395 E.01514
G1 X150.493 Y87.498 E.88699
G1 X151.117 Y87.498 E.02111
G1 X169.322 Y105.702 E.86992
G2 X169.48 Y105.235 I-1.634 J-.813 E.0167
G1 X151.742 Y87.498 E.84762
G1 X152.367 Y87.498 E.02111
G1 X169.502 Y104.633 E.81885
G1 X169.502 Y104.009 E.02111
G1 X152.991 Y87.498 E.789
G1 X153.616 Y87.498 E.02111
G1 X169.502 Y103.384 E.75914
G1 X169.502 Y102.759 E.02111
G1 X154.241 Y87.498 E.72929
G1 X154.865 Y87.498 E.02111
G1 X169.502 Y102.135 E.69944
G1 X169.502 Y101.51 E.02111
G1 X155.49 Y87.498 E.66959
G1 X156.115 Y87.498 E.02111
G1 X169.502 Y100.885 E.63974
G1 X169.502 Y100.261 E.02111
G1 X156.739 Y87.498 E.60989
G1 X157.364 Y87.498 E.02111
G1 X169.502 Y99.636 E.58004
G1 X169.502 Y99.011 E.02111
G1 X157.989 Y87.498 E.55019
G1 X158.613 Y87.498 E.02111
G1 X169.502 Y98.387 E.52034
G1 X169.502 Y97.762 E.02111
G1 X159.238 Y87.498 E.49048
G1 X159.863 Y87.498 E.02111
G1 X169.502 Y97.137 E.46063
G1 X169.502 Y96.513 E.02111
G1 X160.487 Y87.498 E.43078
G1 X161.112 Y87.498 E.02111
G1 X169.502 Y95.888 E.40093
G1 X169.502 Y95.263 E.02111
G1 X161.737 Y87.498 E.37108
G1 X162.362 Y87.498 E.02111
G1 X169.502 Y94.639 E.34123
G1 X169.502 Y94.014 E.02111
G1 X162.986 Y87.498 E.31138
G1 X163.611 Y87.498 E.02111
G1 X169.502 Y93.389 E.28153
G1 X169.502 Y92.764 E.02111
G1 X164.236 Y87.498 E.25168
G1 X164.86 Y87.498 E.02111
G1 X169.502 Y92.14 E.22183
G1 X169.502 Y91.515 E.02111
G1 X165.485 Y87.498 E.19197
G1 X166.11 Y87.498 E.02111
G1 X169.502 Y90.89 E.16212
G1 X169.502 Y90.266 E.02111
G1 X166.734 Y87.498 E.13227
G1 X167.359 Y87.498 E.02111
G1 X169.502 Y89.641 E.10242
G1 X169.502 Y89.016 E.02113
G1 X167.984 Y87.498 E.07252
G3 X168.954 Y87.843 I.007 J1.517 E.03548
G1 X169.619 Y88.509 E.03181
; stop printing object flowrate_m8 id:1344324764009 copy 0
; printing object flowrate_m5 id:0 copy 0
SET_VELOCITY_LIMIT ACCEL=10000 ACCEL_TO_DECEL=5000
G1 E-.5 F900
G1 Z2.2 F30000
G1 X168.312 Y138.77 Z2.2
G1 Z2
G1 E.5 F900
SET_VELOCITY_LIMIT ACCEL=5000 ACCEL_TO_DECEL=2500
;TYPE:Outer wall
;WIDTH:0.4
G1 F10612.404
G3 X167.991 Y138.8 I-.33 J-1.788 E.0091
G1 X132.009 Y138.8 E1.01495
G3 X130.2 Y136.991 I.01 J-1.818 E.08002
G1 X130.2 Y121.009 E.45082
G3 X132.009 Y119.2 I1.818 J.01 E.08002
G1 X167.991 Y119.2 E1.01495
G1 X168.312 Y119.228 E.00909
G3 X169.8 Y121.009 I-.317 J1.777 E.07108
G1 X169.8 Y136.991 E.45081
G3 X168.351 Y138.762 I-1.818 J-.01 E.0698
SET_VELOCITY_LIMIT ACCEL=10000 ACCEL_TO_DECEL=5000
G1 E-.5 F900
G1 Z2.2 F30000
G1 X130.381 Y137.491 Z2.2
G1 Z2
G1 E.5 F900
SET_VELOCITY_LIMIT ACCEL=2000 ACCEL_TO_DECEL=1000
;TYPE:Top surface
;WIDTH:0.484632
G1 F8220
G1 X131.047 Y138.157 E.03287
G2 X132.016 Y138.502 I.963 J-1.172 E.03662
G1 X130.498 Y136.984 E.07489
G1 X130.498 Y136.359 E.02181
G1 X132.641 Y138.502 E.10577
G1 X133.266 Y138.502 E.0218
G1 X130.498 Y135.734 E.13659
G1 X130.498 Y135.109 E.0218
G1 X133.891 Y138.502 E.16742
G1 X134.515 Y138.502 E.0218
G1 X130.498 Y134.485 E.19824
G1 X130.498 Y133.86 E.0218
G1 X135.14 Y138.502 E.22906
G1 X135.765 Y138.502 E.0218
G1 X130.498 Y133.235 E.25989
G1 X130.498 Y132.611 E.0218
G1 X136.389 Y138.502 E.29071
G1 X137.014 Y138.502 E.0218
G1 X130.498 Y131.986 E.32154
G1 X130.498 Y131.361 E.0218
G1 X137.639 Y138.502 E.35236
G1 X138.263 Y138.502 E.0218
G1 X130.498 Y130.737 E.38319
G1 X130.498 Y130.112 E.0218
G1 X138.888 Y138.502 E.41401
G1 X139.513 Y138.502 E.0218
G1 X130.498 Y129.487 E.44484
G1 X130.498 Y128.863 E.0218
G1 X140.137 Y138.502 E.47566
G1 X140.762 Y138.502 E.0218
G1 X130.498 Y128.238 E.50649
G1 X130.498 Y127.613 E.0218
G1 X141.387 Y138.502 E.53731
G1 X142.011 Y138.502 E.0218
G1 X130.498 Y126.989 E.56813
G1 X130.498 Y126.364 E.0218
G1 X142.636 Y138.502 E.59896
G1 X143.261 Y138.502 E.0218
G1 X130.498 Y125.739 E.62978
G1 X130.498 Y125.115 E.0218
G1 X143.885 Y138.502 E.66061
G1 X144.51 Y138.502 E.0218
G1 X130.498 Y124.49 E.69143
G1 X130.498 Y123.865 E.0218
G1 X145.135 Y138.502 E.72226
G1 X145.759 Y138.502 E.0218
G1 X130.498 Y123.241 E.75308
G1 X130.498 Y122.616 E.0218
G1 X146.384 Y138.502 E.78391
G1 X147.009 Y138.502 E.0218
G1 X130.498 Y121.991 E.81473
G1 X130.498 Y121.367 E.0218
G1 X147.633 Y138.502 E.84555
G1 X148.258 Y138.502 E.0218
G1 X130.52 Y120.764 E.87527
G3 X130.678 Y120.298 I1.793 J.347 E.01724
G1 X148.883 Y138.502 E.89829
G1 X149.507 Y138.502 E.0218
G1 X130.946 Y119.941 E.91592
G3 X131.305 Y119.675 I1.113 J1.129 E.01564
G1 X150.132 Y138.502 E.92902
G1 X150.757 Y138.502 E.0218
G1 X131.774 Y119.519 E.9367
G3 X132.377 Y119.498 I.425 J3.435 E.02108
M73 P94 R2
G1 X151.381 Y138.502 E.93777
G1 X152.006 Y138.502 E.0218
G1 X133.002 Y119.498 E.93777
G1 X133.626 Y119.498 E.0218
G1 X152.631 Y138.502 E.93777
G1 X153.256 Y138.502 E.0218
G1 X134.251 Y119.498 E.93777
G1 X134.876 Y119.498 E.0218
G1 X153.88 Y138.502 E.93777
G1 X154.505 Y138.502 E.0218
G1 X135.5 Y119.498 E.93777
G1 X136.125 Y119.498 E.0218
G1 X155.13 Y138.502 E.93777
G1 X155.754 Y138.502 E.0218
M73 P94 R1
G1 X136.75 Y119.498 E.93777
G1 X137.375 Y119.498 E.0218
G1 X156.379 Y138.502 E.93777
G1 X157.004 Y138.502 E.0218
G1 X137.999 Y119.498 E.93777
G1 X138.624 Y119.498 E.0218
G1 X157.628 Y138.502 E.93777
G1 X158.253 Y138.502 E.0218
G1 X139.249 Y119.498 E.93777
G1 X139.873 Y119.498 E.0218
G1 X158.878 Y138.502 E.93777
G1 X159.502 Y138.502 E.0218
G1 X140.498 Y119.498 E.93777
G1 X141.123 Y119.498 E.0218
G1 X160.127 Y138.502 E.93777
G1 X160.752 Y138.502 E.0218
G1 X141.747 Y119.498 E.93777
G1 X142.372 Y119.498 E.0218
G1 X161.376 Y138.502 E.93777
G1 X162.001 Y138.502 E.0218
G1 X142.997 Y119.498 E.93777
G1 X143.621 Y119.498 E.0218
G1 X162.626 Y138.502 E.93777
G1 X163.25 Y138.502 E.0218
G1 X144.246 Y119.498 E.93777
G1 X144.871 Y119.498 E.0218
G1 X163.875 Y138.502 E.93777
G1 X164.5 Y138.502 E.0218
G1 X145.495 Y119.498 E.93777
G1 X146.12 Y119.498 E.0218
G1 X165.124 Y138.502 E.93777
G1 X165.749 Y138.502 E.0218
G1 X146.745 Y119.498 E.93777
G1 X147.369 Y119.498 E.0218
G1 X166.374 Y138.502 E.93777
G1 X166.998 Y138.502 E.0218
G1 X147.994 Y119.498 E.93777
G1 X148.619 Y119.498 E.0218
G1 X167.623 Y138.502 E.93777
G2 X168.226 Y138.481 I.178 J-3.457 E.02108
G1 X149.243 Y119.498 E.9367
G1 X149.868 Y119.498 E.0218
G1 X168.695 Y138.325 E.92902
G2 X169.054 Y138.059 I-.754 J-1.395 E.01564
G1 X150.493 Y119.498 E.91592
G1 X151.117 Y119.498 E.0218
G1 X169.322 Y137.702 E.89829
G2 X169.48 Y137.235 I-1.634 J-.813 E.01724
G1 X151.742 Y119.498 E.87526
G1 X152.367 Y119.498 E.0218
G1 X169.502 Y136.633 E.84555
G1 X169.502 Y136.009 E.0218
G1 X152.991 Y119.498 E.81472
G1 X153.616 Y119.498 E.0218
G1 X169.502 Y135.384 E.7839
G1 X169.502 Y134.759 E.0218
G1 X154.241 Y119.498 E.75307
G1 X154.865 Y119.498 E.0218
G1 X169.502 Y134.135 E.72225
G1 X169.502 Y133.51 E.0218
G1 X155.49 Y119.498 E.69143
G1 X156.115 Y119.498 E.0218
G1 X169.502 Y132.885 E.6606
G1 X169.502 Y132.261 E.0218
G1 X156.739 Y119.498 E.62978
G1 X157.364 Y119.498 E.0218
G1 X169.502 Y131.636 E.59895
G1 X169.502 Y131.011 E.0218
G1 X157.989 Y119.498 E.56813
G1 X158.613 Y119.498 E.0218
G1 X169.502 Y130.387 E.5373
G1 X169.502 Y129.762 E.0218
G1 X159.238 Y119.498 E.50648
G1 X159.863 Y119.498 E.0218
G1 X169.502 Y129.137 E.47565
G1 X169.502 Y128.513 E.0218
G1 X160.487 Y119.498 E.44483
G1 X161.112 Y119.498 E.0218
G1 X169.502 Y127.888 E.41401
G1 X169.502 Y127.263 E.0218
G1 X161.737 Y119.498 E.38318
G1 X162.362 Y119.498 E.0218
G1 X169.502 Y126.639 E.35236
G1 X169.502 Y126.014 E.0218
G1 X162.986 Y119.498 E.32153
G1 X163.611 Y119.498 E.0218
G1 X169.502 Y125.389 E.29071
G1 X169.502 Y124.764 E.0218
G1 X164.236 Y119.498 E.25988
G1 X164.86 Y119.498 E.0218
G1 X169.502 Y124.14 E.22906
G1 X169.502 Y123.515 E.0218
G1 X165.485 Y119.498 E.19823
G1 X166.11 Y119.498 E.0218
G1 X169.502 Y122.89 E.16741
G1 X169.502 Y122.266 E.0218
G1 X166.734 Y119.498 E.13658
G1 X167.359 Y119.498 E.0218
G1 X169.502 Y121.641 E.10576
G1 X169.502 Y121.016 E.02181
G1 X167.984 Y119.498 E.07489
G3 X168.954 Y119.843 I.007 J1.517 E.03663
G1 X169.619 Y120.509 E.03285
; stop printing object flowrate_m5 id:0 copy 0
; printing object flowrate_m2 id:8247625146344371234 copy 0
SET_VELOCITY_LIMIT ACCEL=10000 ACCEL_TO_DECEL=5000
G1 E-.5 F900
G1 Z2.2 F30000
G1 X168.312 Y170.77 Z2.2
G1 Z2
G1 E.5 F900
SET_VELOCITY_LIMIT ACCEL=5000 ACCEL_TO_DECEL=2500
;TYPE:Outer wall
;WIDTH:0.4
G1 F10287.535
G3 X167.991 Y170.8 I-.33 J-1.788 E.00939
G1 X132.009 Y170.8 E1.047
G3 X130.2 Y168.991 I.01 J-1.818 E.08255
G1 X130.2 Y153.009 E.46505
G3 X132.009 Y151.2 I1.818 J.01 E.08255
G1 X167.991 Y151.2 E1.047
G1 X168.312 Y151.228 E.00938
G3 X169.8 Y153.009 I-.317 J1.777 E.07333
G1 X169.8 Y168.991 E.46505
G3 X168.351 Y170.762 I-1.818 J-.01 E.072
SET_VELOCITY_LIMIT ACCEL=10000 ACCEL_TO_DECEL=5000
G1 E-.5 F900
G1 Z2.2 F30000
G1 X130.381 Y169.491 Z2.2
G1 Z2
G1 E.5 F900
SET_VELOCITY_LIMIT ACCEL=2000 ACCEL_TO_DECEL=1000
;TYPE:Top surface
;WIDTH:0.484632
G1 F8220
G1 X131.047 Y170.157 E.03391
G2 X132.016 Y170.502 I.963 J-1.172 E.03778
G1 X130.498 Y168.984 E.07726
G1 X130.498 Y168.359 E.0225
G1 X132.641 Y170.502 E.10911
G1 X133.266 Y170.502 E.02248
G1 X130.498 Y167.734 E.1409
G1 X130.498 Y167.109 E.02248
G1 X133.891 Y170.502 E.1727
G1 X134.515 Y170.502 E.02248
G1 X130.498 Y166.485 E.2045
G1 X130.498 Y165.86 E.02248
G1 X135.14 Y170.502 E.2363
G1 X135.765 Y170.502 E.02248
G1 X130.498 Y165.235 E.2681
G1 X130.498 Y164.611 E.02248
G1 X136.389 Y170.502 E.29989
G1 X137.014 Y170.502 E.02248
G1 X130.498 Y163.986 E.33169
G1 X130.498 Y163.361 E.02248
G1 X137.639 Y170.502 E.36349
G1 X138.263 Y170.502 E.02248
G1 X130.498 Y162.737 E.39529
G1 X130.498 Y162.112 E.02248
G1 X138.888 Y170.502 E.42709
G1 X139.513 Y170.502 E.02248
G1 X130.498 Y161.487 E.45888
G1 X130.498 Y160.863 E.02248
G1 X140.137 Y170.502 E.49068
G1 X140.762 Y170.502 E.02248
G1 X130.498 Y160.238 E.52248
G1 X130.498 Y159.613 E.02248
G1 X141.387 Y170.502 E.55428
G1 X142.011 Y170.502 E.02248
G1 X130.498 Y158.989 E.58608
G1 X130.498 Y158.364 E.02248
G1 X142.636 Y170.502 E.61787
G1 X143.261 Y170.502 E.02248
G1 X130.498 Y157.739 E.64967
G1 X130.498 Y157.115 E.02248
G1 X143.885 Y170.502 E.68147
G1 X144.51 Y170.502 E.02248
G1 X130.498 Y156.49 E.71327
G1 X130.498 Y155.865 E.02248
G1 X145.135 Y170.502 E.74507
G1 X145.759 Y170.502 E.02248
G1 X130.498 Y155.241 E.77686
G1 X130.498 Y154.616 E.02248
G1 X146.384 Y170.502 E.80866
G1 X147.009 Y170.502 E.02248
G1 X130.498 Y153.991 E.84046
G1 X130.498 Y153.367 E.02248
G1 X147.633 Y170.502 E.87226
G1 X148.258 Y170.502 E.02248
G1 X130.52 Y152.764 E.90291
G3 X130.678 Y152.298 I1.793 J.347 E.01779
M73 P95 R1
G1 X148.883 Y170.502 E.92666
G1 X149.507 Y170.502 E.02248
G1 X130.946 Y151.941 E.94485
G3 X131.305 Y151.675 I1.113 J1.13 E.01613
G1 X150.132 Y170.502 E.95836
G1 X150.757 Y170.502 E.02248
G1 X131.774 Y151.519 E.96628
G3 X132.377 Y151.498 I.425 J3.435 E.02175
G1 X151.381 Y170.502 E.96738
G1 X152.006 Y170.502 E.02248
G1 X133.002 Y151.498 E.96738
G1 X133.626 Y151.498 E.02248
G1 X152.631 Y170.502 E.96738
G1 X153.256 Y170.502 E.02248
G1 X134.251 Y151.498 E.96738
G1 X134.876 Y151.498 E.02248
G1 X153.88 Y170.502 E.96738
G1 X154.505 Y170.502 E.02248
G1 X135.5 Y151.498 E.96738
G1 X136.125 Y151.498 E.02248
G1 X155.13 Y170.502 E.96738
G1 X155.754 Y170.502 E.02248
G1 X136.75 Y151.498 E.96738
G1 X137.375 Y151.498 E.02248
G1 X156.379 Y170.502 E.96738
G1 X157.004 Y170.502 E.02248
G1 X137.999 Y151.498 E.96738
G1 X138.624 Y151.498 E.02248
G1 X157.628 Y170.502 E.96738
G1 X158.253 Y170.502 E.02248
G1 X139.249 Y151.498 E.96738
G1 X139.873 Y151.498 E.02248
G1 X158.878 Y170.502 E.96738
G1 X159.502 Y170.502 E.02248
G1 X140.498 Y151.498 E.96738
G1 X141.123 Y151.498 E.02248
G1 X160.127 Y170.502 E.96738
G1 X160.752 Y170.502 E.02248
G1 X141.747 Y151.498 E.96738
G1 X142.372 Y151.498 E.02248
G1 X161.376 Y170.502 E.96738
G1 X162.001 Y170.502 E.02248
G1 X142.997 Y151.498 E.96738
G1 X143.621 Y151.498 E.02248
G1 X162.626 Y170.502 E.96738
G1 X163.25 Y170.502 E.02248
G1 X144.246 Y151.498 E.96738
G1 X144.871 Y151.498 E.02248
G1 X163.875 Y170.502 E.96738
G1 X164.5 Y170.502 E.02248
G1 X145.495 Y151.498 E.96738
G1 X146.12 Y151.498 E.02248
G1 X165.124 Y170.502 E.96738
G1 X165.749 Y170.502 E.02248
G1 X146.745 Y151.498 E.96738
G1 X147.369 Y151.498 E.02248
G1 X166.374 Y170.502 E.96738
G1 X166.998 Y170.502 E.02248
G1 X147.994 Y151.498 E.96738
G1 X148.619 Y151.498 E.02248
G1 X167.623 Y170.502 E.96738
G2 X168.226 Y170.481 I.178 J-3.457 E.02175
G1 X149.243 Y151.498 E.96628
G1 X149.868 Y151.498 E.02248
G1 X168.695 Y170.325 E.95836
G2 X169.054 Y170.059 I-.754 J-1.395 E.01613
G1 X150.493 Y151.498 E.94484
G1 X151.117 Y151.498 E.02248
G1 X169.322 Y169.702 E.92666
G2 X169.48 Y169.235 I-1.634 J-.813 E.01779
G1 X151.742 Y151.498 E.9029
G1 X152.367 Y151.498 E.02248
G1 X169.502 Y168.633 E.87225
G1 X169.502 Y168.009 E.02248
G1 X152.991 Y151.498 E.84045
G1 X153.616 Y151.498 E.02248
G1 X169.502 Y167.384 E.80865
G1 X169.502 Y166.759 E.02248
G1 X154.241 Y151.498 E.77686
G1 X154.865 Y151.498 E.02248
G1 X169.502 Y166.135 E.74506
G1 X169.502 Y165.51 E.02248
G1 X155.49 Y151.498 E.71326
G1 X156.115 Y151.498 E.02248
G1 X169.502 Y164.885 E.68146
G1 X169.502 Y164.261 E.02248
G1 X156.739 Y151.498 E.64966
G1 X157.364 Y151.498 E.02248
G1 X169.502 Y163.636 E.61787
G1 X169.502 Y163.011 E.02248
G1 X157.989 Y151.498 E.58607
G1 X158.613 Y151.498 E.02248
G1 X169.502 Y162.387 E.55427
G1 X169.502 Y161.762 E.02248
G1 X159.238 Y151.498 E.52247
G1 X159.863 Y151.498 E.02248
G1 X169.502 Y161.137 E.49068
G1 X169.502 Y160.513 E.02248
G1 X160.487 Y151.498 E.45888
G1 X161.112 Y151.498 E.02248
G1 X169.502 Y159.888 E.42708
G1 X169.502 Y159.263 E.02248
G1 X161.737 Y151.498 E.39528
G1 X162.362 Y151.498 E.02248
G1 X169.502 Y158.639 E.36348
G1 X169.502 Y158.014 E.02248
G1 X162.986 Y151.498 E.33169
G1 X163.611 Y151.498 E.02248
G1 X169.502 Y157.389 E.29989
G1 X169.502 Y156.764 E.02248
G1 X164.236 Y151.498 E.26809
G1 X164.86 Y151.498 E.02248
G1 X169.502 Y156.14 E.23629
G1 X169.502 Y155.515 E.02248
G1 X165.485 Y151.498 E.20449
G1 X166.11 Y151.498 E.02248
G1 X169.502 Y154.89 E.1727
G1 X169.502 Y154.266 E.02248
G1 X166.734 Y151.498 E.1409
G1 X167.359 Y151.498 E.02248
G1 X169.502 Y153.641 E.1091
G1 X169.502 Y153.016 E.0225
G1 X167.984 Y151.498 E.07725
G3 X168.954 Y151.843 I.007 J1.517 E.03779
G1 X169.619 Y152.509 E.03389
; stop printing object flowrate_m2 id:8247625146344371234 copy 0
; printing object flowrate_0 id:111516266160479 copy 0
SET_VELOCITY_LIMIT ACCEL=10000 ACCEL_TO_DECEL=5000
G1 E-.5 F900
G1 Z2.2 F30000
G1 X168.899 Y183.443 Z2.2
G1 Z2
G1 E.5 F900
SET_VELOCITY_LIMIT ACCEL=5000 ACCEL_TO_DECEL=2500
;TYPE:Outer wall
;WIDTH:0.4
G1 F10081.784
G3 X169.8 Y185.009 I-.904 J1.562 E.05618
G1 X169.8 Y200.991 E.47454
G3 X167.991 Y202.8 I-1.818 J-.01 E.08424
G1 X132.009 Y202.8 E1.06837
G3 X130.2 Y200.991 I.01 J-1.818 E.08424
G1 X130.2 Y185.009 E.47454
G3 X132.009 Y183.2 I1.818 J.01 E.08423
G1 X167.991 Y183.2 E1.06837
G1 X168.312 Y183.228 E.00957
G3 X168.864 Y183.423 I-.317 J1.777 E.01746
SET_VELOCITY_LIMIT ACCEL=10000 ACCEL_TO_DECEL=5000
G1 E-.5 F900
G1 Z2.2 F30000
G1 X130.381 Y201.491 Z2.2
G1 Z2
G1 E.5 F900
SET_VELOCITY_LIMIT ACCEL=2000 ACCEL_TO_DECEL=1000
;TYPE:Top surface
;WIDTH:0.484632
G1 F8150.106
G1 X131.047 Y202.157 E.0346
G2 X132.016 Y202.502 I.963 J-1.172 E.03855
G1 X130.498 Y200.984 E.07884
G1 X130.498 Y200.359 E.02296
G1 X132.641 Y202.502 E.11133
G1 X133.266 Y202.502 E.02294
G1 X130.498 Y199.734 E.14378
G1 X130.498 Y199.109 E.02294
G1 X133.891 Y202.502 E.17623
G1 X134.515 Y202.502 E.02294
G1 X130.498 Y198.485 E.20867
G1 X130.498 Y197.86 E.02294
G1 X135.14 Y202.502 E.24112
G1 X135.765 Y202.502 E.02294
G1 X130.498 Y197.235 E.27357
G1 X130.498 Y196.611 E.02294
G1 X136.389 Y202.502 E.30601
G1 X137.014 Y202.502 E.02294
G1 X130.498 Y195.986 E.33846
G1 X130.498 Y195.361 E.02294
G1 X137.639 Y202.502 E.37091
G1 X138.263 Y202.502 E.02294
G1 X130.498 Y194.737 E.40336
G1 X130.498 Y194.112 E.02294
G1 X138.888 Y202.502 E.4358
G1 X139.513 Y202.502 E.02294
G1 X130.498 Y193.487 E.46825
G1 X130.498 Y192.863 E.02294
G1 X140.137 Y202.502 E.5007
G1 X140.762 Y202.502 E.02294
G1 X130.498 Y192.238 E.53314
G1 X130.498 Y191.613 E.02294
G1 X141.387 Y202.502 E.56559
G1 X142.011 Y202.502 E.02294
G1 X130.498 Y190.989 E.59804
G1 X130.498 Y190.364 E.02294
G1 X142.636 Y202.502 E.63048
G1 X143.261 Y202.502 E.02294
G1 X130.498 Y189.739 E.66293
G1 X130.498 Y189.115 E.02294
G1 X143.885 Y202.502 E.69538
G1 X144.51 Y202.502 E.02294
G1 X130.498 Y188.49 E.72782
G1 X130.498 Y187.865 E.02294
G1 X145.135 Y202.502 E.76027
G1 X145.759 Y202.502 E.02294
M73 P96 R1
G1 X130.498 Y187.241 E.79272
G1 X130.498 Y186.616 E.02294
G1 X146.384 Y202.502 E.82516
G1 X147.009 Y202.502 E.02294
G1 X130.498 Y185.991 E.85761
G1 X130.498 Y185.367 E.02294
G1 X147.633 Y202.502 E.89006
G1 X148.258 Y202.502 E.02294
G1 X130.52 Y184.764 E.92134
G3 X130.678 Y184.298 I1.793 J.347 E.01815
G1 X148.883 Y202.502 E.94557
G1 X149.507 Y202.502 E.02294
G1 X130.946 Y183.941 E.96413
G3 X131.305 Y183.675 I1.113 J1.129 E.01646
G1 X150.132 Y202.502 E.97792
G1 X150.757 Y202.502 E.02294
G1 X131.774 Y183.519 E.986
G3 X132.377 Y183.498 I.425 J3.436 E.02219
G1 X151.381 Y202.502 E.98712
G1 X152.006 Y202.502 E.02294
G1 X133.002 Y183.498 E.98712
G1 X133.626 Y183.498 E.02294
G1 X152.631 Y202.502 E.98712
G1 X153.256 Y202.502 E.02294
G1 X134.251 Y183.498 E.98712
G1 X134.876 Y183.498 E.02294
G1 X153.88 Y202.502 E.98712
G1 X154.505 Y202.502 E.02294
G1 X135.5 Y183.498 E.98712
G1 X136.125 Y183.498 E.02294
G1 X155.13 Y202.502 E.98712
G1 X155.754 Y202.502 E.02294
G1 X136.75 Y183.498 E.98712
G1 X137.375 Y183.498 E.02294
G1 X156.379 Y202.502 E.98712
G1 X157.004 Y202.502 E.02294
G1 X137.999 Y183.498 E.98712
G1 X138.624 Y183.498 E.02294
G1 X157.628 Y202.502 E.98712
G1 X158.253 Y202.502 E.02294
G1 X139.249 Y183.498 E.98712
G1 X139.873 Y183.498 E.02294
G1 X158.878 Y202.502 E.98712
G1 X159.502 Y202.502 E.02294
G1 X140.498 Y183.498 E.98712
G1 X141.123 Y183.498 E.02294
G1 X160.127 Y202.502 E.98712
G1 X160.752 Y202.502 E.02294
G1 X141.747 Y183.498 E.98712
G1 X142.372 Y183.498 E.02294
G1 X161.376 Y202.502 E.98712
G1 X162.001 Y202.502 E.02294
G1 X142.997 Y183.498 E.98712
G1 X143.621 Y183.498 E.02294
G1 X162.626 Y202.502 E.98712
G1 X163.25 Y202.502 E.02294
G1 X144.246 Y183.498 E.98712
G1 X144.871 Y183.498 E.02294
G1 X163.875 Y202.502 E.98712
G1 X164.5 Y202.502 E.02294
G1 X145.495 Y183.498 E.98712
G1 X146.12 Y183.498 E.02294
G1 X165.124 Y202.502 E.98712
G1 X165.749 Y202.502 E.02294
G1 X146.745 Y183.498 E.98712
G1 X147.369 Y183.498 E.02294
G1 X166.374 Y202.502 E.98712
G1 X166.998 Y202.502 E.02294
G1 X147.994 Y183.498 E.98712
G1 X148.619 Y183.498 E.02294
G1 X167.623 Y202.502 E.98712
G2 X168.226 Y202.481 I.178 J-3.457 E.02219
G1 X149.243 Y183.498 E.986
G1 X149.868 Y183.498 E.02294
G1 X168.695 Y202.325 E.97792
G2 X169.054 Y202.059 I-.754 J-1.395 E.01646
G1 X150.493 Y183.498 E.96412
G1 X151.117 Y183.498 E.02294
G1 X169.322 Y201.702 E.94557
G2 X169.48 Y201.235 I-1.634 J-.813 E.01815
G1 X151.742 Y183.498 E.92133
G1 X152.367 Y183.498 E.02294
G1 X169.502 Y200.633 E.89005
G1 X169.502 Y200.009 E.02294
G1 X152.991 Y183.498 E.8576
G1 X153.616 Y183.498 E.02294
G1 X169.502 Y199.384 E.82516
G1 X169.502 Y198.759 E.02294
G1 X154.241 Y183.498 E.79271
G1 X154.865 Y183.498 E.02294
G1 X169.502 Y198.135 E.76026
G1 X169.502 Y197.51 E.02294
G1 X155.49 Y183.498 E.72782
G1 X156.115 Y183.498 E.02294
G1 X169.502 Y196.885 E.69537
G1 X169.502 Y196.261 E.02294
G1 X156.739 Y183.498 E.66292
G1 X157.364 Y183.498 E.02294
G1 X169.502 Y195.636 E.63048
G1 X169.502 Y195.011 E.02294
G1 X157.989 Y183.498 E.59803
G1 X158.613 Y183.498 E.02294
G1 X169.502 Y194.387 E.56558
G1 X169.502 Y193.762 E.02294
G1 X159.238 Y183.498 E.53314
G1 X159.863 Y183.498 E.02294
G1 X169.502 Y193.137 E.50069
G1 X169.502 Y192.513 E.02294
G1 X160.487 Y183.498 E.46824
G1 X161.112 Y183.498 E.02294
G1 X169.502 Y191.888 E.4358
G1 X169.502 Y191.263 E.02294
G1 X161.737 Y183.498 E.40335
G1 X162.362 Y183.498 E.02294
G1 X169.502 Y190.639 E.3709
G1 X169.502 Y190.014 E.02294
G1 X162.986 Y183.498 E.33845
G1 X163.611 Y183.498 E.02294
G1 X169.502 Y189.389 E.30601
G1 X169.502 Y188.764 E.02294
G1 X164.236 Y183.498 E.27356
G1 X164.86 Y183.498 E.02294
G1 X169.502 Y188.14 E.24111
G1 X169.502 Y187.515 E.02294
G1 X165.485 Y183.498 E.20867
G1 X166.11 Y183.498 E.02294
G1 X169.502 Y186.89 E.17622
G1 X169.502 Y186.266 E.02294
G1 X166.734 Y183.498 E.14377
G1 X167.359 Y183.498 E.02294
G1 X169.502 Y185.641 E.11133
G1 X169.502 Y185.016 E.02296
G1 X167.984 Y183.498 E.07883
G3 X168.954 Y183.843 I.007 J1.517 E.03856
G1 X169.619 Y184.509 E.03458
; stop printing object flowrate_0 id:111516266160479 copy 0
; printing object flowrate_m1 id:8318823020889268071 copy 0
SET_VELOCITY_LIMIT ACCEL=10000 ACCEL_TO_DECEL=5000
G1 E-.5 F900
G1 Z2.2 F30000
G1 X126.312 Y170.77 Z2.2
G1 Z2
G1 E.5 F900
SET_VELOCITY_LIMIT ACCEL=5000 ACCEL_TO_DECEL=2500
;TYPE:Outer wall
;WIDTH:0.4
G1 F10183.62
G3 X125.991 Y170.8 I-.33 J-1.788 E.00948
G1 X90.009 Y170.8 E1.05768
G3 X88.2 Y168.991 I.01 J-1.818 E.08339
G1 X88.2 Y153.009 E.4698
G3 X90.009 Y151.2 I1.818 J.01 E.08339
G1 X125.991 Y151.2 E1.05768
G1 X126.312 Y151.228 E.00948
G3 X127.8 Y153.009 I-.317 J1.777 E.07407
G1 X127.8 Y168.991 E.4698
G3 X126.351 Y170.762 I-1.818 J-.01 E.07274
SET_VELOCITY_LIMIT ACCEL=10000 ACCEL_TO_DECEL=5000
G1 E-.5 F900
G1 Z2.2 F30000
G1 X88.381 Y169.491 Z2.2
G1 Z2
G1 E.5 F900
SET_VELOCITY_LIMIT ACCEL=2000 ACCEL_TO_DECEL=1000
;TYPE:Top surface
;WIDTH:0.484632
G1 F8220
G1 X89.047 Y170.157 E.03426
G2 X90.016 Y170.502 I.963 J-1.172 E.03816
G1 X88.498 Y168.984 E.07805
G1 X88.498 Y168.359 E.02273
G1 X90.641 Y170.502 E.11022
G1 X91.266 Y170.502 E.02271
G1 X88.498 Y167.734 E.14234
G1 X88.498 Y167.109 E.02271
G1 X91.891 Y170.502 E.17446
G1 X92.515 Y170.502 E.02271
G1 X88.498 Y166.485 E.20659
G1 X88.498 Y165.86 E.02271
G1 X93.14 Y170.502 E.23871
G1 X93.765 Y170.502 E.02271
G1 X88.498 Y165.235 E.27083
G1 X88.498 Y164.611 E.02271
G1 X94.389 Y170.502 E.30295
G1 X95.014 Y170.502 E.02271
G1 X88.498 Y163.986 E.33508
G1 X88.498 Y163.361 E.02271
G1 X95.639 Y170.502 E.3672
G1 X96.263 Y170.502 E.02271
G1 X88.498 Y162.737 E.39932
G1 X88.498 Y162.112 E.02271
G1 X96.888 Y170.502 E.43144
G1 X97.513 Y170.502 E.02271
G1 X88.498 Y161.487 E.46357
G1 X88.498 Y160.863 E.02271
G1 X98.137 Y170.502 E.49569
G1 X98.762 Y170.502 E.02271
G1 X88.498 Y160.238 E.52781
G1 X88.498 Y159.613 E.02271
G1 X99.387 Y170.502 E.55993
G1 X100.011 Y170.502 E.02271
M73 P97 R1
G1 X88.498 Y158.989 E.59206
G1 X88.498 Y158.364 E.02271
G1 X100.636 Y170.502 E.62418
G1 X101.261 Y170.502 E.02271
G1 X88.498 Y157.739 E.6563
G1 X88.498 Y157.115 E.02271
G1 X101.885 Y170.502 E.68842
G1 X102.51 Y170.502 E.02271
G1 X88.498 Y156.49 E.72055
G1 X88.498 Y155.865 E.02271
G1 X103.135 Y170.502 E.75267
G1 X103.759 Y170.502 E.02271
M73 P97 R0
G1 X88.498 Y155.241 E.78479
G1 X88.498 Y154.616 E.02271
G1 X104.384 Y170.502 E.81691
G1 X105.009 Y170.502 E.02271
G1 X88.498 Y153.991 E.84903
G1 X88.498 Y153.367 E.02271
G1 X105.633 Y170.502 E.88116
G1 X106.258 Y170.502 E.02271
G1 X88.52 Y152.764 E.91212
G3 X88.678 Y152.298 I1.793 J.347 E.01797
G1 X106.883 Y170.502 E.93612
G1 X107.507 Y170.502 E.02271
G1 X88.946 Y151.941 E.95449
G3 X89.305 Y151.675 I1.113 J1.13 E.01629
G1 X108.132 Y170.502 E.96814
G1 X108.757 Y170.502 E.02271
G1 X89.774 Y151.519 E.97614
G3 X90.377 Y151.498 I.425 J3.435 E.02197
G1 X109.381 Y170.502 E.97725
G1 X110.006 Y170.502 E.02271
G1 X91.002 Y151.498 E.97725
G1 X91.626 Y151.498 E.02271
G1 X110.631 Y170.502 E.97725
G1 X111.256 Y170.502 E.02271
G1 X92.251 Y151.498 E.97725
G1 X92.876 Y151.498 E.02271
G1 X111.88 Y170.502 E.97725
G1 X112.505 Y170.502 E.02271
G1 X93.5 Y151.498 E.97725
G1 X94.125 Y151.498 E.02271
G1 X113.13 Y170.502 E.97725
G1 X113.754 Y170.502 E.02271
G1 X94.75 Y151.498 E.97725
G1 X95.375 Y151.498 E.02271
G1 X114.379 Y170.502 E.97725
G1 X115.004 Y170.502 E.02271
G1 X95.999 Y151.498 E.97725
G1 X96.624 Y151.498 E.02271
G1 X115.628 Y170.502 E.97725
G1 X116.253 Y170.502 E.02271
G1 X97.249 Y151.498 E.97725
G1 X97.873 Y151.498 E.02271
G1 X116.878 Y170.502 E.97725
G1 X117.502 Y170.502 E.02271
G1 X98.498 Y151.498 E.97725
G1 X99.123 Y151.498 E.02271
G1 X118.127 Y170.502 E.97725
G1 X118.752 Y170.502 E.02271
G1 X99.747 Y151.498 E.97725
G1 X100.372 Y151.498 E.02271
G1 X119.376 Y170.502 E.97725
G1 X120.001 Y170.502 E.02271
G1 X100.997 Y151.498 E.97725
G1 X101.621 Y151.498 E.02271
G1 X120.626 Y170.502 E.97725
G1 X121.25 Y170.502 E.02271
G1 X102.246 Y151.498 E.97725
G1 X102.871 Y151.498 E.02271
G1 X121.875 Y170.502 E.97725
G1 X122.5 Y170.502 E.02271
G1 X103.495 Y151.498 E.97725
G1 X104.12 Y151.498 E.02271
G1 X123.124 Y170.502 E.97725
G1 X123.749 Y170.502 E.02271
G1 X104.745 Y151.498 E.97725
G1 X105.369 Y151.498 E.02271
G1 X124.374 Y170.502 E.97725
G1 X124.998 Y170.502 E.02271
G1 X105.994 Y151.498 E.97725
G1 X106.619 Y151.498 E.02271
G1 X125.623 Y170.502 E.97725
G2 X126.226 Y170.481 I.178 J-3.457 E.02197
G1 X107.243 Y151.498 E.97614
G1 X107.868 Y151.498 E.02271
G1 X126.695 Y170.325 E.96814
G2 X127.054 Y170.059 I-.754 J-1.395 E.01629
G1 X108.493 Y151.498 E.95448
G1 X109.117 Y151.498 E.02271
G1 X127.322 Y169.702 E.93611
G2 X127.48 Y169.235 I-1.634 J-.813 E.01797
G1 X109.742 Y151.498 E.91212
G1 X110.367 Y151.498 E.02271
G1 X127.502 Y168.633 E.88115
G1 X127.502 Y168.009 E.02271
G1 X110.991 Y151.498 E.84903
G1 X111.616 Y151.498 E.02271
G1 X127.502 Y167.384 E.81691
G1 X127.502 Y166.759 E.02271
G1 X112.241 Y151.498 E.78478
G1 X112.865 Y151.498 E.02271
G1 X127.502 Y166.135 E.75266
G1 X127.502 Y165.51 E.02271
G1 X113.49 Y151.498 E.72054
G1 X114.115 Y151.498 E.02271
G1 X127.502 Y164.885 E.68842
G1 X127.502 Y164.261 E.02271
G1 X114.739 Y151.498 E.65629
G1 X115.364 Y151.498 E.02271
G1 X127.502 Y163.636 E.62417
G1 X127.502 Y163.011 E.02271
G1 X115.989 Y151.498 E.59205
G1 X116.613 Y151.498 E.02271
G1 X127.502 Y162.387 E.55993
G1 X127.502 Y161.762 E.02271
G1 X117.238 Y151.498 E.5278
G1 X117.863 Y151.498 E.02271
G1 X127.502 Y161.137 E.49568
G1 X127.502 Y160.513 E.02271
G1 X118.487 Y151.498 E.46356
G1 X119.112 Y151.498 E.02271
G1 X127.502 Y159.888 E.43144
G1 X127.502 Y159.263 E.02271
G1 X119.737 Y151.498 E.39931
G1 X120.362 Y151.498 E.02271
G1 X127.502 Y158.639 E.36719
G1 X127.502 Y158.014 E.02271
G1 X120.986 Y151.498 E.33507
G1 X121.611 Y151.498 E.02271
G1 X127.502 Y157.389 E.30295
G1 X127.502 Y156.764 E.02271
G1 X122.236 Y151.498 E.27083
G1 X122.86 Y151.498 E.02271
G1 X127.502 Y156.14 E.2387
G1 X127.502 Y155.515 E.02271
G1 X123.485 Y151.498 E.20658
G1 X124.11 Y151.498 E.02271
G1 X127.502 Y154.89 E.17446
G1 X127.502 Y154.266 E.02271
G1 X124.734 Y151.498 E.14234
G1 X125.359 Y151.498 E.02271
G1 X127.502 Y153.641 E.11021
G1 X127.502 Y153.016 E.02273
G1 X125.984 Y151.498 E.07804
G3 X126.954 Y151.843 I.007 J1.517 E.03818
G1 X127.619 Y152.509 E.03423
; stop printing object flowrate_m1 id:8318823020889268071 copy 0
; printing object flowrate_m4 id:0 copy 0
SET_VELOCITY_LIMIT ACCEL=10000 ACCEL_TO_DECEL=5000
G1 E-.5 F900
G1 Z2.2 F30000
G1 X126.312 Y138.77 Z2.2
G1 Z2
G1 E.5 F900
SET_VELOCITY_LIMIT ACCEL=5000 ACCEL_TO_DECEL=2500
;TYPE:Outer wall
;WIDTH:0.4
G1 F10501.858
G3 X125.991 Y138.8 I-.33 J-1.788 E.0092
G1 X90.009 Y138.8 E1.02563
G3 X88.2 Y136.991 I.01 J-1.818 E.08087
G1 X88.2 Y121.009 E.45556
G3 X90.009 Y119.2 I1.818 J.01 E.08087
G1 X125.991 Y119.2 E1.02563
G1 X126.312 Y119.228 E.00919
G3 X127.8 Y121.009 I-.317 J1.777 E.07183
G1 X127.8 Y136.991 E.45556
G3 X126.351 Y138.762 I-1.818 J-.01 E.07053
SET_VELOCITY_LIMIT ACCEL=10000 ACCEL_TO_DECEL=5000
G1 E-.5 F900
G1 Z2.2 F30000
G1 X88.381 Y137.491 Z2.2
G1 Z2
G1 E.5 F900
SET_VELOCITY_LIMIT ACCEL=2000 ACCEL_TO_DECEL=1000
;TYPE:Top surface
;WIDTH:0.484632
G1 F8220
G1 X89.047 Y138.157 E.03322
G2 X90.016 Y138.502 I.963 J-1.172 E.037
G1 X88.498 Y136.984 E.07568
G1 X88.498 Y136.359 E.02204
G1 X90.641 Y138.502 E.10688
G1 X91.266 Y138.502 E.02203
G1 X88.498 Y135.734 E.13803
G1 X88.498 Y135.109 E.02203
G1 X91.891 Y138.502 E.16918
G1 X92.515 Y138.502 E.02203
G1 X88.498 Y134.485 E.20033
G1 X88.498 Y133.86 E.02203
G1 X93.14 Y138.502 E.23148
G1 X93.765 Y138.502 E.02203
G1 X88.498 Y133.235 E.26263
G1 X88.498 Y132.611 E.02203
G1 X94.389 Y138.502 E.29377
G1 X95.014 Y138.502 E.02203
G1 X88.498 Y131.986 E.32492
G1 X88.498 Y131.361 E.02203
G1 X95.639 Y138.502 E.35607
M73 P98 R0
G1 X96.263 Y138.502 E.02203
G1 X88.498 Y130.737 E.38722
G1 X88.498 Y130.112 E.02203
G1 X96.888 Y138.502 E.41837
G1 X97.513 Y138.502 E.02203
G1 X88.498 Y129.487 E.44952
G1 X88.498 Y128.863 E.02203
G1 X98.137 Y138.502 E.48067
G1 X98.762 Y138.502 E.02203
G1 X88.498 Y128.238 E.51182
G1 X88.498 Y127.613 E.02203
G1 X99.387 Y138.502 E.54297
G1 X100.011 Y138.502 E.02203
G1 X88.498 Y126.989 E.57411
G1 X88.498 Y126.364 E.02203
G1 X100.636 Y138.502 E.60526
G1 X101.261 Y138.502 E.02203
G1 X88.498 Y125.739 E.63641
G1 X88.498 Y125.115 E.02203
G1 X101.885 Y138.502 E.66756
G1 X102.51 Y138.502 E.02203
G1 X88.498 Y124.49 E.69871
G1 X88.498 Y123.865 E.02203
G1 X103.135 Y138.502 E.72986
G1 X103.759 Y138.502 E.02203
G1 X88.498 Y123.241 E.76101
G1 X88.498 Y122.616 E.02203
G1 X104.384 Y138.502 E.79216
G1 X105.009 Y138.502 E.02203
G1 X88.498 Y121.991 E.82331
G1 X88.498 Y121.367 E.02203
G1 X105.633 Y138.502 E.85446
G1 X106.258 Y138.502 E.02203
G1 X88.52 Y120.764 E.88448
G3 X88.678 Y120.298 I1.793 J.347 E.01742
G1 X106.883 Y138.502 E.90775
G1 X107.507 Y138.502 E.02203
G1 X88.946 Y119.941 E.92556
G3 X89.305 Y119.675 I1.113 J1.129 E.0158
G1 X108.132 Y138.502 E.9388
G1 X108.757 Y138.502 E.02203
G1 X89.774 Y119.519 E.94656
G3 X90.377 Y119.498 I.425 J3.435 E.0213
G1 X109.381 Y138.502 E.94764
G1 X110.006 Y138.502 E.02203
G1 X91.002 Y119.498 E.94764
G1 X91.626 Y119.498 E.02203
G1 X110.631 Y138.502 E.94764
G1 X111.256 Y138.502 E.02203
G1 X92.251 Y119.498 E.94764
G1 X92.876 Y119.498 E.02203
G1 X111.88 Y138.502 E.94764
G1 X112.505 Y138.502 E.02203
G1 X93.5 Y119.498 E.94764
G1 X94.125 Y119.498 E.02203
G1 X113.13 Y138.502 E.94764
G1 X113.754 Y138.502 E.02203
G1 X94.75 Y119.498 E.94764
G1 X95.375 Y119.498 E.02203
G1 X114.379 Y138.502 E.94764
G1 X115.004 Y138.502 E.02203
G1 X95.999 Y119.498 E.94764
G1 X96.624 Y119.498 E.02203
G1 X115.628 Y138.502 E.94764
G1 X116.253 Y138.502 E.02203
G1 X97.249 Y119.498 E.94764
G1 X97.873 Y119.498 E.02203
G1 X116.878 Y138.502 E.94764
G1 X117.502 Y138.502 E.02203
G1 X98.498 Y119.498 E.94764
G1 X99.123 Y119.498 E.02203
G1 X118.127 Y138.502 E.94764
G1 X118.752 Y138.502 E.02203
G1 X99.747 Y119.498 E.94764
G1 X100.372 Y119.498 E.02203
G1 X119.376 Y138.502 E.94764
G1 X120.001 Y138.502 E.02203
G1 X100.997 Y119.498 E.94764
G1 X101.621 Y119.498 E.02203
G1 X120.626 Y138.502 E.94764
G1 X121.25 Y138.502 E.02203
G1 X102.246 Y119.498 E.94764
G1 X102.871 Y119.498 E.02203
G1 X121.875 Y138.502 E.94764
G1 X122.5 Y138.502 E.02203
G1 X103.495 Y119.498 E.94764
G1 X104.12 Y119.498 E.02203
G1 X123.124 Y138.502 E.94764
G1 X123.749 Y138.502 E.02203
G1 X104.745 Y119.498 E.94764
G1 X105.369 Y119.498 E.02203
G1 X124.374 Y138.502 E.94764
G1 X124.998 Y138.502 E.02203
G1 X105.994 Y119.498 E.94764
G1 X106.619 Y119.498 E.02203
G1 X125.623 Y138.502 E.94764
G2 X126.226 Y138.481 I.178 J-3.457 E.0213
G1 X107.243 Y119.498 E.94656
G1 X107.868 Y119.498 E.02203
G1 X126.695 Y138.325 E.9388
G2 X127.054 Y138.059 I-.754 J-1.395 E.0158
G1 X108.493 Y119.498 E.92556
G1 X109.117 Y119.498 E.02203
G1 X127.322 Y137.702 E.90775
G2 X127.48 Y137.235 I-1.634 J-.813 E.01743
G1 X109.742 Y119.498 E.88448
G1 X110.367 Y119.498 E.02203
G1 X127.502 Y136.633 E.85445
G1 X127.502 Y136.009 E.02203
G1 X110.991 Y119.498 E.8233
G1 X111.616 Y119.498 E.02203
G1 X127.502 Y135.384 E.79215
G1 X127.502 Y134.759 E.02203
G1 X112.241 Y119.498 E.761
G1 X112.865 Y119.498 E.02203
G1 X127.502 Y134.135 E.72985
G1 X127.502 Y133.51 E.02203
G1 X113.49 Y119.498 E.6987
G1 X114.115 Y119.498 E.02203
G1 X127.502 Y132.885 E.66756
G1 X127.502 Y132.261 E.02203
G1 X114.739 Y119.498 E.63641
G1 X115.364 Y119.498 E.02203
G1 X127.502 Y131.636 E.60526
G1 X127.502 Y131.011 E.02203
G1 X115.989 Y119.498 E.57411
G1 X116.613 Y119.498 E.02203
G1 X127.502 Y130.387 E.54296
G1 X127.502 Y129.762 E.02203
G1 X117.238 Y119.498 E.51181
G1 X117.863 Y119.498 E.02203
G1 X127.502 Y129.137 E.48066
G1 X127.502 Y128.513 E.02203
G1 X118.487 Y119.498 E.44951
G1 X119.112 Y119.498 E.02203
G1 X127.502 Y127.888 E.41836
G1 X127.502 Y127.263 E.02203
G1 X119.737 Y119.498 E.38721
G1 X120.362 Y119.498 E.02203
G1 X127.502 Y126.639 E.35607
G1 X127.502 Y126.014 E.02203
G1 X120.986 Y119.498 E.32492
G1 X121.611 Y119.498 E.02203
G1 X127.502 Y125.389 E.29377
G1 X127.502 Y124.764 E.02203
G1 X122.236 Y119.498 E.26262
G1 X122.86 Y119.498 E.02203
G1 X127.502 Y124.14 E.23147
G1 X127.502 Y123.515 E.02203
G1 X123.485 Y119.498 E.20032
G1 X124.11 Y119.498 E.02203
G1 X127.502 Y122.89 E.16917
G1 X127.502 Y122.266 E.02203
G1 X124.734 Y119.498 E.13802
G1 X125.359 Y119.498 E.02203
G1 X127.502 Y121.641 E.10687
G1 X127.502 Y121.016 E.02204
G1 X125.984 Y119.498 E.07567
G3 X126.954 Y119.843 I.007 J1.517 E.03702
G1 X127.619 Y120.509 E.03319
; stop printing object flowrate_m4 id:0 copy 0
; printing object flowrate_m9 id:0 copy 0
SET_VELOCITY_LIMIT ACCEL=10000 ACCEL_TO_DECEL=5000
G1 E-.5 F900
G1 Z2.2 F30000
G1 X126.312 Y106.77 Z2.2
G1 Z2
G1 E.5 F900
SET_VELOCITY_LIMIT ACCEL=5000 ACCEL_TO_DECEL=2500
;TYPE:Outer wall
;WIDTH:0.4
G1 F11078.884
G3 X125.991 Y106.8 I-.33 J-1.788 E.00872
G1 X90.009 Y106.8 E.97221
G3 X88.2 Y104.991 I.01 J-1.818 E.07665
G1 X88.2 Y89.009 E.43183
G3 X90.009 Y87.2 I1.818 J.01 E.07665
G1 X125.991 Y87.2 E.97221
G1 X126.312 Y87.228 E.00871
G3 X127.8 Y89.009 I-.317 J1.777 E.06809
G1 X127.8 Y104.991 E.43183
G3 X126.351 Y106.762 I-1.818 J-.01 E.06686
SET_VELOCITY_LIMIT ACCEL=10000 ACCEL_TO_DECEL=5000
G1 E-.5 F900
G1 Z2.2 F30000
G1 X88.381 Y105.491 Z2.2
G1 Z2
G1 E.5 F900
SET_VELOCITY_LIMIT ACCEL=2000 ACCEL_TO_DECEL=1000
;TYPE:Top surface
;WIDTH:0.484632
G1 F8220
G1 X89.047 Y106.157 E.03149
G2 X90.016 Y106.502 I.963 J-1.172 E.03508
G1 X88.498 Y104.984 E.07174
M73 P99 R0
G1 X88.498 Y104.359 E.0209
G1 X90.641 Y106.502 E.10131
G1 X91.266 Y106.502 E.02088
G1 X88.498 Y103.734 E.13084
G1 X88.498 Y103.109 E.02088
G1 X91.891 Y106.502 E.16037
G1 X92.515 Y106.502 E.02088
G1 X88.498 Y102.485 E.18989
G1 X88.498 Y101.86 E.02088
G1 X93.14 Y106.502 E.21942
G1 X93.765 Y106.502 E.02088
G1 X88.498 Y101.235 E.24895
G1 X88.498 Y100.611 E.02088
G1 X94.389 Y106.502 E.27847
G1 X95.014 Y106.502 E.02088
G1 X88.498 Y99.986 E.308
G1 X88.498 Y99.361 E.02088
G1 X95.639 Y106.502 E.33753
G1 X96.263 Y106.502 E.02088
G1 X88.498 Y98.737 E.36705
G1 X88.498 Y98.112 E.02088
G1 X96.888 Y106.502 E.39658
G1 X97.513 Y106.502 E.02088
G1 X88.498 Y97.487 E.42611
G1 X88.498 Y96.863 E.02088
G1 X98.137 Y106.502 E.45563
G1 X98.762 Y106.502 E.02088
G1 X88.498 Y96.238 E.48516
G1 X88.498 Y95.613 E.02088
G1 X99.387 Y106.502 E.51469
G1 X100.011 Y106.502 E.02088
G1 X88.498 Y94.989 E.54421
G1 X88.498 Y94.364 E.02088
G1 X100.636 Y106.502 E.57374
G1 X101.261 Y106.502 E.02088
G1 X88.498 Y93.739 E.60327
G1 X88.498 Y93.115 E.02088
G1 X101.885 Y106.502 E.63279
G1 X102.51 Y106.502 E.02088
G1 X88.498 Y92.49 E.66232
G1 X88.498 Y91.865 E.02088
G1 X103.135 Y106.502 E.69185
G1 X103.759 Y106.502 E.02088
G1 X88.498 Y91.241 E.72137
G1 X88.498 Y90.616 E.02088
G1 X104.384 Y106.502 E.7509
G1 X105.009 Y106.502 E.02088
G1 X88.498 Y89.991 E.78043
G1 X88.498 Y89.367 E.02088
G1 X105.633 Y106.502 E.80995
G1 X106.258 Y106.502 E.02088
G1 X88.52 Y88.764 E.83842
G3 X88.678 Y88.298 I1.793 J.347 E.01652
G1 X106.883 Y106.502 E.86047
G1 X107.507 Y106.502 E.02088
G1 X88.946 Y87.941 E.87736
G3 X89.305 Y87.675 I1.113 J1.13 E.01498
G1 X108.132 Y106.502 E.88991
G1 X108.757 Y106.502 E.02088
G1 X89.774 Y87.519 E.89726
G3 X90.377 Y87.498 I.425 J3.435 E.02019
G1 X109.381 Y106.502 E.89828
G1 X110.006 Y106.502 E.02088
G1 X91.002 Y87.498 E.89828
G1 X91.626 Y87.498 E.02088
G1 X110.631 Y106.502 E.89828
G1 X111.256 Y106.502 E.02088
G1 X92.251 Y87.498 E.89828
G1 X92.876 Y87.498 E.02088
G1 X111.88 Y106.502 E.89828
G1 X112.505 Y106.502 E.02088
G1 X93.5 Y87.498 E.89828
G1 X94.125 Y87.498 E.02088
G1 X113.13 Y106.502 E.89828
G1 X113.754 Y106.502 E.02088
G1 X94.75 Y87.498 E.89828
G1 X95.375 Y87.498 E.02088
G1 X114.379 Y106.502 E.89828
G1 X115.004 Y106.502 E.02088
G1 X95.999 Y87.498 E.89828
G1 X96.624 Y87.498 E.02088
G1 X115.628 Y106.502 E.89828
G1 X116.253 Y106.502 E.02088
G1 X97.249 Y87.498 E.89828
G1 X97.873 Y87.498 E.02088
G1 X116.878 Y106.502 E.89828
G1 X117.502 Y106.502 E.02088
G1 X98.498 Y87.498 E.89828
G1 X99.123 Y87.498 E.02088
G1 X118.127 Y106.502 E.89828
G1 X118.752 Y106.502 E.02088
G1 X99.747 Y87.498 E.89828
G1 X100.372 Y87.498 E.02088
G1 X119.376 Y106.502 E.89828
G1 X120.001 Y106.502 E.02088
G1 X100.997 Y87.498 E.89828
G1 X101.621 Y87.498 E.02088
G1 X120.626 Y106.502 E.89828
G1 X121.25 Y106.502 E.02088
G1 X102.246 Y87.498 E.89828
G1 X102.871 Y87.498 E.02088
G1 X121.875 Y106.502 E.89828
G1 X122.5 Y106.502 E.02088
G1 X103.495 Y87.498 E.89828
G1 X104.12 Y87.498 E.02088
G1 X123.124 Y106.502 E.89828
G1 X123.749 Y106.502 E.02088
G1 X104.745 Y87.498 E.89828
G1 X105.369 Y87.498 E.02088
G1 X124.374 Y106.502 E.89828
G1 X124.998 Y106.502 E.02088
G1 X105.994 Y87.498 E.89828
G1 X106.619 Y87.498 E.02088
G1 X125.623 Y106.502 E.89828
G2 X126.226 Y106.481 I.178 J-3.457 E.02019
G1 X107.243 Y87.498 E.89726
G1 X107.868 Y87.498 E.02088
G1 X126.695 Y106.325 E.8899
G2 X127.054 Y106.059 I-.754 J-1.395 E.01498
G1 X108.493 Y87.498 E.87735
G1 X109.117 Y87.498 E.02088
G1 X127.322 Y105.702 E.86047
G2 X127.48 Y105.235 I-1.634 J-.813 E.01652
G1 X109.742 Y87.498 E.83841
G1 X110.367 Y87.498 E.02088
G1 X127.502 Y104.633 E.80995
G1 X127.502 Y104.009 E.02088
G1 X110.991 Y87.498 E.78042
G1 X111.616 Y87.498 E.02088
G1 X127.502 Y103.384 E.75089
G1 X127.502 Y102.759 E.02088
G1 X112.241 Y87.498 E.72137
G1 X112.865 Y87.498 E.02088
G1 X127.502 Y102.135 E.69184
G1 X127.502 Y101.51 E.02088
G1 X113.49 Y87.498 E.66231
G1 X114.115 Y87.498 E.02088
G1 X127.502 Y100.885 E.63279
G1 X127.502 Y100.261 E.02088
G1 X114.739 Y87.498 E.60326
G1 X115.364 Y87.498 E.02088
G1 X127.502 Y99.636 E.57373
G1 X127.502 Y99.011 E.02088
G1 X115.989 Y87.498 E.54421
G1 X116.613 Y87.498 E.02088
G1 X127.502 Y98.387 E.51468
G1 X127.502 Y97.762 E.02088
G1 X117.238 Y87.498 E.48515
G1 X117.863 Y87.498 E.02088
G1 X127.502 Y97.137 E.45563
G1 X127.502 Y96.513 E.02088
G1 X118.487 Y87.498 E.4261
G1 X119.112 Y87.498 E.02088
G1 X127.502 Y95.888 E.39657
G1 X127.502 Y95.263 E.02088
G1 X119.737 Y87.498 E.36705
G1 X120.362 Y87.498 E.02088
G1 X127.502 Y94.639 E.33752
G1 X127.502 Y94.014 E.02088
G1 X120.986 Y87.498 E.30799
G1 X121.611 Y87.498 E.02088
G1 X127.502 Y93.389 E.27847
G1 X127.502 Y92.764 E.02088
G1 X122.236 Y87.498 E.24894
G1 X122.86 Y87.498 E.02088
G1 X127.502 Y92.14 E.21941
G1 X127.502 Y91.515 E.02088
G1 X123.485 Y87.498 E.18989
G1 X124.11 Y87.498 E.02088
G1 X127.502 Y90.89 E.16036
G1 X127.502 Y90.266 E.02088
G1 X124.734 Y87.498 E.13083
G1 X125.359 Y87.498 E.02088
G1 X127.502 Y89.641 E.10131
G1 X127.502 Y89.016 E.0209
G1 X125.984 Y87.498 E.07173
G3 X126.954 Y87.843 I.007 J1.517 E.03509
G1 X127.619 Y88.509 E.03147
; stop printing object flowrate_m9 id:0 copy 0
G1 E-.5 F900
M106 S0
;TYPE:Custom
; filament end gcode
G1 F1200 E-5
M400
M104 S0 T1
M106 S0
M140 S0
M141 S0
M400
G90
M73 P100 R0
; EXECUTABLE_BLOCK_END

; filament used [mm] = 5307.92
; filament used [cm3] = 12.77
; filament used [g] = 15.45
; filament cost = 0.29
; total filament used [g] = 15.45
; total filament cost = 0.29
; total layers count = 10
; estimated printing time (normal mode) = 33m 45s
; estimated first layer printing time (normal mode) = 2s

; CONFIG_BLOCK_START
; accel_to_decel_enable = 1
; accel_to_decel_factor = 50%
; activate_air_filtration = 0
; activate_air_filtration_during_print = 1
; activate_air_filtration_on_completion = 1
; activate_chamber_temp_control = 0
; adaptive_bed_mesh_margin = 0
; adaptive_pressure_advance = 0
; adaptive_pressure_advance_bridges = 0
; adaptive_pressure_advance_model = "0,0,0\n0,0,0"
; adaptive_pressure_advance_overhangs = 0
; additional_cooling_fan_speed = 70
; additional_fan_full_speed_layer = 0
; align_infill_direction_to_model = 0
; alternate_extra_wall = 0
; auxiliary_fan = 0
; bbl_calib_mark_logo = 1
; bbl_use_printhost = 0
; bed_custom_model = 
; bed_custom_texture = 
; bed_exclude_area = 0x0
; bed_mesh_max = 99999,99999
; bed_mesh_min = -99999,-99999
; bed_mesh_probe_distance = 50,50
; bed_temperature_formula = by_highest_temp
; before_layer_change_gcode = ;BEFORE_LAYER_CHANGE\n;[layer_z]\nG92 E0\n
; best_object_pos = 0.5,0.5
; bottom_shell_layers = 3
; bottom_shell_thickness = 0
; bottom_solid_infill_flow_ratio = 1
; bottom_surface_density = 100%
; bottom_surface_filament_id = 0
; bottom_surface_pattern = monotonic
; bridge_acceleration = 50%
; bridge_angle = 0
; bridge_density = 100%
; bridge_flow = 1
; bridge_line_width = 100%
; bridge_no_support = 0
; bridge_speed = 50
; brim_ears_detection_length = 1
; brim_ears_max_angle = 125
; brim_flow_ratio = 1
; brim_object_gap = 0.1
; brim_type = auto_brim
; brim_use_efc_outline = 0
; brim_width = 5
; calib_flowrate_topinfill_special_order = 0
; chamber_minimal_temperature = 0
; chamber_temperature = 0
; change_extrusion_role_gcode = 
; change_filament_gcode = 
; close_additional_fan_first_x_layers = 1
; close_fan_the_first_x_layers = 1
; combine_brims = 0
; complete_print_exhaust_fan_speed = 70
; cool_plate_temp = 35
; cool_plate_temp_initial_layer = 35
; cooling_tube_length = 5
; cooling_tube_retraction = 91.5
; counterbore_hole_bridging = none
; curr_bed_type = High Temp Plate
; default_acceleration = 10000
; default_bed_type = 
; default_filament_colour = ""
; default_filament_profile = "Generic PLA @System"
; default_jerk = 0
; default_junction_deviation = 0
; default_nozzle_volume_type = Standard
; default_print_profile = 0.20mm Standard @MyKlipper
; deretraction_speed = 15
; detect_narrow_internal_solid_infill = 1
; detect_overhang_wall = 1
; detect_thin_wall = 0
; different_settings_to_system = ;compatible_printers;nozzle_temperature;nozzle_temperature_initial_layer;
; disable_m73 = 0
; dont_filter_internal_bridges = disabled
; dont_slow_down_outer_wall = 0
; draft_shield = disabled
; during_print_exhaust_fan_speed = 70
; elefant_foot_compensation = 0
; elefant_foot_compensation_layers = 1
; elefant_foot_layers_density = 100%
; emit_machine_limits_to_gcode = 1
; enable_arc_fitting = 1
; enable_extra_bridge_layer = disabled
; enable_filament_ramming = 0
; enable_long_retraction_when_cut = 0
; enable_overhang_bridge_fan = 1
; enable_overhang_speed = 1
; enable_power_loss_recovery = printer_configuration
; enable_pressure_advance = 0
; enable_prime_tower = 0
; enable_support = 0
; enable_tower_interface_cooldown_during_tower = 0
; enable_tower_interface_features = 0
; enable_wrapping_detection = 0
; enforce_support_layers = 0
; eng_plate_temp = 0
; eng_plate_temp_initial_layer = 0
; ensure_vertical_shell_thickness = ensure_all
; exclude_object = 0
; extra_loading_move = -2
; extra_perimeters_on_overhangs = 0
; extra_solid_infills = 
; extruder_ams_count = 1#0|4#0;1#0|4#0
; extruder_clearance_height_to_lid = 140
; extruder_clearance_height_to_rod = 36
; extruder_clearance_radius = 65
; extruder_colour = #EDEDED
; extruder_offset = 0x0
; extruder_printable_area = 
; extruder_printable_height = 0
; extruder_type = Direct Drive
; extruder_variant_list = "Direct Drive Standard"
; extrusion_rate_smoothing_external_perimeter_only = 0
; fan_cooling_layer_time = 100
; fan_kickstart = 0
; fan_max_speed = 100
; fan_min_speed = 100
; fan_speedup_overhangs = 1
; fan_speedup_time = 0
; filament_adaptive_volumetric_speed = 0
; filament_adhesiveness_category = 0
; filament_change_extrusion_role_gcode = ""
; filament_change_length = 10
; filament_colour = #EDEDED
; filament_colour_type = 1
; filament_cooling_before_tower = 10
; filament_cooling_final_speed = 3.4
; filament_cooling_initial_speed = 2.2
; filament_cooling_moves = 4
; filament_cost = 18.99
; filament_density = 1.21
; filament_diameter = 1.75
; filament_end_gcode = "; filament end gcode\n"
; filament_extruder_variant = "Direct Drive Standard"
; filament_flow_ratio = 1
; filament_flush_temp = 0
; filament_flush_volumetric_speed = 0
; filament_ids = OGFSNL04
; filament_is_support = 0
; filament_loading_speed = 28
; filament_loading_speed_start = 3
; filament_long_retractions_when_cut = 1
; filament_map = 1
; filament_map_mode = Auto For Flush
; filament_max_volumetric_speed = 12
; filament_minimal_purge_on_wipe_tower = 15
; filament_multi_colour = #EDEDED
; filament_multitool_ramming = 0
; filament_multitool_ramming_flow = 10
; filament_multitool_ramming_volume = 10
; filament_notes = ""
; filament_printable = 3
; filament_ramming_parameters = "120 100 6.6 6.8 7.2 7.6 7.9 8.2 8.7 9.4 9.9 10.0| 0.05 6.6 0.45 6.8 0.95 7.8 1.45 8.3 1.95 9.7 2.45 10 2.95 7.6 3.45 7.6 3.95 7.6 4.45 7.6 4.95 7.6"
; filament_retraction_distances_when_cut = 18
; filament_self_index = 1
; filament_settings_id = "SUNLU PLA+ 2.0 @System - Loom T1"
; filament_shrink = 100%
; filament_shrinkage_compensation_z = 100%
; filament_soluble = 0
; filament_stamping_distance = 0
; filament_stamping_loading_speed = 0
; filament_start_gcode = "; Filament gcode\n"
; filament_toolchange_delay = 0
; filament_tower_interface_pre_extrusion_dist = 10
; filament_tower_interface_pre_extrusion_length = 0
; filament_tower_interface_print_temp = -1
; filament_tower_interface_purge_volume = 20
; filament_tower_ironing_area = 4
; filament_type = PLA
; filament_unloading_speed = 90
; filament_unloading_speed_start = 100
; filament_vendor = SUNLU
; file_start_gcode = 
; filename_format = {input_filename_base}_{filament_type[0]}_{print_time}.gcode
; fill_multiline = 1
; filter_out_gap_fill = 0
; first_layer_flow_ratio = 1
; first_layer_print_sequence = 0
; first_x_layer_fan_speed = 0
; flashforge_serial_number = 
; flush_into_infill = 0
; flush_into_objects = 0
; flush_into_support = 1
; flush_multiplier = 0.3
; flush_volumes_matrix = 0
; flush_volumes_vector = 140,140
; full_fan_speed_layer = 0
; fuzzy_skin = disabled_fuzzy
; fuzzy_skin_first_layer = 0
; fuzzy_skin_layers_between_ripple_offset = 1
; fuzzy_skin_mode = displacement
; fuzzy_skin_noise_type = classic
; fuzzy_skin_octaves = 4
; fuzzy_skin_persistence = 0.5
; fuzzy_skin_point_distance = 0.3
; fuzzy_skin_ripple_offset = 50%
; fuzzy_skin_ripples_per_layer = 15
; fuzzy_skin_scale = 1
; fuzzy_skin_thickness = 0.2
; gap_fill_flow_ratio = 1
; gap_fill_target = nowhere
; gap_infill_speed = 250
; gcode_add_line_number = 0
; gcode_comments = 0
; gcode_flavor = klipper
; gcode_label_objects = 1
; grab_length = 0
; gyroid_optimized = 0
; has_scarf_joint_seam = 0
; head_wrap_detect_zone = 
; high_current_on_filament_swap = 0
; hole_to_polyhole = 0
; hole_to_polyhole_threshold = 0.01
; hole_to_polyhole_twisted = 1
; host_type = moonraker
; hot_plate_temp = 55
; hot_plate_temp_initial_layer = 55
; idle_temperature = 0
; independent_support_layer_height = 1
; infill_anchor = 400%
; infill_anchor_max = 20
; infill_combination = 0
; infill_combination_max_layer_height = 100%
; infill_direction = 45
; infill_jerk = 9
; infill_lock_depth = 1
; infill_overhang_angle = 60
; infill_shift_step = 0.4
; infill_wall_overlap = 15%
; inherits_group = ;"SUNLU PLA+ 2.0 @System";
; initial_layer_acceleration = 500
; initial_layer_infill_speed = 105
; initial_layer_jerk = 9
; initial_layer_line_width = 0.4
; initial_layer_min_bead_width = 85%
; initial_layer_print_height = 0.2
; initial_layer_speed = 50
; initial_layer_travel_acceleration = 100%
; initial_layer_travel_jerk = 100%
; initial_layer_travel_speed = 100%
; inner_wall_acceleration = 10000
; inner_wall_filament_id = 0
; inner_wall_flow_ratio = 1
; inner_wall_jerk = 9
; inner_wall_line_width = 0.4
; inner_wall_speed = 300
; input_shaping_damp_x = 0.1
; input_shaping_damp_y = 0.1
; input_shaping_emit = 0
; input_shaping_freq_x = 0
; input_shaping_freq_y = 0
; input_shaping_type = Default
; interface_shells = 0
; interlocking_beam = 0
; interlocking_beam_layer_count = 2
; interlocking_beam_width = 0.8
; interlocking_boundary_avoidance = 2
; interlocking_depth = 2
; interlocking_orientation = 22.5
; internal_bridge_angle = 0
; internal_bridge_density = 100%
; internal_bridge_fan_speed = -1
; internal_bridge_flow = 1
; internal_bridge_speed = 150%
; internal_solid_filament_id = 0
; internal_solid_infill_acceleration = 100%
; internal_solid_infill_flow_ratio = 1
; internal_solid_infill_line_width = 0.4
; internal_solid_infill_pattern = monotonic
; internal_solid_infill_speed = 250
; ironing_angle = 0
; ironing_angle_fixed = 0
; ironing_expansion = 0
; ironing_fan_speed = -1
; ironing_flow = 10%
; ironing_inset = 0
; ironing_pattern = rectilinear
; ironing_spacing = 0.15
; ironing_speed = 30
; ironing_type = no ironing
; is_infill_first = 0
; lateral_lattice_angle_1 = -45
; lateral_lattice_angle_2 = 45
; layer_change_gcode = ;AFTER_LAYER_CHANGE\n;[layer_z]\nSET_PRINT_STATS_INFO CURRENT_LAYER={layer_num + 1}
; layer_height = 0.2
; lightning_overhang_angle = 45
; lightning_prune_angle = 45
; lightning_straightening_angle = 45
; line_width = 0.4
; long_retractions_when_cut = 0
; long_retractions_when_ec = 0
; machine_end_gcode = G1 F1200 E-5\nM400\nM104 S0 T1\nM106 S0\nM140 S0\nM141 S0\nM400\nG90
; machine_load_filament_time = 0
; machine_max_acceleration_e = 5000,5000
; machine_max_acceleration_extruding = 10000,20000
; machine_max_acceleration_retracting = 5000,5000
; machine_max_acceleration_travel = 20000,20000
; machine_max_acceleration_x = 10000,20000
; machine_max_acceleration_y = 10000,20000
; machine_max_acceleration_z = 500,200
; machine_max_jerk_e = 2.5,2.5
; machine_max_jerk_x = 9,9
; machine_max_jerk_y = 9,9
; machine_max_jerk_z = 0.2,0.4
; machine_max_junction_deviation = 0.01
; machine_max_speed_e = 25,25
; machine_max_speed_x = 500,200
; machine_max_speed_y = 500,200
; machine_max_speed_z = 12,12
; machine_min_extruding_rate = 0,0
; machine_min_travel_rate = 0,0
; machine_pause_gcode = PAUSE
; machine_start_gcode = SET_PRINT_STATS_INFO TOTAL_LAYER={total_layer_count}\nSET_PRESSURE_ADVANCE EXTRUDER=extruder1 SMOOTH_TIME=0.04\nSET_PRESSURE_ADVANCE EXTRUDER=extruder1 ADVANCE=0.03\nSET_VELOCITY_LIMIT MINIMUM_CRUISE_RATIO=0.6\nM104 S[nozzle_temperature_initial_layer] T1\nM140 S[bed_temperature_initial_layer_single]\nM141 S0\nG21\nG90\nM83\nG92 E0\nG0 Z10 F900\nM190 S[bed_temperature_initial_layer_single]\nM191 S0\nM400\nM109 S[nozzle_temperature_initial_layer] T1\nT1 R ; FibreSeek macro: switch to right nozzle, apply offsets + mesh offset\nMOVE_TO_BRUSH_STATION\nCLEAN_NOZZLE\nMOVE_OUT_BRUSH_STATION\nG92 E0
; machine_tool_change_time = 0
; machine_unload_filament_time = 0
; make_overhang_printable = 0
; make_overhang_printable_angle = 55
; make_overhang_printable_hole_size = 0
; manual_filament_change = 0
; master_extruder_id = 1
; max_bridge_length = 10
; max_layer_height = 0.32
; max_resonance_avoidance_speed = 120
; max_travel_detour_distance = 0
; max_volumetric_extrusion_rate_slope = 0
; max_volumetric_extrusion_rate_slope_segment_length = 3
; min_bead_width = 85%
; min_feature_size = 25%
; min_layer_height = 0.08
; min_length_factor = 0.5
; min_resonance_avoidance_speed = 70
; min_skirt_length = 0
; min_width_top_surface = 300%
; minimum_sparse_infill_area = 15
; mmu_segmented_region_interlocking_depth = 0
; mmu_segmented_region_max_width = 0
; notes = 
; nozzle_diameter = 0.4
; nozzle_flush_dataset = 0
; nozzle_height = 2.5
; nozzle_hrc = 0
; nozzle_temperature = 205
; nozzle_temperature_initial_layer = 210
; nozzle_temperature_range_high = 240
; nozzle_temperature_range_low = 190
; nozzle_type = hardened_steel
; nozzle_volume = 0
; nozzle_volume_type = Standard
; only_one_wall_first_layer = 0
; only_one_wall_top = 1
; ooze_prevention = 0
; other_layers_print_sequence = 0
; other_layers_print_sequence_nums = 0
; outer_wall_acceleration = 5000
; outer_wall_filament_id = 0
; outer_wall_flow_ratio = 1
; outer_wall_jerk = 9
; outer_wall_line_width = 0.4
; outer_wall_speed = 200
; overhang_1_4_speed = 0
; overhang_2_4_speed = 50
; overhang_3_4_speed = 30
; overhang_4_4_speed = 10
; overhang_fan_speed = 100
; overhang_fan_threshold = 50%
; overhang_flow_ratio = 1
; overhang_reverse = 0
; overhang_reverse_internal_only = 0
; overhang_reverse_threshold = 50%
; parallel_printheads_bed_exclude_areas = 
; parallel_printheads_count = 1
; parking_pos_retraction = 92
; part_cooling_fan_min_pwm = 0
; pellet_flow_coefficient = 0.4157
; pellet_modded_printer = 0
; physical_extruder_map = 0
; post_process = 
; precise_outer_wall = 1
; precise_z_height = 0
; preferred_orientation = 0
; preheat_steps = 1
; preheat_time = 30
; pressure_advance = 0.02
; prime_tower_brim_width = 3
; prime_tower_enable_framework = 0
; prime_tower_flat_ironing = 0
; prime_tower_infill_gap = 150%
; prime_tower_skip_points = 1
; prime_tower_width = 35
; prime_volume = 45
; print_compatible_printers = "Loom P1 0.4 nozzle"
; print_extruder_id = 1
; print_extruder_variant = "Direct Drive Standard"
; print_flow_ratio = 1
; print_order = default
; print_sequence = by layer
; print_settings_id = process template @Loom P1 0.4 nozzle
; printable_area = 0x0,305x0,305x305,0x305
; printable_height = 245
; printer_agent = moonraker
; printer_extruder_id = 1
; printer_extruder_variant = "Direct Drive Standard"
; printer_model = Loom P1
; printer_notes = 
; printer_settings_id = Loom P1 0.4 nozzle
; printer_structure = undefine
; printer_technology = FFF
; printer_variant = 0.4
; printhost_authorization_type = key
; printhost_ssl_ignore_revoke = 0
; printing_by_object_gcode = 
; process_change_extrusion_role_gcode = 
; purge_in_prime_tower = 0
; raft_contact_distance = 0.1
; raft_expansion = 1.5
; raft_first_layer_density = 90%
; raft_first_layer_expansion = 2
; raft_layers = 0
; reduce_crossing_wall = 0
; reduce_fan_stop_start_freq = 1
; reduce_infill_retraction = 1
; relative_bridge_angle = 0
; required_nozzle_HRC = 3
; resolution = 0.012
; resonance_avoidance = 0
; retract_before_wipe = 70%
; retract_length_toolchange = 2
; retract_lift_above = 0
; retract_lift_below = 0
; retract_lift_enforce = All Surfaces
; retract_restart_extra = 0
; retract_restart_extra_toolchange = 0
; retract_when_changing_layer = 1
; retraction_distances_when_cut = 18
; retraction_distances_when_ec = 10
; retraction_length = 0.5
; retraction_minimum_travel = 1
; retraction_speed = 15
; role_based_wipe_speed = 1
; scan_first_layer = 0
; scarf_angle_threshold = 155
; scarf_joint_flow_ratio = 1
; scarf_joint_speed = 100%
; scarf_overhang_threshold = 40%
; seam_gap = 10%
; seam_position = aligned
; seam_slope_conditional = 0
; seam_slope_entire_loop = 0
; seam_slope_inner_walls = 0
; seam_slope_min_length = 20
; seam_slope_start_height = 0
; seam_slope_steps = 10
; seam_slope_type = none
; set_other_flow_ratios = 0
; silent_mode = 0
; single_extruder_multi_material = 0
; single_extruder_multi_material_priming = 0
; single_loop_draft_shield = 0
; skeleton_infill_density = 25%
; skeleton_infill_line_width = 100%
; skin_infill_density = 25%
; skin_infill_depth = 2
; skin_infill_line_width = 100%
; skirt_distance = 2
; skirt_height = 1
; skirt_loops = 0
; skirt_speed = 50
; skirt_start_angle = -135
; skirt_type = combined
; slice_closing_radius = 0.049
; slicing_mode = regular
; slow_down_for_layer_cooling = 1
; slow_down_layer_time = 4
; slow_down_layers = 0
; slow_down_min_speed = 10
; slowdown_for_curled_perimeters = 0
; small_area_infill_flow_compensation = 0
; small_area_infill_flow_compensation_model = 0,0;"\n0.2,0.4444";"\n0.4,0.6145";"\n0.6,0.7059";"\n0.8,0.7619";"\n1.5,0.8571";"\n2,0.8889";"\n3,0.9231";"\n5,0.9520";"\n10,1"
; small_perimeter_speed = 50%
; small_perimeter_threshold = 0
; solid_infill_direction = 45
; solid_infill_rotate_template = 
; sparse_infill_acceleration = 100%
; sparse_infill_density = 15%
; sparse_infill_filament_id = 0
; sparse_infill_flow_ratio = 1
; sparse_infill_line_width = 0.4
; sparse_infill_pattern = crosshatch
; sparse_infill_rotate_template = 
; sparse_infill_speed = 270
; spiral_finishing_flow_ratio = 0
; spiral_mode = 0
; spiral_mode_max_xy_smoothing = 200%
; spiral_mode_smooth = 0
; spiral_starting_flow_ratio = 0
; staggered_inner_seams = 0
; standby_temperature_delta = -5
; start_end_points = 30x-3,54x245
; supertack_plate_temp = 45
; supertack_plate_temp_initial_layer = 45
; support_air_filtration = 1
; support_angle = 0
; support_base_pattern = default
; support_base_pattern_spacing = 2.5
; support_bottom_interface_spacing = 0.5
; support_bottom_z_distance = 0.2
; support_chamber_temp_control = 1
; support_critical_regions_only = 0
; support_expansion = 0
; support_filament = 0
; support_flow_ratio = 1
; support_interface_bottom_layers = 2
; support_interface_filament = 0
; support_interface_flow_ratio = 1
; support_interface_loop_pattern = 0
; support_interface_not_for_body = 1
; support_interface_pattern = auto
; support_interface_spacing = 0.5
; support_interface_speed = 80
; support_interface_top_layers = 2
; support_ironing = 0
; support_ironing_flow = 10%
; support_ironing_pattern = rectilinear
; support_ironing_spacing = 0.1
; support_line_width = 0.4
; support_material_interface_fan_speed = -1
; support_multi_bed_types = 0
; support_object_first_layer_gap = 0.2
; support_object_skip_flush = 0
; support_object_xy_distance = 0.35
; support_on_build_plate_only = 0
; support_parallel_printheads = 0
; support_remove_small_overhang = 1
; support_speed = 150
; support_style = default
; support_threshold_angle = 30
; support_threshold_overlap = 50%
; support_top_z_distance = 0.2
; support_type = normal(auto)
; symmetric_infill_y_axis = 0
; temperature_vitrification = 54
; template_custom_gcode = 
; textured_cool_plate_temp = 40
; textured_cool_plate_temp_initial_layer = 40
; textured_plate_temp = 55
; textured_plate_temp_initial_layer = 55
; thick_bridges = 0
; thick_internal_bridges = 1
; thumbnails = 48x48/PNG, 300x300/PNG
; thumbnails_format = PNG
; time_cost = 0
; time_lapse_gcode = 
; timelapse_type = 0
; tool_change_on_wipe_tower = 0
; top_bottom_infill_wall_overlap = 25%
; top_shell_layers = 5
; top_shell_thickness = 0.6
; top_solid_infill_flow_ratio = 1
; top_surface_acceleration = 2000
; top_surface_density = 100%
; top_surface_filament_id = 0
; top_surface_jerk = 9
; top_surface_line_width = 0.4
; top_surface_pattern = monotonicline
; top_surface_speed = 200
; travel_acceleration = 10000
; travel_jerk = 12
; travel_slope = 3
; travel_speed = 500
; travel_speed_z = 0
; tree_support_angle_slow = 25
; tree_support_auto_brim = 1
; tree_support_branch_angle = 45
; tree_support_branch_angle_organic = 40
; tree_support_branch_diameter = 2
; tree_support_branch_diameter_angle = 5
; tree_support_branch_diameter_organic = 2
; tree_support_branch_distance = 5
; tree_support_branch_distance_organic = 1
; tree_support_brim_width = 3
; tree_support_tip_diameter = 0.8
; tree_support_top_rate = 30%
; tree_support_wall_count = 0
; upward_compatible_machine = 
; use_3mf = 0
; use_firmware_retraction = 0
; use_relative_e_distances = 1
; volumetric_speed_coefficients = ""
; wall_direction = ccw
; wall_distribution_count = 1
; wall_generator = classic
; wall_loops = 2
; wall_maximum_deviation = 0.025
; wall_maximum_resolution = 0.5
; wall_sequence = inner wall/outer wall
; wall_transition_angle = 10
; wall_transition_filter_deviation = 25%
; wall_transition_length = 100%
; wipe = 0
; wipe_before_external_loop = 0
; wipe_distance = 1
; wipe_on_loops = 0
; wipe_speed = 80%
; wipe_tower_bridging = 10
; wipe_tower_cone_angle = 30
; wipe_tower_extra_flow = 100%
; wipe_tower_extra_rib_length = 0
; wipe_tower_extra_spacing = 100%
; wipe_tower_filament = 0
; wipe_tower_fillet_wall = 1
; wipe_tower_max_purge_speed = 90
; wipe_tower_no_sparse_layers = 0
; wipe_tower_rib_width = 8
; wipe_tower_rotation_angle = 0
; wipe_tower_type = type2
; wipe_tower_wall_type = rib
; wipe_tower_x = 165.000
; wipe_tower_x = 165
; wipe_tower_y = 250.000
; wipe_tower_y = 250
; wiping_volumes_extruders = 70,70,70,70,70,70,70,70,70,70
; wrapping_detection_gcode = 
; wrapping_detection_layers = 20
; wrapping_exclude_area = 
; xy_contour_compensation = 0
; xy_hole_compensation = 0
; z_hop = 0.2
; z_hop_types = Normal Lift
; z_offset = 0
; zaa_dont_alternate_fill_direction = 0
; zaa_enabled = 0
; zaa_min_z = 0.05
; zaa_minimize_perimeter_height = 35
; first_layer_bed_temperature = 55
; bed_shape = 0x0,305x0,305x305,0x305
; first_layer_temperature = 210
; first_layer_height = 0.200
; CONFIG_BLOCK_END


