; HEADER_BLOCK_START
; generated by OrcaSlicer 2.4.2 on 2026-09-15 at 09:24:34
; total layer number: 150
; filament_density: 1.21
; filament_diameter: 1.75
; max_z_height: 30.00
; filament: 1
; HEADER_BLOCK_END

; external perimeters extrusion width = 0.40mm
; perimeters extrusion width = 0.40mm
; infill extrusion width = 0.40mm
; solid infill extrusion width = 0.40mm
; top infill extrusion width = 0.40mm
; first layer extrusion width = 0.40mm

; EXECUTABLE_BLOCK_START
M73 P0 R12
;TYPE:Custom
SET_PRINT_STATS_INFO TOTAL_LAYER=150
SET_PRESSURE_ADVANCE EXTRUDER=extruder1 SMOOTH_TIME=0.04
SET_PRESSURE_ADVANCE EXTRUDER=extruder1 ADVANCE=0.03
SET_VELOCITY_LIMIT MINIMUM_CRUISE_RATIO=0.6
M104 S210 T1
M140 S55
M141 S0
G21
G90
M83
G92 E0
G0 Z10 F900
M190 S55
M191 S0
M400
M109 S210 T1
T1 R ; FibreSeek macro: switch to right nozzle, apply offsets + mesh offset
MOVE_TO_BRUSH_STATION
CLEAN_NOZZLE
MOVE_OUT_BRUSH_STATION
G92 E0
G90
G21
M83 ; use relative distances for extrusion
; Filament gcode
M106 S0
;LAYER_CHANGE
;Z:0.2
;HEIGHT:0.2
;BEFORE_LAYER_CHANGE
;0.2
G92 E0

; FS-RETRACT BAND from layer 1: length 0.5 mm, speed 15.0 mm/s
G1 E-.5 F900
;AFTER_LAYER_CHANGE
;0.2
SET_PRINT_STATS_INFO CURRENT_LAYER=1
;_SET_FAN_SPEED_CHANGING_LAYER
SET_VELOCITY_LIMIT ACCEL=500 ACCEL_TO_DECEL=250
SET_VELOCITY_LIMIT ACCEL=10000 ACCEL_TO_DECEL=5000
G1 Z.4 F30000
G1 X176.386 Y146.706
G1 Z.4
G1 Z.2
G1 E.5 F900
SET_VELOCITY_LIMIT ACCEL=500 ACCEL_TO_DECEL=250
;TYPE:Brim
;WIDTH:0.4
G1 F6300
G1 X176.74 Y146.352 E.01486
G1 X177.152 Y146.072 E.01478
G1 X177.757 Y145.828 E.01937
G1 X178.513 Y145.722 E.02265
G1 X186.492 Y145.722 E.23691
G1 X186.998 Y145.769 E.01511
G1 X187.48 Y145.908 E.0149
G1 X187.878 Y146.102 E.01313
G1 X188.294 Y146.386 E.01497
G1 X188.648 Y146.74 E.01486
G1 X188.928 Y147.153 E.01481
G1 X189.157 Y147.705 E.01776
G1 X189.278 Y148.513 E.02426
G1 X189.278 Y156.492 E.23689
G1 X189.231 Y156.998 E.01511
G1 X189.092 Y157.48 E.0149
G1 X188.898 Y157.878 E.01313
G1 X188.614 Y158.294 E.01497
G1 X188.26 Y158.648 E.01486
G1 X187.848 Y158.928 E.01478
G1 X187.243 Y159.172 E.01937
G1 X186.487 Y159.278 E.02265
G1 X178.508 Y159.278 E.23691
G1 X178.002 Y159.231 E.01511
G1 X177.52 Y159.092 E.0149
G1 X177.122 Y158.898 E.01313
G1 X176.706 Y158.614 E.01497
G1 X176.352 Y158.26 E.01486
G1 X176.072 Y157.848 E.01478
G1 X175.828 Y157.243 E.01937
G1 X175.722 Y156.487 E.02265
G1 X175.722 Y148.508 E.23691
G1 X175.769 Y148.002 E.01511
G1 X175.908 Y147.52 E.0149
G1 X176.102 Y147.122 E.01313
G1 X176.364 Y146.739 E.01378
SET_VELOCITY_LIMIT ACCEL=10000 ACCEL_TO_DECEL=5000
G1 X176.657 Y146.943 F30000
SET_VELOCITY_LIMIT ACCEL=500 ACCEL_TO_DECEL=250
G1 F6300
G1 X176.977 Y146.623 E.01345
G1 X177.332 Y146.385 E.01268
G1 X177.863 Y146.174 E.01696
G1 X178.53 Y146.08 E.02
G1 X186.48 Y146.079 E.23604
G1 X186.921 Y146.121 E.01317
G1 X187.343 Y146.24 E.013
G1 X187.704 Y146.416 E.01194
G1 X188.057 Y146.657 E.01267
G1 X188.364 Y146.962 E.01286
G1 X188.606 Y147.314 E.01268
G1 X188.812 Y147.814 E.01607
G1 X188.921 Y148.548 E.02202
G1 X188.921 Y156.47 E.23521
G1 X188.879 Y156.921 E.01346
G1 X188.76 Y157.343 E.013
G1 X188.584 Y157.704 E.01194
G1 X188.343 Y158.057 E.01267
G1 X188.023 Y158.377 E.01345
G1 X187.668 Y158.615 E.01268
G1 X187.137 Y158.826 E.01696
G1 X186.455 Y158.921 E.02045
G1 X178.52 Y158.921 E.2356
G1 X178.079 Y158.879 E.01317
G1 X177.657 Y158.76 E.013
G1 X177.296 Y158.584 E.01194
G1 X176.943 Y158.343 E.01267
G1 X176.623 Y158.023 E.01345
G1 X176.385 Y157.668 E.01268
G1 X176.174 Y157.137 E.01696
G1 X176.079 Y156.455 E.02045
G1 X176.079 Y148.52 E.2356
G1 X176.121 Y148.079 E.01317
G1 X176.24 Y147.657 E.013
G1 X176.416 Y147.296 E.01194
G1 X176.634 Y146.976 E.01148
SET_VELOCITY_LIMIT ACCEL=10000 ACCEL_TO_DECEL=5000
G1 X176.927 Y147.18 F30000
SET_VELOCITY_LIMIT ACCEL=500 ACCEL_TO_DECEL=250
G1 F6300
G1 X177.198 Y146.907 E.01142
G1 X177.51 Y146.698 E.01115
G1 X177.968 Y146.52 E.01459
G1 X178.548 Y146.438 E.01739
G1 X186.468 Y146.437 E.23517
G1 X186.865 Y146.476 E.01184
G1 X187.223 Y146.579 E.01108
G1 X187.531 Y146.73 E.01018
G1 X187.82 Y146.928 E.01039
G1 X188.082 Y147.185 E.01088
G1 X188.295 Y147.495 E.01119
G1 X188.46 Y147.898 E.01292
G1 X188.563 Y148.567 E.02008
G1 X188.563 Y156.458 E.23432
G1 X188.528 Y156.846 E.01155
G1 X188.427 Y157.206 E.0111
G1 X188.278 Y157.518 E.01027
G1 X188.073 Y157.82 E.01083
G1 X187.802 Y158.093 E.01142
G1 X187.49 Y158.302 E.01115
G1 X187.033 Y158.48 E.01458
G1 X186.423 Y158.564 E.01828
G1 X178.532 Y158.563 E.23429
G1 X178.154 Y158.528 E.01126
G1 X177.794 Y158.427 E.0111
G1 X177.482 Y158.278 E.01027
G1 X177.18 Y158.073 E.01083
G1 X176.907 Y157.802 E.01142
G1 X176.698 Y157.49 E.01115
G1 X176.52 Y157.033 E.01458
G1 X176.436 Y156.423 E.01828
G1 X176.437 Y148.532 E.23429
G1 X176.472 Y148.154 E.01126
G1 X176.573 Y147.794 E.0111
G1 X176.722 Y147.482 E.01027
G1 X176.905 Y147.214 E.00964
SET_VELOCITY_LIMIT ACCEL=10000 ACCEL_TO_DECEL=5000
G1 X177.198 Y147.417 F30000
SET_VELOCITY_LIMIT ACCEL=500 ACCEL_TO_DECEL=250
G1 F6300
G1 X177.419 Y147.192 E.00935
G1 X177.687 Y147.012 E.00958
G1 X178.071 Y146.866 E.0122
G1 X178.58 Y146.795 E.01527
G1 X186.456 Y146.795 E.23384
G1 X186.788 Y146.827 E.00989
G1 X187.103 Y146.918 E.00974
G1 X187.358 Y147.044 E.00844
G1 X187.585 Y147.199 E.00817
G1 X187.799 Y147.408 E.00888
G1 X187.983 Y147.677 E.00967
G1 X188.109 Y147.982 E.00982
G1 X188.204 Y148.586 E.01813
G1 X188.206 Y156.437 E.23311
G1 X188.176 Y156.771 E.00997
G1 X188.094 Y157.071 E.00921
G1 X187.971 Y157.332 E.00859
G1 X187.802 Y157.583 E.00899
G1 X187.581 Y157.808 E.00935
G1 X187.313 Y157.988 E.00958
G1 X186.93 Y158.134 E.01218
G1 X186.391 Y158.207 E.01614
G1 X178.554 Y158.206 E.2327
G1 X178.229 Y158.176 E.00968
G1 X177.929 Y158.094 E.00922
G1 X177.668 Y157.971 E.00859
G1 X177.417 Y157.802 E.00899
G1 X177.192 Y157.581 E.00935
G1 X177.012 Y157.313 E.00958
G1 X176.866 Y156.93 E.01218
G1 X176.793 Y156.391 E.01614
G1 X176.794 Y148.554 E.2327
G1 X176.824 Y148.229 E.00968
G1 X176.906 Y147.929 E.00922
G1 X177.029 Y147.668 E.00859
G1 X177.176 Y147.45 E.0078
SET_VELOCITY_LIMIT ACCEL=10000 ACCEL_TO_DECEL=5000
G1 X177.461 Y147.684 F30000
SET_VELOCITY_LIMIT ACCEL=500 ACCEL_TO_DECEL=250
G1 F6300
G1 X177.58 Y147.539 E.00556
G1 X177.81 Y147.357 E.00871
M73 P1 R12
G1 X178.013 Y147.254 E.00674
G1 X178.239 Y147.185 E.00701
G1 X178.523 Y147.15 E.0085
G1 X186.472 Y147.15 E.23604
G1 X186.836 Y147.211 E.01093
G1 X187.101 Y147.313 E.00845
G1 X187.24 Y147.399 E.00483
G1 X187.54 Y147.666 E.01195
G1 X187.68 Y147.874 E.00743
G1 X187.768 Y148.07 E.00638
G1 X187.814 Y148.237 E.00516
G1 X187.85 Y148.523 E.00854
G1 X187.85 Y156.472 E.23604
G1 X187.789 Y156.836 E.01093
G1 X187.686 Y157.101 E.00845
G1 X187.601 Y157.24 E.00483
G1 X187.334 Y157.54 E.01195
G1 X187.126 Y157.68 E.00743
G1 X186.93 Y157.768 E.00638
G1 X186.763 Y157.814 E.00516
G1 X186.477 Y157.85 E.00854
G1 X178.528 Y157.85 E.23604
G1 X178.164 Y157.789 E.01093
G1 X177.899 Y157.686 E.00845
G1 X177.76 Y157.601 E.00483
G1 X177.46 Y157.334 E.01195
G1 X177.32 Y157.126 E.00743
G1 X177.232 Y156.93 E.00638
G1 X177.186 Y156.763 E.00516
G1 X177.15 Y156.477 E.00854
G1 X177.156 Y148.456 E.23816
G1 X177.21 Y148.165 E.00878
G1 X177.313 Y147.899 E.00848
G1 X177.4 Y147.759 E.00489
G1 X177.436 Y147.715 E.00168
SET_VELOCITY_LIMIT ACCEL=10000 ACCEL_TO_DECEL=5000
G1 X177.712 Y147.942 F30000
SET_VELOCITY_LIMIT ACCEL=500 ACCEL_TO_DECEL=250
G1 F6300
G1 X177.863 Y147.757 E.0071
G1 X178.021 Y147.646 E.00572
G1 X178.171 Y147.574 E.00495
G1 X178.28 Y147.54 E.00338
G1 X178.516 Y147.507 E.00708
G1 X186.481 Y147.507 E.2365
G1 X186.705 Y147.543 E.00673
G1 X186.921 Y147.622 E.00683
G1 X187.009 Y147.671 E.00299
G1 X187.243 Y147.863 E.00899
G1 X187.354 Y148.021 E.00572
G1 X187.426 Y148.171 E.00495
G1 X187.46 Y148.28 E.00338
G1 X187.493 Y148.516 E.00708
G1 X187.493 Y156.481 E.2365
G1 X187.457 Y156.705 E.00673
G1 X187.378 Y156.921 E.00683
G1 X187.329 Y157.009 E.00299
G1 X187.137 Y157.243 E.00899
G1 X186.979 Y157.354 E.00572
G1 X186.829 Y157.426 E.00495
G1 X186.72 Y157.46 E.00338
G1 X186.484 Y157.493 E.00708
G1 X178.519 Y157.493 E.2365
G1 X178.295 Y157.457 E.00673
G1 X178.079 Y157.378 E.00683
G1 X177.991 Y157.329 E.00299
G1 X177.757 Y157.137 E.00899
G1 X177.646 Y156.979 E.00572
G1 X177.574 Y156.829 E.00495
G1 X177.54 Y156.72 E.00338
G1 X177.507 Y156.484 E.00708
G1 X177.507 Y148.519 E.2365
G1 X177.543 Y148.295 E.00673
G1 X177.622 Y148.079 E.00683
G1 X177.671 Y147.991 E.00299
G1 X177.686 Y147.973 E.00071
SET_VELOCITY_LIMIT ACCEL=10000 ACCEL_TO_DECEL=5000
G1 X177.971 Y148.185 F30000
SET_VELOCITY_LIMIT ACCEL=500 ACCEL_TO_DECEL=250
G1 F6300
G1 X178.079 Y148.041 E.00535
G1 X178.165 Y147.972 E.00328
G1 X178.331 Y147.893 E.00545
G1 X178.509 Y147.864 E.00534
G1 X186.49 Y147.864 E.23697
G1 X186.643 Y147.894 E.00465
G1 X186.792 Y147.954 E.00476
G1 X186.959 Y148.079 E.00618
G1 X187.028 Y148.165 E.00328
G1 X187.107 Y148.331 E.00545
G1 X187.136 Y148.509 E.00534
G1 X187.136 Y156.49 E.23697
G1 X187.106 Y156.643 E.00465
G1 X187.046 Y156.792 E.00476
G1 X186.921 Y156.959 E.00618
G1 X186.835 Y157.028 E.00328
G1 X186.669 Y157.107 E.00545
G1 X186.491 Y157.136 E.00534
G1 X178.51 Y157.136 E.23697
G1 X178.357 Y157.106 E.00465
G1 X178.208 Y157.046 E.00476
G1 X178.041 Y156.921 E.00618
G1 X177.972 Y156.835 E.00328
G1 X177.893 Y156.669 E.00545
G1 X177.864 Y156.491 E.00534
G1 X177.864 Y148.51 E.23697
G1 X177.894 Y148.357 E.00465
G1 X177.95 Y148.219 E.00441
SET_VELOCITY_LIMIT ACCEL=10000 ACCEL_TO_DECEL=5000
G1 X178.281 Y148.353 F30000
SET_VELOCITY_LIMIT ACCEL=500 ACCEL_TO_DECEL=250
G1 F6300
G1 X178.291 Y148.329 E.00076
G1 X178.398 Y148.244 E.00406
G1 X178.5 Y148.221 E.00311
G1 X186.5 Y148.221 E.23753
G1 X186.671 Y148.291 E.00548
G1 X186.756 Y148.398 E.00406
G1 X186.779 Y148.5 E.00311
G1 X186.779 Y156.5 E.23753
G1 X186.709 Y156.671 E.00548
G1 X186.602 Y156.756 E.00406
G1 X186.5 Y156.779 E.00311
G1 X178.5 Y156.779 E.23753
G1 X178.329 Y156.709 E.00548
G1 X178.244 Y156.602 E.00406
G1 X178.221 Y156.5 E.00311
G1 X178.221 Y148.5 E.23753
G1 X178.266 Y148.39 E.00353
SET_VELOCITY_LIMIT ACCEL=10000 ACCEL_TO_DECEL=5000
G1 E-.5 F900
G1 Z.4 F30000
G1 X129.278 Y148.513 Z.4
G1 Z.2
G1 E.5 F900
SET_VELOCITY_LIMIT ACCEL=500 ACCEL_TO_DECEL=250
G1 F6300
G1 X129.278 Y156.492 E.23689
G1 X129.231 Y156.998 E.01511
G1 X129.092 Y157.48 E.0149
G1 X128.898 Y157.878 E.01313
G1 X128.614 Y158.294 E.01497
G1 X128.26 Y158.648 E.01486
G1 X127.848 Y158.928 E.01478
G1 X127.243 Y159.172 E.01937
G1 X126.487 Y159.278 E.02265
G1 X118.508 Y159.278 E.23691
G1 X118.002 Y159.231 E.01511
G1 X117.52 Y159.092 E.0149
G1 X117.122 Y158.898 E.01313
G1 X116.706 Y158.614 E.01497
G1 X116.352 Y158.26 E.01486
G1 X116.072 Y157.848 E.01478
G1 X115.828 Y157.243 E.01937
G1 X115.722 Y156.487 E.02265
G1 X115.722 Y148.508 E.23691
G1 X115.769 Y148.002 E.01511
G1 X115.908 Y147.52 E.0149
G1 X116.102 Y147.122 E.01313
G1 X116.386 Y146.706 E.01497
G1 X116.74 Y146.352 E.01486
G1 X117.152 Y146.072 E.01478
G1 X117.757 Y145.828 E.01937
G1 X118.513 Y145.722 E.02265
G1 X126.492 Y145.722 E.23691
G1 X126.998 Y145.769 E.01511
G1 X127.48 Y145.908 E.0149
G1 X127.878 Y146.102 E.01313
G1 X128.294 Y146.386 E.01497
G1 X128.648 Y146.74 E.01486
G1 X128.928 Y147.153 E.01481
G1 X129.157 Y147.705 E.01776
G1 X129.272 Y148.474 E.02307
SET_VELOCITY_LIMIT ACCEL=10000 ACCEL_TO_DECEL=5000
G1 X128.918 Y148.526 F30000
SET_VELOCITY_LIMIT ACCEL=500 ACCEL_TO_DECEL=250
G1 F6300
G1 X128.921 Y148.548 E.00065
G1 X128.921 Y156.47 E.23521
G1 X128.879 Y156.921 E.01346
G1 X128.76 Y157.343 E.013
G1 X128.584 Y157.704 E.01194
G1 X128.343 Y158.057 E.01267
G1 X128.023 Y158.377 E.01345
G1 X127.668 Y158.615 E.01268
G1 X127.137 Y158.826 E.01696
G1 X126.455 Y158.921 E.02045
G1 X118.52 Y158.921 E.2356
G1 X118.079 Y158.879 E.01317
G1 X117.657 Y158.76 E.013
G1 X117.296 Y158.584 E.01194
G1 X116.943 Y158.343 E.01267
G1 X116.623 Y158.023 E.01345
G1 X116.385 Y157.668 E.01268
G1 X116.174 Y157.137 E.01696
G1 X116.079 Y156.455 E.02045
G1 X116.079 Y148.52 E.2356
G1 X116.121 Y148.079 E.01317
G1 X116.24 Y147.657 E.013
G1 X116.416 Y147.296 E.01194
G1 X116.657 Y146.943 E.01267
G1 X116.977 Y146.623 E.01345
G1 X117.332 Y146.385 E.01268
G1 X117.863 Y146.174 E.01696
G1 X118.53 Y146.08 E.02
G1 X126.48 Y146.079 E.23604
G1 X126.921 Y146.121 E.01317
G1 X127.343 Y146.24 E.013
G1 X127.704 Y146.416 E.01194
G1 X128.057 Y146.657 E.01267
G1 X128.364 Y146.962 E.01286
G1 X128.606 Y147.314 E.01268
G1 X128.812 Y147.814 E.01607
G1 X128.912 Y148.487 E.02018
SET_VELOCITY_LIMIT ACCEL=10000 ACCEL_TO_DECEL=5000
G1 X128.559 Y148.541 F30000
SET_VELOCITY_LIMIT ACCEL=500 ACCEL_TO_DECEL=250
G1 F6300
M73 P2 R12
G1 X128.563 Y148.567 E.00077
G1 X128.563 Y156.458 E.23432
G1 X128.528 Y156.846 E.01155
G1 X128.427 Y157.206 E.0111
G1 X128.278 Y157.518 E.01027
G1 X128.073 Y157.82 E.01083
G1 X127.802 Y158.093 E.01142
G1 X127.49 Y158.302 E.01115
G1 X127.033 Y158.48 E.01458
G1 X126.423 Y158.564 E.01828
G1 X118.532 Y158.563 E.23429
G1 X118.154 Y158.528 E.01126
G1 X117.794 Y158.427 E.0111
G1 X117.482 Y158.278 E.01027
G1 X117.18 Y158.073 E.01083
G1 X116.907 Y157.802 E.01142
G1 X116.698 Y157.49 E.01115
G1 X116.52 Y157.033 E.01458
G1 X116.436 Y156.423 E.01828
G1 X116.437 Y148.532 E.23429
G1 X116.472 Y148.154 E.01126
G1 X116.573 Y147.794 E.0111
G1 X116.722 Y147.482 E.01027
G1 X116.927 Y147.18 E.01083
G1 X117.198 Y146.907 E.01142
G1 X117.51 Y146.698 E.01115
G1 X117.968 Y146.52 E.01459
G1 X118.548 Y146.438 E.01739
G1 X126.468 Y146.437 E.23517
G1 X126.865 Y146.476 E.01184
G1 X127.223 Y146.579 E.01108
G1 X127.531 Y146.73 E.01018
G1 X127.82 Y146.928 E.01039
G1 X128.082 Y147.185 E.01088
G1 X128.295 Y147.495 E.01119
G1 X128.46 Y147.898 E.01292
G1 X128.553 Y148.501 E.01813
SET_VELOCITY_LIMIT ACCEL=10000 ACCEL_TO_DECEL=5000
G1 X128.2 Y148.557 F30000
SET_VELOCITY_LIMIT ACCEL=500 ACCEL_TO_DECEL=250
G1 F6300
G1 X128.204 Y148.586 E.00085
G1 X128.206 Y156.437 E.23311
G1 X128.176 Y156.771 E.00997
G1 X128.094 Y157.071 E.00921
G1 X127.971 Y157.332 E.00859
G1 X127.802 Y157.583 E.00899
G1 X127.581 Y157.808 E.00935
G1 X127.313 Y157.988 E.00958
G1 X126.93 Y158.134 E.01218
G1 X126.391 Y158.207 E.01614
G1 X118.554 Y158.206 E.2327
G1 X118.229 Y158.176 E.00968
G1 X117.929 Y158.094 E.00922
G1 X117.668 Y157.971 E.00859
G1 X117.417 Y157.802 E.00899
G1 X117.192 Y157.581 E.00935
G1 X117.012 Y157.313 E.00958
G1 X116.866 Y156.93 E.01218
G1 X116.793 Y156.391 E.01614
G1 X116.794 Y148.554 E.2327
G1 X116.824 Y148.229 E.00968
G1 X116.906 Y147.929 E.00922
G1 X117.029 Y147.668 E.00859
G1 X117.198 Y147.417 E.00899
G1 X117.419 Y147.192 E.00935
G1 X117.687 Y147.012 E.00958
G1 X118.071 Y146.866 E.0122
G1 X118.58 Y146.795 E.01527
G1 X126.456 Y146.795 E.23384
G1 X126.788 Y146.827 E.00989
G1 X127.103 Y146.918 E.00974
G1 X127.358 Y147.044 E.00844
G1 X127.585 Y147.199 E.00817
G1 X127.799 Y147.408 E.00888
G1 X127.983 Y147.677 E.00967
G1 X128.109 Y147.982 E.00982
G1 X128.194 Y148.518 E.01609
SET_VELOCITY_LIMIT ACCEL=10000 ACCEL_TO_DECEL=5000
G1 X127.85 Y148.523 F30000
SET_VELOCITY_LIMIT ACCEL=500 ACCEL_TO_DECEL=250
G1 F6300
G1 X127.85 Y156.472 E.23604
G1 X127.789 Y156.836 E.01093
G1 X127.686 Y157.101 E.00845
G1 X127.601 Y157.24 E.00483
G1 X127.334 Y157.54 E.01195
G1 X127.126 Y157.68 E.00743
G1 X126.93 Y157.768 E.00638
G1 X126.763 Y157.814 E.00516
G1 X126.477 Y157.85 E.00854
G1 X118.528 Y157.85 E.23604
G1 X118.164 Y157.789 E.01093
G1 X117.899 Y157.686 E.00845
G1 X117.76 Y157.601 E.00483
G1 X117.46 Y157.334 E.01195
G1 X117.32 Y157.126 E.00743
G1 X117.232 Y156.93 E.00638
G1 X117.186 Y156.763 E.00516
G1 X117.15 Y156.477 E.00854
G1 X117.156 Y148.456 E.23816
G1 X117.21 Y148.165 E.00878
G1 X117.313 Y147.899 E.00848
G1 X117.4 Y147.759 E.00489
G1 X117.58 Y147.539 E.00843
G1 X117.81 Y147.357 E.00871
G1 X118.013 Y147.254 E.00674
G1 X118.239 Y147.185 E.00701
G1 X118.523 Y147.15 E.0085
G1 X126.472 Y147.15 E.23604
G1 X126.836 Y147.211 E.01093
G1 X127.101 Y147.313 E.00845
G1 X127.24 Y147.399 E.00483
G1 X127.54 Y147.666 E.01195
G1 X127.68 Y147.874 E.00743
G1 X127.768 Y148.07 E.00638
G1 X127.814 Y148.237 E.00516
G1 X127.845 Y148.483 E.00736
SET_VELOCITY_LIMIT ACCEL=10000 ACCEL_TO_DECEL=5000
G1 X127.493 Y148.516 F30000
SET_VELOCITY_LIMIT ACCEL=500 ACCEL_TO_DECEL=250
G1 F6300
G1 X127.493 Y156.481 E.2365
G1 X127.457 Y156.705 E.00673
G1 X127.378 Y156.921 E.00683
G1 X127.329 Y157.009 E.00299
G1 X127.137 Y157.243 E.00899
G1 X126.979 Y157.354 E.00572
G1 X126.829 Y157.426 E.00495
G1 X126.72 Y157.46 E.00338
G1 X126.484 Y157.493 E.00708
G1 X118.519 Y157.493 E.2365
G1 X118.295 Y157.457 E.00673
G1 X118.079 Y157.378 E.00683
G1 X117.991 Y157.329 E.00299
G1 X117.757 Y157.137 E.00899
G1 X117.646 Y156.979 E.00572
G1 X117.574 Y156.829 E.00495
G1 X117.54 Y156.72 E.00338
G1 X117.507 Y156.484 E.00708
G1 X117.507 Y148.519 E.2365
G1 X117.543 Y148.295 E.00673
G1 X117.622 Y148.079 E.00683
G1 X117.671 Y147.991 E.00299
G1 X117.863 Y147.757 E.00899
G1 X118.021 Y147.646 E.00572
G1 X118.171 Y147.574 E.00495
G1 X118.28 Y147.54 E.00338
G1 X118.516 Y147.507 E.00708
G1 X126.481 Y147.507 E.2365
G1 X126.705 Y147.543 E.00673
G1 X126.921 Y147.622 E.00683
G1 X127.009 Y147.671 E.00299
G1 X127.243 Y147.863 E.00899
G1 X127.354 Y148.021 E.00572
G1 X127.426 Y148.171 E.00495
G1 X127.46 Y148.28 E.00338
G1 X127.487 Y148.476 E.00589
SET_VELOCITY_LIMIT ACCEL=10000 ACCEL_TO_DECEL=5000
G1 X127.136 Y148.509 F30000
SET_VELOCITY_LIMIT ACCEL=500 ACCEL_TO_DECEL=250
G1 F6300
G1 X127.136 Y156.49 E.23697
G1 X127.106 Y156.643 E.00465
G1 X127.046 Y156.792 E.00476
G1 X126.921 Y156.959 E.00618
G1 X126.835 Y157.028 E.00328
G1 X126.669 Y157.107 E.00545
G1 X126.491 Y157.136 E.00534
G1 X118.51 Y157.136 E.23697
G1 X118.357 Y157.106 E.00465
G1 X118.208 Y157.046 E.00476
G1 X118.041 Y156.921 E.00618
G1 X117.972 Y156.835 E.00328
G1 X117.893 Y156.669 E.00545
G1 X117.864 Y156.491 E.00534
G1 X117.864 Y148.51 E.23697
G1 X117.894 Y148.357 E.00465
G1 X117.954 Y148.208 E.00476
G1 X118.079 Y148.041 E.00618
G1 X118.165 Y147.972 E.00328
G1 X118.331 Y147.893 E.00545
G1 X118.509 Y147.864 E.00534
G1 X126.49 Y147.864 E.23697
G1 X126.643 Y147.894 E.00465
G1 X126.792 Y147.954 E.00476
G1 X126.959 Y148.079 E.00618
G1 X127.028 Y148.165 E.00328
G1 X127.107 Y148.331 E.00545
G1 X127.129 Y148.469 E.00415
SET_VELOCITY_LIMIT ACCEL=10000 ACCEL_TO_DECEL=5000
G1 X126.779 Y148.5 F30000
SET_VELOCITY_LIMIT ACCEL=500 ACCEL_TO_DECEL=250
G1 F6300
G1 X126.779 Y156.5 E.23753
G1 X126.709 Y156.671 E.00548
G1 X126.602 Y156.756 E.00406
G1 X126.5 Y156.779 E.00311
G1 X118.5 Y156.779 E.23753
G1 X118.329 Y156.709 E.00548
G1 X118.244 Y156.602 E.00406
G1 X118.221 Y156.5 E.00311
G1 X118.221 Y148.5 E.23753
G1 X118.291 Y148.329 E.00548
G1 X118.398 Y148.244 E.00406
G1 X118.5 Y148.221 E.00311
G1 X126.5 Y148.221 E.23753
G1 X126.671 Y148.291 E.00548
G1 X126.756 Y148.398 E.00406
G1 X126.77 Y148.461 E.00193
; printing object stringing_test_8x8x30.stl id:0 copy 0
SET_VELOCITY_LIMIT ACCEL=10000 ACCEL_TO_DECEL=5000
G1 E-.5 F900
G1 Z.4 F30000
G1 X186.3 Y156.3 Z.4
G1 Z.2
G1 E.5 F900
SET_VELOCITY_LIMIT ACCEL=500 ACCEL_TO_DECEL=250
;TYPE:Outer wall
G1 F3000
G1 X178.7 Y156.3 E.22565
G1 X178.7 Y148.7 E.22565
M73 P3 R12
G1 X186.3 Y148.7 E.22565
G1 X186.3 Y156.26 E.22447
SET_VELOCITY_LIMIT ACCEL=10000 ACCEL_TO_DECEL=5000
G1 X185.9 Y155.9 F30000
SET_VELOCITY_LIMIT ACCEL=500 ACCEL_TO_DECEL=250
;TYPE:Inner wall
G1 F3000
G1 X179.1 Y155.9 E.2019
G1 X179.1 Y149.1 E.2019
G1 X185.9 Y149.1 E.2019
G1 X185.9 Y155.86 E.20071
SET_VELOCITY_LIMIT ACCEL=10000 ACCEL_TO_DECEL=5000
G1 E-.5 F900
G1 Z.4 F30000
G1 X185.065 Y149.207 Z.4
G1 Z.2
G1 E.5 F900
SET_VELOCITY_LIMIT ACCEL=500 ACCEL_TO_DECEL=250
;TYPE:Bottom surface
;WIDTH:0.403081
G1 F6300
G1 X185.632 Y149.775 E.02404
G1 X185.632 Y150.284 E.01525
G1 X184.716 Y149.368 E.03881
G1 X184.207 Y149.368 E.01525
G1 X185.632 Y150.793 E.06038
G1 X185.632 Y151.303 E.01525
G1 X183.697 Y149.368 E.08195
G1 X183.188 Y149.368 E.01525
G1 X185.632 Y151.812 E.10353
G1 X185.632 Y152.322 E.01525
G1 X182.678 Y149.368 E.1251
G1 X182.169 Y149.368 E.01525
G1 X185.632 Y152.831 E.14667
G1 X185.632 Y153.34 E.01525
G1 X181.66 Y149.368 E.16824
G1 X181.15 Y149.368 E.01525
G1 X185.632 Y153.85 E.18981
G1 X185.632 Y154.359 E.01525
G1 X180.641 Y149.368 E.21138
G1 X180.132 Y149.368 E.01525
G1 X185.632 Y154.868 E.23296
G1 X185.632 Y155.378 E.01525
G1 X179.622 Y149.368 E.25453
G1 X179.368 Y149.368 E.00762
G1 X179.368 Y149.623 E.00763
G1 X185.377 Y155.632 E.25452
G1 X184.868 Y155.632 E.01525
G1 X179.368 Y150.132 E.23295
G1 X179.368 Y150.641 E.01525
G1 X184.359 Y155.632 E.21138
G1 X183.849 Y155.632 E.01525
G1 X179.368 Y151.151 E.18981
G1 X179.368 Y151.66 E.01525
G1 X183.34 Y155.632 E.16823
G1 X182.831 Y155.632 E.01525
G1 X179.368 Y152.169 E.14666
G1 X179.368 Y152.679 E.01525
G1 X182.321 Y155.632 E.12509
G1 X181.812 Y155.632 E.01525
G1 X179.368 Y153.188 E.10352
G1 X179.368 Y153.697 E.01525
G1 X181.303 Y155.632 E.08195
G1 X180.793 Y155.632 E.01525
G1 X179.368 Y154.207 E.06038
G1 X179.368 Y154.716 E.01525
G1 X180.284 Y155.632 E.0388
G1 X179.775 Y155.632 E.01525
G1 X179.207 Y155.065 E.02404
SET_VELOCITY_LIMIT ACCEL=10000 ACCEL_TO_DECEL=5000
G1 E-.5 F900
G1 Z.4 F30000
G1 X126.3 Y156.3 Z.4
G1 Z.2
G1 E.5 F900
SET_VELOCITY_LIMIT ACCEL=500 ACCEL_TO_DECEL=250
;TYPE:Outer wall
;WIDTH:0.4
G1 F3000
G1 X118.7 Y156.3 E.22565
G1 X118.7 Y148.7 E.22565
G1 X126.3 Y148.7 E.22565
G1 X126.3 Y156.26 E.22447
SET_VELOCITY_LIMIT ACCEL=10000 ACCEL_TO_DECEL=5000
G1 X125.9 Y155.9 F30000
SET_VELOCITY_LIMIT ACCEL=500 ACCEL_TO_DECEL=250
;TYPE:Inner wall
G1 F3000
G1 X119.1 Y155.9 E.2019
G1 X119.1 Y149.1 E.2019
M73 P4 R12
G1 X125.9 Y149.1 E.2019
G1 X125.9 Y155.86 E.20071
SET_VELOCITY_LIMIT ACCEL=10000 ACCEL_TO_DECEL=5000
G1 E-.5 F900
G1 Z.4 F30000
G1 X125.065 Y149.207 Z.4
G1 Z.2
G1 E.5 F900
SET_VELOCITY_LIMIT ACCEL=500 ACCEL_TO_DECEL=250
;TYPE:Bottom surface
;WIDTH:0.403081
G1 F6300
G1 X125.632 Y149.775 E.02404
G1 X125.632 Y150.284 E.01525
G1 X124.716 Y149.368 E.03881
G1 X124.207 Y149.368 E.01525
G1 X125.632 Y150.793 E.06038
G1 X125.632 Y151.303 E.01525
G1 X123.697 Y149.368 E.08195
G1 X123.188 Y149.368 E.01525
G1 X125.632 Y151.812 E.10353
G1 X125.632 Y152.322 E.01525
G1 X122.678 Y149.368 E.1251
G1 X122.169 Y149.368 E.01525
G1 X125.632 Y152.831 E.14667
G1 X125.632 Y153.34 E.01525
G1 X121.66 Y149.368 E.16824
G1 X121.15 Y149.368 E.01525
G1 X125.632 Y153.85 E.18981
G1 X125.632 Y154.359 E.01525
G1 X120.641 Y149.368 E.21138
G1 X120.132 Y149.368 E.01525
G1 X125.632 Y154.868 E.23296
G1 X125.632 Y155.378 E.01525
G1 X119.622 Y149.368 E.25453
G1 X119.368 Y149.368 E.00762
G1 X119.368 Y149.623 E.00763
G1 X125.377 Y155.632 E.25452
G1 X124.868 Y155.632 E.01525
G1 X119.368 Y150.132 E.23295
G1 X119.368 Y150.641 E.01525
G1 X124.359 Y155.632 E.21138
G1 X123.849 Y155.632 E.01525
G1 X119.368 Y151.151 E.18981
G1 X119.368 Y151.66 E.01525
G1 X123.34 Y155.632 E.16823
G1 X122.831 Y155.632 E.01525
G1 X119.368 Y152.169 E.14666
G1 X119.368 Y152.679 E.01525
G1 X122.321 Y155.632 E.12509
G1 X121.812 Y155.632 E.01525
G1 X119.368 Y153.188 E.10352
G1 X119.368 Y153.697 E.01525
G1 X121.303 Y155.632 E.08195
G1 X120.793 Y155.632 E.01525
G1 X119.368 Y154.207 E.06038
G1 X119.368 Y154.716 E.01525
G1 X120.284 Y155.632 E.0388
G1 X119.775 Y155.632 E.01525
G1 X119.207 Y155.065 E.02404
; stop printing object stringing_test_8x8x30.stl id:0 copy 0
M106 S255
;LAYER_CHANGE
;Z:0.4
;HEIGHT:0.2
;BEFORE_LAYER_CHANGE
;0.4
G92 E0

G1 E-.5 F900
;AFTER_LAYER_CHANGE
;0.4
SET_PRINT_STATS_INFO CURRENT_LAYER=2
;_SET_FAN_SPEED_CHANGING_LAYER
SET_VELOCITY_LIMIT ACCEL=10000 ACCEL_TO_DECEL=5000
M104 S205 ; set nozzle temperature
M140 S55 ; set bed temperature
; printing object stringing_test_8x8x30.stl id:0 copy 0
G1 Z.6 F30000
G1 X185.9 Y155.9 Z.6
G1 Z.4
G1 E.5 F900
;TYPE:Inner wall
;WIDTH:0.4
G1 F5812
G1 X179.1 Y155.9 E.2019
G1 X179.1 Y149.1 E.2019
G1 X185.9 Y149.1 E.2019
G1 X185.9 Y155.86 E.20071
SET_VELOCITY_LIMIT ACCEL=5000 ACCEL_TO_DECEL=2500
G1 X186.3 Y156.3 F30000
;TYPE:Outer wall
G1 F5812
G1 X178.7 Y156.3 E.22565
G1 X178.7 Y148.7 E.22565
G1 X186.3 Y148.7 E.22565
G1 X186.3 Y156.26 E.22447
SET_VELOCITY_LIMIT ACCEL=10000 ACCEL_TO_DECEL=5000
G1 E-.5 F900
G1 Z.6 F30000
G1 X184.017 Y155.543 Z.6
G1 Z.4
G1 E.5 F900
;TYPE:Internal solid infill
;WIDTH:0.399999
G1 F5812
G1 X185.543 Y155.543 E.04532
G1 X185.543 Y154.017 E.04532
G1 X184.045 Y155.515 E.0629
G1 X185.129 Y155.038 F30000
;WIDTH:0.579878
G1 F5812
G2 X185.143 Y155.131 I-.033 J.052 E.01257
G1 X185.757 Y153.55 F30000
;WIDTH:0.399999
G1 F5812
G1 X183.711 Y155.596 E.08594
G1 X183.206 Y155.596 E.01499
G1 X185.596 Y153.206 E.10039
G1 X185.596 Y152.701 E.01499
G1 X182.701 Y155.596 E.1216
G1 X182.196 Y155.596 E.01499
G1 X185.596 Y152.196 E.1428
G1 X185.596 Y151.691 E.01499
G1 X181.691 Y155.596 E.16401
G1 X181.186 Y155.596 E.01499
G1 X185.596 Y151.186 E.18521
G1 X185.596 Y150.681 E.01499
G1 X180.681 Y155.596 E.20641
G1 X180.176 Y155.596 E.01499
M73 P4 R11
G1 X185.596 Y150.176 E.22762
G1 X185.596 Y149.671 E.01499
G1 X179.671 Y155.596 E.24882
G1 X179.404 Y155.596 E.00793
G1 X179.404 Y155.359 E.00706
G1 X185.359 Y149.404 E.25006
G1 X184.854 Y149.404 E.01499
G1 X179.404 Y154.854 E.22885
G1 X179.404 Y154.349 E.01499
M73 P5 R11
G1 X184.349 Y149.404 E.20765
G1 X183.844 Y149.404 E.01499
G1 X179.404 Y153.844 E.18644
G1 X179.404 Y153.339 E.01499
G1 X183.339 Y149.404 E.16524
G1 X182.834 Y149.404 E.01499
G1 X179.404 Y152.834 E.14404
G1 X179.404 Y152.329 E.01499
G1 X182.329 Y149.404 E.12283
G1 X181.824 Y149.404 E.01499
G1 X179.404 Y151.824 E.10163
G1 X179.404 Y151.319 E.01499
G1 X181.319 Y149.404 E.08042
G1 X180.814 Y149.404 E.01499
G1 X179.404 Y150.814 E.05922
G1 X179.404 Y150.309 E.01499
G1 X180.47 Y149.243 E.04476
G1 X179.493 Y149.428 F30000
;WIDTH:0.423878
G1 F5812
G1 X179.421 Y149.469 E.00261
G1 X179.497 Y149.504 E.00262
G1 E-.5 F900
G1 Z.6 F30000
G1 X125.9 Y155.9 Z.6
G1 Z.4
G1 E.5 F900
;TYPE:Inner wall
;WIDTH:0.4
G1 F5812
G1 X119.1 Y155.9 E.2019
G1 X119.1 Y149.1 E.2019
G1 X125.9 Y149.1 E.2019
G1 X125.9 Y155.86 E.20071
SET_VELOCITY_LIMIT ACCEL=5000 ACCEL_TO_DECEL=2500
G1 X126.3 Y156.3 F30000
;TYPE:Outer wall
G1 F5812
G1 X118.7 Y156.3 E.22565
G1 X118.7 Y148.7 E.22565
G1 X126.3 Y148.7 E.22565
G1 X126.3 Y156.26 E.22447
SET_VELOCITY_LIMIT ACCEL=10000 ACCEL_TO_DECEL=5000
G1 E-.5 F900
G1 Z.6 F30000
G1 X125.543 Y154.017 Z.6
G1 Z.4
G1 E.5 F900
;TYPE:Internal solid infill
;WIDTH:0.399999
G1 F5812
G1 X124.017 Y155.543 E.06409
G1 X125.543 Y155.543 E.04532
G1 X125.543 Y154.057 E.04413
G1 X125.129 Y155.038 F30000
;WIDTH:0.579878
G1 F5812
G2 X125.143 Y155.131 I-.033 J.052 E.01257
G1 X123.55 Y155.757 F30000
;WIDTH:0.399999
G1 F5812
G1 X125.596 Y153.711 E.08594
G1 X125.596 Y153.206 E.01499
G1 X123.206 Y155.596 E.10039
G1 X122.701 Y155.596 E.01499
G1 X125.596 Y152.701 E.1216
G1 X125.596 Y152.196 E.01499
G1 X122.196 Y155.596 E.1428
G1 X121.691 Y155.596 E.01499
G1 X125.596 Y151.691 E.16401
G1 X125.596 Y151.186 E.01499
G1 X121.186 Y155.596 E.18521
G1 X120.681 Y155.596 E.01499
G1 X125.596 Y150.681 E.20641
G1 X125.596 Y150.176 E.01499
G1 X120.176 Y155.596 E.22762
G1 X119.671 Y155.596 E.01499
G1 X125.596 Y149.671 E.24882
G1 X125.596 Y149.404 E.00793
G1 X125.359 Y149.404 E.00706
G1 X119.404 Y155.359 E.25006
G1 X119.404 Y154.854 E.01499
G1 X124.854 Y149.404 E.22885
G1 X124.349 Y149.404 E.01499
G1 X119.404 Y154.349 E.20765
G1 X119.404 Y153.844 E.01499
G1 X123.844 Y149.404 E.18644
G1 X123.339 Y149.404 E.01499
G1 X119.404 Y153.339 E.16524
G1 X119.404 Y152.834 E.01499
G1 X122.834 Y149.404 E.14404
G1 X122.329 Y149.404 E.01499
G1 X119.404 Y152.329 E.12283
G1 X119.404 Y151.824 E.01499
G1 X121.824 Y149.404 E.10163
G1 X121.319 Y149.404 E.01499
G1 X119.404 Y151.319 E.08042
G1 X119.404 Y150.814 E.01499
G1 X120.814 Y149.404 E.05922
G1 X120.309 Y149.404 E.01499
G1 X119.243 Y150.47 E.04476
G1 X119.493 Y149.428 F30000
;WIDTH:0.42388
G1 F5812
G1 X119.421 Y149.469 E.00261
G1 X119.497 Y149.504 E.00262
; stop printing object stringing_test_8x8x30.stl id:0 copy 0
;LAYER_CHANGE
;Z:0.6
;HEIGHT:0.2
;BEFORE_LAYER_CHANGE
;0.6
G92 E0

G1 E-.5 F900
;AFTER_LAYER_CHANGE
;0.6
SET_PRINT_STATS_INFO CURRENT_LAYER=3
;_SET_FAN_SPEED_CHANGING_LAYER
; printing object stringing_test_8x8x30.stl id:0 copy 0
G1 Z.8 F30000
G1 X185.9 Y155.9 Z.8
G1 Z.6
G1 E.5 F900
;TYPE:Inner wall
;WIDTH:0.4
G1 F5891
G1 X179.1 Y155.9 E.2019
G1 X179.1 Y149.1 E.2019
G1 X185.9 Y149.1 E.2019
G1 X185.9 Y155.86 E.20071
SET_VELOCITY_LIMIT ACCEL=5000 ACCEL_TO_DECEL=2500
G1 X186.3 Y156.3 F30000
;TYPE:Outer wall
G1 F5891
G1 X178.7 Y156.3 E.22565
G1 X178.7 Y148.7 E.22565
G1 X186.3 Y148.7 E.22565
G1 X186.3 Y156.26 E.22447
SET_VELOCITY_LIMIT ACCEL=10000 ACCEL_TO_DECEL=5000
G1 E-.5 F900
G1 Z.8 F30000
G1 X179.493 Y155.49 Z.8
G1 Z.6
G1 E.5 F900
;TYPE:Internal solid infill
;WIDTH:0.42388
G1 F5891
G1 X179.421 Y155.531 E.00261
G1 X179.497 Y155.566 E.00262
G1 X183.55 Y149.243 F30000
;WIDTH:0.399999
G1 F5891
G1 X185.596 Y151.289 E.08594
G1 X185.596 Y151.794 E.01499
G1 X183.206 Y149.404 E.10039
G1 X182.701 Y149.404 E.01499
G1 X185.596 Y152.299 E.1216
G1 X185.596 Y152.804 E.01499
G1 X182.196 Y149.404 E.1428
G1 X181.691 Y149.404 E.01499
G1 X185.596 Y153.309 E.16401
G1 X185.596 Y153.814 E.01499
G1 X181.186 Y149.404 E.18521
G1 X180.681 Y149.404 E.01499
G1 X185.596 Y154.319 E.20641
G1 X185.596 Y154.824 E.01499
G1 X180.176 Y149.404 E.22762
G1 X179.671 Y149.404 E.01499
G1 X185.596 Y155.329 E.24882
G1 X185.596 Y155.596 E.00793
G1 X185.359 Y155.596 E.00706
G1 X179.404 Y149.641 E.25006
G1 X179.404 Y150.146 E.01499
G1 X184.854 Y155.596 E.22885
G1 X184.349 Y155.596 E.01499
G1 X179.404 Y150.651 E.20765
G1 X179.404 Y151.156 E.01499
G1 X183.844 Y155.596 E.18644
G1 X183.339 Y155.596 E.01499
G1 X179.404 Y151.661 E.16524
G1 X179.404 Y152.166 E.01499
G1 X182.834 Y155.596 E.14404
G1 X182.329 Y155.596 E.01499
G1 X179.404 Y152.671 E.12283
G1 X179.404 Y153.176 E.01499
G1 X181.824 Y155.596 E.10163
G1 X181.319 Y155.596 E.01499
G1 X179.404 Y153.681 E.08042
G1 X179.404 Y154.186 E.01499
G1 X180.814 Y155.596 E.05922
G1 X180.309 Y155.596 E.01499
G1 X179.243 Y154.53 E.04476
G1 X184.017 Y149.457 F30000
G1 F5891
G1 X185.543 Y150.983 E.06409
G1 X185.543 Y149.457 E.04532
G1 X184.057 Y149.457 E.04413
G1 X185.129 Y149.846 F30000
;WIDTH:0.579878
G1 F5891
G2 X185.143 Y149.939 I-.033 J.052 E.01257
G1 E-.5 F900
G1 Z.8 F30000
G1 X125.9 Y155.9 Z.8
G1 Z.6
G1 E.5 F900
;TYPE:Inner wall
;WIDTH:0.4
G1 F5891
G1 X119.1 Y155.9 E.2019
G1 X119.1 Y149.1 E.2019
G1 X125.9 Y149.1 E.2019
G1 X125.9 Y155.86 E.20071
SET_VELOCITY_LIMIT ACCEL=5000 ACCEL_TO_DECEL=2500
G1 X126.3 Y156.3 F30000
;TYPE:Outer wall
G1 F5891
G1 X118.7 Y156.3 E.22565
G1 X118.7 Y148.7 E.22565
G1 X126.3 Y148.7 E.22565
G1 X126.3 Y156.26 E.22447
SET_VELOCITY_LIMIT ACCEL=10000 ACCEL_TO_DECEL=5000
G1 E-.5 F900
G1 Z.8 F30000
G1 X125.543 Y150.983 Z.8
G1 Z.6
G1 E.5 F900
;TYPE:Internal solid infill
;WIDTH:0.399999
G1 F5891
G1 X125.543 Y149.457 E.04532
G1 X124.017 Y149.457 E.04532
M73 P6 R11
G1 X125.515 Y150.955 E.0629
G1 X125.129 Y149.846 F30000
;WIDTH:0.579878
G1 F5891
G2 X125.143 Y149.939 I-.033 J.052 E.01257
G1 X123.55 Y149.243 F30000
;WIDTH:0.399999
G1 F5891
G1 X125.596 Y151.289 E.08594
G1 X125.596 Y151.794 E.01499
G1 X123.206 Y149.404 E.10039
G1 X122.701 Y149.404 E.01499
G1 X125.596 Y152.299 E.1216
G1 X125.596 Y152.804 E.01499
G1 X122.196 Y149.404 E.1428
G1 X121.691 Y149.404 E.01499
G1 X125.596 Y153.309 E.16401
G1 X125.596 Y153.814 E.01499
G1 X121.186 Y149.404 E.18521
G1 X120.681 Y149.404 E.01499
G1 X125.596 Y154.319 E.20641
G1 X125.596 Y154.824 E.01499
G1 X120.176 Y149.404 E.22762
G1 X119.671 Y149.404 E.01499
G1 X125.596 Y155.329 E.24882
G1 X125.596 Y155.596 E.00793
G1 X125.359 Y155.596 E.00706
G1 X119.404 Y149.641 E.25006
G1 X119.404 Y150.146 E.01499
G1 X124.854 Y155.596 E.22885
G1 X124.349 Y155.596 E.01499
G1 X119.404 Y150.651 E.20765
G1 X119.404 Y151.156 E.01499
G1 X123.844 Y155.596 E.18644
G1 X123.339 Y155.596 E.01499
G1 X119.404 Y151.661 E.16524
G1 X119.404 Y152.166 E.01499
G1 X122.834 Y155.596 E.14404
G1 X122.329 Y155.596 E.01499
G1 X119.404 Y152.671 E.12283
G1 X119.404 Y153.176 E.01499
G1 X121.824 Y155.596 E.10163
G1 X121.319 Y155.596 E.01499
G1 X119.404 Y153.681 E.08042
G1 X119.404 Y154.186 E.01499
G1 X120.814 Y155.596 E.05922
G1 X120.309 Y155.596 E.01499
G1 X119.243 Y154.53 E.04476
G1 X119.493 Y155.49 F30000
;WIDTH:0.42388
G1 F5891
G1 X119.421 Y155.531 E.00261
G1 X119.497 Y155.566 E.00262
; stop printing object stringing_test_8x8x30.stl id:0 copy 0
;LAYER_CHANGE
;Z:0.8
;HEIGHT:0.2
;BEFORE_LAYER_CHANGE
;0.8
G92 E0

G1 E-.5 F900
;AFTER_LAYER_CHANGE
;0.8
SET_PRINT_STATS_INFO CURRENT_LAYER=4
;_SET_FAN_SPEED_CHANGING_LAYER
; printing object stringing_test_8x8x30.stl id:0 copy 0
G1 Z1 F30000
G1 X185.9 Y155.9 Z1
G1 Z.8
G1 E.5 F900
;TYPE:Inner wall
;WIDTH:0.4
G1 F2735
G1 X179.1 Y155.9 E.2019
G1 X179.1 Y149.1 E.2019
G1 X185.9 Y149.1 E.2019
G1 X185.9 Y155.86 E.20071
SET_VELOCITY_LIMIT ACCEL=5000 ACCEL_TO_DECEL=2500
G1 X186.3 Y156.3 F30000
;TYPE:Outer wall
G1 F2735
G1 X178.7 Y156.3 E.22565
G1 X178.7 Y148.7 E.22565
G1 X186.3 Y148.7 E.22565
G1 X186.3 Y156.26 E.22447
SET_VELOCITY_LIMIT ACCEL=10000 ACCEL_TO_DECEL=5000
G1 E-.5 F900
G1 Z1 F30000
G1 X182.476 Y155.596 Z1
G1 Z.8
G1 E.5 F900
;TYPE:Sparse infill
G1 F2735
G1 X181.048 Y155.596 E.04241
G1 X179.404 Y153.952 E.06904
G1 X179.404 Y150.316 E.10795
G1 X184.684 Y155.596 E.22172
G1 X185.596 Y155.596 E.0271
G1 X185.596 Y152.873 E.08085
G1 X182.127 Y149.404 E.1457
G1 X183.555 Y149.404 E.04241
G1 E-.5 F900
G1 Z1 F30000
G1 X125.9 Y155.9 Z1
G1 Z.8
G1 E.5 F900
;TYPE:Inner wall
G1 F2735
G1 X119.1 Y155.9 E.2019
G1 X119.1 Y149.1 E.2019
G1 X125.9 Y149.1 E.2019
G1 X125.9 Y155.86 E.20071
SET_VELOCITY_LIMIT ACCEL=5000 ACCEL_TO_DECEL=2500
G1 X126.3 Y156.3 F30000
;TYPE:Outer wall
G1 F2735
G1 X118.7 Y156.3 E.22565
G1 X118.7 Y148.7 E.22565
G1 X126.3 Y148.7 E.22565
G1 X126.3 Y156.26 E.22447
SET_VELOCITY_LIMIT ACCEL=10000 ACCEL_TO_DECEL=5000
G1 E-.5 F900
G1 Z1 F30000
G1 X121.445 Y155.596 Z1
G1 Z.8
G1 E.5 F900
;TYPE:Sparse infill
G1 F2735
G1 X122.873 Y155.596 E.04241
G1 X119.404 Y152.127 E.1457
G1 X119.404 Y149.404 E.08085
G1 X120.316 Y149.404 E.0271
G1 X125.596 Y154.684 E.22172
G1 X125.596 Y151.048 E.10795
G1 X123.952 Y149.404 E.06904
G1 X122.524 Y149.404 E.04241
; stop printing object stringing_test_8x8x30.stl id:0 copy 0
;LAYER_CHANGE
;Z:1
;HEIGHT:0.2
;BEFORE_LAYER_CHANGE
;1
G92 E0

G1 E-.5 F900
;AFTER_LAYER_CHANGE
;1
SET_PRINT_STATS_INFO CURRENT_LAYER=5
;_SET_FAN_SPEED_CHANGING_LAYER
; printing object stringing_test_8x8x30.stl id:0 copy 0
G1 Z1.2 F30000
G1 X185.9 Y155.9 Z1.2
G1 Z1
G1 E.5 F900
;TYPE:Inner wall
G1 F2735
G1 X179.1 Y155.9 E.2019
G1 X179.1 Y149.1 E.2019
G1 X185.9 Y149.1 E.2019
G1 X185.9 Y155.86 E.20071
SET_VELOCITY_LIMIT ACCEL=5000 ACCEL_TO_DECEL=2500
G1 X186.3 Y156.3 F30000
;TYPE:Outer wall
G1 F2735
G1 X178.7 Y156.3 E.22565
G1 X178.7 Y148.7 E.22565
G1 X186.3 Y148.7 E.22565
M73 P7 R11
G1 X186.3 Y156.26 E.22447
SET_VELOCITY_LIMIT ACCEL=10000 ACCEL_TO_DECEL=5000
G1 E-.5 F900
G1 Z1.2 F30000
G1 X182.476 Y155.596 Z1.2
G1 Z1
G1 E.5 F900
;TYPE:Sparse infill
G1 F2735
G1 X181.048 Y155.596 E.04241
G1 X179.404 Y153.952 E.06904
G1 X179.404 Y150.316 E.10795
G1 X184.684 Y155.596 E.22172
G1 X185.596 Y155.596 E.0271
G1 X185.596 Y152.873 E.08085
G1 X182.127 Y149.404 E.1457
G1 X183.555 Y149.404 E.04241
G1 E-.5 F900
G1 Z1.2 F30000
G1 X125.9 Y155.9 Z1.2
G1 Z1
G1 E.5 F900
;TYPE:Inner wall
G1 F2735
G1 X119.1 Y155.9 E.2019
G1 X119.1 Y149.1 E.2019
G1 X125.9 Y149.1 E.2019
G1 X125.9 Y155.86 E.20071
SET_VELOCITY_LIMIT ACCEL=5000 ACCEL_TO_DECEL=2500
G1 X126.3 Y156.3 F30000
;TYPE:Outer wall
G1 F2735
G1 X118.7 Y156.3 E.22565
G1 X118.7 Y148.7 E.22565
G1 X126.3 Y148.7 E.22565
G1 X126.3 Y156.26 E.22447
SET_VELOCITY_LIMIT ACCEL=10000 ACCEL_TO_DECEL=5000
G1 E-.5 F900
G1 Z1.2 F30000
G1 X121.445 Y155.596 Z1.2
G1 Z1
G1 E.5 F900
;TYPE:Sparse infill
G1 F2735
G1 X122.873 Y155.596 E.04241
G1 X119.404 Y152.127 E.1457
G1 X119.404 Y149.404 E.08085
G1 X120.316 Y149.404 E.0271
G1 X125.596 Y154.684 E.22172
G1 X125.596 Y151.048 E.10795
G1 X123.952 Y149.404 E.06904
G1 X122.524 Y149.404 E.04241
; stop printing object stringing_test_8x8x30.stl id:0 copy 0
;LAYER_CHANGE
;Z:1.2
;HEIGHT:0.2
;BEFORE_LAYER_CHANGE
;1.2
G92 E0

G1 E-.5 F900
;AFTER_LAYER_CHANGE
;1.2
SET_PRINT_STATS_INFO CURRENT_LAYER=6
;_SET_FAN_SPEED_CHANGING_LAYER
; printing object stringing_test_8x8x30.stl id:0 copy 0
G1 Z1.4 F30000
G1 X185.9 Y155.9 Z1.4
G1 Z1.2
G1 E.5 F900
;TYPE:Inner wall
G1 F2735
G1 X179.1 Y155.9 E.2019
G1 X179.1 Y149.1 E.2019
G1 X185.9 Y149.1 E.2019
G1 X185.9 Y155.86 E.20071
SET_VELOCITY_LIMIT ACCEL=5000 ACCEL_TO_DECEL=2500
G1 X186.3 Y156.3 F30000
;TYPE:Outer wall
G1 F2735
G1 X178.7 Y156.3 E.22565
G1 X178.7 Y148.7 E.22565
G1 X186.3 Y148.7 E.22565
G1 X186.3 Y156.26 E.22447
SET_VELOCITY_LIMIT ACCEL=10000 ACCEL_TO_DECEL=5000
G1 E-.5 F900
G1 Z1.4 F30000
G1 X182.476 Y155.596 Z1.4
G1 Z1.2
G1 E.5 F900
;TYPE:Sparse infill
G1 F2735
G1 X181.048 Y155.596 E.04241
G1 X179.404 Y153.952 E.06904
G1 X179.404 Y150.316 E.10795
G1 X184.684 Y155.596 E.22172
G1 X185.596 Y155.596 E.0271
G1 X185.596 Y152.873 E.08085
G1 X182.127 Y149.404 E.1457
G1 X183.555 Y149.404 E.04241
G1 E-.5 F900
G1 Z1.4 F30000
G1 X125.9 Y155.9 Z1.4
G1 Z1.2
G1 E.5 F900
;TYPE:Inner wall
G1 F2735
G1 X119.1 Y155.9 E.2019
G1 X119.1 Y149.1 E.2019
G1 X125.9 Y149.1 E.2019
G1 X125.9 Y155.86 E.20071
SET_VELOCITY_LIMIT ACCEL=5000 ACCEL_TO_DECEL=2500
G1 X126.3 Y156.3 F30000
;TYPE:Outer wall
G1 F2735
G1 X118.7 Y156.3 E.22565
G1 X118.7 Y148.7 E.22565
G1 X126.3 Y148.7 E.22565
G1 X126.3 Y156.26 E.22447
SET_VELOCITY_LIMIT ACCEL=10000 ACCEL_TO_DECEL=5000
G1 E-.5 F900
M73 P8 R11
G1 Z1.4 F30000
G1 X121.445 Y155.596 Z1.4
G1 Z1.2
G1 E.5 F900
;TYPE:Sparse infill
G1 F2735
G1 X122.873 Y155.596 E.04241
G1 X119.404 Y152.127 E.1457
G1 X119.404 Y149.404 E.08085
G1 X120.316 Y149.404 E.0271
G1 X125.596 Y154.684 E.22172
G1 X125.596 Y151.048 E.10795
G1 X123.952 Y149.404 E.06904
G1 X122.524 Y149.404 E.04241
; stop printing object stringing_test_8x8x30.stl id:0 copy 0
;LAYER_CHANGE
;Z:1.4
;HEIGHT:0.2
;BEFORE_LAYER_CHANGE
;1.4
G92 E0

G1 E-.5 F900
;AFTER_LAYER_CHANGE
;1.4
SET_PRINT_STATS_INFO CURRENT_LAYER=7
;_SET_FAN_SPEED_CHANGING_LAYER
; printing object stringing_test_8x8x30.stl id:0 copy 0
G1 Z1.6 F30000
G1 X185.9 Y155.9 Z1.6
G1 Z1.4
G1 E.5 F900
;TYPE:Inner wall
G1 F2735
G1 X179.1 Y155.9 E.2019
G1 X179.1 Y149.1 E.2019
G1 X185.9 Y149.1 E.2019
G1 X185.9 Y155.86 E.20071
SET_VELOCITY_LIMIT ACCEL=5000 ACCEL_TO_DECEL=2500
G1 X186.3 Y156.3 F30000
;TYPE:Outer wall
G1 F2735
G1 X178.7 Y156.3 E.22565
G1 X178.7 Y148.7 E.22565
G1 X186.3 Y148.7 E.22565
G1 X186.3 Y156.26 E.22447
SET_VELOCITY_LIMIT ACCEL=10000 ACCEL_TO_DECEL=5000
G1 E-.5 F900
G1 Z1.6 F30000
G1 X182.476 Y155.596 Z1.6
G1 Z1.4
G1 E.5 F900
;TYPE:Sparse infill
G1 F2735
G1 X181.048 Y155.596 E.04241
G1 X179.404 Y153.952 E.06904
G1 X179.404 Y150.316 E.10795
G1 X184.684 Y155.596 E.22172
G1 X185.596 Y155.596 E.0271
G1 X185.596 Y152.873 E.08085
G1 X182.127 Y149.404 E.1457
G1 X183.555 Y149.404 E.04241
G1 E-.5 F900
G1 Z1.6 F30000
G1 X125.9 Y155.9 Z1.6
G1 Z1.4
G1 E.5 F900
;TYPE:Inner wall
G1 F2735
G1 X119.1 Y155.9 E.2019
G1 X119.1 Y149.1 E.2019
G1 X125.9 Y149.1 E.2019
G1 X125.9 Y155.86 E.20071
SET_VELOCITY_LIMIT ACCEL=5000 ACCEL_TO_DECEL=2500
G1 X126.3 Y156.3 F30000
;TYPE:Outer wall
G1 F2735
G1 X118.7 Y156.3 E.22565
G1 X118.7 Y148.7 E.22565
G1 X126.3 Y148.7 E.22565
G1 X126.3 Y156.26 E.22447
SET_VELOCITY_LIMIT ACCEL=10000 ACCEL_TO_DECEL=5000
G1 E-.5 F900
G1 Z1.6 F30000
G1 X121.445 Y155.596 Z1.6
G1 Z1.4
G1 E.5 F900
;TYPE:Sparse infill
G1 F2735
G1 X122.873 Y155.596 E.04241
G1 X119.404 Y152.127 E.1457
G1 X119.404 Y149.404 E.08085
G1 X120.316 Y149.404 E.0271
G1 X125.596 Y154.684 E.22172
G1 X125.596 Y151.048 E.10795
G1 X123.952 Y149.404 E.06904
G1 X122.524 Y149.404 E.04241
; stop printing object stringing_test_8x8x30.stl id:0 copy 0
;LAYER_CHANGE
;Z:1.6
;HEIGHT:0.2
;BEFORE_LAYER_CHANGE
;1.6
G92 E0

G1 E-.5 F900
;AFTER_LAYER_CHANGE
;1.6
SET_PRINT_STATS_INFO CURRENT_LAYER=8
;_SET_FAN_SPEED_CHANGING_LAYER
; printing object stringing_test_8x8x30.stl id:0 copy 0
G1 Z1.8 F30000
G1 X185.9 Y155.9 Z1.8
G1 Z1.6
G1 E.5 F900
;TYPE:Inner wall
G1 F2735
G1 X179.1 Y155.9 E.2019
G1 X179.1 Y149.1 E.2019
G1 X185.9 Y149.1 E.2019
G1 X185.9 Y155.86 E.20071
SET_VELOCITY_LIMIT ACCEL=5000 ACCEL_TO_DECEL=2500
G1 X186.3 Y156.3 F30000
;TYPE:Outer wall
G1 F2735
G1 X178.7 Y156.3 E.22565
G1 X178.7 Y148.7 E.22565
G1 X186.3 Y148.7 E.22565
G1 X186.3 Y156.26 E.22447
SET_VELOCITY_LIMIT ACCEL=10000 ACCEL_TO_DECEL=5000
G1 E-.5 F900
G1 Z1.8 F30000
G1 X182.476 Y155.596 Z1.8
G1 Z1.6
G1 E.5 F900
;TYPE:Sparse infill
G1 F2735
G1 X181.048 Y155.596 E.04241
G1 X179.404 Y153.952 E.06904
G1 X179.404 Y150.316 E.10795
G1 X184.684 Y155.596 E.22172
G1 X185.596 Y155.596 E.0271
M73 P9 R11
G1 X185.596 Y152.873 E.08085
G1 X182.127 Y149.404 E.1457
G1 X183.555 Y149.404 E.04241
G1 E-.5 F900
G1 Z1.8 F30000
G1 X125.9 Y155.9 Z1.8
G1 Z1.6
G1 E.5 F900
;TYPE:Inner wall
G1 F2735
G1 X119.1 Y155.9 E.2019
G1 X119.1 Y149.1 E.2019
G1 X125.9 Y149.1 E.2019
G1 X125.9 Y155.86 E.20071
SET_VELOCITY_LIMIT ACCEL=5000 ACCEL_TO_DECEL=2500
G1 X126.3 Y156.3 F30000
;TYPE:Outer wall
G1 F2735
G1 X118.7 Y156.3 E.22565
G1 X118.7 Y148.7 E.22565
G1 X126.3 Y148.7 E.22565
G1 X126.3 Y156.26 E.22447
SET_VELOCITY_LIMIT ACCEL=10000 ACCEL_TO_DECEL=5000
G1 E-.5 F900
G1 Z1.8 F30000
G1 X121.445 Y155.596 Z1.8
G1 Z1.6
G1 E.5 F900
;TYPE:Sparse infill
G1 F2735
G1 X122.873 Y155.596 E.04241
G1 X119.404 Y152.127 E.1457
G1 X119.404 Y149.404 E.08085
G1 X120.316 Y149.404 E.0271
G1 X125.596 Y154.684 E.22172
G1 X125.596 Y151.048 E.10795
G1 X123.952 Y149.404 E.06904
G1 X122.524 Y149.404 E.04241
; stop printing object stringing_test_8x8x30.stl id:0 copy 0
;LAYER_CHANGE
;Z:1.8
;HEIGHT:0.2
;BEFORE_LAYER_CHANGE
;1.8
G92 E0

G1 E-.5 F900
;AFTER_LAYER_CHANGE
;1.8
SET_PRINT_STATS_INFO CURRENT_LAYER=9
;_SET_FAN_SPEED_CHANGING_LAYER
; printing object stringing_test_8x8x30.stl id:0 copy 0
G1 Z2 F30000
G1 X185.9 Y155.9 Z2
G1 Z1.8
G1 E.5 F900
;TYPE:Inner wall
G1 F2735
G1 X179.1 Y155.9 E.2019
G1 X179.1 Y149.1 E.2019
G1 X185.9 Y149.1 E.2019
G1 X185.9 Y155.86 E.20071
SET_VELOCITY_LIMIT ACCEL=5000 ACCEL_TO_DECEL=2500
G1 X186.3 Y156.3 F30000
;TYPE:Outer wall
G1 F2735
G1 X178.7 Y156.3 E.22565
G1 X178.7 Y148.7 E.22565
G1 X186.3 Y148.7 E.22565
G1 X186.3 Y156.26 E.22447
SET_VELOCITY_LIMIT ACCEL=10000 ACCEL_TO_DECEL=5000
G1 E-.5 F900
G1 Z2 F30000
G1 X182.476 Y155.596 Z2
G1 Z1.8
G1 E.5 F900
;TYPE:Sparse infill
G1 F2735
G1 X181.048 Y155.596 E.04241
G1 X179.404 Y153.952 E.06904
G1 X179.404 Y150.316 E.10795
G1 X184.684 Y155.596 E.22172
G1 X185.596 Y155.596 E.0271
G1 X185.596 Y152.873 E.08085
G1 X182.127 Y149.404 E.1457
G1 X183.555 Y149.404 E.04241
G1 E-.5 F900
G1 Z2 F30000
G1 X125.9 Y155.9 Z2
G1 Z1.8
G1 E.5 F900
;TYPE:Inner wall
G1 F2735
G1 X119.1 Y155.9 E.2019
G1 X119.1 Y149.1 E.2019
G1 X125.9 Y149.1 E.2019
G1 X125.9 Y155.86 E.20071
SET_VELOCITY_LIMIT ACCEL=5000 ACCEL_TO_DECEL=2500
G1 X126.3 Y156.3 F30000
;TYPE:Outer wall
G1 F2735
G1 X118.7 Y156.3 E.22565
G1 X118.7 Y148.7 E.22565
G1 X126.3 Y148.7 E.22565
G1 X126.3 Y156.26 E.22447
SET_VELOCITY_LIMIT ACCEL=10000 ACCEL_TO_DECEL=5000
G1 E-.5 F900
G1 Z2 F30000
G1 X121.445 Y155.596 Z2
G1 Z1.8
G1 E.5 F900
;TYPE:Sparse infill
G1 F2735
G1 X122.873 Y155.596 E.04241
G1 X119.404 Y152.127 E.1457
G1 X119.404 Y149.404 E.08085
G1 X120.316 Y149.404 E.0271
G1 X125.596 Y154.684 E.22172
G1 X125.596 Y151.048 E.10795
G1 X123.952 Y149.404 E.06904
G1 X122.524 Y149.404 E.04241
; stop printing object stringing_test_8x8x30.stl id:0 copy 0
;LAYER_CHANGE
;Z:2
;HEIGHT:0.2
;BEFORE_LAYER_CHANGE
;2
G92 E0

G1 E-.5 F900
;AFTER_LAYER_CHANGE
;2
SET_PRINT_STATS_INFO CURRENT_LAYER=10
;_SET_FAN_SPEED_CHANGING_LAYER
; printing object stringing_test_8x8x30.stl id:0 copy 0
G1 Z2.2 F30000
G1 X185.9 Y155.9 Z2.2
G1 Z2
M73 P10 R11
G1 E.5 F900
;TYPE:Inner wall
G1 F2735
G1 X179.1 Y155.9 E.2019
G1 X179.1 Y149.1 E.2019
G1 X185.9 Y149.1 E.2019
G1 X185.9 Y155.86 E.20071
SET_VELOCITY_LIMIT ACCEL=5000 ACCEL_TO_DECEL=2500
G1 X186.3 Y156.3 F30000
;TYPE:Outer wall
G1 F2735
G1 X178.7 Y156.3 E.22565
G1 X178.7 Y148.7 E.22565
G1 X186.3 Y148.7 E.22565
G1 X186.3 Y156.26 E.22447
SET_VELOCITY_LIMIT ACCEL=10000 ACCEL_TO_DECEL=5000
G1 E-.5 F900
G1 Z2.2 F30000
G1 X182.476 Y155.596 Z2.2
G1 Z2
G1 E.5 F900
;TYPE:Sparse infill
G1 F2735
G1 X181.048 Y155.596 E.04241
G1 X179.404 Y153.952 E.06904
G1 X179.404 Y150.316 E.10795
G1 X184.684 Y155.596 E.22172
G1 X185.596 Y155.596 E.0271
G1 X185.596 Y152.873 E.08085
G1 X182.127 Y149.404 E.1457
G1 X183.555 Y149.404 E.04241
G1 E-.5 F900
G1 Z2.2 F30000
G1 X125.9 Y155.9 Z2.2
G1 Z2
G1 E.5 F900
;TYPE:Inner wall
G1 F2735
G1 X119.1 Y155.9 E.2019
G1 X119.1 Y149.1 E.2019
G1 X125.9 Y149.1 E.2019
G1 X125.9 Y155.86 E.20071
SET_VELOCITY_LIMIT ACCEL=5000 ACCEL_TO_DECEL=2500
G1 X126.3 Y156.3 F30000
;TYPE:Outer wall
G1 F2735
G1 X118.7 Y156.3 E.22565
G1 X118.7 Y148.7 E.22565
G1 X126.3 Y148.7 E.22565
G1 X126.3 Y156.26 E.22447
SET_VELOCITY_LIMIT ACCEL=10000 ACCEL_TO_DECEL=5000
G1 E-.5 F900
G1 Z2.2 F30000
G1 X121.445 Y155.596 Z2.2
G1 Z2
G1 E.5 F900
;TYPE:Sparse infill
G1 F2735
G1 X122.873 Y155.596 E.04241
G1 X119.404 Y152.127 E.1457
G1 X119.404 Y149.404 E.08085
G1 X120.316 Y149.404 E.0271
G1 X125.596 Y154.684 E.22172
G1 X125.596 Y151.048 E.10795
G1 X123.952 Y149.404 E.06904
G1 X122.524 Y149.404 E.04241
; stop printing object stringing_test_8x8x30.stl id:0 copy 0
;LAYER_CHANGE
;Z:2.2
;HEIGHT:0.2
;BEFORE_LAYER_CHANGE
;2.2
G92 E0

G1 E-.5 F900
;AFTER_LAYER_CHANGE
;2.2
SET_PRINT_STATS_INFO CURRENT_LAYER=11
;_SET_FAN_SPEED_CHANGING_LAYER
; printing object stringing_test_8x8x30.stl id:0 copy 0
G1 Z2.4 F30000
G1 X185.9 Y155.9 Z2.4
G1 Z2.2
G1 E.5 F900
;TYPE:Inner wall
G1 F2754
G1 X179.1 Y155.9 E.2019
G1 X179.1 Y149.1 E.2019
G1 X185.9 Y149.1 E.2019
G1 X185.9 Y155.86 E.20071
SET_VELOCITY_LIMIT ACCEL=5000 ACCEL_TO_DECEL=2500
G1 X186.3 Y156.3 F30000
;TYPE:Outer wall
G1 F2754
G1 X178.7 Y156.3 E.22565
G1 X178.7 Y148.7 E.22565
G1 X186.3 Y148.7 E.22565
G1 X186.3 Y156.26 E.22447
SET_VELOCITY_LIMIT ACCEL=10000 ACCEL_TO_DECEL=5000
G1 E-.5 F900
G1 Z2.4 F30000
G1 X182.757 Y155.596 Z2.4
G1 Z2.2
G1 E.5 F900
;TYPE:Sparse infill
G1 F2754
G1 X181.329 Y155.596 E.04241
G2 X180.678 Y154.753 I-1.522 J.501 E.03224
G1 X179.404 Y154.143 E.04196
G1 X179.404 Y150.507 E.10795
G1 X180.678 Y151.117 E.04196
G1 X181.152 Y151.591 E.0199
G1 X182.022 Y153.409 E.05984
G1 X182.496 Y153.883 E.0199
G1 X184.314 Y154.753 E.05984
G3 X184.965 Y155.596 I-.871 J1.345 E.03224
G1 X185.596 Y155.596 E.01875
G1 X185.596 Y153.28 E.06878
G1 X184.788 Y151.591 E.0556
G1 X184.314 Y151.117 E.0199
G1 X182.496 Y150.247 E.05984
G3 X181.845 Y149.404 I.871 J-1.345 E.03224
G1 X183.274 Y149.404 E.04241
G1 E-.5 F900
G1 Z2.4 F30000
G1 X125.9 Y155.9 Z2.4
G1 Z2.2
G1 E.5 F900
;TYPE:Inner wall
G1 F2754
G1 X119.1 Y155.9 E.2019
G1 X119.1 Y149.1 E.2019
G1 X125.9 Y149.1 E.2019
M73 P11 R11
G1 X125.9 Y155.86 E.20071
SET_VELOCITY_LIMIT ACCEL=5000 ACCEL_TO_DECEL=2500
G1 X126.3 Y156.3 F30000
;TYPE:Outer wall
G1 F2754
G1 X118.7 Y156.3 E.22565
G1 X118.7 Y148.7 E.22565
G1 X126.3 Y148.7 E.22565
G1 X126.3 Y156.26 E.22447
SET_VELOCITY_LIMIT ACCEL=10000 ACCEL_TO_DECEL=5000
G1 E-.5 F900
G1 Z2.4 F30000
G1 X121.726 Y155.596 Z2.4
G1 Z2.2
G1 E.5 F900
;TYPE:Sparse infill
G1 F2754
G1 X123.155 Y155.596 E.04241
G2 X122.504 Y154.753 I-1.522 J.501 E.03224
G1 X120.686 Y153.883 E.05984
G1 X120.212 Y153.409 E.0199
G1 X119.404 Y151.72 E.0556
G1 X119.404 Y149.404 E.06878
G1 X120.035 Y149.404 E.01875
G2 X120.686 Y150.247 I1.522 J-.501 E.03224
G1 X122.504 Y151.117 E.05984
G1 X122.978 Y151.591 E.0199
G1 X123.848 Y153.409 E.05984
G1 X124.322 Y153.883 E.0199
G1 X125.596 Y154.493 E.04196
G1 X125.596 Y150.857 E.10795
G1 X124.322 Y150.247 E.04196
G3 X123.671 Y149.404 I.871 J-1.345 E.03224
G1 X122.243 Y149.404 E.04241
; stop printing object stringing_test_8x8x30.stl id:0 copy 0
;LAYER_CHANGE
;Z:2.4
;HEIGHT:0.2
;BEFORE_LAYER_CHANGE
;2.4
G92 E0

G1 E-.5 F900
;AFTER_LAYER_CHANGE
;2.4
SET_PRINT_STATS_INFO CURRENT_LAYER=12
;_SET_FAN_SPEED_CHANGING_LAYER
; printing object stringing_test_8x8x30.stl id:0 copy 0
G1 Z2.6 F30000
G1 X185.9 Y155.9 Z2.6
G1 Z2.4
G1 E.5 F900
;TYPE:Inner wall
G1 F2965
G1 X179.1 Y155.9 E.2019
G1 X179.1 Y149.1 E.2019
G1 X185.9 Y149.1 E.2019
G1 X185.9 Y155.86 E.20071
SET_VELOCITY_LIMIT ACCEL=5000 ACCEL_TO_DECEL=2500
G1 X186.3 Y156.3 F30000
;TYPE:Outer wall
G1 F2965
G1 X178.7 Y156.3 E.22565
G1 X178.7 Y148.7 E.22565
G1 X186.3 Y148.7 E.22565
G1 X186.3 Y156.26 E.22447
SET_VELOCITY_LIMIT ACCEL=10000 ACCEL_TO_DECEL=5000
G1 E-.5 F900
G1 Z2.6 F30000
G1 X182.967 Y155.596 Z2.6
G1 Z2.4
G1 E.5 F900
;TYPE:Sparse infill
G1 F2965
G1 X181.539 Y155.596 E.04241
G1 X181.506 Y155.227 E.01102
G1 X180.678 Y154.4 E.03474
G1 X179.404 Y154.285 E.038
G1 X179.404 Y150.649 E.10795
G1 X180.678 Y150.764 E.038
G1 X181.506 Y151.591 E.03474
G1 X181.669 Y153.409 E.05419
G1 X182.496 Y154.236 E.03474
G1 X184.314 Y154.4 E.05419
G1 X185.142 Y155.227 E.03474
G1 X185.175 Y155.596 E.01102
G1 X185.596 Y155.596 E.01252
G1 X185.596 Y153.701 E.05629
G1 X185.305 Y153.409 E.01225
G1 X185.142 Y151.591 E.05419
G1 X184.314 Y150.764 E.03474
G1 X182.496 Y150.6 E.05419
G1 X181.669 Y149.773 E.03474
G1 X181.636 Y149.404 E.01102
G1 X185.272 Y149.404 E.10795
G2 X185.596 Y150.065 I.558 J.136 E.02375
G1 X185.596 Y151.493 E.04241
G1 E-.5 F900
G1 Z2.6 F30000
G1 X125.9 Y155.9 Z2.6
G1 Z2.4
G1 E.5 F900
;TYPE:Inner wall
G1 F2965
G1 X119.1 Y155.9 E.2019
G1 X119.1 Y149.1 E.2019
G1 X125.9 Y149.1 E.2019
G1 X125.9 Y155.86 E.20071
SET_VELOCITY_LIMIT ACCEL=5000 ACCEL_TO_DECEL=2500
G1 X126.3 Y156.3 F30000
;TYPE:Outer wall
G1 F2965
G1 X118.7 Y156.3 E.22565
G1 X118.7 Y148.7 E.22565
G1 X126.3 Y148.7 E.22565
G1 X126.3 Y156.26 E.22447
SET_VELOCITY_LIMIT ACCEL=10000 ACCEL_TO_DECEL=5000
G1 E-.5 F900
G1 Z2.6 F30000
G1 X119.404 Y153.507 Z2.6
G1 Z2.4
G1 E.5 F900
;TYPE:Sparse infill
G1 F2965
G1 X119.404 Y154.935 E.04241
G3 X119.728 Y155.596 I-.233 J.525 E.02375
G1 X123.364 Y155.596 E.10795
G1 X123.331 Y155.227 E.01102
G1 X122.504 Y154.4 E.03474
G1 X120.686 Y154.236 E.05419
G1 X119.858 Y153.409 E.03474
G1 X119.695 Y151.591 E.05419
G1 X119.404 Y151.299 E.01225
G1 X119.404 Y149.404 E.05629
G1 X119.825 Y149.404 E.01252
G1 X119.858 Y149.773 E.01102
G1 X120.686 Y150.6 E.03474
G1 X122.504 Y150.764 E.05419
G1 X123.331 Y151.591 E.03474
G1 X123.494 Y153.409 E.05419
G1 X124.322 Y154.236 E.03474
G1 X125.596 Y154.351 E.038
G1 X125.596 Y150.715 E.10795
G1 X124.322 Y150.6 E.038
G1 X123.494 Y149.773 E.03474
G1 X123.461 Y149.404 E.01102
G1 X122.033 Y149.404 E.04241
; stop printing object stringing_test_8x8x30.stl id:0 copy 0
;LAYER_CHANGE
;Z:2.6
;HEIGHT:0.2
;BEFORE_LAYER_CHANGE
;2.6
G92 E0

G1 E-.5 F900
;AFTER_LAYER_CHANGE
;2.6
SET_PRINT_STATS_INFO CURRENT_LAYER=13
;_SET_FAN_SPEED_CHANGING_LAYER
; printing object stringing_test_8x8x30.stl id:0 copy 0
G1 Z2.8 F30000
G1 X185.9 Y155.9 Z2.8
G1 Z2.6
G1 E.5 F900
;TYPE:Inner wall
G1 F3006
G1 X179.1 Y155.9 E.2019
G1 X179.1 Y149.1 E.2019
G1 X185.9 Y149.1 E.2019
G1 X185.9 Y155.86 E.20071
SET_VELOCITY_LIMIT ACCEL=5000 ACCEL_TO_DECEL=2500
G1 X186.3 Y156.3 F30000
;TYPE:Outer wall
G1 F3006
M73 P12 R11
G1 X178.7 Y156.3 E.22565
G1 X178.7 Y148.7 E.22565
G1 X186.3 Y148.7 E.22565
G1 X186.3 Y156.26 E.22447
SET_VELOCITY_LIMIT ACCEL=10000 ACCEL_TO_DECEL=5000
G1 E-.5 F900
G1 Z2.8 F30000
G1 X185.596 Y153.456 Z2.8
G1 Z2.6
G1 E.5 F900
;TYPE:Sparse infill
G1 F3006
G1 X185.596 Y154.762 E.03877
G1 X185.132 Y155.227 E.01952
G1 X185.169 Y155.596 E.01103
G1 X181.533 Y155.596 E.10795
G1 X181.496 Y155.227 E.01103
G1 X182.496 Y154.226 E.04201
G1 X184.314 Y154.41 E.05425
G1 X185.315 Y153.409 E.04201
G1 X185.132 Y151.591 E.05425
G1 X185.596 Y151.126 E.01952
G1 X185.596 Y149.404 E.05114
G1 X185.278 Y149.404 E.00947
G1 X185.315 Y149.773 E.01103
G1 X184.314 Y150.774 E.04201
G1 X182.496 Y150.59 E.05425
G1 X181.496 Y151.591 E.04201
G1 X181.679 Y153.409 E.05425
G1 X180.678 Y154.41 E.04201
G1 X179.404 Y154.281 E.03804
G1 X179.404 Y150.645 E.10795
G1 X180.678 Y150.774 E.03804
G1 X181.679 Y149.773 E.04201
G1 X181.642 Y149.404 E.01103
G1 X183.07 Y149.404 E.04241
G1 E-.5 F900
G1 Z2.8 F30000
G1 X125.9 Y155.9 Z2.8
G1 Z2.6
G1 E.5 F900
;TYPE:Inner wall
G1 F3006
G1 X119.1 Y155.9 E.2019
G1 X119.1 Y149.1 E.2019
G1 X125.9 Y149.1 E.2019
G1 X125.9 Y155.86 E.20071
SET_VELOCITY_LIMIT ACCEL=5000 ACCEL_TO_DECEL=2500
G1 X126.3 Y156.3 F30000
;TYPE:Outer wall
G1 F3006
G1 X118.7 Y156.3 E.22565
G1 X118.7 Y148.7 E.22565
G1 X126.3 Y148.7 E.22565
G1 X126.3 Y156.26 E.22447
SET_VELOCITY_LIMIT ACCEL=10000 ACCEL_TO_DECEL=5000
G1 E-.5 F900
G1 Z2.8 F30000
G1 X121.93 Y155.596 Z2.8
G1 Z2.6
G1 E.5 F900
;TYPE:Sparse infill
G1 F3006
G1 X123.358 Y155.596 E.04241
G1 X123.321 Y155.227 E.01103
G1 X124.322 Y154.226 E.04201
G1 X125.596 Y154.355 E.03804
G1 X125.596 Y150.719 E.10795
G1 X124.322 Y150.59 E.03804
G1 X123.321 Y151.591 E.04201
G1 X123.504 Y153.409 E.05425
G1 X122.504 Y154.41 E.04201
G1 X120.686 Y154.226 E.05425
G1 X119.685 Y155.227 E.04201
G1 X119.722 Y155.596 E.01103
G1 X119.404 Y155.596 E.00947
G1 X119.404 Y153.874 E.05114
G1 X119.868 Y153.409 E.01952
G1 X119.685 Y151.591 E.05425
G1 X120.686 Y150.59 E.04201
G1 X122.504 Y150.774 E.05425
G1 X123.504 Y149.773 E.04201
G1 X123.467 Y149.404 E.01103
G1 X119.831 Y149.404 E.10795
G1 X119.868 Y149.773 E.01103
G1 X119.404 Y150.238 E.01952
G1 X119.404 Y151.544 E.03877
; stop printing object stringing_test_8x8x30.stl id:0 copy 0
;LAYER_CHANGE
;Z:2.8
;HEIGHT:0.2
;BEFORE_LAYER_CHANGE
;2.8
G92 E0

G1 E-.5 F900
;AFTER_LAYER_CHANGE
;2.8
SET_PRINT_STATS_INFO CURRENT_LAYER=14
;_SET_FAN_SPEED_CHANGING_LAYER
; printing object stringing_test_8x8x30.stl id:0 copy 0
G1 Z3 F30000
G1 X185.9 Y155.9 Z3
G1 Z2.8
G1 E.5 F900
;TYPE:Inner wall
G1 F2910
G1 X179.1 Y155.9 E.2019
G1 X179.1 Y149.1 E.2019
G1 X185.9 Y149.1 E.2019
G1 X185.9 Y155.86 E.20071
SET_VELOCITY_LIMIT ACCEL=5000 ACCEL_TO_DECEL=2500
G1 X186.3 Y156.3 F30000
;TYPE:Outer wall
G1 F2910
G1 X178.7 Y156.3 E.22565
G1 X178.7 Y148.7 E.22565
G1 X186.3 Y148.7 E.22565
G1 X186.3 Y156.26 E.22447
SET_VELOCITY_LIMIT ACCEL=10000 ACCEL_TO_DECEL=5000
G1 E-.5 F900
G1 Z3 F30000
G1 X185.596 Y153.687 Z3
G1 Z2.8
G1 E.5 F900
;TYPE:Sparse infill
G1 F2910
G1 X185.596 Y155.115 E.04241
G2 X185.379 Y155.596 I.326 J.438 E.01637
G1 X181.743 Y155.596 E.10795
G1 X181.849 Y155.227 E.01142
G1 X182.496 Y154.58 E.02717
G1 X184.314 Y154.056 E.05617
G1 X184.961 Y153.409 E.02717
G1 X185.485 Y151.591 E.05617
G1 X185.596 Y151.48 E.00468
G1 X185.596 Y149.404 E.06164
G1 X185.068 Y149.404 E.0157
G1 X184.961 Y149.773 E.01142
G1 X184.314 Y150.42 E.02717
G1 X182.496 Y150.944 E.05617
G1 X181.849 Y151.591 E.02717
G1 X181.325 Y153.409 E.05617
G1 X180.678 Y154.056 E.02717
G1 X179.404 Y154.423 E.03939
G1 X179.404 Y150.787 E.10795
G1 X180.678 Y150.42 E.03939
G1 X181.325 Y149.773 E.02717
G1 X181.432 Y149.404 E.01142
G1 X182.86 Y149.404 E.04241
G1 E-.5 F900
G1 Z3 F30000
G1 X125.9 Y155.9 Z3
G1 Z2.8
M73 P12 R10
G1 E.5 F900
;TYPE:Inner wall
G1 F2910
G1 X119.1 Y155.9 E.2019
G1 X119.1 Y149.1 E.2019
G1 X125.9 Y149.1 E.2019
G1 X125.9 Y155.86 E.20071
SET_VELOCITY_LIMIT ACCEL=5000 ACCEL_TO_DECEL=2500
G1 X126.3 Y156.3 F30000
;TYPE:Outer wall
G1 F2910
G1 X118.7 Y156.3 E.22565
G1 X118.7 Y148.7 E.22565
G1 X126.3 Y148.7 E.22565
M73 P13 R10
G1 X126.3 Y156.26 E.22447
SET_VELOCITY_LIMIT ACCEL=10000 ACCEL_TO_DECEL=5000
G1 E-.5 F900
G1 Z3 F30000
G1 X122.14 Y155.596 Z3
G1 Z2.8
G1 E.5 F900
;TYPE:Sparse infill
G1 F2910
G1 X123.568 Y155.596 E.04241
G1 X123.675 Y155.227 E.01142
G1 X124.322 Y154.58 E.02717
G1 X125.596 Y154.213 E.03939
G1 X125.596 Y150.577 E.10795
G1 X124.322 Y150.944 E.03939
G1 X123.675 Y151.591 E.02717
G1 X123.151 Y153.409 E.05617
G1 X122.504 Y154.056 E.02717
G1 X120.686 Y154.58 E.05617
G1 X120.039 Y155.227 E.02717
G1 X119.932 Y155.596 E.01142
G1 X119.404 Y155.596 E.0157
G1 X119.404 Y153.52 E.06164
G1 X119.515 Y153.409 E.00468
G1 X120.039 Y151.591 E.05617
G1 X120.686 Y150.944 E.02717
G1 X122.504 Y150.42 E.05617
G1 X123.151 Y149.773 E.02717
G1 X123.257 Y149.404 E.01142
G1 X119.621 Y149.404 E.10795
G3 X119.404 Y149.885 I-.544 J.043 E.01636
G1 X119.404 Y151.313 E.04241
; stop printing object stringing_test_8x8x30.stl id:0 copy 0
;LAYER_CHANGE
;Z:3
;HEIGHT:0.2
;BEFORE_LAYER_CHANGE
;3
G92 E0

G1 E-.5 F900
;AFTER_LAYER_CHANGE
;3
SET_PRINT_STATS_INFO CURRENT_LAYER=15
;_SET_FAN_SPEED_CHANGING_LAYER
; printing object stringing_test_8x8x30.stl id:0 copy 0
G1 Z3.2 F30000
G1 X185.9 Y155.9 Z3.2
G1 Z3
G1 E.5 F900
;TYPE:Inner wall
G1 F2738
G1 X179.1 Y155.9 E.2019
G1 X179.1 Y149.1 E.2019
G1 X185.9 Y149.1 E.2019
G1 X185.9 Y155.86 E.20071
SET_VELOCITY_LIMIT ACCEL=5000 ACCEL_TO_DECEL=2500
G1 X186.3 Y156.3 F30000
;TYPE:Outer wall
G1 F2738
G1 X178.7 Y156.3 E.22565
G1 X178.7 Y148.7 E.22565
G1 X186.3 Y148.7 E.22565
G1 X186.3 Y156.26 E.22447
SET_VELOCITY_LIMIT ACCEL=10000 ACCEL_TO_DECEL=5000
G1 E-.5 F900
G1 Z3.2 F30000
G1 X183.381 Y155.596 Z3.2
G1 Z3
G1 E.5 F900
;TYPE:Sparse infill
G1 F2738
G1 X181.952 Y155.596 E.04241
G3 X182.496 Y154.933 I1.994 J1.081 E.02561
G1 X184.314 Y153.702 E.06519
G1 X184.608 Y153.409 E.01232
G1 X185.596 Y151.949 E.05237
G1 X185.596 Y149.404 E.07557
G1 X184.858 Y149.404 E.02193
G3 X184.314 Y150.067 I-1.994 J-1.081 E.02561
G1 X182.496 Y151.298 E.06519
G1 X182.203 Y151.591 E.01232
G1 X180.972 Y153.409 E.06519
G1 X180.678 Y153.702 E.01232
G1 X179.404 Y154.566 E.04571
G1 X179.404 Y150.93 E.10795
G1 X180.678 Y150.067 E.04571
G2 X181.222 Y149.404 I-1.45 J-1.744 E.02561
G1 X182.65 Y149.404 E.04241
G1 E-.5 F900
G1 Z3.2 F30000
G1 X125.9 Y155.9 Z3.2
G1 Z3
G1 E.5 F900
;TYPE:Inner wall
G1 F2738
G1 X119.1 Y155.9 E.2019
G1 X119.1 Y149.1 E.2019
G1 X125.9 Y149.1 E.2019
G1 X125.9 Y155.86 E.20071
SET_VELOCITY_LIMIT ACCEL=5000 ACCEL_TO_DECEL=2500
G1 X126.3 Y156.3 F30000
;TYPE:Outer wall
G1 F2738
G1 X118.7 Y156.3 E.22565
G1 X118.7 Y148.7 E.22565
G1 X126.3 Y148.7 E.22565
G1 X126.3 Y156.26 E.22447
SET_VELOCITY_LIMIT ACCEL=10000 ACCEL_TO_DECEL=5000
G1 E-.5 F900
G1 Z3.2 F30000
G1 X122.35 Y155.596 Z3.2
G1 Z3
G1 E.5 F900
;TYPE:Sparse infill
G1 F2738
G1 X123.778 Y155.596 E.04241
G3 X124.322 Y154.933 I1.994 J1.081 E.02561
G1 X125.596 Y154.07 E.04571
G1 X125.596 Y150.434 E.10795
G1 X124.322 Y151.298 E.04571
G1 X124.028 Y151.591 E.01232
G1 X122.797 Y153.409 E.06519
G1 X122.504 Y153.702 E.01232
G1 X120.686 Y154.933 E.06519
G2 X120.142 Y155.596 I1.45 J1.744 E.02561
G1 X119.404 Y155.596 E.02193
G1 X119.404 Y153.051 E.07557
G1 X120.392 Y151.591 E.05237
G1 X120.686 Y151.298 E.01232
G1 X122.504 Y150.067 E.06519
G2 X123.048 Y149.404 I-1.45 J-1.744 E.02561
G1 X121.619 Y149.404 E.04241
; stop printing object stringing_test_8x8x30.stl id:0 copy 0
;LAYER_CHANGE
;Z:3.2
;HEIGHT:0.2
;BEFORE_LAYER_CHANGE
;3.2
G92 E0

G1 E-.5 F900
;AFTER_LAYER_CHANGE
;3.2
SET_PRINT_STATS_INFO CURRENT_LAYER=16
;_SET_FAN_SPEED_CHANGING_LAYER
; printing object stringing_test_8x8x30.stl id:0 copy 0
G1 Z3.4 F30000
G1 X185.9 Y155.9 Z3.4
G1 Z3.2
G1 E.5 F900
;TYPE:Inner wall
G1 F2730
G1 X179.1 Y155.9 E.2019
G1 X179.1 Y149.1 E.2019
G1 X185.9 Y149.1 E.2019
G1 X185.9 Y155.86 E.20071
SET_VELOCITY_LIMIT ACCEL=5000 ACCEL_TO_DECEL=2500
G1 X186.3 Y156.3 F30000
;TYPE:Outer wall
G1 F2730
G1 X178.7 Y156.3 E.22565
G1 X178.7 Y148.7 E.22565
G1 X186.3 Y148.7 E.22565
G1 X186.3 Y156.26 E.22447
SET_VELOCITY_LIMIT ACCEL=10000 ACCEL_TO_DECEL=5000
G1 E-.5 F900
M73 P14 R10
G1 Z3.4 F30000
G1 X183.555 Y155.596 Z3.4
G1 Z3.2
G1 E.5 F900
;TYPE:Sparse infill
G1 F2730
G1 X182.127 Y155.596 E.04241
G1 X185.596 Y152.127 E.1457
G1 X185.596 Y149.404 E.08085
G1 X184.684 Y149.404 E.0271
G1 X179.404 Y154.684 E.22172
G1 X179.404 Y151.048 E.10795
G1 X181.048 Y149.404 E.06904
G1 X182.476 Y149.404 E.04241
G1 E-.5 F900
G1 Z3.4 F30000
G1 X125.9 Y155.9 Z3.4
G1 Z3.2
G1 E.5 F900
;TYPE:Inner wall
G1 F2730
G1 X119.1 Y155.9 E.2019
G1 X119.1 Y149.1 E.2019
G1 X125.9 Y149.1 E.2019
G1 X125.9 Y155.86 E.20071
SET_VELOCITY_LIMIT ACCEL=5000 ACCEL_TO_DECEL=2500
G1 X126.3 Y156.3 F30000
;TYPE:Outer wall
G1 F2730
G1 X118.7 Y156.3 E.22565
G1 X118.7 Y148.7 E.22565
G1 X126.3 Y148.7 E.22565
G1 X126.3 Y156.26 E.22447
SET_VELOCITY_LIMIT ACCEL=10000 ACCEL_TO_DECEL=5000
G1 E-.5 F900
G1 Z3.4 F30000
G1 X125.596 Y152.524 Z3.4
G1 Z3.2
G1 E.5 F900
;TYPE:Sparse infill
G1 F2730
G1 X125.596 Y153.952 E.04241
G1 X123.952 Y155.596 E.06904
G1 X120.316 Y155.596 E.10795
G1 X125.596 Y150.316 E.22172
G1 X125.596 Y149.404 E.0271
G1 X122.873 Y149.404 E.08085
G1 X119.404 Y152.873 E.1457
G1 X119.404 Y151.445 E.04241
; stop printing object stringing_test_8x8x30.stl id:0 copy 0
;LAYER_CHANGE
;Z:3.4
;HEIGHT:0.2
;BEFORE_LAYER_CHANGE
;3.4
G92 E0

G1 E-.5 F900
;AFTER_LAYER_CHANGE
;3.4
SET_PRINT_STATS_INFO CURRENT_LAYER=17
;_SET_FAN_SPEED_CHANGING_LAYER
; printing object stringing_test_8x8x30.stl id:0 copy 0
G1 Z3.6 F30000
G1 X185.9 Y155.9 Z3.6
G1 Z3.4
G1 E.5 F900
;TYPE:Inner wall
G1 F2730
G1 X179.1 Y155.9 E.2019
G1 X179.1 Y149.1 E.2019
G1 X185.9 Y149.1 E.2019
G1 X185.9 Y155.86 E.20071
SET_VELOCITY_LIMIT ACCEL=5000 ACCEL_TO_DECEL=2500
G1 X186.3 Y156.3 F30000
;TYPE:Outer wall
G1 F2730
G1 X178.7 Y156.3 E.22565
G1 X178.7 Y148.7 E.22565
G1 X186.3 Y148.7 E.22565
G1 X186.3 Y156.26 E.22447
SET_VELOCITY_LIMIT ACCEL=10000 ACCEL_TO_DECEL=5000
G1 E-.5 F900
G1 Z3.6 F30000
G1 X183.555 Y155.596 Z3.6
G1 Z3.4
G1 E.5 F900
;TYPE:Sparse infill
G1 F2730
G1 X182.127 Y155.596 E.04241
G1 X185.596 Y152.127 E.1457
G1 X185.596 Y149.404 E.08085
G1 X184.684 Y149.404 E.0271
G1 X179.404 Y154.684 E.22172
G1 X179.404 Y151.048 E.10795
G1 X181.048 Y149.404 E.06904
G1 X182.476 Y149.404 E.04241
G1 E-.5 F900
G1 Z3.6 F30000
G1 X125.9 Y155.9 Z3.6
G1 Z3.4
G1 E.5 F900
;TYPE:Inner wall
G1 F2730
G1 X119.1 Y155.9 E.2019
G1 X119.1 Y149.1 E.2019
G1 X125.9 Y149.1 E.2019
G1 X125.9 Y155.86 E.20071
SET_VELOCITY_LIMIT ACCEL=5000 ACCEL_TO_DECEL=2500
G1 X126.3 Y156.3 F30000
;TYPE:Outer wall
G1 F2730
G1 X118.7 Y156.3 E.22565
G1 X118.7 Y148.7 E.22565
G1 X126.3 Y148.7 E.22565
G1 X126.3 Y156.26 E.22447
SET_VELOCITY_LIMIT ACCEL=10000 ACCEL_TO_DECEL=5000
G1 E-.5 F900
G1 Z3.6 F30000
G1 X125.596 Y152.524 Z3.6
G1 Z3.4
G1 E.5 F900
;TYPE:Sparse infill
G1 F2730
G1 X125.596 Y153.952 E.04241
G1 X123.952 Y155.596 E.06904
G1 X120.316 Y155.596 E.10795
G1 X125.596 Y150.316 E.22172
G1 X125.596 Y149.404 E.0271
M73 P15 R10
G1 X122.873 Y149.404 E.08085
G1 X119.404 Y152.873 E.1457
G1 X119.404 Y151.445 E.04241
; stop printing object stringing_test_8x8x30.stl id:0 copy 0
;LAYER_CHANGE
;Z:3.6
;HEIGHT:0.2
;BEFORE_LAYER_CHANGE
;3.6
G92 E0

G1 E-.5 F900
;AFTER_LAYER_CHANGE
;3.6
SET_PRINT_STATS_INFO CURRENT_LAYER=18
;_SET_FAN_SPEED_CHANGING_LAYER
; printing object stringing_test_8x8x30.stl id:0 copy 0
G1 Z3.8 F30000
G1 X185.9 Y155.9 Z3.8
G1 Z3.6
G1 E.5 F900
;TYPE:Inner wall
G1 F2730
G1 X179.1 Y155.9 E.2019
G1 X179.1 Y149.1 E.2019
G1 X185.9 Y149.1 E.2019
G1 X185.9 Y155.86 E.20071
SET_VELOCITY_LIMIT ACCEL=5000 ACCEL_TO_DECEL=2500
G1 X186.3 Y156.3 F30000
;TYPE:Outer wall
G1 F2730
G1 X178.7 Y156.3 E.22565
G1 X178.7 Y148.7 E.22565
G1 X186.3 Y148.7 E.22565
G1 X186.3 Y156.26 E.22447
SET_VELOCITY_LIMIT ACCEL=10000 ACCEL_TO_DECEL=5000
G1 E-.5 F900
G1 Z3.8 F30000
G1 X183.555 Y155.596 Z3.8
G1 Z3.6
G1 E.5 F900
;TYPE:Sparse infill
G1 F2730
G1 X182.127 Y155.596 E.04241
G1 X185.596 Y152.127 E.1457
G1 X185.596 Y149.404 E.08085
G1 X184.684 Y149.404 E.0271
G1 X179.404 Y154.684 E.22172
G1 X179.404 Y151.048 E.10795
G1 X181.048 Y149.404 E.06904
G1 X182.476 Y149.404 E.04241
G1 E-.5 F900
G1 Z3.8 F30000
G1 X125.9 Y155.9 Z3.8
G1 Z3.6
G1 E.5 F900
;TYPE:Inner wall
G1 F2730
G1 X119.1 Y155.9 E.2019
G1 X119.1 Y149.1 E.2019
G1 X125.9 Y149.1 E.2019
G1 X125.9 Y155.86 E.20071
SET_VELOCITY_LIMIT ACCEL=5000 ACCEL_TO_DECEL=2500
G1 X126.3 Y156.3 F30000
;TYPE:Outer wall
G1 F2730
G1 X118.7 Y156.3 E.22565
G1 X118.7 Y148.7 E.22565
G1 X126.3 Y148.7 E.22565
G1 X126.3 Y156.26 E.22447
SET_VELOCITY_LIMIT ACCEL=10000 ACCEL_TO_DECEL=5000
G1 E-.5 F900
G1 Z3.8 F30000
G1 X125.596 Y152.524 Z3.8
G1 Z3.6
G1 E.5 F900
;TYPE:Sparse infill
G1 F2730
G1 X125.596 Y153.952 E.04241
G1 X123.952 Y155.596 E.06904
G1 X120.316 Y155.596 E.10795
G1 X125.596 Y150.316 E.22172
G1 X125.596 Y149.404 E.0271
G1 X122.873 Y149.404 E.08085
G1 X119.404 Y152.873 E.1457
G1 X119.404 Y151.445 E.04241
; stop printing object stringing_test_8x8x30.stl id:0 copy 0
;LAYER_CHANGE
;Z:3.8
;HEIGHT:0.2
;BEFORE_LAYER_CHANGE
;3.8
G92 E0

G1 E-.5 F900
;AFTER_LAYER_CHANGE
;3.8
SET_PRINT_STATS_INFO CURRENT_LAYER=19
;_SET_FAN_SPEED_CHANGING_LAYER
; printing object stringing_test_8x8x30.stl id:0 copy 0
G1 Z4 F30000
G1 X185.9 Y155.9 Z4
G1 Z3.8
G1 E.5 F900
;TYPE:Inner wall
G1 F2730
G1 X179.1 Y155.9 E.2019
G1 X179.1 Y149.1 E.2019
G1 X185.9 Y149.1 E.2019
G1 X185.9 Y155.86 E.20071
SET_VELOCITY_LIMIT ACCEL=5000 ACCEL_TO_DECEL=2500
G1 X186.3 Y156.3 F30000
;TYPE:Outer wall
G1 F2730
G1 X178.7 Y156.3 E.22565
G1 X178.7 Y148.7 E.22565
G1 X186.3 Y148.7 E.22565
G1 X186.3 Y156.26 E.22447
SET_VELOCITY_LIMIT ACCEL=10000 ACCEL_TO_DECEL=5000
G1 E-.5 F900
G1 Z4 F30000
G1 X183.555 Y155.596 Z4
G1 Z3.8
G1 E.5 F900
;TYPE:Sparse infill
G1 F2730
G1 X182.127 Y155.596 E.04241
G1 X185.596 Y152.127 E.1457
G1 X185.596 Y149.404 E.08085
G1 X184.684 Y149.404 E.0271
G1 X179.404 Y154.684 E.22172
G1 X179.404 Y151.048 E.10795
G1 X181.048 Y149.404 E.06904
G1 X182.476 Y149.404 E.04241
G1 E-.5 F900
G1 Z4 F30000
G1 X125.9 Y155.9 Z4
M73 P16 R10
G1 Z3.8
G1 E.5 F900
;TYPE:Inner wall
G1 F2730
G1 X119.1 Y155.9 E.2019
G1 X119.1 Y149.1 E.2019
G1 X125.9 Y149.1 E.2019
G1 X125.9 Y155.86 E.20071
SET_VELOCITY_LIMIT ACCEL=5000 ACCEL_TO_DECEL=2500
G1 X126.3 Y156.3 F30000
;TYPE:Outer wall
G1 F2730
G1 X118.7 Y156.3 E.22565
G1 X118.7 Y148.7 E.22565
G1 X126.3 Y148.7 E.22565
G1 X126.3 Y156.26 E.22447
SET_VELOCITY_LIMIT ACCEL=10000 ACCEL_TO_DECEL=5000
G1 E-.5 F900
G1 Z4 F30000
G1 X125.596 Y152.524 Z4
G1 Z3.8
G1 E.5 F900
;TYPE:Sparse infill
G1 F2730
G1 X125.596 Y153.952 E.04241
G1 X123.952 Y155.596 E.06904
G1 X120.316 Y155.596 E.10795
G1 X125.596 Y150.316 E.22172
G1 X125.596 Y149.404 E.0271
G1 X122.873 Y149.404 E.08085
G1 X119.404 Y152.873 E.1457
G1 X119.404 Y151.445 E.04241
; stop printing object stringing_test_8x8x30.stl id:0 copy 0
;LAYER_CHANGE
;Z:4
;HEIGHT:0.2
;BEFORE_LAYER_CHANGE
;4
G92 E0

G1 E-.5 F900
;AFTER_LAYER_CHANGE
;4
SET_PRINT_STATS_INFO CURRENT_LAYER=20
;_SET_FAN_SPEED_CHANGING_LAYER
; printing object stringing_test_8x8x30.stl id:0 copy 0
G1 Z4.2 F30000
G1 X185.9 Y155.9 Z4.2
G1 Z4
G1 E.5 F900
;TYPE:Inner wall
G1 F2730
G1 X179.1 Y155.9 E.2019
G1 X179.1 Y149.1 E.2019
G1 X185.9 Y149.1 E.2019
G1 X185.9 Y155.86 E.20071
SET_VELOCITY_LIMIT ACCEL=5000 ACCEL_TO_DECEL=2500
G1 X186.3 Y156.3 F30000
;TYPE:Outer wall
G1 F2730
G1 X178.7 Y156.3 E.22565
G1 X178.7 Y148.7 E.22565
G1 X186.3 Y148.7 E.22565
G1 X186.3 Y156.26 E.22447
SET_VELOCITY_LIMIT ACCEL=10000 ACCEL_TO_DECEL=5000
G1 E-.5 F900
G1 Z4.2 F30000
G1 X183.555 Y155.596 Z4.2
G1 Z4
G1 E.5 F900
;TYPE:Sparse infill
G1 F2730
G1 X182.127 Y155.596 E.04241
G1 X185.596 Y152.127 E.1457
G1 X185.596 Y149.404 E.08085
G1 X184.684 Y149.404 E.0271
G1 X179.404 Y154.684 E.22172
G1 X179.404 Y151.048 E.10795
G1 X181.048 Y149.404 E.06904
G1 X182.476 Y149.404 E.04241
G1 E-.5 F900
G1 Z4.2 F30000
G1 X125.9 Y155.9 Z4.2
G1 Z4
G1 E.5 F900
;TYPE:Inner wall
G1 F2730
G1 X119.1 Y155.9 E.2019
G1 X119.1 Y149.1 E.2019
G1 X125.9 Y149.1 E.2019
G1 X125.9 Y155.86 E.20071
SET_VELOCITY_LIMIT ACCEL=5000 ACCEL_TO_DECEL=2500
G1 X126.3 Y156.3 F30000
;TYPE:Outer wall
G1 F2730
G1 X118.7 Y156.3 E.22565
G1 X118.7 Y148.7 E.22565
G1 X126.3 Y148.7 E.22565
G1 X126.3 Y156.26 E.22447
SET_VELOCITY_LIMIT ACCEL=10000 ACCEL_TO_DECEL=5000
G1 E-.5 F900
G1 Z4.2 F30000
G1 X125.596 Y152.524 Z4.2
G1 Z4
G1 E.5 F900
;TYPE:Sparse infill
G1 F2730
G1 X125.596 Y153.952 E.04241
G1 X123.952 Y155.596 E.06904
G1 X120.316 Y155.596 E.10795
G1 X125.596 Y150.316 E.22172
G1 X125.596 Y149.404 E.0271
G1 X122.873 Y149.404 E.08085
G1 X119.404 Y152.873 E.1457
G1 X119.404 Y151.445 E.04241
; stop printing object stringing_test_8x8x30.stl id:0 copy 0
;LAYER_CHANGE
;Z:4.2
;HEIGHT:0.2
;BEFORE_LAYER_CHANGE
;4.2
G92 E0

G1 E-.5 F900
;AFTER_LAYER_CHANGE
;4.2
SET_PRINT_STATS_INFO CURRENT_LAYER=21
;_SET_FAN_SPEED_CHANGING_LAYER
; printing object stringing_test_8x8x30.stl id:0 copy 0
G1 Z4.4 F30000
G1 X185.9 Y155.9 Z4.4
G1 Z4.2
G1 E.5 F900
;TYPE:Inner wall
G1 F2730
G1 X179.1 Y155.9 E.2019
G1 X179.1 Y149.1 E.2019
M73 P17 R10
G1 X185.9 Y149.1 E.2019
G1 X185.9 Y155.86 E.20071
SET_VELOCITY_LIMIT ACCEL=5000 ACCEL_TO_DECEL=2500
G1 X186.3 Y156.3 F30000
;TYPE:Outer wall
G1 F2730
G1 X178.7 Y156.3 E.22565
G1 X178.7 Y148.7 E.22565
G1 X186.3 Y148.7 E.22565
G1 X186.3 Y156.26 E.22447
SET_VELOCITY_LIMIT ACCEL=10000 ACCEL_TO_DECEL=5000
G1 E-.5 F900
G1 Z4.4 F30000
G1 X183.555 Y155.596 Z4.4
G1 Z4.2
G1 E.5 F900
;TYPE:Sparse infill
G1 F2730
G1 X182.127 Y155.596 E.04241
G1 X185.596 Y152.127 E.1457
G1 X185.596 Y149.404 E.08085
G1 X184.684 Y149.404 E.0271
G1 X179.404 Y154.684 E.22172
G1 X179.404 Y151.048 E.10795
G1 X181.048 Y149.404 E.06904
G1 X182.476 Y149.404 E.04241
G1 E-.5 F900
G1 Z4.4 F30000
G1 X125.9 Y155.9 Z4.4
G1 Z4.2
G1 E.5 F900
;TYPE:Inner wall
G1 F2730
G1 X119.1 Y155.9 E.2019
G1 X119.1 Y149.1 E.2019
G1 X125.9 Y149.1 E.2019
G1 X125.9 Y155.86 E.20071
SET_VELOCITY_LIMIT ACCEL=5000 ACCEL_TO_DECEL=2500
G1 X126.3 Y156.3 F30000
;TYPE:Outer wall
G1 F2730
G1 X118.7 Y156.3 E.22565
G1 X118.7 Y148.7 E.22565
G1 X126.3 Y148.7 E.22565
G1 X126.3 Y156.26 E.22447
SET_VELOCITY_LIMIT ACCEL=10000 ACCEL_TO_DECEL=5000
G1 E-.5 F900
G1 Z4.4 F30000
G1 X125.596 Y152.524 Z4.4
G1 Z4.2
G1 E.5 F900
;TYPE:Sparse infill
G1 F2730
G1 X125.596 Y153.952 E.04241
G1 X123.952 Y155.596 E.06904
G1 X120.316 Y155.596 E.10795
G1 X125.596 Y150.316 E.22172
G1 X125.596 Y149.404 E.0271
G1 X122.873 Y149.404 E.08085
G1 X119.404 Y152.873 E.1457
G1 X119.404 Y151.445 E.04241
; stop printing object stringing_test_8x8x30.stl id:0 copy 0
;LAYER_CHANGE
;Z:4.4
;HEIGHT:0.2
;BEFORE_LAYER_CHANGE
;4.4
G92 E0

G1 E-.5 F900
;AFTER_LAYER_CHANGE
;4.4
SET_PRINT_STATS_INFO CURRENT_LAYER=22
;_SET_FAN_SPEED_CHANGING_LAYER
; printing object stringing_test_8x8x30.stl id:0 copy 0
G1 Z4.6 F30000
G1 X185.9 Y155.9 Z4.6
G1 Z4.4
G1 E.5 F900
;TYPE:Inner wall
G1 F2730
G1 X179.1 Y155.9 E.2019
G1 X179.1 Y149.1 E.2019
G1 X185.9 Y149.1 E.2019
G1 X185.9 Y155.86 E.20071
SET_VELOCITY_LIMIT ACCEL=5000 ACCEL_TO_DECEL=2500
G1 X186.3 Y156.3 F30000
;TYPE:Outer wall
G1 F2730
G1 X178.7 Y156.3 E.22565
G1 X178.7 Y148.7 E.22565
G1 X186.3 Y148.7 E.22565
G1 X186.3 Y156.26 E.22447
SET_VELOCITY_LIMIT ACCEL=10000 ACCEL_TO_DECEL=5000
G1 E-.5 F900
G1 Z4.6 F30000
G1 X183.555 Y155.596 Z4.6
G1 Z4.4
G1 E.5 F900
;TYPE:Sparse infill
G1 F2730
G1 X182.127 Y155.596 E.04241
G1 X185.596 Y152.127 E.1457
G1 X185.596 Y149.404 E.08085
G1 X184.684 Y149.404 E.0271
G1 X179.404 Y154.684 E.22172
G1 X179.404 Y151.048 E.10795
G1 X181.048 Y149.404 E.06904
G1 X182.476 Y149.404 E.04241
G1 E-.5 F900
G1 Z4.6 F30000
G1 X125.9 Y155.9 Z4.6
G1 Z4.4
G1 E.5 F900
;TYPE:Inner wall
G1 F2730
G1 X119.1 Y155.9 E.2019
G1 X119.1 Y149.1 E.2019
G1 X125.9 Y149.1 E.2019
G1 X125.9 Y155.86 E.20071
SET_VELOCITY_LIMIT ACCEL=5000 ACCEL_TO_DECEL=2500
G1 X126.3 Y156.3 F30000
M73 P18 R10
;TYPE:Outer wall
G1 F2730
G1 X118.7 Y156.3 E.22565
G1 X118.7 Y148.7 E.22565
G1 X126.3 Y148.7 E.22565
G1 X126.3 Y156.26 E.22447
SET_VELOCITY_LIMIT ACCEL=10000 ACCEL_TO_DECEL=5000
G1 E-.5 F900
G1 Z4.6 F30000
G1 X125.596 Y152.524 Z4.6
G1 Z4.4
G1 E.5 F900
;TYPE:Sparse infill
G1 F2730
G1 X125.596 Y153.952 E.04241
G1 X123.952 Y155.596 E.06904
G1 X120.316 Y155.596 E.10795
G1 X125.596 Y150.316 E.22172
G1 X125.596 Y149.404 E.0271
G1 X122.873 Y149.404 E.08085
G1 X119.404 Y152.873 E.1457
G1 X119.404 Y151.445 E.04241
; stop printing object stringing_test_8x8x30.stl id:0 copy 0
;LAYER_CHANGE
;Z:4.6
;HEIGHT:0.2
;BEFORE_LAYER_CHANGE
;4.6
G92 E0

G1 E-.5 F900
;AFTER_LAYER_CHANGE
;4.6
SET_PRINT_STATS_INFO CURRENT_LAYER=23
;_SET_FAN_SPEED_CHANGING_LAYER
; printing object stringing_test_8x8x30.stl id:0 copy 0
G1 Z4.8 F30000
G1 X185.9 Y155.9 Z4.8
G1 Z4.6
G1 E.5 F900
;TYPE:Inner wall
G1 F2882
G1 X179.1 Y155.9 E.2019
G1 X179.1 Y149.1 E.2019
G1 X185.9 Y149.1 E.2019
G1 X185.9 Y155.86 E.20071
SET_VELOCITY_LIMIT ACCEL=5000 ACCEL_TO_DECEL=2500
G1 X186.3 Y156.3 F30000
;TYPE:Outer wall
G1 F2882
G1 X178.7 Y156.3 E.22565
G1 X178.7 Y148.7 E.22565
G1 X186.3 Y148.7 E.22565
G1 X186.3 Y156.26 E.22447
SET_VELOCITY_LIMIT ACCEL=10000 ACCEL_TO_DECEL=5000
G1 E-.5 F900
G1 Z4.8 F30000
G1 X185.596 Y153.877 Z4.8
G1 Z4.6
G1 E.5 F900
;TYPE:Sparse infill
G1 F2882
G1 X185.596 Y155.305 E.04241
G1 X185.466 Y155.596 E.00949
G1 X181.83 Y155.596 E.10795
G1 X181.996 Y155.227 E.01203
G1 X182.496 Y154.726 E.02102
G1 X184.314 Y153.909 E.05918
G1 X184.815 Y153.409 E.02102
G1 X185.596 Y151.669 E.05663
G1 X185.596 Y149.404 E.06727
G1 X184.981 Y149.404 E.01828
G1 X184.815 Y149.773 E.01203
G1 X184.314 Y150.274 E.02102
G1 X182.496 Y151.091 E.05918
G1 X181.996 Y151.591 E.02102
G1 X181.179 Y153.409 E.05918
G1 X180.678 Y153.909 E.02102
G1 X179.404 Y154.482 E.04149
G1 X179.404 Y150.846 E.10795
G1 X180.678 Y150.274 E.04149
G1 X181.179 Y149.773 E.02102
G1 X181.345 Y149.404 E.01203
G1 X182.773 Y149.404 E.04241
G1 E-.5 F900
G1 Z4.8 F30000
G1 X125.9 Y155.9 Z4.8
G1 Z4.6
G1 E.5 F900
;TYPE:Inner wall
G1 F2882
G1 X119.1 Y155.9 E.2019
G1 X119.1 Y149.1 E.2019
G1 X125.9 Y149.1 E.2019
G1 X125.9 Y155.86 E.20071
SET_VELOCITY_LIMIT ACCEL=5000 ACCEL_TO_DECEL=2500
G1 X126.3 Y156.3 F30000
;TYPE:Outer wall
G1 F2882
G1 X118.7 Y156.3 E.22565
G1 X118.7 Y148.7 E.22565
G1 X126.3 Y148.7 E.22565
G1 X126.3 Y156.26 E.22447
SET_VELOCITY_LIMIT ACCEL=10000 ACCEL_TO_DECEL=5000
G1 E-.5 F900
G1 Z4.8 F30000
G1 X122.227 Y155.596 Z4.8
G1 Z4.6
G1 E.5 F900
;TYPE:Sparse infill
G1 F2882
G1 X123.655 Y155.596 E.04241
G1 X123.821 Y155.227 E.01203
G1 X124.322 Y154.726 E.02102
G1 X125.596 Y154.154 E.04149
G1 X125.596 Y150.518 E.10795
G1 X124.322 Y151.091 E.04149
G1 X123.821 Y151.591 E.02102
G1 X123.004 Y153.409 E.05918
G1 X122.504 Y153.909 E.02102
G1 X120.686 Y154.726 E.05918
G1 X120.185 Y155.227 E.02102
G1 X120.019 Y155.596 E.01203
G1 X119.404 Y155.596 E.01828
G1 X119.404 Y153.331 E.06727
G1 X120.185 Y151.591 E.05663
G1 X120.686 Y151.091 E.02102
G1 X122.504 Y150.274 E.05918
G1 X123.004 Y149.773 E.02102
G1 X123.17 Y149.404 E.01203
G1 X119.534 Y149.404 E.10795
G1 X119.404 Y149.695 E.00949
G1 X119.404 Y151.123 E.04241
; stop printing object stringing_test_8x8x30.stl id:0 copy 0
;LAYER_CHANGE
;Z:4.8
;HEIGHT:0.2
;BEFORE_LAYER_CHANGE
;4.8
G92 E0

G1 E-.5 F900
;AFTER_LAYER_CHANGE
;4.8
SET_PRINT_STATS_INFO CURRENT_LAYER=24
;_SET_FAN_SPEED_CHANGING_LAYER
; printing object stringing_test_8x8x30.stl id:0 copy 0
G1 Z5 F30000
G1 X185.9 Y155.9 Z5
G1 Z4.8
G1 E.5 F900
;TYPE:Inner wall
G1 F2962
G1 X179.1 Y155.9 E.2019
G1 X179.1 Y149.1 E.2019
G1 X185.9 Y149.1 E.2019
G1 X185.9 Y155.86 E.20071
SET_VELOCITY_LIMIT ACCEL=5000 ACCEL_TO_DECEL=2500
G1 X186.3 Y156.3 F30000
;TYPE:Outer wall
G1 F2962
G1 X178.7 Y156.3 E.22565
G1 X178.7 Y148.7 E.22565
G1 X186.3 Y148.7 E.22565
G1 X186.3 Y156.26 E.22447
M73 P19 R10
SET_VELOCITY_LIMIT ACCEL=10000 ACCEL_TO_DECEL=5000
G1 E-.5 F900
G1 Z5 F30000
G1 X185.596 Y153.48 Z5
G1 Z4.8
G1 E.5 F900
;TYPE:Sparse infill
G1 F2962
G1 X185.596 Y154.908 E.04241
G1 X185.278 Y155.227 E.01337
G1 X185.256 Y155.596 E.01099
G1 X181.62 Y155.596 E.10795
G1 X181.642 Y155.227 E.01099
G1 X182.496 Y154.373 E.03586
G1 X184.314 Y154.263 E.05408
G1 X185.168 Y153.409 E.03586
G1 X185.278 Y151.591 E.05408
G1 X185.596 Y151.273 E.01337
G1 X185.596 Y149.404 E.0555
G1 X185.191 Y149.404 E.01205
G1 X185.168 Y149.773 E.01099
G1 X184.314 Y150.627 E.03586
G1 X182.496 Y150.737 E.05408
G1 X181.642 Y151.591 E.03586
G1 X181.532 Y153.409 E.05408
G1 X180.678 Y154.263 E.03586
G1 X179.404 Y154.34 E.03792
G1 X179.404 Y150.704 E.10795
G1 X180.678 Y150.627 E.03792
G1 X181.532 Y149.773 E.03586
G1 X181.555 Y149.404 E.01099
G1 X182.983 Y149.404 E.04241
G1 E-.5 F900
G1 Z5 F30000
G1 X125.9 Y155.9 Z5
G1 Z4.8
G1 E.5 F900
;TYPE:Inner wall
G1 F2962
G1 X119.1 Y155.9 E.2019
G1 X119.1 Y149.1 E.2019
G1 X125.9 Y149.1 E.2019
G1 X125.9 Y155.86 E.20071
SET_VELOCITY_LIMIT ACCEL=5000 ACCEL_TO_DECEL=2500
G1 X126.3 Y156.3 F30000
;TYPE:Outer wall
G1 F2962
G1 X118.7 Y156.3 E.22565
G1 X118.7 Y148.7 E.22565
G1 X126.3 Y148.7 E.22565
G1 X126.3 Y156.26 E.22447
SET_VELOCITY_LIMIT ACCEL=10000 ACCEL_TO_DECEL=5000
G1 E-.5 F900
G1 Z5 F30000
G1 X122.017 Y155.596 Z5
G1 Z4.8
G1 E.5 F900
;TYPE:Sparse infill
G1 F2962
G1 X123.445 Y155.596 E.04241
G1 X123.468 Y155.227 E.01099
G1 X124.322 Y154.373 E.03586
G1 X125.596 Y154.296 E.03792
G1 X125.596 Y150.66 E.10795
G1 X124.322 Y150.737 E.03792
G1 X123.468 Y151.591 E.03586
G1 X123.358 Y153.409 E.05408
G1 X122.504 Y154.263 E.03586
G1 X120.686 Y154.373 E.05408
G1 X119.832 Y155.227 E.03586
G1 X119.809 Y155.596 E.01099
G1 X119.404 Y155.596 E.01205
G1 X119.404 Y153.727 E.0555
G1 X119.722 Y153.409 E.01337
G1 X119.832 Y151.591 E.05408
G1 X120.686 Y150.737 E.03586
G1 X122.504 Y150.627 E.05408
G1 X123.358 Y149.773 E.03586
G1 X123.38 Y149.404 E.01099
G1 X119.744 Y149.404 E.10795
G1 X119.722 Y149.773 E.01099
G1 X119.404 Y150.092 E.01337
G1 X119.404 Y151.52 E.04241
; stop printing object stringing_test_8x8x30.stl id:0 copy 0
;LAYER_CHANGE
;Z:5
;HEIGHT:0.2
;BEFORE_LAYER_CHANGE
;5
G92 E0

G1 E-.5 F900
;AFTER_LAYER_CHANGE
;5
SET_PRINT_STATS_INFO CURRENT_LAYER=25
;_SET_FAN_SPEED_CHANGING_LAYER
; printing object stringing_test_8x8x30.stl id:0 copy 0
G1 Z5.2 F30000
G1 X185.9 Y155.9 Z5.2
G1 Z5
G1 E.5 F900
;TYPE:Inner wall
G1 F3010
G1 X179.1 Y155.9 E.2019
G1 X179.1 Y149.1 E.2019
G1 X185.9 Y149.1 E.2019
G1 X185.9 Y155.86 E.20071
SET_VELOCITY_LIMIT ACCEL=5000 ACCEL_TO_DECEL=2500
G1 X186.3 Y156.3 F30000
;TYPE:Outer wall
G1 F3010
G1 X178.7 Y156.3 E.22565
G1 X178.7 Y148.7 E.22565
G1 X186.3 Y148.7 E.22565
G1 X186.3 Y156.26 E.22447
SET_VELOCITY_LIMIT ACCEL=10000 ACCEL_TO_DECEL=5000
G1 E-.5 F900
G1 Z5.2 F30000
G1 X183.054 Y155.596 Z5.2
G1 Z5
G1 E.5 F900
;TYPE:Sparse infill
G1 F3010
G1 X181.626 Y155.596 E.04241
G1 X181.652 Y155.227 E.011
G1 X180.678 Y154.253 E.0409
G1 X179.404 Y154.344 E.03795
G1 X179.404 Y150.708 E.10795
G1 X180.678 Y150.617 E.03795
G1 X181.652 Y151.591 E.0409
G1 X181.522 Y153.409 E.05412
G1 X182.496 Y154.383 E.0409
G1 X184.314 Y154.253 E.05411
G1 X185.288 Y155.227 E.0409
G1 X185.262 Y155.596 E.011
G1 X185.596 Y155.596 E.00994
G1 X185.596 Y153.847 E.05194
G1 X185.158 Y153.409 E.01841
G1 X185.288 Y151.591 E.05412
G1 X184.314 Y150.617 E.0409
G1 X182.496 Y150.747 E.05411
G1 X181.522 Y149.773 E.0409
G1 X181.549 Y149.404 E.011
G1 X185.185 Y149.404 E.10795
G1 X185.158 Y149.773 E.011
G1 X185.596 Y150.211 E.01841
G1 X185.596 Y151.64 E.04241
G1 E-.5 F900
G1 Z5.2 F30000
G1 X125.9 Y155.9 Z5.2
G1 Z5
G1 E.5 F900
;TYPE:Inner wall
G1 F3010
G1 X119.1 Y155.9 E.2019
G1 X119.1 Y149.1 E.2019
G1 X125.9 Y149.1 E.2019
G1 X125.9 Y155.86 E.20071
SET_VELOCITY_LIMIT ACCEL=5000 ACCEL_TO_DECEL=2500
G1 X126.3 Y156.3 F30000
;TYPE:Outer wall
G1 F3010
G1 X118.7 Y156.3 E.22565
G1 X118.7 Y148.7 E.22565
G1 X126.3 Y148.7 E.22565
G1 X126.3 Y156.26 E.22447
SET_VELOCITY_LIMIT ACCEL=10000 ACCEL_TO_DECEL=5000
G1 E-.5 F900
G1 Z5.2 F30000
G1 X119.404 Y153.36 Z5.2
M73 P20 R10
G1 Z5
G1 E.5 F900
;TYPE:Sparse infill
G1 F3010
G1 X119.404 Y154.789 E.04241
G1 X119.842 Y155.227 E.01841
G1 X119.815 Y155.596 E.011
G1 X123.451 Y155.596 E.10795
G1 X123.478 Y155.227 E.011
G1 X122.504 Y154.253 E.0409
G1 X120.686 Y154.383 E.05411
G1 X119.712 Y153.409 E.0409
G1 X119.842 Y151.591 E.05412
G1 X119.404 Y151.153 E.01841
G1 X119.404 Y149.404 E.05194
G1 X119.738 Y149.404 E.00994
G1 X119.712 Y149.773 E.011
G1 X120.686 Y150.747 E.0409
G1 X122.504 Y150.617 E.05411
G1 X123.478 Y151.591 E.0409
G1 X123.348 Y153.409 E.05412
G1 X124.322 Y154.383 E.0409
G1 X125.596 Y154.292 E.03795
G1 X125.596 Y150.656 E.10795
G1 X124.322 Y150.747 E.03795
G1 X123.348 Y149.773 E.0409
G1 X123.374 Y149.404 E.011
G1 X121.946 Y149.404 E.04241
; stop printing object stringing_test_8x8x30.stl id:0 copy 0
;LAYER_CHANGE
;Z:5.2
;HEIGHT:0.2
;BEFORE_LAYER_CHANGE
;5.2
G92 E0

G1 E-.5 F900
;AFTER_LAYER_CHANGE
;5.2
SET_PRINT_STATS_INFO CURRENT_LAYER=26
;_SET_FAN_SPEED_CHANGING_LAYER
; printing object stringing_test_8x8x30.stl id:0 copy 0
G1 Z5.4 F30000
G1 X185.9 Y155.9 Z5.4
G1 Z5.2
G1 E.5 F900
;TYPE:Inner wall
G1 F2915
G1 X179.1 Y155.9 E.2019
G1 X179.1 Y149.1 E.2019
G1 X185.9 Y149.1 E.2019
G1 X185.9 Y155.86 E.20071
SET_VELOCITY_LIMIT ACCEL=5000 ACCEL_TO_DECEL=2500
G1 X186.3 Y156.3 F30000
;TYPE:Outer wall
G1 F2915
G1 X178.7 Y156.3 E.22565
G1 X178.7 Y148.7 E.22565
G1 X186.3 Y148.7 E.22565
G1 X186.3 Y156.26 E.22447
SET_VELOCITY_LIMIT ACCEL=10000 ACCEL_TO_DECEL=5000
; FS-RETRACT BAND from layer 26: length 0.5 mm, speed 35.0 mm/s
G1 E-.5 F2100
G1 Z5.4 F30000
G1 X182.844 Y155.596 Z5.4
G1 Z5.2
G1 E.5 F2100
;TYPE:Sparse infill
G1 F2915
G1 X181.416 Y155.596 E.04241
G1 X181.299 Y155.227 E.01151
G1 X180.678 Y154.607 E.02605
G1 X179.404 Y154.202 E.03971
G1 X179.404 Y150.566 E.10795
G1 X180.678 Y150.971 E.03971
G1 X181.299 Y151.591 E.02605
G1 X181.876 Y153.409 E.05663
G1 X182.496 Y154.029 E.02605
G1 X184.314 Y154.607 E.05663
G1 X184.935 Y155.227 E.02605
G1 X185.052 Y155.596 E.01151
G1 X185.596 Y155.596 E.01617
G1 X185.596 Y153.494 E.06243
G1 X185.512 Y153.409 E.00356
G1 X184.935 Y151.591 E.05663
G1 X184.314 Y150.971 E.02605
G1 X182.496 Y150.393 E.05663
G1 X181.876 Y149.773 E.02605
G1 X181.758 Y149.404 E.01151
G1 X185.394 Y149.404 E.10795
G2 X185.596 Y149.858 I.54 J.032 E.01534
G1 X185.596 Y151.286 E.04241
G1 E-.5 F2100
G1 Z5.4 F30000
G1 X125.9 Y155.9 Z5.4
G1 Z5.2
G1 E.5 F2100
;TYPE:Inner wall
G1 F2915
G1 X119.1 Y155.9 E.2019
G1 X119.1 Y149.1 E.2019
G1 X125.9 Y149.1 E.2019
G1 X125.9 Y155.86 E.20071
SET_VELOCITY_LIMIT ACCEL=5000 ACCEL_TO_DECEL=2500
G1 X126.3 Y156.3 F30000
;TYPE:Outer wall
G1 F2915
G1 X118.7 Y156.3 E.22565
G1 X118.7 Y148.7 E.22565
G1 X126.3 Y148.7 E.22565
G1 X126.3 Y156.26 E.22447
SET_VELOCITY_LIMIT ACCEL=10000 ACCEL_TO_DECEL=5000
G1 E-.5 F2100
G1 Z5.4 F30000
G1 X119.404 Y153.714 Z5.4
G1 Z5.2
G1 E.5 F2100
;TYPE:Sparse infill
G1 F2915
G1 X119.404 Y155.142 E.04241
G3 X119.606 Y155.596 I-.337 J.422 E.01534
G1 X123.242 Y155.596 E.10795
G1 X123.124 Y155.227 E.01151
G1 X122.504 Y154.607 E.02605
G1 X120.686 Y154.029 E.05663
G1 X120.065 Y153.409 E.02605
G1 X119.488 Y151.591 E.05663
G1 X119.404 Y151.506 E.00356
G1 X119.404 Y149.404 E.06243
G1 X119.948 Y149.404 E.01617
G1 X120.065 Y149.773 E.01151
G1 X120.686 Y150.393 E.02605
G1 X122.504 Y150.971 E.05663
G1 X123.124 Y151.591 E.02605
G1 X123.701 Y153.409 E.05663
G1 X124.322 Y154.029 E.02605
G1 X125.596 Y154.434 E.03971
G1 X125.596 Y150.798 E.10795
G1 X124.322 Y150.393 E.03971
G1 X123.701 Y149.773 E.02605
G1 X123.584 Y149.404 E.01151
G1 X122.156 Y149.404 E.04241
; stop printing object stringing_test_8x8x30.stl id:0 copy 0
;LAYER_CHANGE
;Z:5.4
;HEIGHT:0.2
;BEFORE_LAYER_CHANGE
;5.4
G92 E0

G1 E-.5 F2100
;AFTER_LAYER_CHANGE
;5.4
SET_PRINT_STATS_INFO CURRENT_LAYER=27
;_SET_FAN_SPEED_CHANGING_LAYER
; printing object stringing_test_8x8x30.stl id:0 copy 0
G1 Z5.6 F30000
G1 X185.9 Y155.9 Z5.6
G1 Z5.4
G1 E.5 F2100
;TYPE:Inner wall
G1 F2740
G1 X179.1 Y155.9 E.2019
G1 X179.1 Y149.1 E.2019
M73 P20 R9
G1 X185.9 Y149.1 E.2019
G1 X185.9 Y155.86 E.20071
SET_VELOCITY_LIMIT ACCEL=5000 ACCEL_TO_DECEL=2500
G1 X186.3 Y156.3 F30000
;TYPE:Outer wall
G1 F2740
G1 X178.7 Y156.3 E.22565
G1 X178.7 Y148.7 E.22565
G1 X186.3 Y148.7 E.22565
G1 X186.3 Y156.26 E.22447
SET_VELOCITY_LIMIT ACCEL=10000 ACCEL_TO_DECEL=5000
G1 E-.5 F2100
G1 Z5.6 F30000
G1 X182.634 Y155.596 Z5.6
G1 Z5.4
G1 E.5 F2100
;TYPE:Sparse infill
G1 F2740
G1 X181.206 Y155.596 E.04241
G2 X180.678 Y154.96 I-2.114 J1.216 E.02467
G1 X179.404 Y154.06 E.04634
M73 P21 R9
G1 X179.404 Y150.424 E.10795
G1 X180.678 Y151.324 E.04634
G1 X180.945 Y151.591 E.0112
G1 X182.229 Y153.409 E.06609
G1 X182.496 Y153.676 E.0112
G1 X184.314 Y154.96 E.06609
G3 X184.842 Y155.596 I-1.586 J1.853 E.02467
G1 X185.596 Y155.596 E.0224
G1 X185.596 Y153.029 E.07625
G1 X184.581 Y151.591 E.05226
G1 X184.314 Y151.324 E.0112
G1 X182.496 Y150.04 E.06609
G3 X181.968 Y149.404 I1.586 J-1.853 E.02467
G1 X183.397 Y149.404 E.04241
G1 E-.5 F2100
G1 Z5.6 F30000
G1 X125.9 Y155.9 Z5.6
G1 Z5.4
G1 E.5 F2100
;TYPE:Inner wall
G1 F2740
G1 X119.1 Y155.9 E.2019
G1 X119.1 Y149.1 E.2019
G1 X125.9 Y149.1 E.2019
G1 X125.9 Y155.86 E.20071
SET_VELOCITY_LIMIT ACCEL=5000 ACCEL_TO_DECEL=2500
G1 X126.3 Y156.3 F30000
;TYPE:Outer wall
G1 F2740
G1 X118.7 Y156.3 E.22565
G1 X118.7 Y148.7 E.22565
G1 X126.3 Y148.7 E.22565
G1 X126.3 Y156.26 E.22447
SET_VELOCITY_LIMIT ACCEL=10000 ACCEL_TO_DECEL=5000
G1 E-.5 F2100
G1 Z5.6 F30000
G1 X121.603 Y155.596 Z5.6
G1 Z5.4
G1 E.5 F2100
;TYPE:Sparse infill
G1 F2740
G1 X123.032 Y155.596 E.04241
G2 X122.504 Y154.96 I-2.114 J1.216 E.02467
G1 X120.686 Y153.676 E.06609
G1 X120.419 Y153.409 E.0112
G1 X119.404 Y151.971 E.05226
G1 X119.404 Y149.404 E.07625
G1 X120.158 Y149.404 E.0224
G2 X120.686 Y150.04 I2.114 J-1.216 E.02467
G1 X122.504 Y151.324 E.06609
G1 X122.771 Y151.591 E.0112
G1 X124.055 Y153.409 E.06609
G1 X124.322 Y153.676 E.0112
G1 X125.596 Y154.576 E.04634
G1 X125.596 Y150.94 E.10795
G1 X124.322 Y150.04 E.04634
G3 X123.794 Y149.404 I1.586 J-1.853 E.02467
G1 X122.366 Y149.404 E.04241
; stop printing object stringing_test_8x8x30.stl id:0 copy 0
;LAYER_CHANGE
;Z:5.6
;HEIGHT:0.2
;BEFORE_LAYER_CHANGE
;5.6
G92 E0

G1 E-.5 F2100
;AFTER_LAYER_CHANGE
;5.6
SET_PRINT_STATS_INFO CURRENT_LAYER=28
;_SET_FAN_SPEED_CHANGING_LAYER
; printing object stringing_test_8x8x30.stl id:0 copy 0
G1 Z5.8 F30000
G1 X185.9 Y155.9 Z5.8
G1 Z5.6
G1 E.5 F2100
;TYPE:Inner wall
G1 F2735
G1 X179.1 Y155.9 E.2019
G1 X179.1 Y149.1 E.2019
G1 X185.9 Y149.1 E.2019
G1 X185.9 Y155.86 E.20071
SET_VELOCITY_LIMIT ACCEL=5000 ACCEL_TO_DECEL=2500
G1 X186.3 Y156.3 F30000
;TYPE:Outer wall
G1 F2735
G1 X178.7 Y156.3 E.22565
G1 X178.7 Y148.7 E.22565
G1 X186.3 Y148.7 E.22565
G1 X186.3 Y156.26 E.22447
SET_VELOCITY_LIMIT ACCEL=10000 ACCEL_TO_DECEL=5000
G1 E-.5 F2100
G1 Z5.8 F30000
G1 X182.476 Y155.596 Z5.8
G1 Z5.6
G1 E.5 F2100
;TYPE:Sparse infill
G1 F2735
G1 X181.048 Y155.596 E.04241
G1 X179.404 Y153.952 E.06904
G1 X179.404 Y150.316 E.10795
G1 X184.684 Y155.596 E.22172
G1 X185.596 Y155.596 E.0271
G1 X185.596 Y152.873 E.08085
G1 X182.127 Y149.404 E.1457
G1 X183.555 Y149.404 E.04241
G1 E-.5 F2100
G1 Z5.8 F30000
G1 X125.9 Y155.9 Z5.8
G1 Z5.6
G1 E.5 F2100
;TYPE:Inner wall
G1 F2735
G1 X119.1 Y155.9 E.2019
G1 X119.1 Y149.1 E.2019
G1 X125.9 Y149.1 E.2019
G1 X125.9 Y155.86 E.20071
SET_VELOCITY_LIMIT ACCEL=5000 ACCEL_TO_DECEL=2500
G1 X126.3 Y156.3 F30000
;TYPE:Outer wall
G1 F2735
G1 X118.7 Y156.3 E.22565
G1 X118.7 Y148.7 E.22565
G1 X126.3 Y148.7 E.22565
G1 X126.3 Y156.26 E.22447
SET_VELOCITY_LIMIT ACCEL=10000 ACCEL_TO_DECEL=5000
G1 E-.5 F2100
G1 Z5.8 F30000
G1 X121.445 Y155.596 Z5.8
G1 Z5.6
G1 E.5 F2100
;TYPE:Sparse infill
G1 F2735
G1 X122.873 Y155.596 E.04241
G1 X119.404 Y152.127 E.1457
G1 X119.404 Y149.404 E.08085
G1 X120.316 Y149.404 E.0271
G1 X125.596 Y154.684 E.22172
G1 X125.596 Y151.048 E.10795
G1 X123.952 Y149.404 E.06904
G1 X122.524 Y149.404 E.04241
M73 P22 R9
; stop printing object stringing_test_8x8x30.stl id:0 copy 0
;LAYER_CHANGE
;Z:5.8
;HEIGHT:0.2
;BEFORE_LAYER_CHANGE
;5.8
G92 E0

G1 E-.5 F2100
;AFTER_LAYER_CHANGE
;5.8
SET_PRINT_STATS_INFO CURRENT_LAYER=29
;_SET_FAN_SPEED_CHANGING_LAYER
; printing object stringing_test_8x8x30.stl id:0 copy 0
G1 Z6 F30000
G1 X185.9 Y155.9 Z6
G1 Z5.8
G1 E.5 F2100
;TYPE:Inner wall
G1 F2735
G1 X179.1 Y155.9 E.2019
G1 X179.1 Y149.1 E.2019
G1 X185.9 Y149.1 E.2019
G1 X185.9 Y155.86 E.20071
SET_VELOCITY_LIMIT ACCEL=5000 ACCEL_TO_DECEL=2500
G1 X186.3 Y156.3 F30000
;TYPE:Outer wall
G1 F2735
G1 X178.7 Y156.3 E.22565
G1 X178.7 Y148.7 E.22565
G1 X186.3 Y148.7 E.22565
G1 X186.3 Y156.26 E.22447
SET_VELOCITY_LIMIT ACCEL=10000 ACCEL_TO_DECEL=5000
G1 E-.5 F2100
G1 Z6 F30000
G1 X182.476 Y155.596 Z6
G1 Z5.8
G1 E.5 F2100
;TYPE:Sparse infill
G1 F2735
G1 X181.048 Y155.596 E.04241
G1 X179.404 Y153.952 E.06904
G1 X179.404 Y150.316 E.10795
G1 X184.684 Y155.596 E.22172
G1 X185.596 Y155.596 E.0271
G1 X185.596 Y152.873 E.08085
G1 X182.127 Y149.404 E.1457
G1 X183.555 Y149.404 E.04241
G1 E-.5 F2100
G1 Z6 F30000
G1 X125.9 Y155.9 Z6
G1 Z5.8
G1 E.5 F2100
;TYPE:Inner wall
G1 F2735
G1 X119.1 Y155.9 E.2019
G1 X119.1 Y149.1 E.2019
G1 X125.9 Y149.1 E.2019
G1 X125.9 Y155.86 E.20071
SET_VELOCITY_LIMIT ACCEL=5000 ACCEL_TO_DECEL=2500
G1 X126.3 Y156.3 F30000
;TYPE:Outer wall
G1 F2735
G1 X118.7 Y156.3 E.22565
G1 X118.7 Y148.7 E.22565
G1 X126.3 Y148.7 E.22565
G1 X126.3 Y156.26 E.22447
SET_VELOCITY_LIMIT ACCEL=10000 ACCEL_TO_DECEL=5000
G1 E-.5 F2100
G1 Z6 F30000
G1 X121.445 Y155.596 Z6
G1 Z5.8
G1 E.5 F2100
;TYPE:Sparse infill
G1 F2735
G1 X122.873 Y155.596 E.04241
G1 X119.404 Y152.127 E.1457
G1 X119.404 Y149.404 E.08085
G1 X120.316 Y149.404 E.0271
G1 X125.596 Y154.684 E.22172
G1 X125.596 Y151.048 E.10795
G1 X123.952 Y149.404 E.06904
G1 X122.524 Y149.404 E.04241
; stop printing object stringing_test_8x8x30.stl id:0 copy 0
;LAYER_CHANGE
;Z:6
;HEIGHT:0.2
;BEFORE_LAYER_CHANGE
;6
G92 E0

G1 E-.5 F2100
;AFTER_LAYER_CHANGE
;6
SET_PRINT_STATS_INFO CURRENT_LAYER=30
;_SET_FAN_SPEED_CHANGING_LAYER
; printing object stringing_test_8x8x30.stl id:0 copy 0
G1 Z6.2 F30000
G1 X185.9 Y155.9 Z6.2
G1 Z6
G1 E.5 F2100
;TYPE:Inner wall
G1 F2735
G1 X179.1 Y155.9 E.2019
G1 X179.1 Y149.1 E.2019
G1 X185.9 Y149.1 E.2019
G1 X185.9 Y155.86 E.20071
SET_VELOCITY_LIMIT ACCEL=5000 ACCEL_TO_DECEL=2500
G1 X186.3 Y156.3 F30000
;TYPE:Outer wall
G1 F2735
G1 X178.7 Y156.3 E.22565
G1 X178.7 Y148.7 E.22565
G1 X186.3 Y148.7 E.22565
G1 X186.3 Y156.26 E.22447
SET_VELOCITY_LIMIT ACCEL=10000 ACCEL_TO_DECEL=5000
G1 E-.5 F2100
G1 Z6.2 F30000
G1 X182.476 Y155.596 Z6.2
G1 Z6
G1 E.5 F2100
;TYPE:Sparse infill
G1 F2735
G1 X181.048 Y155.596 E.04241
G1 X179.404 Y153.952 E.06904
G1 X179.404 Y150.316 E.10795
G1 X184.684 Y155.596 E.22172
G1 X185.596 Y155.596 E.0271
G1 X185.596 Y152.873 E.08085
G1 X182.127 Y149.404 E.1457
G1 X183.555 Y149.404 E.04241
G1 E-.5 F2100
G1 Z6.2 F30000
G1 X125.9 Y155.9 Z6.2
G1 Z6
G1 E.5 F2100
;TYPE:Inner wall
G1 F2735
G1 X119.1 Y155.9 E.2019
G1 X119.1 Y149.1 E.2019
M73 P23 R9
G1 X125.9 Y149.1 E.2019
G1 X125.9 Y155.86 E.20071
SET_VELOCITY_LIMIT ACCEL=5000 ACCEL_TO_DECEL=2500
G1 X126.3 Y156.3 F30000
;TYPE:Outer wall
G1 F2735
G1 X118.7 Y156.3 E.22565
G1 X118.7 Y148.7 E.22565
G1 X126.3 Y148.7 E.22565
G1 X126.3 Y156.26 E.22447
SET_VELOCITY_LIMIT ACCEL=10000 ACCEL_TO_DECEL=5000
G1 E-.5 F2100
G1 Z6.2 F30000
G1 X121.445 Y155.596 Z6.2
G1 Z6
G1 E.5 F2100
;TYPE:Sparse infill
G1 F2735
G1 X122.873 Y155.596 E.04241
G1 X119.404 Y152.127 E.1457
G1 X119.404 Y149.404 E.08085
G1 X120.316 Y149.404 E.0271
G1 X125.596 Y154.684 E.22172
G1 X125.596 Y151.048 E.10795
G1 X123.952 Y149.404 E.06904
G1 X122.524 Y149.404 E.04241
; stop printing object stringing_test_8x8x30.stl id:0 copy 0
;LAYER_CHANGE
;Z:6.2
;HEIGHT:0.2
;BEFORE_LAYER_CHANGE
;6.2
G92 E0

G1 E-.5 F2100
;AFTER_LAYER_CHANGE
;6.2
SET_PRINT_STATS_INFO CURRENT_LAYER=31
;_SET_FAN_SPEED_CHANGING_LAYER
; printing object stringing_test_8x8x30.stl id:0 copy 0
G1 Z6.4 F30000
G1 X185.9 Y155.9 Z6.4
G1 Z6.2
G1 E.5 F2100
;TYPE:Inner wall
G1 F2735
G1 X179.1 Y155.9 E.2019
G1 X179.1 Y149.1 E.2019
G1 X185.9 Y149.1 E.2019
G1 X185.9 Y155.86 E.20071
SET_VELOCITY_LIMIT ACCEL=5000 ACCEL_TO_DECEL=2500
G1 X186.3 Y156.3 F30000
;TYPE:Outer wall
G1 F2735
G1 X178.7 Y156.3 E.22565
G1 X178.7 Y148.7 E.22565
G1 X186.3 Y148.7 E.22565
G1 X186.3 Y156.26 E.22447
SET_VELOCITY_LIMIT ACCEL=10000 ACCEL_TO_DECEL=5000
G1 E-.5 F2100
G1 Z6.4 F30000
G1 X182.476 Y155.596 Z6.4
G1 Z6.2
G1 E.5 F2100
;TYPE:Sparse infill
G1 F2735
G1 X181.048 Y155.596 E.04241
G1 X179.404 Y153.952 E.06904
G1 X179.404 Y150.316 E.10795
G1 X184.684 Y155.596 E.22172
G1 X185.596 Y155.596 E.0271
G1 X185.596 Y152.873 E.08085
G1 X182.127 Y149.404 E.1457
G1 X183.555 Y149.404 E.04241
G1 E-.5 F2100
G1 Z6.4 F30000
G1 X125.9 Y155.9 Z6.4
G1 Z6.2
G1 E.5 F2100
;TYPE:Inner wall
G1 F2735
G1 X119.1 Y155.9 E.2019
G1 X119.1 Y149.1 E.2019
G1 X125.9 Y149.1 E.2019
G1 X125.9 Y155.86 E.20071
SET_VELOCITY_LIMIT ACCEL=5000 ACCEL_TO_DECEL=2500
G1 X126.3 Y156.3 F30000
;TYPE:Outer wall
G1 F2735
G1 X118.7 Y156.3 E.22565
G1 X118.7 Y148.7 E.22565
G1 X126.3 Y148.7 E.22565
G1 X126.3 Y156.26 E.22447
SET_VELOCITY_LIMIT ACCEL=10000 ACCEL_TO_DECEL=5000
G1 E-.5 F2100
G1 Z6.4 F30000
G1 X121.445 Y155.596 Z6.4
G1 Z6.2
G1 E.5 F2100
;TYPE:Sparse infill
G1 F2735
G1 X122.873 Y155.596 E.04241
G1 X119.404 Y152.127 E.1457
G1 X119.404 Y149.404 E.08085
G1 X120.316 Y149.404 E.0271
G1 X125.596 Y154.684 E.22172
G1 X125.596 Y151.048 E.10795
G1 X123.952 Y149.404 E.06904
G1 X122.524 Y149.404 E.04241
; stop printing object stringing_test_8x8x30.stl id:0 copy 0
;LAYER_CHANGE
;Z:6.4
;HEIGHT:0.2
;BEFORE_LAYER_CHANGE
;6.4
G92 E0

G1 E-.5 F2100
;AFTER_LAYER_CHANGE
;6.4
SET_PRINT_STATS_INFO CURRENT_LAYER=32
;_SET_FAN_SPEED_CHANGING_LAYER
; printing object stringing_test_8x8x30.stl id:0 copy 0
G1 Z6.6 F30000
G1 X185.9 Y155.9 Z6.6
G1 Z6.4
G1 E.5 F2100
;TYPE:Inner wall
G1 F2735
G1 X179.1 Y155.9 E.2019
G1 X179.1 Y149.1 E.2019
G1 X185.9 Y149.1 E.2019
G1 X185.9 Y155.86 E.20071
SET_VELOCITY_LIMIT ACCEL=5000 ACCEL_TO_DECEL=2500
G1 X186.3 Y156.3 F30000
M73 P24 R9
;TYPE:Outer wall
G1 F2735
G1 X178.7 Y156.3 E.22565
G1 X178.7 Y148.7 E.22565
G1 X186.3 Y148.7 E.22565
G1 X186.3 Y156.26 E.22447
SET_VELOCITY_LIMIT ACCEL=10000 ACCEL_TO_DECEL=5000
G1 E-.5 F2100
G1 Z6.6 F30000
G1 X182.476 Y155.596 Z6.6
G1 Z6.4
G1 E.5 F2100
;TYPE:Sparse infill
G1 F2735
G1 X181.048 Y155.596 E.04241
G1 X179.404 Y153.952 E.06904
G1 X179.404 Y150.316 E.10795
G1 X184.684 Y155.596 E.22172
G1 X185.596 Y155.596 E.0271
G1 X185.596 Y152.873 E.08085
G1 X182.127 Y149.404 E.1457
G1 X183.555 Y149.404 E.04241
G1 E-.5 F2100
G1 Z6.6 F30000
G1 X125.9 Y155.9 Z6.6
G1 Z6.4
G1 E.5 F2100
;TYPE:Inner wall
G1 F2735
G1 X119.1 Y155.9 E.2019
G1 X119.1 Y149.1 E.2019
G1 X125.9 Y149.1 E.2019
G1 X125.9 Y155.86 E.20071
SET_VELOCITY_LIMIT ACCEL=5000 ACCEL_TO_DECEL=2500
G1 X126.3 Y156.3 F30000
;TYPE:Outer wall
G1 F2735
G1 X118.7 Y156.3 E.22565
G1 X118.7 Y148.7 E.22565
G1 X126.3 Y148.7 E.22565
G1 X126.3 Y156.26 E.22447
SET_VELOCITY_LIMIT ACCEL=10000 ACCEL_TO_DECEL=5000
G1 E-.5 F2100
G1 Z6.6 F30000
G1 X121.445 Y155.596 Z6.6
G1 Z6.4
G1 E.5 F2100
;TYPE:Sparse infill
G1 F2735
G1 X122.873 Y155.596 E.04241
G1 X119.404 Y152.127 E.1457
G1 X119.404 Y149.404 E.08085
G1 X120.316 Y149.404 E.0271
G1 X125.596 Y154.684 E.22172
G1 X125.596 Y151.048 E.10795
G1 X123.952 Y149.404 E.06904
G1 X122.524 Y149.404 E.04241
; stop printing object stringing_test_8x8x30.stl id:0 copy 0
;LAYER_CHANGE
;Z:6.6
;HEIGHT:0.2
;BEFORE_LAYER_CHANGE
;6.6
G92 E0

G1 E-.5 F2100
;AFTER_LAYER_CHANGE
;6.6
SET_PRINT_STATS_INFO CURRENT_LAYER=33
;_SET_FAN_SPEED_CHANGING_LAYER
; printing object stringing_test_8x8x30.stl id:0 copy 0
G1 Z6.8 F30000
G1 X185.9 Y155.9 Z6.8
G1 Z6.6
G1 E.5 F2100
;TYPE:Inner wall
G1 F2735
G1 X179.1 Y155.9 E.2019
G1 X179.1 Y149.1 E.2019
G1 X185.9 Y149.1 E.2019
G1 X185.9 Y155.86 E.20071
SET_VELOCITY_LIMIT ACCEL=5000 ACCEL_TO_DECEL=2500
G1 X186.3 Y156.3 F30000
;TYPE:Outer wall
G1 F2735
G1 X178.7 Y156.3 E.22565
G1 X178.7 Y148.7 E.22565
G1 X186.3 Y148.7 E.22565
G1 X186.3 Y156.26 E.22447
SET_VELOCITY_LIMIT ACCEL=10000 ACCEL_TO_DECEL=5000
G1 E-.5 F2100
G1 Z6.8 F30000
G1 X182.476 Y155.596 Z6.8
G1 Z6.6
G1 E.5 F2100
;TYPE:Sparse infill
G1 F2735
G1 X181.048 Y155.596 E.04241
G1 X179.404 Y153.952 E.06904
G1 X179.404 Y150.316 E.10795
G1 X184.684 Y155.596 E.22172
G1 X185.596 Y155.596 E.0271
G1 X185.596 Y152.873 E.08085
G1 X182.127 Y149.404 E.1457
G1 X183.555 Y149.404 E.04241
G1 E-.5 F2100
G1 Z6.8 F30000
G1 X125.9 Y155.9 Z6.8
G1 Z6.6
G1 E.5 F2100
;TYPE:Inner wall
G1 F2735
G1 X119.1 Y155.9 E.2019
G1 X119.1 Y149.1 E.2019
G1 X125.9 Y149.1 E.2019
G1 X125.9 Y155.86 E.20071
SET_VELOCITY_LIMIT ACCEL=5000 ACCEL_TO_DECEL=2500
G1 X126.3 Y156.3 F30000
;TYPE:Outer wall
G1 F2735
G1 X118.7 Y156.3 E.22565
G1 X118.7 Y148.7 E.22565
G1 X126.3 Y148.7 E.22565
M73 P25 R9
G1 X126.3 Y156.26 E.22447
SET_VELOCITY_LIMIT ACCEL=10000 ACCEL_TO_DECEL=5000
G1 E-.5 F2100
G1 Z6.8 F30000
G1 X121.445 Y155.596 Z6.8
G1 Z6.6
G1 E.5 F2100
;TYPE:Sparse infill
G1 F2735
G1 X122.873 Y155.596 E.04241
G1 X119.404 Y152.127 E.1457
G1 X119.404 Y149.404 E.08085
G1 X120.316 Y149.404 E.0271
G1 X125.596 Y154.684 E.22172
G1 X125.596 Y151.048 E.10795
G1 X123.952 Y149.404 E.06904
G1 X122.524 Y149.404 E.04241
; stop printing object stringing_test_8x8x30.stl id:0 copy 0
;LAYER_CHANGE
;Z:6.8
;HEIGHT:0.2
;BEFORE_LAYER_CHANGE
;6.8
G92 E0

G1 E-.5 F2100
;AFTER_LAYER_CHANGE
;6.8
SET_PRINT_STATS_INFO CURRENT_LAYER=34
;_SET_FAN_SPEED_CHANGING_LAYER
; printing object stringing_test_8x8x30.stl id:0 copy 0
G1 Z7 F30000
G1 X185.9 Y155.9 Z7
G1 Z6.8
G1 E.5 F2100
;TYPE:Inner wall
G1 F2735
G1 X179.1 Y155.9 E.2019
G1 X179.1 Y149.1 E.2019
G1 X185.9 Y149.1 E.2019
G1 X185.9 Y155.86 E.20071
SET_VELOCITY_LIMIT ACCEL=5000 ACCEL_TO_DECEL=2500
G1 X186.3 Y156.3 F30000
;TYPE:Outer wall
G1 F2735
G1 X178.7 Y156.3 E.22565
G1 X178.7 Y148.7 E.22565
G1 X186.3 Y148.7 E.22565
G1 X186.3 Y156.26 E.22447
SET_VELOCITY_LIMIT ACCEL=10000 ACCEL_TO_DECEL=5000
G1 E-.5 F2100
G1 Z7 F30000
G1 X182.476 Y155.596 Z7
G1 Z6.8
G1 E.5 F2100
;TYPE:Sparse infill
G1 F2735
G1 X181.048 Y155.596 E.04241
G1 X179.404 Y153.952 E.06904
G1 X179.404 Y150.316 E.10795
G1 X184.684 Y155.596 E.22172
G1 X185.596 Y155.596 E.0271
G1 X185.596 Y152.873 E.08085
G1 X182.127 Y149.404 E.1457
G1 X183.555 Y149.404 E.04241
G1 E-.5 F2100
G1 Z7 F30000
G1 X125.9 Y155.9 Z7
G1 Z6.8
G1 E.5 F2100
;TYPE:Inner wall
G1 F2735
G1 X119.1 Y155.9 E.2019
G1 X119.1 Y149.1 E.2019
G1 X125.9 Y149.1 E.2019
G1 X125.9 Y155.86 E.20071
SET_VELOCITY_LIMIT ACCEL=5000 ACCEL_TO_DECEL=2500
G1 X126.3 Y156.3 F30000
;TYPE:Outer wall
G1 F2735
G1 X118.7 Y156.3 E.22565
G1 X118.7 Y148.7 E.22565
G1 X126.3 Y148.7 E.22565
G1 X126.3 Y156.26 E.22447
SET_VELOCITY_LIMIT ACCEL=10000 ACCEL_TO_DECEL=5000
G1 E-.5 F2100
G1 Z7 F30000
G1 X121.445 Y155.596 Z7
G1 Z6.8
G1 E.5 F2100
;TYPE:Sparse infill
G1 F2735
G1 X122.873 Y155.596 E.04241
G1 X119.404 Y152.127 E.1457
G1 X119.404 Y149.404 E.08085
G1 X120.316 Y149.404 E.0271
G1 X125.596 Y154.684 E.22172
G1 X125.596 Y151.048 E.10795
G1 X123.952 Y149.404 E.06904
G1 X122.524 Y149.404 E.04241
; stop printing object stringing_test_8x8x30.stl id:0 copy 0
;LAYER_CHANGE
;Z:7
;HEIGHT:0.2
;BEFORE_LAYER_CHANGE
;7
G92 E0

G1 E-.5 F2100
;AFTER_LAYER_CHANGE
;7
SET_PRINT_STATS_INFO CURRENT_LAYER=35
;_SET_FAN_SPEED_CHANGING_LAYER
; printing object stringing_test_8x8x30.stl id:0 copy 0
G1 Z7.2 F30000
G1 X185.9 Y155.9 Z7.2
G1 Z7
G1 E.5 F2100
;TYPE:Inner wall
G1 F2898
G1 X179.1 Y155.9 E.2019
G1 X179.1 Y149.1 E.2019
G1 X185.9 Y149.1 E.2019
G1 X185.9 Y155.86 E.20071
SET_VELOCITY_LIMIT ACCEL=5000 ACCEL_TO_DECEL=2500
G1 X186.3 Y156.3 F30000
;TYPE:Outer wall
G1 F2898
G1 X178.7 Y156.3 E.22565
G1 X178.7 Y148.7 E.22565
G1 X186.3 Y148.7 E.22565
G1 X186.3 Y156.26 E.22447
SET_VELOCITY_LIMIT ACCEL=10000 ACCEL_TO_DECEL=5000
G1 E-.5 F2100
G1 Z7.2 F30000
G1 X182.789 Y155.596 Z7.2
G1 Z7
G1 E.5 F2100
M73 P26 R9
;TYPE:Sparse infill
G1 F2898
G1 X181.361 Y155.596 E.04241
G1 X181.205 Y155.227 E.0119
G1 X180.678 Y154.7 E.02214
G1 X179.404 Y154.164 E.04105
G1 X179.404 Y150.528 E.10795
G1 X180.678 Y151.064 E.04105
G1 X181.205 Y151.591 E.02214
G1 X181.969 Y153.409 E.05855
G1 X182.496 Y153.936 E.02214
G1 X184.314 Y154.7 E.05855
G1 X184.841 Y155.227 E.02214
G1 X184.997 Y155.596 E.0119
G1 X185.596 Y155.596 E.01781
G1 X185.596 Y153.389 E.06555
G1 X184.841 Y151.591 E.0579
G1 X184.314 Y151.064 E.02214
G1 X182.496 Y150.3 E.05855
G1 X181.969 Y149.773 E.02214
G1 X181.814 Y149.404 E.0119
G1 X185.45 Y149.404 E.10795
G1 X185.596 Y149.753 E.01125
G1 X185.596 Y151.181 E.04241
G1 E-.5 F2100
G1 Z7.2 F30000
G1 X125.9 Y155.9 Z7.2
G1 Z7
G1 E.5 F2100
;TYPE:Inner wall
G1 F2898
G1 X119.1 Y155.9 E.2019
G1 X119.1 Y149.1 E.2019
G1 X125.9 Y149.1 E.2019
G1 X125.9 Y155.86 E.20071
SET_VELOCITY_LIMIT ACCEL=5000 ACCEL_TO_DECEL=2500
G1 X126.3 Y156.3 F30000
;TYPE:Outer wall
G1 F2898
G1 X118.7 Y156.3 E.22565
G1 X118.7 Y148.7 E.22565
G1 X126.3 Y148.7 E.22565
G1 X126.3 Y156.26 E.22447
SET_VELOCITY_LIMIT ACCEL=10000 ACCEL_TO_DECEL=5000
G1 E-.5 F2100
G1 Z7.2 F30000
G1 X119.404 Y153.819 Z7.2
G1 Z7
G1 E.5 F2100
;TYPE:Sparse infill
G1 F2898
G1 X119.404 Y155.247 E.04241
G1 X119.55 Y155.596 E.01125
G1 X123.186 Y155.596 E.10795
G1 X123.031 Y155.227 E.0119
G1 X122.504 Y154.7 E.02214
G1 X120.686 Y153.936 E.05855
G1 X120.159 Y153.409 E.02214
G1 X119.404 Y151.611 E.0579
G1 X119.404 Y149.404 E.06555
G1 X120.003 Y149.404 E.01781
G1 X120.159 Y149.773 E.0119
G1 X120.686 Y150.3 E.02214
G1 X122.504 Y151.064 E.05855
G1 X123.031 Y151.591 E.02214
G1 X123.795 Y153.409 E.05855
G1 X124.322 Y153.936 E.02214
G1 X125.596 Y154.472 E.04105
G1 X125.596 Y150.836 E.10795
G1 X124.322 Y150.3 E.04105
G1 X123.795 Y149.773 E.02214
G1 X123.639 Y149.404 E.0119
G1 X122.211 Y149.404 E.04241
; stop printing object stringing_test_8x8x30.stl id:0 copy 0
;LAYER_CHANGE
;Z:7.2
;HEIGHT:0.2
;BEFORE_LAYER_CHANGE
;7.2
G92 E0

G1 E-.5 F2100
;AFTER_LAYER_CHANGE
;7.2
SET_PRINT_STATS_INFO CURRENT_LAYER=36
;_SET_FAN_SPEED_CHANGING_LAYER
; printing object stringing_test_8x8x30.stl id:0 copy 0
G1 Z7.4 F30000
G1 X185.9 Y155.9 Z7.4
G1 Z7.2
G1 E.5 F2100
;TYPE:Inner wall
G1 F2980
G1 X179.1 Y155.9 E.2019
G1 X179.1 Y149.1 E.2019
G1 X185.9 Y149.1 E.2019
G1 X185.9 Y155.86 E.20071
SET_VELOCITY_LIMIT ACCEL=5000 ACCEL_TO_DECEL=2500
G1 X186.3 Y156.3 F30000
;TYPE:Outer wall
G1 F2980
G1 X178.7 Y156.3 E.22565
G1 X178.7 Y148.7 E.22565
G1 X186.3 Y148.7 E.22565
G1 X186.3 Y156.26 E.22447
SET_VELOCITY_LIMIT ACCEL=10000 ACCEL_TO_DECEL=5000
G1 E-.5 F2100
G1 Z7.4 F30000
G1 X182.999 Y155.596 Z7.4
G1 Z7.2
G1 E.5 F2100
;TYPE:Sparse infill
G1 F2980
G1 X181.57 Y155.596 E.04241
G1 X181.559 Y155.227 E.01098
G1 X180.678 Y154.346 E.03698
G1 X179.404 Y154.307 E.03787
G1 X179.404 Y150.671 E.10795
G1 X180.678 Y150.71 E.03787
G1 X181.559 Y151.591 E.03698
G1 X181.615 Y153.409 E.054
G1 X182.496 Y154.29 E.03698
G1 X184.314 Y154.346 E.054
G1 X185.195 Y155.227 E.03698
G1 X185.206 Y155.596 E.01098
G1 X185.596 Y155.596 E.01158
G1 X185.596 Y153.754 E.0547
G1 X185.251 Y153.409 E.01449
G1 X185.195 Y151.591 E.054
G1 X184.314 Y150.71 E.03698
G1 X182.496 Y150.654 E.054
G1 X181.615 Y149.773 E.03698
G1 X181.604 Y149.404 E.01098
G1 X185.24 Y149.404 E.10795
G1 X185.251 Y149.773 E.01098
G1 X185.596 Y150.118 E.01449
G1 X185.596 Y151.546 E.04241
G1 E-.5 F2100
G1 Z7.4 F30000
G1 X125.9 Y155.9 Z7.4
G1 Z7.2
G1 E.5 F2100
;TYPE:Inner wall
G1 F2980
G1 X119.1 Y155.9 E.2019
G1 X119.1 Y149.1 E.2019
G1 X125.9 Y149.1 E.2019
G1 X125.9 Y155.86 E.20071
SET_VELOCITY_LIMIT ACCEL=5000 ACCEL_TO_DECEL=2500
G1 X126.3 Y156.3 F30000
;TYPE:Outer wall
G1 F2980
G1 X118.7 Y156.3 E.22565
G1 X118.7 Y148.7 E.22565
G1 X126.3 Y148.7 E.22565
G1 X126.3 Y156.26 E.22447
SET_VELOCITY_LIMIT ACCEL=10000 ACCEL_TO_DECEL=5000
G1 E-.5 F2100
G1 Z7.4 F30000
G1 X119.404 Y153.454 Z7.4
G1 Z7.2
G1 E.5 F2100
;TYPE:Sparse infill
G1 F2980
G1 X119.404 Y154.882 E.04241
G1 X119.749 Y155.227 E.01449
G1 X119.76 Y155.596 E.01098
G1 X123.396 Y155.596 E.10795
G1 X123.385 Y155.227 E.01098
G1 X122.504 Y154.346 E.03698
G1 X120.686 Y154.29 E.054
G1 X119.805 Y153.409 E.03698
G1 X119.749 Y151.591 E.054
G1 X119.404 Y151.246 E.01449
G1 X119.404 Y149.404 E.0547
G1 X119.794 Y149.404 E.01158
G1 X119.805 Y149.773 E.01098
M73 P27 R9
G1 X120.686 Y150.654 E.03698
G1 X122.504 Y150.71 E.054
G1 X123.385 Y151.591 E.03698
G1 X123.441 Y153.409 E.054
G1 X124.322 Y154.29 E.03698
G1 X125.596 Y154.329 E.03787
G1 X125.596 Y150.693 E.10795
G1 X124.322 Y150.654 E.03787
G1 X123.441 Y149.773 E.03698
G1 X123.43 Y149.404 E.01098
G1 X122.001 Y149.404 E.04241
; stop printing object stringing_test_8x8x30.stl id:0 copy 0
;LAYER_CHANGE
;Z:7.4
;HEIGHT:0.2
;BEFORE_LAYER_CHANGE
;7.4
G92 E0

G1 E-.5 F2100
;AFTER_LAYER_CHANGE
;7.4
SET_PRINT_STATS_INFO CURRENT_LAYER=37
;_SET_FAN_SPEED_CHANGING_LAYER
; printing object stringing_test_8x8x30.stl id:0 copy 0
G1 Z7.6 F30000
G1 X185.9 Y155.9 Z7.6
G1 Z7.4
G1 E.5 F2100
;TYPE:Inner wall
G1 F2992
G1 X179.1 Y155.9 E.2019
G1 X179.1 Y149.1 E.2019
G1 X185.9 Y149.1 E.2019
G1 X185.9 Y155.86 E.20071
SET_VELOCITY_LIMIT ACCEL=5000 ACCEL_TO_DECEL=2500
G1 X186.3 Y156.3 F30000
;TYPE:Outer wall
G1 F2992
G1 X178.7 Y156.3 E.22565
G1 X178.7 Y148.7 E.22565
G1 X186.3 Y148.7 E.22565
G1 X186.3 Y156.26 E.22447
SET_VELOCITY_LIMIT ACCEL=10000 ACCEL_TO_DECEL=5000
G1 E-.5 F2100
G1 Z7.6 F30000
G1 X185.596 Y153.387 Z7.6
G1 Z7.4
G1 E.5 F2100
;TYPE:Sparse infill
G1 F2992
G1 X185.596 Y154.815 E.04241
G1 X185.185 Y155.227 E.01729
G1 X185.2 Y155.596 E.01098
G1 X181.564 Y155.596 E.10795
G1 X181.549 Y155.227 E.01098
G1 X182.496 Y154.28 E.03978
G1 X184.314 Y154.356 E.05403
G1 X185.261 Y153.409 E.03978
G1 X185.185 Y151.591 E.05403
G1 X185.596 Y151.179 E.01729
G1 X185.596 Y149.404 E.05273
G1 X185.246 Y149.404 E.01041
G1 X185.261 Y149.773 E.01098
G1 X184.314 Y150.72 E.03978
G1 X182.496 Y150.644 E.05403
G1 X181.549 Y151.591 E.03978
G1 X181.626 Y153.409 E.05403
G1 X180.678 Y154.356 E.03978
G1 X179.404 Y154.303 E.03788
G1 X179.404 Y150.667 E.10795
G1 X180.678 Y150.72 E.03788
G1 X181.626 Y149.773 E.03978
G1 X181.61 Y149.404 E.01098
G1 X183.038 Y149.404 E.04241
G1 E-.5 F2100
G1 Z7.6 F30000
G1 X125.9 Y155.9 Z7.6
G1 Z7.4
G1 E.5 F2100
;TYPE:Inner wall
G1 F2992
G1 X119.1 Y155.9 E.2019
G1 X119.1 Y149.1 E.2019
G1 X125.9 Y149.1 E.2019
G1 X125.9 Y155.86 E.20071
SET_VELOCITY_LIMIT ACCEL=5000 ACCEL_TO_DECEL=2500
G1 X126.3 Y156.3 F30000
;TYPE:Outer wall
G1 F2992
G1 X118.7 Y156.3 E.22565
G1 X118.7 Y148.7 E.22565
G1 X126.3 Y148.7 E.22565
G1 X126.3 Y156.26 E.22447
SET_VELOCITY_LIMIT ACCEL=10000 ACCEL_TO_DECEL=5000
G1 E-.5 F2100
G1 Z7.6 F30000
G1 X121.962 Y155.596 Z7.6
G1 Z7.4
G1 E.5 F2100
;TYPE:Sparse infill
G1 F2992
G1 X123.39 Y155.596 E.04241
G1 X123.374 Y155.227 E.01098
G1 X124.322 Y154.28 E.03978
G1 X125.596 Y154.333 E.03788
G1 X125.596 Y150.697 E.10795
G1 X124.322 Y150.644 E.03788
G1 X123.374 Y151.591 E.03978
G1 X123.451 Y153.409 E.05403
G1 X122.504 Y154.356 E.03978
G1 X120.686 Y154.28 E.05403
G1 X119.739 Y155.227 E.03978
G1 X119.754 Y155.596 E.01098
G1 X119.404 Y155.596 E.01041
G1 X119.404 Y153.821 E.05273
G1 X119.815 Y153.409 E.01729
G1 X119.739 Y151.591 E.05403
G1 X120.686 Y150.644 E.03978
G1 X122.504 Y150.72 E.05403
G1 X123.451 Y149.773 E.03978
G1 X123.436 Y149.404 E.01098
G1 X119.8 Y149.404 E.10795
G1 X119.815 Y149.773 E.01098
G1 X119.404 Y150.185 E.01729
G1 X119.404 Y151.613 E.04241
; stop printing object stringing_test_8x8x30.stl id:0 copy 0
;LAYER_CHANGE
;Z:7.6
;HEIGHT:0.2
;BEFORE_LAYER_CHANGE
;7.6
G92 E0

G1 E-.5 F2100
;AFTER_LAYER_CHANGE
;7.6
SET_PRINT_STATS_INFO CURRENT_LAYER=38
;_SET_FAN_SPEED_CHANGING_LAYER
; printing object stringing_test_8x8x30.stl id:0 copy 0
G1 Z7.8 F30000
G1 X185.9 Y155.9 Z7.8
G1 Z7.6
G1 E.5 F2100
;TYPE:Inner wall
G1 F2899
G1 X179.1 Y155.9 E.2019
G1 X179.1 Y149.1 E.2019
G1 X185.9 Y149.1 E.2019
G1 X185.9 Y155.86 E.20071
SET_VELOCITY_LIMIT ACCEL=5000 ACCEL_TO_DECEL=2500
G1 X186.3 Y156.3 F30000
;TYPE:Outer wall
G1 F2899
G1 X178.7 Y156.3 E.22565
G1 X178.7 Y148.7 E.22565
G1 X186.3 Y148.7 E.22565
G1 X186.3 Y156.26 E.22447
SET_VELOCITY_LIMIT ACCEL=10000 ACCEL_TO_DECEL=5000
G1 E-.5 F2100
G1 Z7.8 F30000
G1 X185.596 Y153.74 Z7.8
G1 Z7.6
G1 E.5 F2100
;TYPE:Sparse infill
G1 F2899
G1 X185.596 Y155.169 E.04241
G2 X185.41 Y155.596 I.348 J.406 E.01433
G1 X181.774 Y155.596 E.10795
G1 X181.902 Y155.227 E.01161
G1 X182.496 Y154.633 E.02493
G1 X184.314 Y154.003 E.05713
G1 X184.908 Y153.409 E.02493
G1 X185.596 Y151.533 E.05934
G1 X185.596 Y149.404 E.06322
G1 X185.036 Y149.404 E.01664
G1 X184.908 Y149.773 E.01161
G1 X184.314 Y150.367 E.02493
G1 X182.496 Y150.997 E.05713
G1 X181.902 Y151.591 E.02493
G1 X181.272 Y153.409 E.05713
G1 X180.678 Y154.003 E.02493
G1 X179.404 Y154.445 E.04006
G1 X179.404 Y150.809 E.10795
G1 X180.678 Y150.367 E.04006
M73 P28 R9
G1 X181.272 Y149.773 E.02493
G1 X181.4 Y149.404 E.01161
G1 X182.828 Y149.404 E.04241
G1 E-.5 F2100
G1 Z7.8 F30000
G1 X125.9 Y155.9 Z7.8
G1 Z7.6
G1 E.5 F2100
;TYPE:Inner wall
G1 F2899
G1 X119.1 Y155.9 E.2019
G1 X119.1 Y149.1 E.2019
G1 X125.9 Y149.1 E.2019
G1 X125.9 Y155.86 E.20071
SET_VELOCITY_LIMIT ACCEL=5000 ACCEL_TO_DECEL=2500
G1 X126.3 Y156.3 F30000
;TYPE:Outer wall
G1 F2899
G1 X118.7 Y156.3 E.22565
G1 X118.7 Y148.7 E.22565
G1 X126.3 Y148.7 E.22565
G1 X126.3 Y156.26 E.22447
SET_VELOCITY_LIMIT ACCEL=10000 ACCEL_TO_DECEL=5000
G1 E-.5 F2100
G1 Z7.8 F30000
G1 X122.172 Y155.596 Z7.8
G1 Z7.6
G1 E.5 F2100
;TYPE:Sparse infill
G1 F2899
G1 X123.6 Y155.596 E.04241
G1 X123.728 Y155.227 E.01161
G1 X124.322 Y154.633 E.02493
G1 X125.596 Y154.191 E.04006
G1 X125.596 Y150.555 E.10795
G1 X124.322 Y150.997 E.04006
G1 X123.728 Y151.591 E.02493
G1 X123.098 Y153.409 E.05713
G1 X122.504 Y154.003 E.02493
G1 X120.686 Y154.633 E.05713
G1 X120.092 Y155.227 E.02493
G1 X119.964 Y155.596 E.01161
G1 X119.404 Y155.596 E.01664
G1 X119.404 Y153.467 E.06322
G1 X120.092 Y151.591 E.05934
G1 X120.686 Y150.997 E.02493
G1 X122.504 Y150.367 E.05713
G1 X123.098 Y149.773 E.02493
G1 X123.226 Y149.404 E.01161
G1 X119.59 Y149.404 E.10795
G3 X119.404 Y149.831 I-.534 J.022 E.01433
G1 X119.404 Y151.26 E.04241
; stop printing object stringing_test_8x8x30.stl id:0 copy 0
;LAYER_CHANGE
;Z:7.8
;HEIGHT:0.2
;BEFORE_LAYER_CHANGE
;7.8
G92 E0

G1 E-.5 F2100
;AFTER_LAYER_CHANGE
;7.8
SET_PRINT_STATS_INFO CURRENT_LAYER=39
;_SET_FAN_SPEED_CHANGING_LAYER
; printing object stringing_test_8x8x30.stl id:0 copy 0
G1 Z8 F30000
G1 X185.9 Y155.9 Z8
G1 Z7.8
G1 E.5 F2100
;TYPE:Inner wall
G1 F2735
G1 X179.1 Y155.9 E.2019
G1 X179.1 Y149.1 E.2019
G1 X185.9 Y149.1 E.2019
G1 X185.9 Y155.86 E.20071
SET_VELOCITY_LIMIT ACCEL=5000 ACCEL_TO_DECEL=2500
G1 X186.3 Y156.3 F30000
;TYPE:Outer wall
G1 F2735
G1 X178.7 Y156.3 E.22565
G1 X178.7 Y148.7 E.22565
G1 X186.3 Y148.7 E.22565
G1 X186.3 Y156.26 E.22447
SET_VELOCITY_LIMIT ACCEL=10000 ACCEL_TO_DECEL=5000
G1 E-.5 F2100
G1 Z8 F30000
G1 X183.412 Y155.596 Z8
G1 Z7.8
G1 E.5 F2100
;TYPE:Sparse infill
G1 F2735
G1 X181.984 Y155.596 E.04241
G3 X182.496 Y154.987 I2.259 J1.377 E.02373
G1 X184.314 Y153.649 E.06701
G1 X184.554 Y153.409 E.01008
G1 X185.596 Y151.993 E.05221
G1 X185.596 Y149.404 E.07687
G1 X184.826 Y149.404 E.02287
G3 X184.314 Y150.013 I-2.259 J-1.377 E.02373
G1 X182.496 Y151.351 E.06701
G1 X182.256 Y151.591 E.01008
G1 X180.918 Y153.409 E.06701
G1 X180.678 Y153.649 E.01008
G1 X179.404 Y154.587 E.04699
G1 X179.404 Y150.951 E.10795
G1 X180.678 Y150.013 E.04699
G2 X181.19 Y149.404 I-1.747 J-1.987 E.02373
G1 X182.619 Y149.404 E.04241
G1 E-.5 F2100
G1 Z8 F30000
G1 X125.9 Y155.9 Z8
G1 Z7.8
G1 E.5 F2100
;TYPE:Inner wall
G1 F2735
G1 X119.1 Y155.9 E.2019
G1 X119.1 Y149.1 E.2019
G1 X125.9 Y149.1 E.2019
G1 X125.9 Y155.86 E.20071
M73 P28 R8
SET_VELOCITY_LIMIT ACCEL=5000 ACCEL_TO_DECEL=2500
G1 X126.3 Y156.3 F30000
;TYPE:Outer wall
G1 F2735
G1 X118.7 Y156.3 E.22565
G1 X118.7 Y148.7 E.22565
G1 X126.3 Y148.7 E.22565
G1 X126.3 Y156.26 E.22447
SET_VELOCITY_LIMIT ACCEL=10000 ACCEL_TO_DECEL=5000
G1 E-.5 F2100
G1 Z8 F30000
G1 X122.381 Y155.596 Z8
G1 Z7.8
G1 E.5 F2100
;TYPE:Sparse infill
G1 F2735
G1 X123.81 Y155.596 E.04241
G3 X124.322 Y154.987 I2.259 J1.377 E.02373
G1 X125.596 Y154.049 E.04699
G1 X125.596 Y150.413 E.10795
G1 X124.322 Y151.351 E.04699
G1 X124.082 Y151.591 E.01008
G1 X122.744 Y153.409 E.06701
G1 X122.504 Y153.649 E.01008
G1 X120.686 Y154.987 E.06701
G2 X120.174 Y155.596 I1.747 J1.987 E.02373
G1 X119.404 Y155.596 E.02287
G1 X119.404 Y153.007 E.07687
G1 X120.446 Y151.591 E.05221
G1 X120.686 Y151.351 E.01008
G1 X122.504 Y150.013 E.06701
G2 X123.016 Y149.404 I-1.747 J-1.987 E.02373
G1 X121.588 Y149.404 E.04241
; stop printing object stringing_test_8x8x30.stl id:0 copy 0
;LAYER_CHANGE
;Z:8
;HEIGHT:0.2
;BEFORE_LAYER_CHANGE
;8
G92 E0

G1 E-.5 F2100
;AFTER_LAYER_CHANGE
;8
SET_PRINT_STATS_INFO CURRENT_LAYER=40
;_SET_FAN_SPEED_CHANGING_LAYER
; printing object stringing_test_8x8x30.stl id:0 copy 0
G1 Z8.2 F30000
G1 X185.9 Y155.9 Z8.2
G1 Z8
G1 E.5 F2100
;TYPE:Inner wall
G1 F2730
G1 X179.1 Y155.9 E.2019
G1 X179.1 Y149.1 E.2019
M73 P29 R8
G1 X185.9 Y149.1 E.2019
G1 X185.9 Y155.86 E.20071
SET_VELOCITY_LIMIT ACCEL=5000 ACCEL_TO_DECEL=2500
G1 X186.3 Y156.3 F30000
;TYPE:Outer wall
G1 F2730
G1 X178.7 Y156.3 E.22565
G1 X178.7 Y148.7 E.22565
G1 X186.3 Y148.7 E.22565
G1 X186.3 Y156.26 E.22447
SET_VELOCITY_LIMIT ACCEL=10000 ACCEL_TO_DECEL=5000
G1 E-.5 F2100
G1 Z8.2 F30000
G1 X183.555 Y155.596 Z8.2
G1 Z8
G1 E.5 F2100
;TYPE:Sparse infill
G1 F2730
G1 X182.127 Y155.596 E.04241
G1 X185.596 Y152.127 E.1457
G1 X185.596 Y149.404 E.08085
G1 X184.684 Y149.404 E.0271
G1 X179.404 Y154.684 E.22172
G1 X179.404 Y151.048 E.10795
G1 X181.048 Y149.404 E.06904
G1 X182.476 Y149.404 E.04241
G1 E-.5 F2100
G1 Z8.2 F30000
G1 X125.9 Y155.9 Z8.2
G1 Z8
G1 E.5 F2100
;TYPE:Inner wall
G1 F2730
G1 X119.1 Y155.9 E.2019
G1 X119.1 Y149.1 E.2019
G1 X125.9 Y149.1 E.2019
G1 X125.9 Y155.86 E.20071
SET_VELOCITY_LIMIT ACCEL=5000 ACCEL_TO_DECEL=2500
G1 X126.3 Y156.3 F30000
;TYPE:Outer wall
G1 F2730
G1 X118.7 Y156.3 E.22565
G1 X118.7 Y148.7 E.22565
G1 X126.3 Y148.7 E.22565
G1 X126.3 Y156.26 E.22447
SET_VELOCITY_LIMIT ACCEL=10000 ACCEL_TO_DECEL=5000
G1 E-.5 F2100
G1 Z8.2 F30000
G1 X125.596 Y152.524 Z8.2
G1 Z8
G1 E.5 F2100
;TYPE:Sparse infill
G1 F2730
G1 X125.596 Y153.952 E.04241
G1 X123.952 Y155.596 E.06904
G1 X120.316 Y155.596 E.10795
G1 X125.596 Y150.316 E.22172
G1 X125.596 Y149.404 E.0271
G1 X122.873 Y149.404 E.08085
G1 X119.404 Y152.873 E.1457
G1 X119.404 Y151.445 E.04241
; stop printing object stringing_test_8x8x30.stl id:0 copy 0
;LAYER_CHANGE
;Z:8.2
;HEIGHT:0.2
;BEFORE_LAYER_CHANGE
;8.2
G92 E0

G1 E-.5 F2100
;AFTER_LAYER_CHANGE
;8.2
SET_PRINT_STATS_INFO CURRENT_LAYER=41
;_SET_FAN_SPEED_CHANGING_LAYER
; printing object stringing_test_8x8x30.stl id:0 copy 0
G1 Z8.4 F30000
G1 X185.9 Y155.9 Z8.4
G1 Z8.2
G1 E.5 F2100
;TYPE:Inner wall
G1 F2730
G1 X179.1 Y155.9 E.2019
G1 X179.1 Y149.1 E.2019
G1 X185.9 Y149.1 E.2019
G1 X185.9 Y155.86 E.20071
SET_VELOCITY_LIMIT ACCEL=5000 ACCEL_TO_DECEL=2500
G1 X186.3 Y156.3 F30000
;TYPE:Outer wall
G1 F2730
G1 X178.7 Y156.3 E.22565
G1 X178.7 Y148.7 E.22565
G1 X186.3 Y148.7 E.22565
G1 X186.3 Y156.26 E.22447
SET_VELOCITY_LIMIT ACCEL=10000 ACCEL_TO_DECEL=5000
G1 E-.5 F2100
G1 Z8.4 F30000
G1 X183.555 Y155.596 Z8.4
G1 Z8.2
G1 E.5 F2100
;TYPE:Sparse infill
G1 F2730
G1 X182.127 Y155.596 E.04241
G1 X185.596 Y152.127 E.1457
G1 X185.596 Y149.404 E.08085
G1 X184.684 Y149.404 E.0271
G1 X179.404 Y154.684 E.22172
G1 X179.404 Y151.048 E.10795
G1 X181.048 Y149.404 E.06904
G1 X182.476 Y149.404 E.04241
G1 E-.5 F2100
G1 Z8.4 F30000
G1 X125.9 Y155.9 Z8.4
G1 Z8.2
G1 E.5 F2100
;TYPE:Inner wall
G1 F2730
G1 X119.1 Y155.9 E.2019
G1 X119.1 Y149.1 E.2019
G1 X125.9 Y149.1 E.2019
G1 X125.9 Y155.86 E.20071
M73 P30 R8
SET_VELOCITY_LIMIT ACCEL=5000 ACCEL_TO_DECEL=2500
G1 X126.3 Y156.3 F30000
;TYPE:Outer wall
G1 F2730
G1 X118.7 Y156.3 E.22565
G1 X118.7 Y148.7 E.22565
G1 X126.3 Y148.7 E.22565
G1 X126.3 Y156.26 E.22447
SET_VELOCITY_LIMIT ACCEL=10000 ACCEL_TO_DECEL=5000
G1 E-.5 F2100
G1 Z8.4 F30000
G1 X125.596 Y152.524 Z8.4
G1 Z8.2
G1 E.5 F2100
;TYPE:Sparse infill
G1 F2730
G1 X125.596 Y153.952 E.04241
G1 X123.952 Y155.596 E.06904
G1 X120.316 Y155.596 E.10795
G1 X125.596 Y150.316 E.22172
G1 X125.596 Y149.404 E.0271
G1 X122.873 Y149.404 E.08085
G1 X119.404 Y152.873 E.1457
G1 X119.404 Y151.445 E.04241
; stop printing object stringing_test_8x8x30.stl id:0 copy 0
;LAYER_CHANGE
;Z:8.4
;HEIGHT:0.2
;BEFORE_LAYER_CHANGE
;8.4
G92 E0

G1 E-.5 F2100
;AFTER_LAYER_CHANGE
;8.4
SET_PRINT_STATS_INFO CURRENT_LAYER=42
;_SET_FAN_SPEED_CHANGING_LAYER
; printing object stringing_test_8x8x30.stl id:0 copy 0
G1 Z8.6 F30000
G1 X185.9 Y155.9 Z8.6
G1 Z8.4
G1 E.5 F2100
;TYPE:Inner wall
G1 F2730
G1 X179.1 Y155.9 E.2019
G1 X179.1 Y149.1 E.2019
G1 X185.9 Y149.1 E.2019
G1 X185.9 Y155.86 E.20071
SET_VELOCITY_LIMIT ACCEL=5000 ACCEL_TO_DECEL=2500
G1 X186.3 Y156.3 F30000
;TYPE:Outer wall
G1 F2730
G1 X178.7 Y156.3 E.22565
G1 X178.7 Y148.7 E.22565
G1 X186.3 Y148.7 E.22565
G1 X186.3 Y156.26 E.22447
SET_VELOCITY_LIMIT ACCEL=10000 ACCEL_TO_DECEL=5000
G1 E-.5 F2100
G1 Z8.6 F30000
G1 X183.555 Y155.596 Z8.6
G1 Z8.4
G1 E.5 F2100
;TYPE:Sparse infill
G1 F2730
G1 X182.127 Y155.596 E.04241
G1 X185.596 Y152.127 E.1457
G1 X185.596 Y149.404 E.08085
G1 X184.684 Y149.404 E.0271
G1 X179.404 Y154.684 E.22172
G1 X179.404 Y151.048 E.10795
G1 X181.048 Y149.404 E.06904
G1 X182.476 Y149.404 E.04241
G1 E-.5 F2100
G1 Z8.6 F30000
G1 X125.9 Y155.9 Z8.6
G1 Z8.4
G1 E.5 F2100
;TYPE:Inner wall
G1 F2730
G1 X119.1 Y155.9 E.2019
G1 X119.1 Y149.1 E.2019
G1 X125.9 Y149.1 E.2019
G1 X125.9 Y155.86 E.20071
SET_VELOCITY_LIMIT ACCEL=5000 ACCEL_TO_DECEL=2500
G1 X126.3 Y156.3 F30000
;TYPE:Outer wall
G1 F2730
G1 X118.7 Y156.3 E.22565
G1 X118.7 Y148.7 E.22565
G1 X126.3 Y148.7 E.22565
G1 X126.3 Y156.26 E.22447
SET_VELOCITY_LIMIT ACCEL=10000 ACCEL_TO_DECEL=5000
G1 E-.5 F2100
G1 Z8.6 F30000
G1 X125.596 Y152.524 Z8.6
G1 Z8.4
G1 E.5 F2100
;TYPE:Sparse infill
G1 F2730
G1 X125.596 Y153.952 E.04241
G1 X123.952 Y155.596 E.06904
G1 X120.316 Y155.596 E.10795
G1 X125.596 Y150.316 E.22172
G1 X125.596 Y149.404 E.0271
G1 X122.873 Y149.404 E.08085
G1 X119.404 Y152.873 E.1457
G1 X119.404 Y151.445 E.04241
; stop printing object stringing_test_8x8x30.stl id:0 copy 0
;LAYER_CHANGE
;Z:8.6
;HEIGHT:0.200001
;BEFORE_LAYER_CHANGE
;8.6
G92 E0

G1 E-.5 F2100
;AFTER_LAYER_CHANGE
;8.6
SET_PRINT_STATS_INFO CURRENT_LAYER=43
;_SET_FAN_SPEED_CHANGING_LAYER
; printing object stringing_test_8x8x30.stl id:0 copy 0
G1 Z8.8 F30000
G1 X185.9 Y155.9 Z8.8
G1 Z8.6
G1 E.5 F2100
;TYPE:Inner wall
G1 F2730
G1 X179.1 Y155.9 E.2019
G1 X179.1 Y149.1 E.2019
G1 X185.9 Y149.1 E.2019
G1 X185.9 Y155.86 E.20071
SET_VELOCITY_LIMIT ACCEL=5000 ACCEL_TO_DECEL=2500
G1 X186.3 Y156.3 F30000
;TYPE:Outer wall
G1 F2730
G1 X178.7 Y156.3 E.22565
G1 X178.7 Y148.7 E.22565
G1 X186.3 Y148.7 E.22565
M73 P31 R8
G1 X186.3 Y156.26 E.22447
SET_VELOCITY_LIMIT ACCEL=10000 ACCEL_TO_DECEL=5000
G1 E-.5 F2100
G1 Z8.8 F30000
G1 X183.555 Y155.596 Z8.8
G1 Z8.6
G1 E.5 F2100
;TYPE:Sparse infill
G1 F2730
G1 X182.127 Y155.596 E.04241
G1 X185.596 Y152.127 E.1457
G1 X185.596 Y149.404 E.08085
G1 X184.684 Y149.404 E.0271
G1 X179.404 Y154.684 E.22172
G1 X179.404 Y151.048 E.10795
G1 X181.048 Y149.404 E.06904
G1 X182.476 Y149.404 E.04241
G1 E-.5 F2100
G1 Z8.8 F30000
G1 X125.9 Y155.9 Z8.8
G1 Z8.6
G1 E.5 F2100
;TYPE:Inner wall
G1 F2730
G1 X119.1 Y155.9 E.2019
G1 X119.1 Y149.1 E.2019
G1 X125.9 Y149.1 E.2019
G1 X125.9 Y155.86 E.20071
SET_VELOCITY_LIMIT ACCEL=5000 ACCEL_TO_DECEL=2500
G1 X126.3 Y156.3 F30000
;TYPE:Outer wall
G1 F2730
G1 X118.7 Y156.3 E.22565
G1 X118.7 Y148.7 E.22565
G1 X126.3 Y148.7 E.22565
G1 X126.3 Y156.26 E.22447
SET_VELOCITY_LIMIT ACCEL=10000 ACCEL_TO_DECEL=5000
G1 E-.5 F2100
G1 Z8.8 F30000
G1 X125.596 Y152.524 Z8.8
G1 Z8.6
G1 E.5 F2100
;TYPE:Sparse infill
G1 F2730
G1 X125.596 Y153.952 E.04241
G1 X123.952 Y155.596 E.06904
G1 X120.316 Y155.596 E.10795
G1 X125.596 Y150.316 E.22172
G1 X125.596 Y149.404 E.0271
G1 X122.873 Y149.404 E.08085
G1 X119.404 Y152.873 E.1457
G1 X119.404 Y151.445 E.04241
; stop printing object stringing_test_8x8x30.stl id:0 copy 0
;LAYER_CHANGE
;Z:8.8
;HEIGHT:0.2
;BEFORE_LAYER_CHANGE
;8.8
G92 E0

G1 E-.5 F2100
;AFTER_LAYER_CHANGE
;8.8
SET_PRINT_STATS_INFO CURRENT_LAYER=44
;_SET_FAN_SPEED_CHANGING_LAYER
; printing object stringing_test_8x8x30.stl id:0 copy 0
G1 Z9 F30000
G1 X185.9 Y155.9 Z9
G1 Z8.8
G1 E.5 F2100
;TYPE:Inner wall
G1 F2730
G1 X179.1 Y155.9 E.2019
G1 X179.1 Y149.1 E.2019
G1 X185.9 Y149.1 E.2019
G1 X185.9 Y155.86 E.20071
SET_VELOCITY_LIMIT ACCEL=5000 ACCEL_TO_DECEL=2500
G1 X186.3 Y156.3 F30000
;TYPE:Outer wall
G1 F2730
G1 X178.7 Y156.3 E.22565
G1 X178.7 Y148.7 E.22565
G1 X186.3 Y148.7 E.22565
G1 X186.3 Y156.26 E.22447
SET_VELOCITY_LIMIT ACCEL=10000 ACCEL_TO_DECEL=5000
G1 E-.5 F2100
G1 Z9 F30000
G1 X183.555 Y155.596 Z9
G1 Z8.8
G1 E.5 F2100
;TYPE:Sparse infill
G1 F2730
G1 X182.127 Y155.596 E.04241
G1 X185.596 Y152.127 E.1457
G1 X185.596 Y149.404 E.08085
G1 X184.684 Y149.404 E.0271
G1 X179.404 Y154.684 E.22172
G1 X179.404 Y151.048 E.10795
G1 X181.048 Y149.404 E.06904
G1 X182.476 Y149.404 E.04241
G1 E-.5 F2100
G1 Z9 F30000
G1 X125.9 Y155.9 Z9
G1 Z8.8
G1 E.5 F2100
;TYPE:Inner wall
G1 F2730
G1 X119.1 Y155.9 E.2019
G1 X119.1 Y149.1 E.2019
G1 X125.9 Y149.1 E.2019
G1 X125.9 Y155.86 E.20071
SET_VELOCITY_LIMIT ACCEL=5000 ACCEL_TO_DECEL=2500
G1 X126.3 Y156.3 F30000
;TYPE:Outer wall
G1 F2730
G1 X118.7 Y156.3 E.22565
G1 X118.7 Y148.7 E.22565
G1 X126.3 Y148.7 E.22565
G1 X126.3 Y156.26 E.22447
SET_VELOCITY_LIMIT ACCEL=10000 ACCEL_TO_DECEL=5000
G1 E-.5 F2100
M73 P32 R8
G1 Z9 F30000
G1 X125.596 Y152.524 Z9
G1 Z8.8
G1 E.5 F2100
;TYPE:Sparse infill
G1 F2730
G1 X125.596 Y153.952 E.04241
G1 X123.952 Y155.596 E.06904
G1 X120.316 Y155.596 E.10795
G1 X125.596 Y150.316 E.22172
G1 X125.596 Y149.404 E.0271
G1 X122.873 Y149.404 E.08085
G1 X119.404 Y152.873 E.1457
G1 X119.404 Y151.445 E.04241
; stop printing object stringing_test_8x8x30.stl id:0 copy 0
;LAYER_CHANGE
;Z:9
;HEIGHT:0.2
;BEFORE_LAYER_CHANGE
;9
G92 E0

G1 E-.5 F2100
;AFTER_LAYER_CHANGE
;9
SET_PRINT_STATS_INFO CURRENT_LAYER=45
;_SET_FAN_SPEED_CHANGING_LAYER
; printing object stringing_test_8x8x30.stl id:0 copy 0
G1 Z9.2 F30000
G1 X185.9 Y155.9 Z9.2
G1 Z9
G1 E.5 F2100
;TYPE:Inner wall
G1 F2730
G1 X179.1 Y155.9 E.2019
G1 X179.1 Y149.1 E.2019
G1 X185.9 Y149.1 E.2019
G1 X185.9 Y155.86 E.20071
SET_VELOCITY_LIMIT ACCEL=5000 ACCEL_TO_DECEL=2500
G1 X186.3 Y156.3 F30000
;TYPE:Outer wall
G1 F2730
G1 X178.7 Y156.3 E.22565
G1 X178.7 Y148.7 E.22565
G1 X186.3 Y148.7 E.22565
G1 X186.3 Y156.26 E.22447
SET_VELOCITY_LIMIT ACCEL=10000 ACCEL_TO_DECEL=5000
G1 E-.5 F2100
G1 Z9.2 F30000
G1 X183.555 Y155.596 Z9.2
G1 Z9
G1 E.5 F2100
;TYPE:Sparse infill
G1 F2730
G1 X182.127 Y155.596 E.04241
G1 X185.596 Y152.127 E.1457
G1 X185.596 Y149.404 E.08085
G1 X184.684 Y149.404 E.0271
G1 X179.404 Y154.684 E.22172
G1 X179.404 Y151.048 E.10795
G1 X181.048 Y149.404 E.06904
G1 X182.476 Y149.404 E.04241
G1 E-.5 F2100
G1 Z9.2 F30000
G1 X125.9 Y155.9 Z9.2
G1 Z9
G1 E.5 F2100
;TYPE:Inner wall
G1 F2730
G1 X119.1 Y155.9 E.2019
G1 X119.1 Y149.1 E.2019
G1 X125.9 Y149.1 E.2019
G1 X125.9 Y155.86 E.20071
SET_VELOCITY_LIMIT ACCEL=5000 ACCEL_TO_DECEL=2500
G1 X126.3 Y156.3 F30000
;TYPE:Outer wall
G1 F2730
G1 X118.7 Y156.3 E.22565
G1 X118.7 Y148.7 E.22565
G1 X126.3 Y148.7 E.22565
G1 X126.3 Y156.26 E.22447
SET_VELOCITY_LIMIT ACCEL=10000 ACCEL_TO_DECEL=5000
G1 E-.5 F2100
G1 Z9.2 F30000
G1 X125.596 Y152.524 Z9.2
G1 Z9
G1 E.5 F2100
;TYPE:Sparse infill
G1 F2730
G1 X125.596 Y153.952 E.04241
G1 X123.952 Y155.596 E.06904
G1 X120.316 Y155.596 E.10795
G1 X125.596 Y150.316 E.22172
G1 X125.596 Y149.404 E.0271
G1 X122.873 Y149.404 E.08085
G1 X119.404 Y152.873 E.1457
G1 X119.404 Y151.445 E.04241
; stop printing object stringing_test_8x8x30.stl id:0 copy 0
;LAYER_CHANGE
;Z:9.2
;HEIGHT:0.2
;BEFORE_LAYER_CHANGE
;9.2
G92 E0

G1 E-.5 F2100
;AFTER_LAYER_CHANGE
;9.2
SET_PRINT_STATS_INFO CURRENT_LAYER=46
;_SET_FAN_SPEED_CHANGING_LAYER
; printing object stringing_test_8x8x30.stl id:0 copy 0
G1 Z9.4 F30000
G1 X185.9 Y155.9 Z9.4
G1 Z9.2
G1 E.5 F2100
;TYPE:Inner wall
G1 F2734
G1 X179.1 Y155.9 E.2019
G1 X179.1 Y149.1 E.2019
G1 X185.9 Y149.1 E.2019
G1 X185.9 Y155.86 E.20071
SET_VELOCITY_LIMIT ACCEL=5000 ACCEL_TO_DECEL=2500
G1 X186.3 Y156.3 F30000
;TYPE:Outer wall
G1 F2734
G1 X178.7 Y156.3 E.22565
G1 X178.7 Y148.7 E.22565
G1 X186.3 Y148.7 E.22565
G1 X186.3 Y156.26 E.22447
SET_VELOCITY_LIMIT ACCEL=10000 ACCEL_TO_DECEL=5000
G1 E-.5 F2100
G1 Z9.4 F30000
G1 X183.436 Y155.596 Z9.4
G1 Z9.2
G1 E.5 F2100
;TYPE:Sparse infill
G1 F2734
G1 X182.008 Y155.596 E.04241
G3 X182.496 Y155.027 I2.546 J1.688 E.02234
G1 X184.314 Y153.609 E.06845
G1 X185.596 Y152.021 E.06061
G1 X185.596 Y149.404 E.07772
G1 X184.803 Y149.404 E.02357
G3 X184.314 Y149.973 I-2.546 J-1.688 E.02234
M73 P33 R8
G1 X182.496 Y151.391 E.06845
G1 X180.879 Y153.409 E.0768
G1 X179.404 Y154.603 E.05635
G1 X179.404 Y150.967 E.10795
G1 X180.678 Y149.973 E.04799
G2 X181.167 Y149.404 I-2.057 J-2.258 E.02234
G1 X182.595 Y149.404 E.04241
G1 E-.5 F2100
G1 Z9.4 F30000
G1 X125.9 Y155.9 Z9.4
G1 Z9.2
G1 E.5 F2100
;TYPE:Inner wall
G1 F2734
G1 X119.1 Y155.9 E.2019
G1 X119.1 Y149.1 E.2019
G1 X125.9 Y149.1 E.2019
G1 X125.9 Y155.86 E.20071
SET_VELOCITY_LIMIT ACCEL=5000 ACCEL_TO_DECEL=2500
G1 X126.3 Y156.3 F30000
;TYPE:Outer wall
G1 F2734
G1 X118.7 Y156.3 E.22565
G1 X118.7 Y148.7 E.22565
G1 X126.3 Y148.7 E.22565
G1 X126.3 Y156.26 E.22447
SET_VELOCITY_LIMIT ACCEL=10000 ACCEL_TO_DECEL=5000
G1 E-.5 F2100
G1 Z9.4 F30000
G1 X122.405 Y155.596 Z9.4
G1 Z9.2
G1 E.5 F2100
;TYPE:Sparse infill
G1 F2734
G1 X123.833 Y155.596 E.04241
G3 X124.322 Y155.027 I2.546 J1.688 E.02234
G1 X125.596 Y154.033 E.04799
G1 X125.596 Y150.397 E.10795
G1 X124.121 Y151.591 E.05635
G1 X122.504 Y153.609 E.0768
G1 X120.686 Y155.027 E.06845
G2 X120.197 Y155.596 I2.057 J2.258 E.02234
G1 X119.404 Y155.596 E.02357
G1 X119.404 Y152.979 E.07772
G1 X120.686 Y151.391 E.06061
G1 X122.504 Y149.973 E.06845
G2 X122.992 Y149.404 I-2.057 J-2.258 E.02234
G1 X121.564 Y149.404 E.04241
; stop printing object stringing_test_8x8x30.stl id:0 copy 0
;LAYER_CHANGE
;Z:9.4
;HEIGHT:0.2
;BEFORE_LAYER_CHANGE
;9.4
G92 E0

G1 E-.5 F2100
;AFTER_LAYER_CHANGE
;9.4
SET_PRINT_STATS_INFO CURRENT_LAYER=47
;_SET_FAN_SPEED_CHANGING_LAYER
; printing object stringing_test_8x8x30.stl id:0 copy 0
G1 Z9.6 F30000
G1 X185.9 Y155.9 Z9.6
G1 Z9.4
G1 E.5 F2100
;TYPE:Inner wall
G1 F2892
G1 X179.1 Y155.9 E.2019
G1 X179.1 Y149.1 E.2019
G1 X185.9 Y149.1 E.2019
G1 X185.9 Y155.86 E.20071
SET_VELOCITY_LIMIT ACCEL=5000 ACCEL_TO_DECEL=2500
G1 X186.3 Y156.3 F30000
;TYPE:Outer wall
G1 F2892
G1 X178.7 Y156.3 E.22565
G1 X178.7 Y148.7 E.22565
G1 X186.3 Y148.7 E.22565
G1 X186.3 Y156.26 E.22447
SET_VELOCITY_LIMIT ACCEL=10000 ACCEL_TO_DECEL=5000
G1 E-.5 F2100
G1 Z9.6 F30000
G1 X185.596 Y153.78 Z9.6
G1 Z9.4
G1 E.5 F2100
;TYPE:Sparse infill
G1 F2892
G1 X185.596 Y155.209 E.04241
G2 X185.434 Y155.596 I.361 J.379 E.01285
G1 X181.798 Y155.596 E.10795
G1 X181.942 Y155.227 E.01178
G1 X182.496 Y154.673 E.02325
G1 X184.314 Y153.963 E.05795
G1 X184.868 Y153.409 E.02325
G1 X185.596 Y151.573 E.05865
G1 X185.596 Y149.404 E.06441
G1 X185.012 Y149.404 E.01734
G1 X184.868 Y149.773 E.01178
G1 X184.314 Y150.327 E.02325
G1 X182.496 Y151.037 E.05795
G1 X181.942 Y151.591 E.02325
G1 X181.232 Y153.409 E.05795
G1 X180.678 Y153.963 E.02325
G1 X179.404 Y154.461 E.04064
G1 X179.404 Y150.825 E.10795
G1 X180.678 Y150.327 E.04064
G1 X181.232 Y149.773 E.02325
G1 X181.376 Y149.404 E.01178
G1 X182.805 Y149.404 E.04241
G1 E-.5 F2100
G1 Z9.6 F30000
G1 X125.9 Y155.9 Z9.6
G1 Z9.4
G1 E.5 F2100
;TYPE:Inner wall
G1 F2892
G1 X119.1 Y155.9 E.2019
G1 X119.1 Y149.1 E.2019
G1 X125.9 Y149.1 E.2019
G1 X125.9 Y155.86 E.20071
SET_VELOCITY_LIMIT ACCEL=5000 ACCEL_TO_DECEL=2500
G1 X126.3 Y156.3 F30000
;TYPE:Outer wall
G1 F2892
G1 X118.7 Y156.3 E.22565
G1 X118.7 Y148.7 E.22565
G1 X126.3 Y148.7 E.22565
G1 X126.3 Y156.26 E.22447
SET_VELOCITY_LIMIT ACCEL=10000 ACCEL_TO_DECEL=5000
G1 E-.5 F2100
G1 Z9.6 F30000
G1 X122.195 Y155.596 Z9.6
G1 Z9.4
G1 E.5 F2100
;TYPE:Sparse infill
G1 F2892
G1 X123.624 Y155.596 E.04241
G1 X123.768 Y155.227 E.01178
G1 X124.322 Y154.673 E.02325
G1 X125.596 Y154.175 E.04064
G1 X125.596 Y150.539 E.10795
G1 X124.322 Y151.037 E.04064
G1 X123.768 Y151.591 E.02325
G1 X123.058 Y153.409 E.05795
G1 X122.504 Y153.963 E.02325
G1 X120.686 Y154.673 E.05795
G1 X120.132 Y155.227 E.02325
G1 X119.988 Y155.596 E.01178
G1 X119.404 Y155.596 E.01734
G1 X119.404 Y153.427 E.06441
G1 X120.132 Y151.591 E.05865
G1 X120.686 Y151.037 E.02325
G1 X122.504 Y150.327 E.05795
G1 X123.058 Y149.773 E.02325
G1 X123.202 Y149.404 E.01178
G1 X119.566 Y149.404 E.10795
G3 X119.404 Y149.791 I-.524 J.008 E.01285
G1 X119.404 Y151.22 E.04241
; stop printing object stringing_test_8x8x30.stl id:0 copy 0
;LAYER_CHANGE
;Z:9.6
;HEIGHT:0.200001
;BEFORE_LAYER_CHANGE
;9.6
G92 E0

G1 E-.5 F2100
;AFTER_LAYER_CHANGE
;9.6
SET_PRINT_STATS_INFO CURRENT_LAYER=48
;_SET_FAN_SPEED_CHANGING_LAYER
; printing object stringing_test_8x8x30.stl id:0 copy 0
G1 Z9.8 F30000
G1 X185.9 Y155.9 Z9.8
M73 P34 R8
G1 Z9.6
G1 E.5 F2100
;TYPE:Inner wall
G1 F2978
G1 X179.1 Y155.9 E.2019
G1 X179.1 Y149.1 E.2019
G1 X185.9 Y149.1 E.2019
G1 X185.9 Y155.86 E.20071
SET_VELOCITY_LIMIT ACCEL=5000 ACCEL_TO_DECEL=2500
G1 X186.3 Y156.3 F30000
;TYPE:Outer wall
G1 F2978
G1 X178.7 Y156.3 E.22565
G1 X178.7 Y148.7 E.22565
G1 X186.3 Y148.7 E.22565
G1 X186.3 Y156.26 E.22447
SET_VELOCITY_LIMIT ACCEL=10000 ACCEL_TO_DECEL=5000
G1 E-.5 F2100
G1 Z9.8 F30000
G1 X185.596 Y153.427 Z9.8
G1 Z9.6
G1 E.5 F2100
;TYPE:Sparse infill
G1 F2978
G1 X185.596 Y154.855 E.04241
G1 X185.225 Y155.227 E.01561
G1 X185.224 Y155.596 E.01097
G1 X181.588 Y155.596 E.10795
G1 X181.589 Y155.227 E.01097
G1 X182.496 Y154.32 E.0381
G1 X184.314 Y154.316 E.05398
G1 X185.222 Y153.409 E.0381
G1 X185.225 Y151.591 E.05398
G1 X185.596 Y151.219 E.01561
G1 X185.596 Y149.404 E.05391
G1 X185.222 Y149.404 E.01111
G1 X185.222 Y149.773 E.01097
G1 X184.314 Y150.68 E.0381
G1 X182.496 Y150.684 E.05398
G1 X181.589 Y151.591 E.0381
G1 X181.586 Y153.409 E.05398
G1 X180.678 Y154.316 E.0381
G1 X179.404 Y154.319 E.03785
G1 X179.404 Y150.683 E.10795
G1 X180.678 Y150.68 E.03785
G1 X181.586 Y149.773 E.0381
G1 X181.586 Y149.404 E.01097
G1 X183.015 Y149.404 E.04241
G1 E-.5 F2100
G1 Z9.8 F30000
G1 X125.9 Y155.9 Z9.8
G1 Z9.6
G1 E.5 F2100
;TYPE:Inner wall
G1 F2978
G1 X119.1 Y155.9 E.2019
G1 X119.1 Y149.1 E.2019
G1 X125.9 Y149.1 E.2019
G1 X125.9 Y155.86 E.20071
SET_VELOCITY_LIMIT ACCEL=5000 ACCEL_TO_DECEL=2500
G1 X126.3 Y156.3 F30000
;TYPE:Outer wall
G1 F2978
G1 X118.7 Y156.3 E.22565
G1 X118.7 Y148.7 E.22565
G1 X126.3 Y148.7 E.22565
G1 X126.3 Y156.26 E.22447
SET_VELOCITY_LIMIT ACCEL=10000 ACCEL_TO_DECEL=5000
G1 E-.5 F2100
G1 Z9.8 F30000
G1 X121.985 Y155.596 Z9.8
G1 Z9.6
G1 E.5 F2100
;TYPE:Sparse infill
G1 F2978
G1 X123.414 Y155.596 E.04241
G1 X123.414 Y155.227 E.01097
G1 X124.322 Y154.32 E.0381
G1 X125.596 Y154.317 E.03785
G1 X125.596 Y150.681 E.10795
G1 X124.322 Y150.684 E.03785
G1 X123.414 Y151.591 E.0381
G1 X123.411 Y153.409 E.05398
G1 X122.504 Y154.316 E.0381
G1 X120.686 Y154.32 E.05398
G1 X119.778 Y155.227 E.0381
G1 X119.778 Y155.596 E.01097
G1 X119.404 Y155.596 E.01111
G1 X119.404 Y153.781 E.05391
G1 X119.775 Y153.409 E.01561
G1 X119.778 Y151.591 E.05398
G1 X120.686 Y150.684 E.0381
G1 X122.504 Y150.68 E.05398
G1 X123.411 Y149.773 E.0381
G1 X123.412 Y149.404 E.01097
G1 X119.776 Y149.404 E.10795
G1 X119.775 Y149.773 E.01097
G1 X119.404 Y150.145 E.01561
G1 X119.404 Y151.573 E.04241
; stop printing object stringing_test_8x8x30.stl id:0 copy 0
;LAYER_CHANGE
;Z:9.8
;HEIGHT:0.2
;BEFORE_LAYER_CHANGE
;9.8
G92 E0

G1 E-.5 F2100
;AFTER_LAYER_CHANGE
;9.8
SET_PRINT_STATS_INFO CURRENT_LAYER=49
;_SET_FAN_SPEED_CHANGING_LAYER
; printing object stringing_test_8x8x30.stl id:0 copy 0
G1 Z10 F30000
G1 X185.9 Y155.9 Z10
G1 Z9.8
G1 E.5 F2100
;TYPE:Inner wall
G1 F2992
G1 X179.1 Y155.9 E.2019
G1 X179.1 Y149.1 E.2019
G1 X185.9 Y149.1 E.2019
G1 X185.9 Y155.86 E.20071
SET_VELOCITY_LIMIT ACCEL=5000 ACCEL_TO_DECEL=2500
G1 X186.3 Y156.3 F30000
;TYPE:Outer wall
G1 F2992
G1 X178.7 Y156.3 E.22565
G1 X178.7 Y148.7 E.22565
G1 X186.3 Y148.7 E.22565
G1 X186.3 Y156.26 E.22447
SET_VELOCITY_LIMIT ACCEL=10000 ACCEL_TO_DECEL=5000
G1 E-.5 F2100
G1 Z10 F30000
G1 X183.022 Y155.596 Z10
G1 Z9.8
G1 E.5 F2100
;TYPE:Sparse infill
G1 F2992
G1 X181.594 Y155.596 E.04241
G1 X181.599 Y155.227 E.01097
G1 X180.678 Y154.306 E.03866
G1 X179.404 Y154.323 E.03785
G1 X179.404 Y150.687 E.10795
G1 X180.678 Y150.67 E.03785
G1 X181.599 Y151.591 E.03866
G1 X181.576 Y153.409 E.05398
G1 X182.496 Y154.33 E.03866
G1 X184.314 Y154.306 E.05398
G1 X185.235 Y155.227 E.03866
G1 X185.23 Y155.596 E.01097
G1 X185.596 Y155.596 E.01088
G1 X185.596 Y153.794 E.05352
G1 X185.211 Y153.409 E.01617
G1 X185.235 Y151.591 E.05398
G1 X184.314 Y150.67 E.03866
G1 X182.496 Y150.694 E.05398
G1 X181.576 Y149.773 E.03866
G1 X181.58 Y149.404 E.01097
G1 X185.216 Y149.404 E.10795
G1 X185.211 Y149.773 E.01097
G1 X185.596 Y150.158 E.01617
G1 X185.596 Y151.586 E.04241
G1 E-.5 F2100
G1 Z10 F30000
G1 X125.9 Y155.9 Z10
G1 Z9.8
G1 E.5 F2100
;TYPE:Inner wall
G1 F2992
G1 X119.1 Y155.9 E.2019
G1 X119.1 Y149.1 E.2019
M73 P35 R8
G1 X125.9 Y149.1 E.2019
G1 X125.9 Y155.86 E.20071
SET_VELOCITY_LIMIT ACCEL=5000 ACCEL_TO_DECEL=2500
G1 X126.3 Y156.3 F30000
;TYPE:Outer wall
G1 F2992
G1 X118.7 Y156.3 E.22565
G1 X118.7 Y148.7 E.22565
G1 X126.3 Y148.7 E.22565
G1 X126.3 Y156.26 E.22447
SET_VELOCITY_LIMIT ACCEL=10000 ACCEL_TO_DECEL=5000
G1 E-.5 F2100
G1 Z10 F30000
G1 X119.404 Y153.414 Z10
G1 Z9.8
G1 E.5 F2100
;TYPE:Sparse infill
G1 F2992
G1 X119.404 Y154.842 E.04241
G1 X119.789 Y155.227 E.01617
G1 X119.784 Y155.596 E.01097
G1 X123.42 Y155.596 E.10795
G1 X123.424 Y155.227 E.01097
G1 X122.504 Y154.306 E.03866
G1 X120.686 Y154.33 E.05398
G1 X119.765 Y153.409 E.03866
G1 X119.789 Y151.591 E.05398
G1 X119.404 Y151.206 E.01617
G1 X119.404 Y149.404 E.05352
G1 X119.77 Y149.404 E.01088
G1 X119.765 Y149.773 E.01097
G1 X120.686 Y150.694 E.03866
G1 X122.504 Y150.67 E.05398
G1 X123.424 Y151.591 E.03866
G1 X123.401 Y153.409 E.05398
G1 X124.322 Y154.33 E.03866
G1 X125.596 Y154.313 E.03785
G1 X125.596 Y150.677 E.10795
G1 X124.322 Y150.694 E.03785
G1 X123.401 Y149.773 E.03866
G1 X123.406 Y149.404 E.01097
G1 X121.978 Y149.404 E.04241
; stop printing object stringing_test_8x8x30.stl id:0 copy 0
;LAYER_CHANGE
;Z:10
;HEIGHT:0.2
;BEFORE_LAYER_CHANGE
;10
G92 E0

G1 E-.5 F2100
;AFTER_LAYER_CHANGE
;10
SET_PRINT_STATS_INFO CURRENT_LAYER=50
;_SET_FAN_SPEED_CHANGING_LAYER
; printing object stringing_test_8x8x30.stl id:0 copy 0
G1 Z10.2 F30000
G1 X185.9 Y155.9 Z10.2
G1 Z10
G1 E.5 F2100
;TYPE:Inner wall
G1 F2905
G1 X179.1 Y155.9 E.2019
G1 X179.1 Y149.1 E.2019
G1 X185.9 Y149.1 E.2019
G1 X185.9 Y155.86 E.20071
SET_VELOCITY_LIMIT ACCEL=5000 ACCEL_TO_DECEL=2500
G1 X186.3 Y156.3 F30000
;TYPE:Outer wall
G1 F2905
G1 X178.7 Y156.3 E.22565
G1 X178.7 Y148.7 E.22565
G1 X186.3 Y148.7 E.22565
G1 X186.3 Y156.26 E.22447
SET_VELOCITY_LIMIT ACCEL=10000 ACCEL_TO_DECEL=5000
G1 E-.5 F2100
G1 Z10.2 F30000
G1 X182.813 Y155.596 Z10.2
G1 Z10
G1 E.5 F2100
;TYPE:Sparse infill
G1 F2905
G1 X181.384 Y155.596 E.04241
G1 X181.245 Y155.227 E.01172
G1 X180.678 Y154.66 E.02381
G1 X179.404 Y154.18 E.04044
G1 X179.404 Y150.544 E.10795
G1 X180.678 Y151.024 E.04044
G1 X181.245 Y151.591 E.02381
G1 X181.929 Y153.409 E.05767
G1 X182.496 Y153.976 E.02381
G1 X184.314 Y154.66 E.05767
G1 X184.881 Y155.227 E.02381
G1 X185.02 Y155.596 E.01172
G1 X185.596 Y155.596 E.01711
G1 X185.596 Y153.44 E.06402
G1 X184.881 Y151.591 E.05888
G1 X184.314 Y151.024 E.02381
G1 X182.496 Y150.34 E.05767
G1 X181.929 Y149.773 E.02381
G1 X181.79 Y149.404 E.01172
G1 X185.426 Y149.404 E.10795
G2 X185.596 Y149.805 I.528 J.012 E.01334
G1 X185.596 Y151.233 E.04241
G1 E-.5 F2100
G1 Z10.2 F30000
G1 X125.9 Y155.9 Z10.2
G1 Z10
G1 E.5 F2100
;TYPE:Inner wall
G1 F2905
G1 X119.1 Y155.9 E.2019
G1 X119.1 Y149.1 E.2019
G1 X125.9 Y149.1 E.2019
G1 X125.9 Y155.86 E.20071
SET_VELOCITY_LIMIT ACCEL=5000 ACCEL_TO_DECEL=2500
G1 X126.3 Y156.3 F30000
;TYPE:Outer wall
G1 F2905
G1 X118.7 Y156.3 E.22565
G1 X118.7 Y148.7 E.22565
G1 X126.3 Y148.7 E.22565
G1 X126.3 Y156.26 E.22447
SET_VELOCITY_LIMIT ACCEL=10000 ACCEL_TO_DECEL=5000
G1 E-.5 F2100
G1 Z10.2 F30000
G1 X119.404 Y153.767 Z10.2
G1 Z10
G1 E.5 F2100
;TYPE:Sparse infill
G1 F2905
G1 X119.404 Y155.195 E.04241
G3 X119.574 Y155.596 I-.357 J.389 E.01334
G1 X123.21 Y155.596 E.10795
G1 X123.071 Y155.227 E.01172
G1 X122.504 Y154.66 E.02381
G1 X120.686 Y153.976 E.05767
G1 X120.119 Y153.409 E.02381
G1 X119.404 Y151.56 E.05887
G1 X119.404 Y149.404 E.06402
G1 X119.98 Y149.404 E.01711
G1 X120.119 Y149.773 E.01172
G1 X120.686 Y150.34 E.02381
G1 X122.504 Y151.024 E.05767
G1 X123.071 Y151.591 E.02381
G1 X123.755 Y153.409 E.05767
G1 X124.322 Y153.976 E.02381
G1 X125.596 Y154.456 E.04044
G1 X125.596 Y150.82 E.10795
G1 X124.322 Y150.34 E.04044
G1 X123.755 Y149.773 E.02381
G1 X123.616 Y149.404 E.01172
G1 X122.187 Y149.404 E.04241
; stop printing object stringing_test_8x8x30.stl id:0 copy 0
;LAYER_CHANGE
;Z:10.2
;HEIGHT:0.2
;BEFORE_LAYER_CHANGE
;10.2
G92 E0

G1 E-.5 F2100
;AFTER_LAYER_CHANGE
;10.2
SET_PRINT_STATS_INFO CURRENT_LAYER=51
;_SET_FAN_SPEED_CHANGING_LAYER
; printing object stringing_test_8x8x30.stl id:0 copy 0
G1 Z10.4 F30000
G1 X185.9 Y155.9 Z10.4
G1 Z10.2
G1 E.5 F2100
;TYPE:Inner wall
G1 F2738
G1 X179.1 Y155.9 E.2019
G1 X179.1 Y149.1 E.2019
G1 X185.9 Y149.1 E.2019
M73 P36 R8
G1 X185.9 Y155.86 E.20071
SET_VELOCITY_LIMIT ACCEL=5000 ACCEL_TO_DECEL=2500
G1 X186.3 Y156.3 F30000
;TYPE:Outer wall
G1 F2738
G1 X178.7 Y156.3 E.22565
G1 X178.7 Y148.7 E.22565
G1 X186.3 Y148.7 E.22565
G1 X186.3 Y156.26 E.22447
SET_VELOCITY_LIMIT ACCEL=10000 ACCEL_TO_DECEL=5000
; FS-RETRACT BAND from layer 51: length 0.8 mm, speed 35.0 mm/s
G1 E-.8 F2100
G1 Z10.4 F30000
G1 X182.603 Y155.596 Z10.4
G1 Z10.2
G1 E.8 F2100
;TYPE:Sparse infill
G1 F2738
G1 X181.175 Y155.596 E.04241
G2 X180.678 Y155.013 I-2.439 J1.573 E.0228
G1 X179.404 Y154.038 E.04766
G1 X179.404 Y150.402 E.10795
G1 X180.892 Y151.591 E.05656
G1 X182.496 Y153.622 E.07686
G1 X184.314 Y155.013 E.06796
G3 X184.81 Y155.596 I-1.943 J2.156 E.0228
G1 X185.596 Y155.596 E.02334
G1 X185.596 Y152.988 E.07745
G1 X184.314 Y151.378 E.06112
G1 X182.496 Y149.987 E.06796
G3 X182 Y149.404 I1.943 J-2.156 E.0228
G1 X183.428 Y149.404 E.04241
G1 E-.8 F2100
G1 Z10.4 F30000
G1 X125.9 Y155.9 Z10.4
G1 Z10.2
G1 E.8 F2100
;TYPE:Inner wall
G1 F2738
G1 X119.1 Y155.9 E.2019
G1 X119.1 Y149.1 E.2019
G1 X125.9 Y149.1 E.2019
G1 X125.9 Y155.86 E.20071
SET_VELOCITY_LIMIT ACCEL=5000 ACCEL_TO_DECEL=2500
G1 X126.3 Y156.3 F30000
;TYPE:Outer wall
G1 F2738
G1 X118.7 Y156.3 E.22565
G1 X118.7 Y148.7 E.22565
G1 X126.3 Y148.7 E.22565
G1 X126.3 Y156.26 E.22447
SET_VELOCITY_LIMIT ACCEL=10000 ACCEL_TO_DECEL=5000
G1 E-.8 F2100
G1 Z10.4 F30000
G1 X121.572 Y155.596 Z10.4
G1 Z10.2
G1 E.8 F2100
;TYPE:Sparse infill
G1 F2738
G1 X123 Y155.596 E.04241
G2 X122.504 Y155.013 I-2.439 J1.573 E.0228
G1 X120.686 Y153.622 E.06796
G1 X119.404 Y152.012 E.06112
G1 X119.404 Y149.404 E.07745
G1 X120.19 Y149.404 E.02334
G2 X120.686 Y149.987 I2.439 J-1.573 E.0228
G1 X122.504 Y151.378 E.06796
G1 X124.108 Y153.409 E.07686
G1 X125.596 Y154.598 E.05656
G1 X125.596 Y150.962 E.10795
G1 X124.322 Y149.987 E.04766
G3 X123.825 Y149.404 I1.943 J-2.156 E.0228
G1 X122.397 Y149.404 E.04241
; stop printing object stringing_test_8x8x30.stl id:0 copy 0
;LAYER_CHANGE
;Z:10.4
;HEIGHT:0.2
;BEFORE_LAYER_CHANGE
;10.4
G92 E0

G1 E-.8 F2100
;AFTER_LAYER_CHANGE
;10.4
SET_PRINT_STATS_INFO CURRENT_LAYER=52
;_SET_FAN_SPEED_CHANGING_LAYER
; printing object stringing_test_8x8x30.stl id:0 copy 0
G1 Z10.6 F30000
G1 X185.9 Y155.9 Z10.6
G1 Z10.4
G1 E.8 F2100
;TYPE:Inner wall
G1 F2735
G1 X179.1 Y155.9 E.2019
G1 X179.1 Y149.1 E.2019
G1 X185.9 Y149.1 E.2019
G1 X185.9 Y155.86 E.20071
SET_VELOCITY_LIMIT ACCEL=5000 ACCEL_TO_DECEL=2500
G1 X186.3 Y156.3 F30000
M73 P36 R7
;TYPE:Outer wall
G1 F2735
G1 X178.7 Y156.3 E.22565
G1 X178.7 Y148.7 E.22565
G1 X186.3 Y148.7 E.22565
G1 X186.3 Y156.26 E.22447
SET_VELOCITY_LIMIT ACCEL=10000 ACCEL_TO_DECEL=5000
G1 E-.8 F2100
G1 Z10.6 F30000
G1 X182.476 Y155.596 Z10.6
G1 Z10.4
G1 E.8 F2100
;TYPE:Sparse infill
G1 F2735
G1 X181.048 Y155.596 E.04241
G1 X179.404 Y153.952 E.06904
G1 X179.404 Y150.316 E.10795
G1 X184.684 Y155.596 E.22172
G1 X185.596 Y155.596 E.0271
G1 X185.596 Y152.873 E.08085
G1 X182.127 Y149.404 E.1457
G1 X183.555 Y149.404 E.04241
G1 E-.8 F2100
G1 Z10.6 F30000
G1 X125.9 Y155.9 Z10.6
G1 Z10.4
G1 E.8 F2100
;TYPE:Inner wall
G1 F2735
G1 X119.1 Y155.9 E.2019
G1 X119.1 Y149.1 E.2019
G1 X125.9 Y149.1 E.2019
G1 X125.9 Y155.86 E.20071
SET_VELOCITY_LIMIT ACCEL=5000 ACCEL_TO_DECEL=2500
G1 X126.3 Y156.3 F30000
;TYPE:Outer wall
G1 F2735
G1 X118.7 Y156.3 E.22565
G1 X118.7 Y148.7 E.22565
M73 P37 R7
G1 X126.3 Y148.7 E.22565
G1 X126.3 Y156.26 E.22447
SET_VELOCITY_LIMIT ACCEL=10000 ACCEL_TO_DECEL=5000
G1 E-.8 F2100
G1 Z10.6 F30000
G1 X121.445 Y155.596 Z10.6
G1 Z10.4
G1 E.8 F2100
;TYPE:Sparse infill
G1 F2735
G1 X122.873 Y155.596 E.04241
G1 X119.404 Y152.127 E.1457
G1 X119.404 Y149.404 E.08085
G1 X120.316 Y149.404 E.0271
G1 X125.596 Y154.684 E.22172
G1 X125.596 Y151.048 E.10795
G1 X123.952 Y149.404 E.06904
G1 X122.524 Y149.404 E.04241
; stop printing object stringing_test_8x8x30.stl id:0 copy 0
;LAYER_CHANGE
;Z:10.6
;HEIGHT:0.200001
;BEFORE_LAYER_CHANGE
;10.6
G92 E0

G1 E-.8 F2100
;AFTER_LAYER_CHANGE
;10.6
SET_PRINT_STATS_INFO CURRENT_LAYER=53
;_SET_FAN_SPEED_CHANGING_LAYER
; printing object stringing_test_8x8x30.stl id:0 copy 0
G1 Z10.8 F30000
G1 X185.9 Y155.9 Z10.8
G1 Z10.6
G1 E.8 F2100
;TYPE:Inner wall
G1 F2735
G1 X179.1 Y155.9 E.2019
G1 X179.1 Y149.1 E.2019
G1 X185.9 Y149.1 E.2019
G1 X185.9 Y155.86 E.20071
SET_VELOCITY_LIMIT ACCEL=5000 ACCEL_TO_DECEL=2500
G1 X186.3 Y156.3 F30000
;TYPE:Outer wall
G1 F2735
G1 X178.7 Y156.3 E.22565
G1 X178.7 Y148.7 E.22565
G1 X186.3 Y148.7 E.22565
G1 X186.3 Y156.26 E.22447
SET_VELOCITY_LIMIT ACCEL=10000 ACCEL_TO_DECEL=5000
G1 E-.8 F2100
G1 Z10.8 F30000
G1 X182.476 Y155.596 Z10.8
G1 Z10.6
G1 E.8 F2100
;TYPE:Sparse infill
G1 F2735
G1 X181.048 Y155.596 E.04241
G1 X179.404 Y153.952 E.06904
G1 X179.404 Y150.316 E.10795
G1 X184.684 Y155.596 E.22172
G1 X185.596 Y155.596 E.0271
G1 X185.596 Y152.873 E.08085
G1 X182.127 Y149.404 E.1457
G1 X183.555 Y149.404 E.04241
G1 E-.8 F2100
G1 Z10.8 F30000
G1 X125.9 Y155.9 Z10.8
G1 Z10.6
G1 E.8 F2100
;TYPE:Inner wall
G1 F2735
G1 X119.1 Y155.9 E.2019
G1 X119.1 Y149.1 E.2019
G1 X125.9 Y149.1 E.2019
G1 X125.9 Y155.86 E.20071
SET_VELOCITY_LIMIT ACCEL=5000 ACCEL_TO_DECEL=2500
G1 X126.3 Y156.3 F30000
;TYPE:Outer wall
G1 F2735
G1 X118.7 Y156.3 E.22565
G1 X118.7 Y148.7 E.22565
G1 X126.3 Y148.7 E.22565
G1 X126.3 Y156.26 E.22447
SET_VELOCITY_LIMIT ACCEL=10000 ACCEL_TO_DECEL=5000
G1 E-.8 F2100
G1 Z10.8 F30000
G1 X121.445 Y155.596 Z10.8
G1 Z10.6
G1 E.8 F2100
;TYPE:Sparse infill
G1 F2735
G1 X122.873 Y155.596 E.04241
G1 X119.404 Y152.127 E.1457
G1 X119.404 Y149.404 E.08085
G1 X120.316 Y149.404 E.0271
G1 X125.596 Y154.684 E.22172
G1 X125.596 Y151.048 E.10795
G1 X123.952 Y149.404 E.06904
G1 X122.524 Y149.404 E.04241
; stop printing object stringing_test_8x8x30.stl id:0 copy 0
;LAYER_CHANGE
;Z:10.8
;HEIGHT:0.2
;BEFORE_LAYER_CHANGE
;10.8
G92 E0

G1 E-.8 F2100
;AFTER_LAYER_CHANGE
;10.8
SET_PRINT_STATS_INFO CURRENT_LAYER=54
;_SET_FAN_SPEED_CHANGING_LAYER
; printing object stringing_test_8x8x30.stl id:0 copy 0
G1 Z11 F30000
G1 X185.9 Y155.9 Z11
G1 Z10.8
G1 E.8 F2100
;TYPE:Inner wall
G1 F2735
G1 X179.1 Y155.9 E.2019
G1 X179.1 Y149.1 E.2019
G1 X185.9 Y149.1 E.2019
G1 X185.9 Y155.86 E.20071
SET_VELOCITY_LIMIT ACCEL=5000 ACCEL_TO_DECEL=2500
G1 X186.3 Y156.3 F30000
;TYPE:Outer wall
G1 F2735
G1 X178.7 Y156.3 E.22565
G1 X178.7 Y148.7 E.22565
G1 X186.3 Y148.7 E.22565
G1 X186.3 Y156.26 E.22447
SET_VELOCITY_LIMIT ACCEL=10000 ACCEL_TO_DECEL=5000
G1 E-.8 F2100
M73 P38 R7
G1 Z11 F30000
G1 X182.476 Y155.596 Z11
G1 Z10.8
G1 E.8 F2100
;TYPE:Sparse infill
G1 F2735
G1 X181.048 Y155.596 E.04241
G1 X179.404 Y153.952 E.06904
G1 X179.404 Y150.316 E.10795
G1 X184.684 Y155.596 E.22172
G1 X185.596 Y155.596 E.0271
G1 X185.596 Y152.873 E.08085
G1 X182.127 Y149.404 E.1457
G1 X183.555 Y149.404 E.04241
G1 E-.8 F2100
G1 Z11 F30000
G1 X125.9 Y155.9 Z11
G1 Z10.8
G1 E.8 F2100
;TYPE:Inner wall
G1 F2735
G1 X119.1 Y155.9 E.2019
G1 X119.1 Y149.1 E.2019
G1 X125.9 Y149.1 E.2019
G1 X125.9 Y155.86 E.20071
SET_VELOCITY_LIMIT ACCEL=5000 ACCEL_TO_DECEL=2500
G1 X126.3 Y156.3 F30000
;TYPE:Outer wall
G1 F2735
G1 X118.7 Y156.3 E.22565
G1 X118.7 Y148.7 E.22565
G1 X126.3 Y148.7 E.22565
G1 X126.3 Y156.26 E.22447
SET_VELOCITY_LIMIT ACCEL=10000 ACCEL_TO_DECEL=5000
G1 E-.8 F2100
G1 Z11 F30000
G1 X121.445 Y155.596 Z11
G1 Z10.8
G1 E.8 F2100
;TYPE:Sparse infill
G1 F2735
G1 X122.873 Y155.596 E.04241
G1 X119.404 Y152.127 E.1457
G1 X119.404 Y149.404 E.08085
G1 X120.316 Y149.404 E.0271
G1 X125.596 Y154.684 E.22172
G1 X125.596 Y151.048 E.10795
G1 X123.952 Y149.404 E.06904
G1 X122.524 Y149.404 E.04241
; stop printing object stringing_test_8x8x30.stl id:0 copy 0
;LAYER_CHANGE
;Z:11
;HEIGHT:0.2
;BEFORE_LAYER_CHANGE
;11
G92 E0

G1 E-.8 F2100
;AFTER_LAYER_CHANGE
;11
SET_PRINT_STATS_INFO CURRENT_LAYER=55
;_SET_FAN_SPEED_CHANGING_LAYER
; printing object stringing_test_8x8x30.stl id:0 copy 0
G1 Z11.2 F30000
G1 X185.9 Y155.9 Z11.2
G1 Z11
G1 E.8 F2100
;TYPE:Inner wall
G1 F2735
G1 X179.1 Y155.9 E.2019
G1 X179.1 Y149.1 E.2019
G1 X185.9 Y149.1 E.2019
G1 X185.9 Y155.86 E.20071
SET_VELOCITY_LIMIT ACCEL=5000 ACCEL_TO_DECEL=2500
G1 X186.3 Y156.3 F30000
;TYPE:Outer wall
G1 F2735
G1 X178.7 Y156.3 E.22565
G1 X178.7 Y148.7 E.22565
G1 X186.3 Y148.7 E.22565
G1 X186.3 Y156.26 E.22447
SET_VELOCITY_LIMIT ACCEL=10000 ACCEL_TO_DECEL=5000
G1 E-.8 F2100
G1 Z11.2 F30000
G1 X182.476 Y155.596 Z11.2
G1 Z11
G1 E.8 F2100
;TYPE:Sparse infill
G1 F2735
G1 X181.048 Y155.596 E.04241
G1 X179.404 Y153.952 E.06904
G1 X179.404 Y150.316 E.10795
G1 X184.684 Y155.596 E.22172
G1 X185.596 Y155.596 E.0271
G1 X185.596 Y152.873 E.08085
G1 X182.127 Y149.404 E.1457
G1 X183.555 Y149.404 E.04241
G1 E-.8 F2100
G1 Z11.2 F30000
G1 X125.9 Y155.9 Z11.2
G1 Z11
G1 E.8 F2100
;TYPE:Inner wall
G1 F2735
G1 X119.1 Y155.9 E.2019
G1 X119.1 Y149.1 E.2019
G1 X125.9 Y149.1 E.2019
G1 X125.9 Y155.86 E.20071
SET_VELOCITY_LIMIT ACCEL=5000 ACCEL_TO_DECEL=2500
G1 X126.3 Y156.3 F30000
;TYPE:Outer wall
G1 F2735
G1 X118.7 Y156.3 E.22565
G1 X118.7 Y148.7 E.22565
G1 X126.3 Y148.7 E.22565
G1 X126.3 Y156.26 E.22447
SET_VELOCITY_LIMIT ACCEL=10000 ACCEL_TO_DECEL=5000
G1 E-.8 F2100
G1 Z11.2 F30000
G1 X121.445 Y155.596 Z11.2
G1 Z11
G1 E.8 F2100
;TYPE:Sparse infill
G1 F2735
G1 X122.873 Y155.596 E.04241
G1 X119.404 Y152.127 E.1457
G1 X119.404 Y149.404 E.08085
G1 X120.316 Y149.404 E.0271
M73 P39 R7
G1 X125.596 Y154.684 E.22172
G1 X125.596 Y151.048 E.10795
G1 X123.952 Y149.404 E.06904
G1 X122.524 Y149.404 E.04241
; stop printing object stringing_test_8x8x30.stl id:0 copy 0
;LAYER_CHANGE
;Z:11.2
;HEIGHT:0.2
;BEFORE_LAYER_CHANGE
;11.2
G92 E0

G1 E-.8 F2100
;AFTER_LAYER_CHANGE
;11.2
SET_PRINT_STATS_INFO CURRENT_LAYER=56
;_SET_FAN_SPEED_CHANGING_LAYER
; printing object stringing_test_8x8x30.stl id:0 copy 0
G1 Z11.4 F30000
G1 X185.9 Y155.9 Z11.4
G1 Z11.2
G1 E.8 F2100
;TYPE:Inner wall
G1 F2735
G1 X179.1 Y155.9 E.2019
G1 X179.1 Y149.1 E.2019
G1 X185.9 Y149.1 E.2019
G1 X185.9 Y155.86 E.20071
SET_VELOCITY_LIMIT ACCEL=5000 ACCEL_TO_DECEL=2500
G1 X186.3 Y156.3 F30000
;TYPE:Outer wall
G1 F2735
G1 X178.7 Y156.3 E.22565
G1 X178.7 Y148.7 E.22565
G1 X186.3 Y148.7 E.22565
G1 X186.3 Y156.26 E.22447
SET_VELOCITY_LIMIT ACCEL=10000 ACCEL_TO_DECEL=5000
G1 E-.8 F2100
G1 Z11.4 F30000
G1 X182.476 Y155.596 Z11.4
G1 Z11.2
G1 E.8 F2100
;TYPE:Sparse infill
G1 F2735
G1 X181.048 Y155.596 E.04241
G1 X179.404 Y153.952 E.06904
G1 X179.404 Y150.316 E.10795
G1 X184.684 Y155.596 E.22172
G1 X185.596 Y155.596 E.0271
G1 X185.596 Y152.873 E.08085
G1 X182.127 Y149.404 E.1457
G1 X183.555 Y149.404 E.04241
G1 E-.8 F2100
G1 Z11.4 F30000
G1 X125.9 Y155.9 Z11.4
G1 Z11.2
G1 E.8 F2100
;TYPE:Inner wall
G1 F2735
G1 X119.1 Y155.9 E.2019
G1 X119.1 Y149.1 E.2019
G1 X125.9 Y149.1 E.2019
G1 X125.9 Y155.86 E.20071
SET_VELOCITY_LIMIT ACCEL=5000 ACCEL_TO_DECEL=2500
G1 X126.3 Y156.3 F30000
;TYPE:Outer wall
G1 F2735
G1 X118.7 Y156.3 E.22565
G1 X118.7 Y148.7 E.22565
G1 X126.3 Y148.7 E.22565
G1 X126.3 Y156.26 E.22447
SET_VELOCITY_LIMIT ACCEL=10000 ACCEL_TO_DECEL=5000
G1 E-.8 F2100
G1 Z11.4 F30000
G1 X121.445 Y155.596 Z11.4
G1 Z11.2
G1 E.8 F2100
;TYPE:Sparse infill
G1 F2735
G1 X122.873 Y155.596 E.04241
G1 X119.404 Y152.127 E.1457
G1 X119.404 Y149.404 E.08085
G1 X120.316 Y149.404 E.0271
G1 X125.596 Y154.684 E.22172
G1 X125.596 Y151.048 E.10795
G1 X123.952 Y149.404 E.06904
G1 X122.524 Y149.404 E.04241
; stop printing object stringing_test_8x8x30.stl id:0 copy 0
;LAYER_CHANGE
;Z:11.4
;HEIGHT:0.2
;BEFORE_LAYER_CHANGE
;11.4
G92 E0

G1 E-.8 F2100
;AFTER_LAYER_CHANGE
;11.4
SET_PRINT_STATS_INFO CURRENT_LAYER=57
;_SET_FAN_SPEED_CHANGING_LAYER
; printing object stringing_test_8x8x30.stl id:0 copy 0
G1 Z11.6 F30000
G1 X185.9 Y155.9 Z11.6
G1 Z11.4
G1 E.8 F2100
;TYPE:Inner wall
G1 F2735
G1 X179.1 Y155.9 E.2019
G1 X179.1 Y149.1 E.2019
G1 X185.9 Y149.1 E.2019
G1 X185.9 Y155.86 E.20071
SET_VELOCITY_LIMIT ACCEL=5000 ACCEL_TO_DECEL=2500
G1 X186.3 Y156.3 F30000
;TYPE:Outer wall
G1 F2735
G1 X178.7 Y156.3 E.22565
G1 X178.7 Y148.7 E.22565
G1 X186.3 Y148.7 E.22565
G1 X186.3 Y156.26 E.22447
SET_VELOCITY_LIMIT ACCEL=10000 ACCEL_TO_DECEL=5000
G1 E-.8 F2100
G1 Z11.6 F30000
G1 X182.476 Y155.596 Z11.6
G1 Z11.4
G1 E.8 F2100
;TYPE:Sparse infill
G1 F2735
G1 X181.048 Y155.596 E.04241
G1 X179.404 Y153.952 E.06904
G1 X179.404 Y150.316 E.10795
G1 X184.684 Y155.596 E.22172
G1 X185.596 Y155.596 E.0271
G1 X185.596 Y152.873 E.08085
G1 X182.127 Y149.404 E.1457
G1 X183.555 Y149.404 E.04241
G1 E-.8 F2100
G1 Z11.6 F30000
G1 X125.9 Y155.9 Z11.6
M73 P40 R7
G1 Z11.4
G1 E.8 F2100
;TYPE:Inner wall
G1 F2735
G1 X119.1 Y155.9 E.2019
G1 X119.1 Y149.1 E.2019
G1 X125.9 Y149.1 E.2019
G1 X125.9 Y155.86 E.20071
SET_VELOCITY_LIMIT ACCEL=5000 ACCEL_TO_DECEL=2500
G1 X126.3 Y156.3 F30000
;TYPE:Outer wall
G1 F2735
G1 X118.7 Y156.3 E.22565
G1 X118.7 Y148.7 E.22565
G1 X126.3 Y148.7 E.22565
G1 X126.3 Y156.26 E.22447
SET_VELOCITY_LIMIT ACCEL=10000 ACCEL_TO_DECEL=5000
G1 E-.8 F2100
G1 Z11.6 F30000
G1 X121.445 Y155.596 Z11.6
G1 Z11.4
G1 E.8 F2100
;TYPE:Sparse infill
G1 F2735
G1 X122.873 Y155.596 E.04241
G1 X119.404 Y152.127 E.1457
G1 X119.404 Y149.404 E.08085
G1 X120.316 Y149.404 E.0271
G1 X125.596 Y154.684 E.22172
G1 X125.596 Y151.048 E.10795
G1 X123.952 Y149.404 E.06904
G1 X122.524 Y149.404 E.04241
; stop printing object stringing_test_8x8x30.stl id:0 copy 0
;LAYER_CHANGE
;Z:11.6
;HEIGHT:0.200001
;BEFORE_LAYER_CHANGE
;11.6
G92 E0

G1 E-.8 F2100
;AFTER_LAYER_CHANGE
;11.6
SET_PRINT_STATS_INFO CURRENT_LAYER=58
;_SET_FAN_SPEED_CHANGING_LAYER
; printing object stringing_test_8x8x30.stl id:0 copy 0
G1 Z11.8 F30000
G1 X185.9 Y155.9 Z11.8
G1 Z11.6
G1 E.8 F2100
;TYPE:Inner wall
G1 F2738
G1 X179.1 Y155.9 E.2019
G1 X179.1 Y149.1 E.2019
G1 X185.9 Y149.1 E.2019
G1 X185.9 Y155.86 E.20071
SET_VELOCITY_LIMIT ACCEL=5000 ACCEL_TO_DECEL=2500
G1 X186.3 Y156.3 F30000
;TYPE:Outer wall
G1 F2738
G1 X178.7 Y156.3 E.22565
G1 X178.7 Y148.7 E.22565
G1 X186.3 Y148.7 E.22565
G1 X186.3 Y156.26 E.22447
SET_VELOCITY_LIMIT ACCEL=10000 ACCEL_TO_DECEL=5000
G1 E-.8 F2100
G1 Z11.8 F30000
G1 X182.611 Y155.596 Z11.8
G1 Z11.6
G1 E.8 F2100
;TYPE:Sparse infill
G1 F2738
G1 X181.182 Y155.596 E.04241
G2 X180.678 Y155 I-2.343 J1.469 E.02327
G1 X179.404 Y154.043 E.04732
G1 X179.404 Y150.408 E.10795
G1 X180.905 Y151.591 E.05677
G1 X182.496 Y153.636 E.07693
G1 X184.314 Y155 E.06748
G3 X184.818 Y155.596 I-1.839 J2.066 E.02327
G1 X185.596 Y155.596 E.0231
G1 X185.596 Y152.998 E.07717
G1 X184.314 Y151.364 E.06166
G1 X182.496 Y150 E.06748
G3 X181.992 Y149.404 I1.839 J-2.066 E.02327
G1 X183.42 Y149.404 E.04241
G1 E-.8 F2100
G1 Z11.8 F30000
G1 X125.9 Y155.9 Z11.8
G1 Z11.6
G1 E.8 F2100
;TYPE:Inner wall
G1 F2738
G1 X119.1 Y155.9 E.2019
G1 X119.1 Y149.1 E.2019
G1 X125.9 Y149.1 E.2019
G1 X125.9 Y155.86 E.20071
SET_VELOCITY_LIMIT ACCEL=5000 ACCEL_TO_DECEL=2500
G1 X126.3 Y156.3 F30000
;TYPE:Outer wall
G1 F2738
G1 X118.7 Y156.3 E.22565
G1 X118.7 Y148.7 E.22565
G1 X126.3 Y148.7 E.22565
G1 X126.3 Y156.26 E.22447
SET_VELOCITY_LIMIT ACCEL=10000 ACCEL_TO_DECEL=5000
G1 E-.8 F2100
G1 Z11.8 F30000
G1 X121.58 Y155.596 Z11.8
G1 Z11.6
G1 E.8 F2100
;TYPE:Sparse infill
G1 F2738
G1 X123.008 Y155.596 E.04241
G2 X122.504 Y155 I-2.343 J1.469 E.02327
G1 X120.686 Y153.636 E.06748
G1 X119.404 Y152.002 E.06166
G1 X119.404 Y149.404 E.07717
G1 X120.182 Y149.404 E.0231
G2 X120.686 Y150 I2.343 J-1.469 E.02327
G1 X122.504 Y151.364 E.06748
G1 X124.095 Y153.409 E.07693
G1 X125.596 Y154.592 E.05677
G1 X125.596 Y150.957 E.10795
G1 X124.322 Y150 E.04732
G3 X123.818 Y149.404 I1.839 J-2.066 E.02327
G1 X122.389 Y149.404 E.04241
; stop printing object stringing_test_8x8x30.stl id:0 copy 0
;LAYER_CHANGE
;Z:11.8
;HEIGHT:0.2
;BEFORE_LAYER_CHANGE
;11.8
G92 E0

G1 E-.8 F2100
;AFTER_LAYER_CHANGE
;11.8
SET_PRINT_STATS_INFO CURRENT_LAYER=59
;_SET_FAN_SPEED_CHANGING_LAYER
; printing object stringing_test_8x8x30.stl id:0 copy 0
G1 Z12 F30000
G1 X185.9 Y155.9 Z12
G1 Z11.8
G1 E.8 F2100
;TYPE:Inner wall
G1 F2908
G1 X179.1 Y155.9 E.2019
G1 X179.1 Y149.1 E.2019
M73 P41 R7
G1 X185.9 Y149.1 E.2019
G1 X185.9 Y155.86 E.20071
SET_VELOCITY_LIMIT ACCEL=5000 ACCEL_TO_DECEL=2500
G1 X186.3 Y156.3 F30000
;TYPE:Outer wall
G1 F2908
G1 X178.7 Y156.3 E.22565
G1 X178.7 Y148.7 E.22565
G1 X186.3 Y148.7 E.22565
G1 X186.3 Y156.26 E.22447
SET_VELOCITY_LIMIT ACCEL=10000 ACCEL_TO_DECEL=5000
G1 E-.8 F2100
G1 Z12 F30000
G1 X182.821 Y155.596 Z12
G1 Z11.8
G1 E.8 F2100
;TYPE:Sparse infill
G1 F2908
G1 X181.392 Y155.596 E.04241
G1 X181.259 Y155.227 E.01167
G1 X180.678 Y154.646 E.02437
G1 X179.404 Y154.186 E.04024
G1 X179.404 Y150.55 E.10795
G1 X180.678 Y151.011 E.04024
G1 X181.259 Y151.591 E.02437
G1 X181.916 Y153.409 E.05739
G1 X182.496 Y153.989 E.02437
G1 X184.314 Y154.646 E.05739
G1 X184.895 Y155.227 E.02437
G1 X185.028 Y155.596 E.01167
G1 X185.596 Y155.596 E.01687
G1 X185.596 Y153.454 E.06362
G1 X184.895 Y151.591 E.0591
G1 X184.314 Y151.011 E.02437
G1 X182.496 Y150.354 E.05739
G1 X181.916 Y149.773 E.02437
G1 X181.782 Y149.404 E.01167
G1 X185.418 Y149.404 E.10795
G2 X185.596 Y149.818 I.531 J.017 E.01384
G1 X185.596 Y151.246 E.04241
G1 E-.8 F2100
G1 Z12 F30000
G1 X125.9 Y155.9 Z12
G1 Z11.8
G1 E.8 F2100
;TYPE:Inner wall
G1 F2908
G1 X119.1 Y155.9 E.2019
G1 X119.1 Y149.1 E.2019
G1 X125.9 Y149.1 E.2019
G1 X125.9 Y155.86 E.20071
SET_VELOCITY_LIMIT ACCEL=5000 ACCEL_TO_DECEL=2500
G1 X126.3 Y156.3 F30000
;TYPE:Outer wall
G1 F2908
G1 X118.7 Y156.3 E.22565
G1 X118.7 Y148.7 E.22565
G1 X126.3 Y148.7 E.22565
G1 X126.3 Y156.26 E.22447
SET_VELOCITY_LIMIT ACCEL=10000 ACCEL_TO_DECEL=5000
G1 E-.8 F2100
G1 Z12 F30000
G1 X119.404 Y153.754 Z12
G1 Z11.8
G1 E.8 F2100
;TYPE:Sparse infill
G1 F2908
G1 X119.404 Y155.182 E.04241
G3 X119.582 Y155.596 I-.353 J.397 E.01384
G1 X123.218 Y155.596 E.10795
G1 X123.084 Y155.227 E.01167
G1 X122.504 Y154.646 E.02437
G1 X120.686 Y153.989 E.05739
G1 X120.105 Y153.409 E.02437
G1 X119.404 Y151.546 E.0591
G1 X119.404 Y149.404 E.06362
G1 X119.972 Y149.404 E.01687
G1 X120.105 Y149.773 E.01167
G1 X120.686 Y150.354 E.02437
G1 X122.504 Y151.011 E.05739
G1 X123.084 Y151.591 E.02437
G1 X123.741 Y153.409 E.05739
G1 X124.322 Y153.989 E.02437
G1 X125.596 Y154.45 E.04024
G1 X125.596 Y150.814 E.10795
G1 X124.322 Y150.354 E.04024
G1 X123.741 Y149.773 E.02437
G1 X123.608 Y149.404 E.01167
G1 X122.179 Y149.404 E.04241
; stop printing object stringing_test_8x8x30.stl id:0 copy 0
;LAYER_CHANGE
;Z:12
;HEIGHT:0.2
;BEFORE_LAYER_CHANGE
;12
G92 E0

G1 E-.8 F2100
;AFTER_LAYER_CHANGE
;12
SET_PRINT_STATS_INFO CURRENT_LAYER=60
;_SET_FAN_SPEED_CHANGING_LAYER
; printing object stringing_test_8x8x30.stl id:0 copy 0
G1 Z12.2 F30000
G1 X185.9 Y155.9 Z12.2
G1 Z12
G1 E.8 F2100
;TYPE:Inner wall
G1 F2997
G1 X179.1 Y155.9 E.2019
G1 X179.1 Y149.1 E.2019
G1 X185.9 Y149.1 E.2019
G1 X185.9 Y155.86 E.20071
SET_VELOCITY_LIMIT ACCEL=5000 ACCEL_TO_DECEL=2500
G1 X186.3 Y156.3 F30000
;TYPE:Outer wall
G1 F2997
G1 X178.7 Y156.3 E.22565
G1 X178.7 Y148.7 E.22565
G1 X186.3 Y148.7 E.22565
G1 X186.3 Y156.26 E.22447
SET_VELOCITY_LIMIT ACCEL=10000 ACCEL_TO_DECEL=5000
G1 E-.8 F2100
G1 Z12.2 F30000
G1 X183.03 Y155.596 Z12.2
G1 Z12
G1 E.8 F2100
;TYPE:Sparse infill
G1 F2997
G1 X181.602 Y155.596 E.04241
G1 X181.612 Y155.227 E.01098
G1 X180.678 Y154.293 E.03922
G1 X179.404 Y154.328 E.03786
G1 X179.404 Y150.692 E.10795
G1 X180.678 Y150.657 E.03786
G1 X181.612 Y151.591 E.03922
G1 X181.562 Y153.409 E.054
G1 X182.496 Y154.343 E.03922
G1 X184.314 Y154.293 E.054
G1 X185.248 Y155.227 E.03922
G1 X185.238 Y155.596 E.01098
G1 X185.596 Y155.596 E.01064
G1 X185.596 Y153.807 E.05312
G1 X185.198 Y153.409 E.01673
G1 X185.248 Y151.591 E.054
G1 X184.314 Y150.657 E.03922
G1 X182.496 Y150.707 E.054
G1 X181.562 Y149.773 E.03922
G1 X181.572 Y149.404 E.01098
G1 X185.208 Y149.404 E.10795
G1 X185.198 Y149.773 E.01098
G1 X185.596 Y150.171 E.01673
G1 X185.596 Y151.6 E.04241
G1 E-.8 F2100
G1 Z12.2 F30000
G1 X125.9 Y155.9 Z12.2
G1 Z12
G1 E.8 F2100
;TYPE:Inner wall
G1 F2997
G1 X119.1 Y155.9 E.2019
G1 X119.1 Y149.1 E.2019
G1 X125.9 Y149.1 E.2019
G1 X125.9 Y155.86 E.20071
SET_VELOCITY_LIMIT ACCEL=5000 ACCEL_TO_DECEL=2500
G1 X126.3 Y156.3 F30000
M73 P42 R7
;TYPE:Outer wall
G1 F2997
G1 X118.7 Y156.3 E.22565
G1 X118.7 Y148.7 E.22565
G1 X126.3 Y148.7 E.22565
G1 X126.3 Y156.26 E.22447
SET_VELOCITY_LIMIT ACCEL=10000 ACCEL_TO_DECEL=5000
G1 E-.8 F2100
G1 Z12.2 F30000
G1 X119.404 Y153.4 Z12.2
G1 Z12
G1 E.8 F2100
;TYPE:Sparse infill
G1 F2997
G1 X119.404 Y154.829 E.04241
G1 X119.802 Y155.227 E.01673
G1 X119.792 Y155.596 E.01098
G1 X123.428 Y155.596 E.10795
G1 X123.438 Y155.227 E.01098
G1 X122.504 Y154.293 E.03922
G1 X120.686 Y154.343 E.054
G1 X119.752 Y153.409 E.03922
G1 X119.802 Y151.591 E.054
G1 X119.404 Y151.193 E.01673
G1 X119.404 Y149.404 E.05312
G1 X119.762 Y149.404 E.01064
G1 X119.752 Y149.773 E.01098
G1 X120.686 Y150.707 E.03922
G1 X122.504 Y150.657 E.054
G1 X123.438 Y151.591 E.03922
G1 X123.388 Y153.409 E.054
G1 X124.322 Y154.343 E.03922
G1 X125.596 Y154.308 E.03786
G1 X125.596 Y150.672 E.10795
G1 X124.322 Y150.707 E.03786
G1 X123.388 Y149.773 E.03922
G1 X123.398 Y149.404 E.01098
G1 X121.97 Y149.404 E.04241
; stop printing object stringing_test_8x8x30.stl id:0 copy 0
;LAYER_CHANGE
;Z:12.2
;HEIGHT:0.2
;BEFORE_LAYER_CHANGE
;12.2
G92 E0

G1 E-.8 F2100
;AFTER_LAYER_CHANGE
;12.2
SET_PRINT_STATS_INFO CURRENT_LAYER=61
;_SET_FAN_SPEED_CHANGING_LAYER
; printing object stringing_test_8x8x30.stl id:0 copy 0
G1 Z12.4 F30000
G1 X185.9 Y155.9 Z12.4
G1 Z12.2
G1 E.8 F2100
;TYPE:Inner wall
G1 F2974
G1 X179.1 Y155.9 E.2019
G1 X179.1 Y149.1 E.2019
G1 X185.9 Y149.1 E.2019
G1 X185.9 Y155.86 E.20071
SET_VELOCITY_LIMIT ACCEL=5000 ACCEL_TO_DECEL=2500
G1 X186.3 Y156.3 F30000
;TYPE:Outer wall
G1 F2974
G1 X178.7 Y156.3 E.22565
G1 X178.7 Y148.7 E.22565
G1 X186.3 Y148.7 E.22565
G1 X186.3 Y156.26 E.22447
SET_VELOCITY_LIMIT ACCEL=10000 ACCEL_TO_DECEL=5000
G1 E-.8 F2100
G1 Z12.4 F30000
G1 X185.596 Y153.44 Z12.4
G1 Z12.2
G1 E.8 F2100
;TYPE:Sparse infill
G1 F2974
G1 X185.596 Y154.869 E.04241
G1 X185.238 Y155.227 E.01505
G1 X185.232 Y155.596 E.01097
G1 X181.596 Y155.596 E.10795
G1 X181.602 Y155.227 E.01097
G1 X182.496 Y154.333 E.03754
G1 X184.314 Y154.303 E.05398
G1 X185.208 Y153.409 E.03754
G1 X185.238 Y151.591 E.05398
G1 X185.596 Y151.233 E.01505
G1 X185.596 Y149.404 E.05431
G1 X185.214 Y149.404 E.01135
G1 X185.208 Y149.773 E.01097
G1 X184.314 Y150.667 E.03754
G1 X182.496 Y150.697 E.05398
G1 X181.602 Y151.591 E.03754
G1 X181.572 Y153.409 E.05398
G1 X180.678 Y154.303 E.03754
G1 X179.404 Y154.324 E.03785
G1 X179.404 Y150.688 E.10795
G1 X180.678 Y150.667 E.03785
G1 X181.572 Y149.773 E.03754
G1 X181.578 Y149.404 E.01097
G1 X183.007 Y149.404 E.04241
G1 E-.8 F2100
G1 Z12.4 F30000
G1 X125.9 Y155.9 Z12.4
G1 Z12.2
G1 E.8 F2100
;TYPE:Inner wall
G1 F2974
G1 X119.1 Y155.9 E.2019
G1 X119.1 Y149.1 E.2019
G1 X125.9 Y149.1 E.2019
G1 X125.9 Y155.86 E.20071
SET_VELOCITY_LIMIT ACCEL=5000 ACCEL_TO_DECEL=2500
G1 X126.3 Y156.3 F30000
;TYPE:Outer wall
G1 F2974
G1 X118.7 Y156.3 E.22565
G1 X118.7 Y148.7 E.22565
G1 X126.3 Y148.7 E.22565
G1 X126.3 Y156.26 E.22447
SET_VELOCITY_LIMIT ACCEL=10000 ACCEL_TO_DECEL=5000
G1 E-.8 F2100
G1 Z12.4 F30000
G1 X121.993 Y155.596 Z12.4
G1 Z12.2
G1 E.8 F2100
;TYPE:Sparse infill
G1 F2974
G1 X123.422 Y155.596 E.04241
G1 X123.428 Y155.227 E.01097
G1 X124.322 Y154.333 E.03754
G1 X125.596 Y154.312 E.03785
G1 X125.596 Y150.676 E.10795
G1 X124.322 Y150.697 E.03785
G1 X123.428 Y151.591 E.03754
G1 X123.398 Y153.409 E.05398
G1 X122.504 Y154.303 E.03754
G1 X120.686 Y154.333 E.05398
G1 X119.792 Y155.227 E.03754
G1 X119.786 Y155.596 E.01097
G1 X119.404 Y155.596 E.01135
G1 X119.404 Y153.767 E.05431
G1 X119.762 Y153.409 E.01505
G1 X119.792 Y151.591 E.05398
G1 X120.686 Y150.697 E.03754
G1 X122.504 Y150.667 E.05398
G1 X123.398 Y149.773 E.03754
G1 X123.404 Y149.404 E.01097
G1 X119.768 Y149.404 E.10795
G1 X119.762 Y149.773 E.01097
G1 X119.404 Y150.131 E.01505
G1 X119.404 Y151.56 E.04241
; stop printing object stringing_test_8x8x30.stl id:0 copy 0
;LAYER_CHANGE
;Z:12.4
;HEIGHT:0.2
;BEFORE_LAYER_CHANGE
;12.4
G92 E0

G1 E-.8 F2100
;AFTER_LAYER_CHANGE
;12.4
SET_PRINT_STATS_INFO CURRENT_LAYER=62
;_SET_FAN_SPEED_CHANGING_LAYER
; printing object stringing_test_8x8x30.stl id:0 copy 0
G1 Z12.6 F30000
G1 X185.9 Y155.9 Z12.6
G1 Z12.4
G1 E.8 F2100
;TYPE:Inner wall
G1 F2890
G1 X179.1 Y155.9 E.2019
G1 X179.1 Y149.1 E.2019
G1 X185.9 Y149.1 E.2019
G1 X185.9 Y155.86 E.20071
SET_VELOCITY_LIMIT ACCEL=5000 ACCEL_TO_DECEL=2500
G1 X186.3 Y156.3 F30000
;TYPE:Outer wall
G1 F2890
G1 X178.7 Y156.3 E.22565
G1 X178.7 Y148.7 E.22565
M73 P43 R7
G1 X186.3 Y148.7 E.22565
G1 X186.3 Y156.26 E.22447
SET_VELOCITY_LIMIT ACCEL=10000 ACCEL_TO_DECEL=5000
G1 E-.8 F2100
G1 Z12.6 F30000
G1 X185.596 Y153.794 Z12.6
G1 Z12.4
G1 E.8 F2100
;TYPE:Sparse infill
G1 F2890
G1 X185.596 Y155.222 E.04241
G2 X185.442 Y155.596 I.365 J.37 E.01235
G1 X181.806 Y155.596 E.10795
G1 X181.956 Y155.227 E.01184
G1 X182.496 Y154.687 E.02269
G1 X184.314 Y153.949 E.05825
G1 X184.855 Y153.409 E.02269
G1 X185.596 Y151.586 E.05843
G1 X185.596 Y149.404 E.06481
G1 X185.004 Y149.404 E.01758
G1 X184.855 Y149.773 E.01184
G1 X184.314 Y150.313 E.02269
G1 X182.496 Y151.051 E.05825
G1 X181.956 Y151.591 E.02269
G1 X181.219 Y153.409 E.05825
G1 X180.678 Y153.949 E.02269
G1 X179.404 Y154.466 E.04084
G1 X179.404 Y150.83 E.10795
G1 X180.678 Y150.313 E.04084
G1 X181.219 Y149.773 E.02269
G1 X181.369 Y149.404 E.01184
G1 X182.797 Y149.404 E.04241
G1 E-.8 F2100
G1 Z12.6 F30000
G1 X125.9 Y155.9 Z12.6
G1 Z12.4
G1 E.8 F2100
;TYPE:Inner wall
G1 F2890
G1 X119.1 Y155.9 E.2019
G1 X119.1 Y149.1 E.2019
G1 X125.9 Y149.1 E.2019
G1 X125.9 Y155.86 E.20071
SET_VELOCITY_LIMIT ACCEL=5000 ACCEL_TO_DECEL=2500
G1 X126.3 Y156.3 F30000
;TYPE:Outer wall
G1 F2890
G1 X118.7 Y156.3 E.22565
G1 X118.7 Y148.7 E.22565
G1 X126.3 Y148.7 E.22565
G1 X126.3 Y156.26 E.22447
SET_VELOCITY_LIMIT ACCEL=10000 ACCEL_TO_DECEL=5000
G1 E-.8 F2100
G1 Z12.6 F30000
G1 X122.203 Y155.596 Z12.6
G1 Z12.4
G1 E.8 F2100
;TYPE:Sparse infill
G1 F2890
G1 X123.631 Y155.596 E.04241
G1 X123.781 Y155.227 E.01184
G1 X124.322 Y154.687 E.02269
G1 X125.596 Y154.17 E.04084
G1 X125.596 Y150.534 E.10795
G1 X124.322 Y151.051 E.04084
G1 X123.781 Y151.591 E.02269
G1 X123.044 Y153.409 E.05825
G1 X122.504 Y153.949 E.02269
G1 X120.686 Y154.687 E.05825
G1 X120.145 Y155.227 E.02269
G1 X119.996 Y155.596 E.01184
G1 X119.404 Y155.596 E.01758
G1 X119.404 Y153.414 E.06481
G1 X120.145 Y151.591 E.05843
G1 X120.686 Y151.051 E.02269
G1 X122.504 Y150.313 E.05825
G1 X123.044 Y149.773 E.02269
G1 X123.194 Y149.404 E.01184
G1 X119.558 Y149.404 E.10795
G3 X119.404 Y149.778 I-.52 J.004 E.01235
G1 X119.404 Y151.206 E.04241
; stop printing object stringing_test_8x8x30.stl id:0 copy 0
;LAYER_CHANGE
;Z:12.6
;HEIGHT:0.200001
;BEFORE_LAYER_CHANGE
;12.6
G92 E0

G1 E-.8 F2100
;AFTER_LAYER_CHANGE
;12.6
SET_PRINT_STATS_INFO CURRENT_LAYER=63
;_SET_FAN_SPEED_CHANGING_LAYER
; printing object stringing_test_8x8x30.stl id:0 copy 0
G1 Z12.8 F30000
G1 X185.9 Y155.9 Z12.8
G1 Z12.6
G1 E.8 F2100
;TYPE:Inner wall
G1 F2733
G1 X179.1 Y155.9 E.2019
G1 X179.1 Y149.1 E.2019
G1 X185.9 Y149.1 E.2019
G1 X185.9 Y155.86 E.20071
SET_VELOCITY_LIMIT ACCEL=5000 ACCEL_TO_DECEL=2500
G1 X186.3 Y156.3 F30000
;TYPE:Outer wall
G1 F2733
G1 X178.7 Y156.3 E.22565
G1 X178.7 Y148.7 E.22565
G1 X186.3 Y148.7 E.22565
G1 X186.3 Y156.26 E.22447
SET_VELOCITY_LIMIT ACCEL=10000 ACCEL_TO_DECEL=5000
G1 E-.8 F2100
G1 Z12.8 F30000
G1 X183.444 Y155.596 Z12.8
G1 Z12.6
G1 E.8 F2100
;TYPE:Sparse infill
G1 F2733
G1 X182.016 Y155.596 E.04241
G3 X182.496 Y155.04 I2.669 J1.819 E.02187
G1 X184.314 Y153.596 E.06894
G1 X185.596 Y152.03 E.06009
G1 X185.596 Y149.404 E.07798
G1 X184.795 Y149.404 E.02381
G3 X184.314 Y149.96 I-2.669 J-1.819 E.02187
G1 X182.309 Y151.591 E.07674
G1 X180.865 Y153.409 E.06894
G3 X179.404 Y154.609 I-5.966 J-5.779 E.05626
G1 X179.404 Y150.973 E.10795
G2 X180.865 Y149.773 I-4.505 J-6.979 E.05626
G1 X181.159 Y149.404 E.01401
G1 X182.587 Y149.404 E.04241
G1 E-.8 F2100
G1 Z12.8 F30000
G1 X125.9 Y155.9 Z12.8
G1 Z12.6
G1 E.8 F2100
;TYPE:Inner wall
G1 F2733
G1 X119.1 Y155.9 E.2019
G1 X119.1 Y149.1 E.2019
G1 X125.9 Y149.1 E.2019
G1 X125.9 Y155.86 E.20071
SET_VELOCITY_LIMIT ACCEL=5000 ACCEL_TO_DECEL=2500
G1 X126.3 Y156.3 F30000
;TYPE:Outer wall
G1 F2733
G1 X118.7 Y156.3 E.22565
G1 X118.7 Y148.7 E.22565
G1 X126.3 Y148.7 E.22565
G1 X126.3 Y156.26 E.22447
M73 P44 R7
SET_VELOCITY_LIMIT ACCEL=10000 ACCEL_TO_DECEL=5000
G1 E-.8 F2100
G1 Z12.8 F30000
G1 X122.413 Y155.596 Z12.8
G1 Z12.6
G1 E.8 F2100
;TYPE:Sparse infill
G1 F2733
G1 X123.841 Y155.596 E.04241
G1 X124.135 Y155.227 E.01401
G3 X125.596 Y154.027 I5.966 J5.779 E.05626
G1 X125.596 Y150.391 E.10795
G2 X124.135 Y151.591 I4.505 J6.979 E.05626
G1 X122.691 Y153.409 E.06894
G1 X120.686 Y155.04 E.07674
G2 X120.205 Y155.596 I2.188 J2.375 E.02187
G1 X119.404 Y155.596 E.02381
G1 X119.404 Y152.97 E.07798
G1 X120.686 Y151.404 E.06009
G1 X122.504 Y149.96 E.06894
G2 X122.984 Y149.404 I-2.188 J-2.375 E.02187
G1 X121.556 Y149.404 E.04241
; stop printing object stringing_test_8x8x30.stl id:0 copy 0
;LAYER_CHANGE
;Z:12.8
;HEIGHT:0.2
;BEFORE_LAYER_CHANGE
;12.8
G92 E0

G1 E-.8 F2100
;AFTER_LAYER_CHANGE
;12.8
SET_PRINT_STATS_INFO CURRENT_LAYER=64
;_SET_FAN_SPEED_CHANGING_LAYER
; printing object stringing_test_8x8x30.stl id:0 copy 0
G1 Z13 F30000
G1 X185.9 Y155.9 Z13
G1 Z12.8
G1 E.8 F2100
;TYPE:Inner wall
G1 F2730
G1 X179.1 Y155.9 E.2019
G1 X179.1 Y149.1 E.2019
G1 X185.9 Y149.1 E.2019
G1 X185.9 Y155.86 E.20071
SET_VELOCITY_LIMIT ACCEL=5000 ACCEL_TO_DECEL=2500
G1 X186.3 Y156.3 F30000
;TYPE:Outer wall
G1 F2730
G1 X178.7 Y156.3 E.22565
G1 X178.7 Y148.7 E.22565
G1 X186.3 Y148.7 E.22565
G1 X186.3 Y156.26 E.22447
SET_VELOCITY_LIMIT ACCEL=10000 ACCEL_TO_DECEL=5000
G1 E-.8 F2100
G1 Z13 F30000
G1 X183.555 Y155.596 Z13
G1 Z12.8
G1 E.8 F2100
;TYPE:Sparse infill
G1 F2730
G1 X182.127 Y155.596 E.04241
G1 X185.596 Y152.127 E.1457
G1 X185.596 Y149.404 E.08085
G1 X184.684 Y149.404 E.0271
G1 X179.404 Y154.684 E.22172
G1 X179.404 Y151.048 E.10795
G1 X181.048 Y149.404 E.06904
G1 X182.476 Y149.404 E.04241
G1 E-.8 F2100
G1 Z13 F30000
G1 X125.9 Y155.9 Z13
G1 Z12.8
G1 E.8 F2100
;TYPE:Inner wall
G1 F2730
G1 X119.1 Y155.9 E.2019
G1 X119.1 Y149.1 E.2019
G1 X125.9 Y149.1 E.2019
G1 X125.9 Y155.86 E.20071
SET_VELOCITY_LIMIT ACCEL=5000 ACCEL_TO_DECEL=2500
G1 X126.3 Y156.3 F30000
;TYPE:Outer wall
G1 F2730
G1 X118.7 Y156.3 E.22565
G1 X118.7 Y148.7 E.22565
M73 P44 R6
G1 X126.3 Y148.7 E.22565
G1 X126.3 Y156.26 E.22447
SET_VELOCITY_LIMIT ACCEL=10000 ACCEL_TO_DECEL=5000
G1 E-.8 F2100
G1 Z13 F30000
G1 X125.596 Y152.524 Z13
G1 Z12.8
G1 E.8 F2100
;TYPE:Sparse infill
G1 F2730
G1 X125.596 Y153.952 E.04241
G1 X123.952 Y155.596 E.06904
G1 X120.316 Y155.596 E.10795
G1 X125.596 Y150.316 E.22172
G1 X125.596 Y149.404 E.0271
G1 X122.873 Y149.404 E.08085
G1 X119.404 Y152.873 E.1457
G1 X119.404 Y151.445 E.04241
; stop printing object stringing_test_8x8x30.stl id:0 copy 0
;LAYER_CHANGE
;Z:13
;HEIGHT:0.2
;BEFORE_LAYER_CHANGE
;13
G92 E0

G1 E-.8 F2100
;AFTER_LAYER_CHANGE
;13
SET_PRINT_STATS_INFO CURRENT_LAYER=65
;_SET_FAN_SPEED_CHANGING_LAYER
; printing object stringing_test_8x8x30.stl id:0 copy 0
G1 Z13.2 F30000
G1 X185.9 Y155.9 Z13.2
G1 Z13
G1 E.8 F2100
;TYPE:Inner wall
G1 F2730
G1 X179.1 Y155.9 E.2019
G1 X179.1 Y149.1 E.2019
G1 X185.9 Y149.1 E.2019
G1 X185.9 Y155.86 E.20071
SET_VELOCITY_LIMIT ACCEL=5000 ACCEL_TO_DECEL=2500
G1 X186.3 Y156.3 F30000
;TYPE:Outer wall
G1 F2730
G1 X178.7 Y156.3 E.22565
G1 X178.7 Y148.7 E.22565
G1 X186.3 Y148.7 E.22565
G1 X186.3 Y156.26 E.22447
SET_VELOCITY_LIMIT ACCEL=10000 ACCEL_TO_DECEL=5000
G1 E-.8 F2100
G1 Z13.2 F30000
G1 X183.555 Y155.596 Z13.2
G1 Z13
G1 E.8 F2100
;TYPE:Sparse infill
G1 F2730
G1 X182.127 Y155.596 E.04241
G1 X185.596 Y152.127 E.1457
G1 X185.596 Y149.404 E.08085
M73 P45 R6
G1 X184.684 Y149.404 E.0271
G1 X179.404 Y154.684 E.22172
G1 X179.404 Y151.048 E.10795
G1 X181.048 Y149.404 E.06904
G1 X182.476 Y149.404 E.04241
G1 E-.8 F2100
G1 Z13.2 F30000
G1 X125.9 Y155.9 Z13.2
G1 Z13
G1 E.8 F2100
;TYPE:Inner wall
G1 F2730
G1 X119.1 Y155.9 E.2019
G1 X119.1 Y149.1 E.2019
G1 X125.9 Y149.1 E.2019
G1 X125.9 Y155.86 E.20071
SET_VELOCITY_LIMIT ACCEL=5000 ACCEL_TO_DECEL=2500
G1 X126.3 Y156.3 F30000
;TYPE:Outer wall
G1 F2730
G1 X118.7 Y156.3 E.22565
G1 X118.7 Y148.7 E.22565
G1 X126.3 Y148.7 E.22565
G1 X126.3 Y156.26 E.22447
SET_VELOCITY_LIMIT ACCEL=10000 ACCEL_TO_DECEL=5000
G1 E-.8 F2100
G1 Z13.2 F30000
G1 X125.596 Y152.524 Z13.2
G1 Z13
G1 E.8 F2100
;TYPE:Sparse infill
G1 F2730
G1 X125.596 Y153.952 E.04241
G1 X123.952 Y155.596 E.06904
G1 X120.316 Y155.596 E.10795
G1 X125.596 Y150.316 E.22172
G1 X125.596 Y149.404 E.0271
G1 X122.873 Y149.404 E.08085
G1 X119.404 Y152.873 E.1457
G1 X119.404 Y151.445 E.04241
; stop printing object stringing_test_8x8x30.stl id:0 copy 0
;LAYER_CHANGE
;Z:13.2
;HEIGHT:0.2
;BEFORE_LAYER_CHANGE
;13.2
G92 E0

G1 E-.8 F2100
;AFTER_LAYER_CHANGE
;13.2
SET_PRINT_STATS_INFO CURRENT_LAYER=66
;_SET_FAN_SPEED_CHANGING_LAYER
; printing object stringing_test_8x8x30.stl id:0 copy 0
G1 Z13.4 F30000
G1 X185.9 Y155.9 Z13.4
G1 Z13.2
G1 E.8 F2100
;TYPE:Inner wall
G1 F2730
G1 X179.1 Y155.9 E.2019
G1 X179.1 Y149.1 E.2019
G1 X185.9 Y149.1 E.2019
G1 X185.9 Y155.86 E.20071
SET_VELOCITY_LIMIT ACCEL=5000 ACCEL_TO_DECEL=2500
G1 X186.3 Y156.3 F30000
;TYPE:Outer wall
G1 F2730
G1 X178.7 Y156.3 E.22565
G1 X178.7 Y148.7 E.22565
G1 X186.3 Y148.7 E.22565
G1 X186.3 Y156.26 E.22447
SET_VELOCITY_LIMIT ACCEL=10000 ACCEL_TO_DECEL=5000
G1 E-.8 F2100
G1 Z13.4 F30000
G1 X183.555 Y155.596 Z13.4
G1 Z13.2
G1 E.8 F2100
;TYPE:Sparse infill
G1 F2730
G1 X182.127 Y155.596 E.04241
G1 X185.596 Y152.127 E.1457
G1 X185.596 Y149.404 E.08085
G1 X184.684 Y149.404 E.0271
G1 X179.404 Y154.684 E.22172
G1 X179.404 Y151.048 E.10795
G1 X181.048 Y149.404 E.06904
G1 X182.476 Y149.404 E.04241
G1 E-.8 F2100
G1 Z13.4 F30000
G1 X125.9 Y155.9 Z13.4
G1 Z13.2
G1 E.8 F2100
;TYPE:Inner wall
G1 F2730
G1 X119.1 Y155.9 E.2019
G1 X119.1 Y149.1 E.2019
G1 X125.9 Y149.1 E.2019
G1 X125.9 Y155.86 E.20071
SET_VELOCITY_LIMIT ACCEL=5000 ACCEL_TO_DECEL=2500
G1 X126.3 Y156.3 F30000
;TYPE:Outer wall
G1 F2730
G1 X118.7 Y156.3 E.22565
G1 X118.7 Y148.7 E.22565
G1 X126.3 Y148.7 E.22565
G1 X126.3 Y156.26 E.22447
SET_VELOCITY_LIMIT ACCEL=10000 ACCEL_TO_DECEL=5000
G1 E-.8 F2100
G1 Z13.4 F30000
G1 X125.596 Y152.524 Z13.4
G1 Z13.2
G1 E.8 F2100
;TYPE:Sparse infill
G1 F2730
G1 X125.596 Y153.952 E.04241
G1 X123.952 Y155.596 E.06904
G1 X120.316 Y155.596 E.10795
G1 X125.596 Y150.316 E.22172
G1 X125.596 Y149.404 E.0271
G1 X122.873 Y149.404 E.08085
G1 X119.404 Y152.873 E.1457
G1 X119.404 Y151.445 E.04241
M73 P46 R6
; stop printing object stringing_test_8x8x30.stl id:0 copy 0
;LAYER_CHANGE
;Z:13.4
;HEIGHT:0.2
;BEFORE_LAYER_CHANGE
;13.4
G92 E0

G1 E-.8 F2100
;AFTER_LAYER_CHANGE
;13.4
SET_PRINT_STATS_INFO CURRENT_LAYER=67
;_SET_FAN_SPEED_CHANGING_LAYER
; printing object stringing_test_8x8x30.stl id:0 copy 0
G1 Z13.6 F30000
G1 X185.9 Y155.9 Z13.6
G1 Z13.4
G1 E.8 F2100
;TYPE:Inner wall
G1 F2730
G1 X179.1 Y155.9 E.2019
G1 X179.1 Y149.1 E.2019
G1 X185.9 Y149.1 E.2019
G1 X185.9 Y155.86 E.20071
SET_VELOCITY_LIMIT ACCEL=5000 ACCEL_TO_DECEL=2500
G1 X186.3 Y156.3 F30000
;TYPE:Outer wall
G1 F2730
G1 X178.7 Y156.3 E.22565
G1 X178.7 Y148.7 E.22565
G1 X186.3 Y148.7 E.22565
G1 X186.3 Y156.26 E.22447
SET_VELOCITY_LIMIT ACCEL=10000 ACCEL_TO_DECEL=5000
G1 E-.8 F2100
G1 Z13.6 F30000
G1 X183.555 Y155.596 Z13.6
G1 Z13.4
G1 E.8 F2100
;TYPE:Sparse infill
G1 F2730
G1 X182.127 Y155.596 E.04241
G1 X185.596 Y152.127 E.1457
G1 X185.596 Y149.404 E.08085
G1 X184.684 Y149.404 E.0271
G1 X179.404 Y154.684 E.22172
G1 X179.404 Y151.048 E.10795
G1 X181.048 Y149.404 E.06904
G1 X182.476 Y149.404 E.04241
G1 E-.8 F2100
G1 Z13.6 F30000
G1 X125.9 Y155.9 Z13.6
G1 Z13.4
G1 E.8 F2100
;TYPE:Inner wall
G1 F2730
G1 X119.1 Y155.9 E.2019
G1 X119.1 Y149.1 E.2019
G1 X125.9 Y149.1 E.2019
G1 X125.9 Y155.86 E.20071
SET_VELOCITY_LIMIT ACCEL=5000 ACCEL_TO_DECEL=2500
G1 X126.3 Y156.3 F30000
;TYPE:Outer wall
G1 F2730
G1 X118.7 Y156.3 E.22565
G1 X118.7 Y148.7 E.22565
G1 X126.3 Y148.7 E.22565
G1 X126.3 Y156.26 E.22447
SET_VELOCITY_LIMIT ACCEL=10000 ACCEL_TO_DECEL=5000
G1 E-.8 F2100
G1 Z13.6 F30000
G1 X125.596 Y152.524 Z13.6
G1 Z13.4
G1 E.8 F2100
;TYPE:Sparse infill
G1 F2730
G1 X125.596 Y153.952 E.04241
G1 X123.952 Y155.596 E.06904
G1 X120.316 Y155.596 E.10795
G1 X125.596 Y150.316 E.22172
G1 X125.596 Y149.404 E.0271
G1 X122.873 Y149.404 E.08085
G1 X119.404 Y152.873 E.1457
G1 X119.404 Y151.445 E.04241
; stop printing object stringing_test_8x8x30.stl id:0 copy 0
;LAYER_CHANGE
;Z:13.6
;HEIGHT:0.200001
;BEFORE_LAYER_CHANGE
;13.6
G92 E0

G1 E-.8 F2100
;AFTER_LAYER_CHANGE
;13.6
SET_PRINT_STATS_INFO CURRENT_LAYER=68
;_SET_FAN_SPEED_CHANGING_LAYER
; printing object stringing_test_8x8x30.stl id:0 copy 0
G1 Z13.8 F30000
G1 X185.9 Y155.9 Z13.8
G1 Z13.6
G1 E.8 F2100
;TYPE:Inner wall
G1 F2730
G1 X179.1 Y155.9 E.2019
G1 X179.1 Y149.1 E.2019
G1 X185.9 Y149.1 E.2019
G1 X185.9 Y155.86 E.20071
SET_VELOCITY_LIMIT ACCEL=5000 ACCEL_TO_DECEL=2500
G1 X186.3 Y156.3 F30000
;TYPE:Outer wall
G1 F2730
G1 X178.7 Y156.3 E.22565
G1 X178.7 Y148.7 E.22565
G1 X186.3 Y148.7 E.22565
G1 X186.3 Y156.26 E.22447
SET_VELOCITY_LIMIT ACCEL=10000 ACCEL_TO_DECEL=5000
G1 E-.8 F2100
G1 Z13.8 F30000
G1 X183.555 Y155.596 Z13.8
G1 Z13.6
G1 E.8 F2100
;TYPE:Sparse infill
G1 F2730
G1 X182.127 Y155.596 E.04241
G1 X185.596 Y152.127 E.1457
G1 X185.596 Y149.404 E.08085
G1 X184.684 Y149.404 E.0271
G1 X179.404 Y154.684 E.22172
G1 X179.404 Y151.048 E.10795
G1 X181.048 Y149.404 E.06904
G1 X182.476 Y149.404 E.04241
G1 E-.8 F2100
G1 Z13.8 F30000
G1 X125.9 Y155.9 Z13.8
G1 Z13.6
G1 E.8 F2100
;TYPE:Inner wall
G1 F2730
G1 X119.1 Y155.9 E.2019
G1 X119.1 Y149.1 E.2019
M73 P47 R6
G1 X125.9 Y149.1 E.2019
G1 X125.9 Y155.86 E.20071
SET_VELOCITY_LIMIT ACCEL=5000 ACCEL_TO_DECEL=2500
G1 X126.3 Y156.3 F30000
;TYPE:Outer wall
G1 F2730
G1 X118.7 Y156.3 E.22565
G1 X118.7 Y148.7 E.22565
G1 X126.3 Y148.7 E.22565
G1 X126.3 Y156.26 E.22447
SET_VELOCITY_LIMIT ACCEL=10000 ACCEL_TO_DECEL=5000
G1 E-.8 F2100
G1 Z13.8 F30000
G1 X125.596 Y152.524 Z13.8
G1 Z13.6
G1 E.8 F2100
;TYPE:Sparse infill
G1 F2730
G1 X125.596 Y153.952 E.04241
G1 X123.952 Y155.596 E.06904
G1 X120.316 Y155.596 E.10795
G1 X125.596 Y150.316 E.22172
G1 X125.596 Y149.404 E.0271
G1 X122.873 Y149.404 E.08085
G1 X119.404 Y152.873 E.1457
G1 X119.404 Y151.445 E.04241
; stop printing object stringing_test_8x8x30.stl id:0 copy 0
;LAYER_CHANGE
;Z:13.8
;HEIGHT:0.2
;BEFORE_LAYER_CHANGE
;13.8
G92 E0

G1 E-.8 F2100
;AFTER_LAYER_CHANGE
;13.8
SET_PRINT_STATS_INFO CURRENT_LAYER=69
;_SET_FAN_SPEED_CHANGING_LAYER
; printing object stringing_test_8x8x30.stl id:0 copy 0
G1 Z14 F30000
G1 X185.9 Y155.9 Z14
G1 Z13.8
G1 E.8 F2100
;TYPE:Inner wall
G1 F2730
G1 X179.1 Y155.9 E.2019
G1 X179.1 Y149.1 E.2019
G1 X185.9 Y149.1 E.2019
G1 X185.9 Y155.86 E.20071
SET_VELOCITY_LIMIT ACCEL=5000 ACCEL_TO_DECEL=2500
G1 X186.3 Y156.3 F30000
;TYPE:Outer wall
G1 F2730
G1 X178.7 Y156.3 E.22565
G1 X178.7 Y148.7 E.22565
G1 X186.3 Y148.7 E.22565
G1 X186.3 Y156.26 E.22447
SET_VELOCITY_LIMIT ACCEL=10000 ACCEL_TO_DECEL=5000
G1 E-.8 F2100
G1 Z14 F30000
G1 X183.555 Y155.596 Z14
G1 Z13.8
G1 E.8 F2100
;TYPE:Sparse infill
G1 F2730
G1 X182.127 Y155.596 E.04241
G1 X185.596 Y152.127 E.1457
G1 X185.596 Y149.404 E.08085
G1 X184.684 Y149.404 E.0271
G1 X179.404 Y154.684 E.22172
G1 X179.404 Y151.048 E.10795
G1 X181.048 Y149.404 E.06904
G1 X182.476 Y149.404 E.04241
G1 E-.8 F2100
G1 Z14 F30000
G1 X125.9 Y155.9 Z14
G1 Z13.8
G1 E.8 F2100
;TYPE:Inner wall
G1 F2730
G1 X119.1 Y155.9 E.2019
G1 X119.1 Y149.1 E.2019
G1 X125.9 Y149.1 E.2019
G1 X125.9 Y155.86 E.20071
SET_VELOCITY_LIMIT ACCEL=5000 ACCEL_TO_DECEL=2500
G1 X126.3 Y156.3 F30000
;TYPE:Outer wall
G1 F2730
G1 X118.7 Y156.3 E.22565
G1 X118.7 Y148.7 E.22565
G1 X126.3 Y148.7 E.22565
G1 X126.3 Y156.26 E.22447
SET_VELOCITY_LIMIT ACCEL=10000 ACCEL_TO_DECEL=5000
G1 E-.8 F2100
G1 Z14 F30000
G1 X125.596 Y152.524 Z14
G1 Z13.8
G1 E.8 F2100
;TYPE:Sparse infill
G1 F2730
G1 X125.596 Y153.952 E.04241
G1 X123.952 Y155.596 E.06904
G1 X120.316 Y155.596 E.10795
G1 X125.596 Y150.316 E.22172
G1 X125.596 Y149.404 E.0271
G1 X122.873 Y149.404 E.08085
G1 X119.404 Y152.873 E.1457
G1 X119.404 Y151.445 E.04241
; stop printing object stringing_test_8x8x30.stl id:0 copy 0
;LAYER_CHANGE
;Z:14
;HEIGHT:0.2
;BEFORE_LAYER_CHANGE
;14
G92 E0

G1 E-.8 F2100
;AFTER_LAYER_CHANGE
;14
SET_PRINT_STATS_INFO CURRENT_LAYER=70
;_SET_FAN_SPEED_CHANGING_LAYER
; printing object stringing_test_8x8x30.stl id:0 copy 0
G1 Z14.2 F30000
G1 X185.9 Y155.9 Z14.2
G1 Z14
G1 E.8 F2100
;TYPE:Inner wall
G1 F2736
G1 X179.1 Y155.9 E.2019
G1 X179.1 Y149.1 E.2019
G1 X185.9 Y149.1 E.2019
G1 X185.9 Y155.86 E.20071
M73 P48 R6
SET_VELOCITY_LIMIT ACCEL=5000 ACCEL_TO_DECEL=2500
G1 X186.3 Y156.3 F30000
;TYPE:Outer wall
G1 F2736
G1 X178.7 Y156.3 E.22565
G1 X178.7 Y148.7 E.22565
G1 X186.3 Y148.7 E.22565
G1 X186.3 Y156.26 E.22447
SET_VELOCITY_LIMIT ACCEL=10000 ACCEL_TO_DECEL=5000
G1 E-.8 F2100
G1 Z14.2 F30000
G1 X183.404 Y155.596 Z14.2
G1 Z14
G1 E.8 F2100
;TYPE:Sparse infill
G1 F2736
G1 X181.976 Y155.596 E.04241
G3 X182.496 Y154.973 I2.182 J1.293 E.0242
G1 X184.314 Y153.663 E.06655
G1 X184.568 Y153.409 E.01065
G1 X185.596 Y151.982 E.05223
G1 X185.596 Y149.404 E.07656
G1 X184.834 Y149.404 E.02263
G3 X184.314 Y150.027 I-2.182 J-1.293 E.0242
G1 X182.496 Y151.337 E.06655
G1 X182.243 Y151.591 E.01065
G1 X180.932 Y153.409 E.06655
G1 X180.678 Y153.663 E.01065
G1 X179.404 Y154.582 E.04666
G1 X179.404 Y150.946 E.10795
G1 X180.678 Y150.027 E.04666
G2 X181.198 Y149.404 I-1.662 J-1.916 E.0242
G1 X182.627 Y149.404 E.04241
G1 E-.8 F2100
G1 Z14.2 F30000
G1 X125.9 Y155.9 Z14.2
G1 Z14
G1 E.8 F2100
;TYPE:Inner wall
G1 F2736
G1 X119.1 Y155.9 E.2019
G1 X119.1 Y149.1 E.2019
G1 X125.9 Y149.1 E.2019
G1 X125.9 Y155.86 E.20071
SET_VELOCITY_LIMIT ACCEL=5000 ACCEL_TO_DECEL=2500
G1 X126.3 Y156.3 F30000
;TYPE:Outer wall
G1 F2736
G1 X118.7 Y156.3 E.22565
G1 X118.7 Y148.7 E.22565
G1 X126.3 Y148.7 E.22565
G1 X126.3 Y156.26 E.22447
SET_VELOCITY_LIMIT ACCEL=10000 ACCEL_TO_DECEL=5000
G1 E-.8 F2100
G1 Z14.2 F30000
G1 X122.373 Y155.596 Z14.2
G1 Z14
G1 E.8 F2100
;TYPE:Sparse infill
G1 F2736
G1 X123.802 Y155.596 E.04241
G3 X124.322 Y154.973 I2.182 J1.293 E.0242
G1 X125.596 Y154.054 E.04666
G1 X125.596 Y150.418 E.10795
G1 X124.322 Y151.337 E.04666
G1 X124.068 Y151.591 E.01065
G1 X122.757 Y153.409 E.06655
G1 X122.504 Y153.663 E.01065
G1 X120.686 Y154.973 E.06655
G2 X120.166 Y155.596 I1.662 J1.916 E.0242
G1 X119.404 Y155.596 E.02263
G1 X119.404 Y153.018 E.07656
G1 X120.432 Y151.591 E.05223
G1 X120.686 Y151.337 E.01065
G1 X122.504 Y150.027 E.06655
G2 X123.024 Y149.404 I-1.662 J-1.916 E.0242
G1 X121.596 Y149.404 E.04241
; stop printing object stringing_test_8x8x30.stl id:0 copy 0
;LAYER_CHANGE
;Z:14.2
;HEIGHT:0.2
;BEFORE_LAYER_CHANGE
;14.2
G92 E0

G1 E-.8 F2100
;AFTER_LAYER_CHANGE
;14.2
SET_PRINT_STATS_INFO CURRENT_LAYER=71
;_SET_FAN_SPEED_CHANGING_LAYER
; printing object stringing_test_8x8x30.stl id:0 copy 0
G1 Z14.4 F30000
G1 X185.9 Y155.9 Z14.4
G1 Z14.2
G1 E.8 F2100
;TYPE:Inner wall
G1 F2902
G1 X179.1 Y155.9 E.2019
G1 X179.1 Y149.1 E.2019
G1 X185.9 Y149.1 E.2019
G1 X185.9 Y155.86 E.20071
SET_VELOCITY_LIMIT ACCEL=5000 ACCEL_TO_DECEL=2500
G1 X186.3 Y156.3 F30000
;TYPE:Outer wall
G1 F2902
G1 X178.7 Y156.3 E.22565
G1 X178.7 Y148.7 E.22565
G1 X186.3 Y148.7 E.22565
G1 X186.3 Y156.26 E.22447
SET_VELOCITY_LIMIT ACCEL=10000 ACCEL_TO_DECEL=5000
G1 E-.8 F2100
G1 Z14.4 F30000
G1 X185.596 Y153.727 Z14.4
G1 Z14.2
G1 E.8 F2100
;TYPE:Sparse infill
G1 F2902
G1 X185.596 Y155.155 E.04241
G2 X185.402 Y155.596 I.343 J.414 E.01484
G1 X181.766 Y155.596 E.10795
G1 X181.889 Y155.227 E.01156
G1 X182.496 Y154.62 E.02549
G1 X184.314 Y154.016 E.05688
G1 X184.921 Y153.409 E.02549
G1 X185.525 Y151.591 E.05688
G1 X185.596 Y151.52 E.003
G1 X185.596 Y149.404 E.06283
G1 X185.044 Y149.404 E.0164
G1 X184.921 Y149.773 E.01156
G1 X184.314 Y150.38 E.02549
G1 X182.496 Y150.984 E.05688
G1 X181.889 Y151.591 E.02549
G1 X181.285 Y153.409 E.05688
G1 X180.678 Y154.016 E.02549
G1 X179.404 Y154.439 E.03988
G1 X179.404 Y150.804 E.10795
G1 X180.678 Y150.38 E.03988
G1 X181.285 Y149.773 E.02549
G1 X181.408 Y149.404 E.01156
G1 X182.836 Y149.404 E.04241
G1 E-.8 F2100
G1 Z14.4 F30000
G1 X125.9 Y155.9 Z14.4
G1 Z14.2
G1 E.8 F2100
;TYPE:Inner wall
G1 F2902
G1 X119.1 Y155.9 E.2019
G1 X119.1 Y149.1 E.2019
G1 X125.9 Y149.1 E.2019
G1 X125.9 Y155.86 E.20071
SET_VELOCITY_LIMIT ACCEL=5000 ACCEL_TO_DECEL=2500
G1 X126.3 Y156.3 F30000
;TYPE:Outer wall
G1 F2902
G1 X118.7 Y156.3 E.22565
G1 X118.7 Y148.7 E.22565
G1 X126.3 Y148.7 E.22565
M73 P49 R6
G1 X126.3 Y156.26 E.22447
SET_VELOCITY_LIMIT ACCEL=10000 ACCEL_TO_DECEL=5000
G1 E-.8 F2100
G1 Z14.4 F30000
G1 X122.164 Y155.596 Z14.4
G1 Z14.2
G1 E.8 F2100
;TYPE:Sparse infill
G1 F2902
G1 X123.592 Y155.596 E.04241
G1 X123.715 Y155.227 E.01156
G1 X124.322 Y154.62 E.02549
G1 X125.596 Y154.196 E.03988
G1 X125.596 Y150.561 E.10795
G1 X124.322 Y150.984 E.03988
G1 X123.715 Y151.591 E.02549
G1 X123.111 Y153.409 E.05688
G1 X122.504 Y154.016 E.02549
G1 X120.686 Y154.62 E.05688
G1 X120.079 Y155.227 E.02549
G1 X119.956 Y155.596 E.01156
G1 X119.404 Y155.596 E.0164
G1 X119.404 Y153.48 E.06283
G1 X119.475 Y153.409 E.003
G1 X120.079 Y151.591 E.05688
G1 X120.686 Y150.984 E.02549
G1 X122.504 Y150.38 E.05688
G1 X123.111 Y149.773 E.02549
G1 X123.234 Y149.404 E.01156
G1 X119.598 Y149.404 E.10795
G3 X119.404 Y149.845 I-.537 J.027 E.01484
G1 X119.404 Y151.273 E.04241
; stop printing object stringing_test_8x8x30.stl id:0 copy 0
;LAYER_CHANGE
;Z:14.4
;HEIGHT:0.2
;BEFORE_LAYER_CHANGE
;14.4
G92 E0

G1 E-.8 F2100
;AFTER_LAYER_CHANGE
;14.4
SET_PRINT_STATS_INFO CURRENT_LAYER=72
;_SET_FAN_SPEED_CHANGING_LAYER
; printing object stringing_test_8x8x30.stl id:0 copy 0
G1 Z14.6 F30000
G1 X185.9 Y155.9 Z14.6
G1 Z14.4
G1 E.8 F2100
;TYPE:Inner wall
G1 F2996
G1 X179.1 Y155.9 E.2019
G1 X179.1 Y149.1 E.2019
G1 X185.9 Y149.1 E.2019
G1 X185.9 Y155.86 E.20071
SET_VELOCITY_LIMIT ACCEL=5000 ACCEL_TO_DECEL=2500
G1 X186.3 Y156.3 F30000
;TYPE:Outer wall
G1 F2996
G1 X178.7 Y156.3 E.22565
G1 X178.7 Y148.7 E.22565
G1 X186.3 Y148.7 E.22565
G1 X186.3 Y156.26 E.22447
SET_VELOCITY_LIMIT ACCEL=10000 ACCEL_TO_DECEL=5000
G1 E-.8 F2100
G1 Z14.6 F30000
G1 X185.596 Y153.374 Z14.6
G1 Z14.4
G1 E.8 F2100
;TYPE:Sparse infill
G1 F2996
G1 X185.596 Y154.802 E.04241
G1 X185.171 Y155.227 E.01785
G1 X185.192 Y155.596 E.01099
G1 X181.557 Y155.596 E.10795
G1 X181.536 Y155.227 E.01099
G1 X182.496 Y154.266 E.04034
G1 X184.314 Y154.37 E.05406
G1 X185.275 Y153.409 E.04034
G1 X185.171 Y151.591 E.05406
G1 X185.596 Y151.166 E.01785
G1 X185.596 Y149.404 E.05233
G1 X185.254 Y149.404 E.01017
G1 X185.275 Y149.773 E.01099
G1 X184.314 Y150.734 E.04034
G1 X182.496 Y150.63 E.05406
G1 X181.536 Y151.591 E.04034
G1 X181.639 Y153.409 E.05406
G1 X180.678 Y154.37 E.04034
G1 X179.404 Y154.297 E.03791
G1 X179.404 Y150.661 E.10795
G1 X180.678 Y150.734 E.03791
G1 X181.639 Y149.773 E.04034
G1 X181.618 Y149.404 E.01099
G1 X183.046 Y149.404 E.04241
G1 E-.8 F2100
G1 Z14.6 F30000
G1 X125.9 Y155.9 Z14.6
G1 Z14.4
G1 E.8 F2100
;TYPE:Inner wall
G1 F2996
G1 X119.1 Y155.9 E.2019
G1 X119.1 Y149.1 E.2019
G1 X125.9 Y149.1 E.2019
G1 X125.9 Y155.86 E.20071
SET_VELOCITY_LIMIT ACCEL=5000 ACCEL_TO_DECEL=2500
G1 X126.3 Y156.3 F30000
;TYPE:Outer wall
G1 F2996
G1 X118.7 Y156.3 E.22565
G1 X118.7 Y148.7 E.22565
G1 X126.3 Y148.7 E.22565
G1 X126.3 Y156.26 E.22447
SET_VELOCITY_LIMIT ACCEL=10000 ACCEL_TO_DECEL=5000
G1 E-.8 F2100
G1 Z14.6 F30000
G1 X121.954 Y155.596 Z14.6
G1 Z14.4
G1 E.8 F2100
;TYPE:Sparse infill
G1 F2996
G1 X123.382 Y155.596 E.04241
G1 X123.361 Y155.227 E.01099
G1 X124.322 Y154.266 E.04034
G1 X125.596 Y154.339 E.03791
G1 X125.596 Y150.703 E.10795
G1 X124.322 Y150.63 E.03791
G1 X123.361 Y151.591 E.04034
G1 X123.464 Y153.409 E.05406
G1 X122.504 Y154.37 E.04034
G1 X120.686 Y154.266 E.05406
G1 X119.725 Y155.227 E.04034
G1 X119.746 Y155.596 E.01099
G1 X119.404 Y155.596 E.01017
G1 X119.404 Y153.834 E.05233
G1 X119.829 Y153.409 E.01785
G1 X119.725 Y151.591 E.05406
G1 X120.686 Y150.63 E.04034
G1 X122.504 Y150.734 E.05406
G1 X123.464 Y149.773 E.04034
G1 X123.443 Y149.404 E.01099
G1 X119.808 Y149.404 E.10795
G1 X119.829 Y149.773 E.01099
G1 X119.404 Y150.198 E.01785
G1 X119.404 Y151.626 E.04241
; stop printing object stringing_test_8x8x30.stl id:0 copy 0
;LAYER_CHANGE
;Z:14.6
;HEIGHT:0.200001
;BEFORE_LAYER_CHANGE
;14.6
G92 E0

G1 E-.8 F2100
;AFTER_LAYER_CHANGE
;14.6
SET_PRINT_STATS_INFO CURRENT_LAYER=73
;_SET_FAN_SPEED_CHANGING_LAYER
; printing object stringing_test_8x8x30.stl id:0 copy 0
G1 Z14.8 F30000
G1 X185.9 Y155.9 Z14.8
G1 Z14.6
G1 E.8 F2100
;TYPE:Inner wall
G1 F2976
G1 X179.1 Y155.9 E.2019
G1 X179.1 Y149.1 E.2019
G1 X185.9 Y149.1 E.2019
G1 X185.9 Y155.86 E.20071
SET_VELOCITY_LIMIT ACCEL=5000 ACCEL_TO_DECEL=2500
G1 X186.3 Y156.3 F30000
;TYPE:Outer wall
G1 F2976
G1 X178.7 Y156.3 E.22565
G1 X178.7 Y148.7 E.22565
G1 X186.3 Y148.7 E.22565
G1 X186.3 Y156.26 E.22447
SET_VELOCITY_LIMIT ACCEL=10000 ACCEL_TO_DECEL=5000
G1 E-.8 F2100
M73 P50 R6
G1 Z14.8 F30000
G1 X182.991 Y155.596 Z14.8
G1 Z14.6
G1 E.8 F2100
;TYPE:Sparse infill
G1 F2976
G1 X181.562 Y155.596 E.04241
G1 X181.546 Y155.227 E.01098
G1 X180.678 Y154.36 E.03642
G1 X179.404 Y154.301 E.03789
G1 X179.404 Y150.665 E.10795
G1 X180.678 Y150.724 E.03789
G1 X181.546 Y151.591 E.03642
G1 X181.629 Y153.409 E.05403
G1 X182.496 Y154.276 E.03642
G1 X184.314 Y154.36 E.05403
G1 X185.181 Y155.227 E.03642
G1 X185.198 Y155.596 E.01098
G1 X185.596 Y155.596 E.01182
G1 X185.596 Y153.741 E.0551
G1 X185.265 Y153.409 E.01393
G1 X185.181 Y151.591 E.05403
G1 X184.314 Y150.724 E.03642
G1 X182.496 Y150.64 E.05403
G1 X181.629 Y149.773 E.03642
G1 X181.612 Y149.404 E.01098
G1 X185.248 Y149.404 E.10795
G1 X185.265 Y149.773 E.01098
G1 X185.596 Y150.105 E.01393
G1 X185.596 Y151.533 E.04241
G1 E-.8 F2100
G1 Z14.8 F30000
G1 X125.9 Y155.9 Z14.8
G1 Z14.6
G1 E.8 F2100
;TYPE:Inner wall
G1 F2976
G1 X119.1 Y155.9 E.2019
G1 X119.1 Y149.1 E.2019
G1 X125.9 Y149.1 E.2019
G1 X125.9 Y155.86 E.20071
SET_VELOCITY_LIMIT ACCEL=5000 ACCEL_TO_DECEL=2500
G1 X126.3 Y156.3 F30000
;TYPE:Outer wall
G1 F2976
G1 X118.7 Y156.3 E.22565
G1 X118.7 Y148.7 E.22565
G1 X126.3 Y148.7 E.22565
G1 X126.3 Y156.26 E.22447
SET_VELOCITY_LIMIT ACCEL=10000 ACCEL_TO_DECEL=5000
G1 E-.8 F2100
G1 Z14.8 F30000
G1 X119.404 Y153.467 Z14.8
G1 Z14.6
G1 E.8 F2100
;TYPE:Sparse infill
G1 F2976
G1 X119.404 Y154.895 E.04241
G1 X119.735 Y155.227 E.01393
G1 X119.752 Y155.596 E.01098
G1 X123.388 Y155.596 E.10795
G1 X123.371 Y155.227 E.01098
G1 X122.504 Y154.36 E.03642
G1 X120.686 Y154.276 E.05403
G1 X119.819 Y153.409 E.03642
G1 X119.735 Y151.591 E.05403
G1 X119.404 Y151.259 E.01393
G1 X119.404 Y149.404 E.0551
G1 X119.802 Y149.404 E.01182
G1 X119.819 Y149.773 E.01098
G1 X120.686 Y150.64 E.03642
G1 X122.504 Y150.724 E.05403
G1 X123.371 Y151.591 E.03642
G1 X123.454 Y153.409 E.05403
G1 X124.322 Y154.276 E.03642
G1 X125.596 Y154.335 E.03789
G1 X125.596 Y150.699 E.10795
G1 X124.322 Y150.64 E.03789
G1 X123.454 Y149.773 E.03642
G1 X123.438 Y149.404 E.01098
G1 X122.009 Y149.404 E.04241
; stop printing object stringing_test_8x8x30.stl id:0 copy 0
;LAYER_CHANGE
;Z:14.8
;HEIGHT:0.2
;BEFORE_LAYER_CHANGE
;14.8
G92 E0

G1 E-.8 F2100
;AFTER_LAYER_CHANGE
;14.8
SET_PRINT_STATS_INFO CURRENT_LAYER=74
;_SET_FAN_SPEED_CHANGING_LAYER
; printing object stringing_test_8x8x30.stl id:0 copy 0
G1 Z15 F30000
G1 X185.9 Y155.9 Z15
G1 Z14.8
G1 E.8 F2100
;TYPE:Inner wall
G1 F2896
G1 X179.1 Y155.9 E.2019
G1 X179.1 Y149.1 E.2019
G1 X185.9 Y149.1 E.2019
G1 X185.9 Y155.86 E.20071
SET_VELOCITY_LIMIT ACCEL=5000 ACCEL_TO_DECEL=2500
G1 X186.3 Y156.3 F30000
;TYPE:Outer wall
G1 F2896
G1 X178.7 Y156.3 E.22565
G1 X178.7 Y148.7 E.22565
G1 X186.3 Y148.7 E.22565
G1 X186.3 Y156.26 E.22447
SET_VELOCITY_LIMIT ACCEL=10000 ACCEL_TO_DECEL=5000
G1 E-.8 F2100
G1 Z15 F30000
G1 X182.781 Y155.596 Z15
G1 Z14.8
G1 E.8 F2100
;TYPE:Sparse infill
G1 F2896
G1 X181.353 Y155.596 E.04241
G1 X181.192 Y155.227 E.01197
G1 X180.678 Y154.713 E.02157
G1 X179.404 Y154.159 E.04127
G1 X179.404 Y150.523 E.10795
G1 X180.678 Y151.077 E.04127
G1 X181.192 Y151.591 E.02157
G1 X181.982 Y153.409 E.05886
G1 X182.496 Y153.923 E.02157
G1 X184.314 Y154.713 E.05886
G1 X184.828 Y155.227 E.02157
G1 X184.989 Y155.596 E.01197
G1 X185.596 Y155.596 E.01805
G1 X185.596 Y153.359 E.06644
G1 X184.828 Y151.591 E.05723
G1 X184.314 Y151.077 E.02157
G1 X182.496 Y150.287 E.05886
G1 X181.982 Y149.773 E.02157
G1 X181.822 Y149.404 E.01197
G1 X185.458 Y149.404 E.10795
G1 X185.596 Y149.723 E.01034
G1 X185.596 Y151.151 E.04241
G1 E-.8 F2100
G1 Z15 F30000
G1 X125.9 Y155.9 Z15
G1 Z14.8
G1 E.8 F2100
;TYPE:Inner wall
G1 F2896
G1 X119.1 Y155.9 E.2019
G1 X119.1 Y149.1 E.2019
G1 X125.9 Y149.1 E.2019
G1 X125.9 Y155.86 E.20071
SET_VELOCITY_LIMIT ACCEL=5000 ACCEL_TO_DECEL=2500
G1 X126.3 Y156.3 F30000
;TYPE:Outer wall
G1 F2896
G1 X118.7 Y156.3 E.22565
G1 X118.7 Y148.7 E.22565
G1 X126.3 Y148.7 E.22565
G1 X126.3 Y156.26 E.22447
SET_VELOCITY_LIMIT ACCEL=10000 ACCEL_TO_DECEL=5000
G1 E-.8 F2100
G1 Z15 F30000
G1 X119.404 Y153.849 Z15
G1 Z14.8
G1 E.8 F2100
;TYPE:Sparse infill
G1 F2896
G1 X119.404 Y155.277 E.04241
G1 X119.542 Y155.596 E.01034
M73 P51 R6
G1 X123.178 Y155.596 E.10795
G1 X123.018 Y155.227 E.01197
G1 X122.504 Y154.713 E.02157
G1 X120.686 Y153.923 E.05886
G1 X120.172 Y153.409 E.02157
G1 X119.404 Y151.641 E.05723
G1 X119.404 Y149.404 E.06644
G1 X120.011 Y149.404 E.01805
G1 X120.172 Y149.773 E.01197
G1 X120.686 Y150.287 E.02157
G1 X122.504 Y151.077 E.05886
G1 X123.018 Y151.591 E.02157
G1 X123.808 Y153.409 E.05886
G1 X124.322 Y153.923 E.02157
G1 X125.596 Y154.477 E.04127
G1 X125.596 Y150.841 E.10795
G1 X124.322 Y150.287 E.04127
G1 X123.808 Y149.773 E.02157
G1 X123.647 Y149.404 E.01197
G1 X122.219 Y149.404 E.04241
; stop printing object stringing_test_8x8x30.stl id:0 copy 0
;LAYER_CHANGE
;Z:15
;HEIGHT:0.2
;BEFORE_LAYER_CHANGE
;15
G92 E0

G1 E-.8 F2100
;AFTER_LAYER_CHANGE
;15
SET_PRINT_STATS_INFO CURRENT_LAYER=75
;_SET_FAN_SPEED_CHANGING_LAYER
; printing object stringing_test_8x8x30.stl id:0 copy 0
G1 Z15.2 F30000
G1 X185.9 Y155.9 Z15.2
G1 Z15
G1 E.8 F2100
;TYPE:Inner wall
G1 F2735
G1 X179.1 Y155.9 E.2019
G1 X179.1 Y149.1 E.2019
G1 X185.9 Y149.1 E.2019
G1 X185.9 Y155.86 E.20071
SET_VELOCITY_LIMIT ACCEL=5000 ACCEL_TO_DECEL=2500
G1 X186.3 Y156.3 F30000
;TYPE:Outer wall
G1 F2735
G1 X178.7 Y156.3 E.22565
G1 X178.7 Y148.7 E.22565
G1 X186.3 Y148.7 E.22565
G1 X186.3 Y156.26 E.22447
SET_VELOCITY_LIMIT ACCEL=10000 ACCEL_TO_DECEL=5000
G1 E-.8 F2100
G1 Z15.2 F30000
G1 X182.476 Y155.596 Z15.2
G1 Z15
G1 E.8 F2100
;TYPE:Sparse infill
G1 F2735
G1 X181.048 Y155.596 E.04241
G1 X179.404 Y153.952 E.06904
G1 X179.404 Y150.316 E.10795
G1 X184.684 Y155.596 E.22172
G1 X185.596 Y155.596 E.0271
G1 X185.596 Y152.873 E.08085
G1 X182.127 Y149.404 E.1457
G1 X183.555 Y149.404 E.04241
G1 E-.8 F2100
G1 Z15.2 F30000
G1 X125.9 Y155.9 Z15.2
G1 Z15
G1 E.8 F2100
;TYPE:Inner wall
G1 F2735
G1 X119.1 Y155.9 E.2019
G1 X119.1 Y149.1 E.2019
G1 X125.9 Y149.1 E.2019
G1 X125.9 Y155.86 E.20071
SET_VELOCITY_LIMIT ACCEL=5000 ACCEL_TO_DECEL=2500
G1 X126.3 Y156.3 F30000
;TYPE:Outer wall
G1 F2735
G1 X118.7 Y156.3 E.22565
G1 X118.7 Y148.7 E.22565
G1 X126.3 Y148.7 E.22565
G1 X126.3 Y156.26 E.22447
SET_VELOCITY_LIMIT ACCEL=10000 ACCEL_TO_DECEL=5000
G1 E-.8 F2100
G1 Z15.2 F30000
G1 X121.445 Y155.596 Z15.2
G1 Z15
G1 E.8 F2100
;TYPE:Sparse infill
G1 F2735
G1 X122.873 Y155.596 E.04241
G1 X119.404 Y152.127 E.1457
G1 X119.404 Y149.404 E.08085
G1 X120.316 Y149.404 E.0271
G1 X125.596 Y154.684 E.22172
G1 X125.596 Y151.048 E.10795
G1 X123.952 Y149.404 E.06904
G1 X122.524 Y149.404 E.04241
; stop printing object stringing_test_8x8x30.stl id:0 copy 0
;LAYER_CHANGE
;Z:15.2
;HEIGHT:0.2
;BEFORE_LAYER_CHANGE
;15.2
G92 E0

G1 E-.8 F2100
;AFTER_LAYER_CHANGE
;15.2
SET_PRINT_STATS_INFO CURRENT_LAYER=76
;_SET_FAN_SPEED_CHANGING_LAYER
; printing object stringing_test_8x8x30.stl id:0 copy 0
G1 Z15.4 F30000
G1 X185.9 Y155.9 Z15.4
G1 Z15.2
G1 E.8 F2100
;TYPE:Inner wall
G1 F2735
G1 X179.1 Y155.9 E.2019
G1 X179.1 Y149.1 E.2019
G1 X185.9 Y149.1 E.2019
G1 X185.9 Y155.86 E.20071
SET_VELOCITY_LIMIT ACCEL=5000 ACCEL_TO_DECEL=2500
G1 X186.3 Y156.3 F30000
;TYPE:Outer wall
G1 F2735
G1 X178.7 Y156.3 E.22565
G1 X178.7 Y148.7 E.22565
G1 X186.3 Y148.7 E.22565
G1 X186.3 Y156.26 E.22447
SET_VELOCITY_LIMIT ACCEL=10000 ACCEL_TO_DECEL=5000
; FS-RETRACT BAND from layer 76: length 1.1 mm, speed 35.0 mm/s
G1 E-1.1 F2100
G1 Z15.4 F30000
G1 X182.476 Y155.596 Z15.4
G1 Z15.2
G1 E1.1 F2100
;TYPE:Sparse infill
G1 F2735
G1 X181.048 Y155.596 E.04241
G1 X179.404 Y153.952 E.06904
G1 X179.404 Y150.316 E.10795
G1 X184.684 Y155.596 E.22172
G1 X185.596 Y155.596 E.0271
G1 X185.596 Y152.873 E.08085
G1 X182.127 Y149.404 E.1457
M73 P52 R6
G1 X183.555 Y149.404 E.04241
G1 E-1.1 F2100
G1 Z15.4 F30000
G1 X125.9 Y155.9 Z15.4
G1 Z15.2
G1 E1.1 F2100
;TYPE:Inner wall
G1 F2735
G1 X119.1 Y155.9 E.2019
G1 X119.1 Y149.1 E.2019
G1 X125.9 Y149.1 E.2019
G1 X125.9 Y155.86 E.20071
SET_VELOCITY_LIMIT ACCEL=5000 ACCEL_TO_DECEL=2500
G1 X126.3 Y156.3 F30000
;TYPE:Outer wall
G1 F2735
G1 X118.7 Y156.3 E.22565
G1 X118.7 Y148.7 E.22565
G1 X126.3 Y148.7 E.22565
G1 X126.3 Y156.26 E.22447
SET_VELOCITY_LIMIT ACCEL=10000 ACCEL_TO_DECEL=5000
G1 E-1.1 F2100
G1 Z15.4 F30000
G1 X121.445 Y155.596 Z15.4
G1 Z15.2
G1 E1.1 F2100
;TYPE:Sparse infill
G1 F2735
G1 X122.873 Y155.596 E.04241
G1 X119.404 Y152.127 E.1457
G1 X119.404 Y149.404 E.08085
G1 X120.316 Y149.404 E.0271
G1 X125.596 Y154.684 E.22172
G1 X125.596 Y151.048 E.10795
G1 X123.952 Y149.404 E.06904
G1 X122.524 Y149.404 E.04241
; stop printing object stringing_test_8x8x30.stl id:0 copy 0
;LAYER_CHANGE
;Z:15.4
;HEIGHT:0.2
;BEFORE_LAYER_CHANGE
;15.4
G92 E0

G1 E-1.1 F2100
;AFTER_LAYER_CHANGE
;15.4
SET_PRINT_STATS_INFO CURRENT_LAYER=77
;_SET_FAN_SPEED_CHANGING_LAYER
; printing object stringing_test_8x8x30.stl id:0 copy 0
G1 Z15.6 F30000
G1 X185.9 Y155.9 Z15.6
G1 Z15.4
G1 E1.1 F2100
;TYPE:Inner wall
G1 F2735
G1 X179.1 Y155.9 E.2019
G1 X179.1 Y149.1 E.2019
G1 X185.9 Y149.1 E.2019
G1 X185.9 Y155.86 E.20071
SET_VELOCITY_LIMIT ACCEL=5000 ACCEL_TO_DECEL=2500
G1 X186.3 Y156.3 F30000
;TYPE:Outer wall
G1 F2735
G1 X178.7 Y156.3 E.22565
G1 X178.7 Y148.7 E.22565
G1 X186.3 Y148.7 E.22565
M73 P52 R5
G1 X186.3 Y156.26 E.22447
SET_VELOCITY_LIMIT ACCEL=10000 ACCEL_TO_DECEL=5000
G1 E-1.1 F2100
G1 Z15.6 F30000
G1 X182.476 Y155.596 Z15.6
G1 Z15.4
G1 E1.1 F2100
;TYPE:Sparse infill
G1 F2735
G1 X181.048 Y155.596 E.04241
G1 X179.404 Y153.952 E.06904
G1 X179.404 Y150.316 E.10795
G1 X184.684 Y155.596 E.22172
G1 X185.596 Y155.596 E.0271
G1 X185.596 Y152.873 E.08085
G1 X182.127 Y149.404 E.1457
G1 X183.555 Y149.404 E.04241
G1 E-1.1 F2100
G1 Z15.6 F30000
G1 X125.9 Y155.9 Z15.6
G1 Z15.4
G1 E1.1 F2100
;TYPE:Inner wall
G1 F2735
G1 X119.1 Y155.9 E.2019
G1 X119.1 Y149.1 E.2019
G1 X125.9 Y149.1 E.2019
G1 X125.9 Y155.86 E.20071
SET_VELOCITY_LIMIT ACCEL=5000 ACCEL_TO_DECEL=2500
G1 X126.3 Y156.3 F30000
;TYPE:Outer wall
G1 F2735
G1 X118.7 Y156.3 E.22565
G1 X118.7 Y148.7 E.22565
G1 X126.3 Y148.7 E.22565
G1 X126.3 Y156.26 E.22447
SET_VELOCITY_LIMIT ACCEL=10000 ACCEL_TO_DECEL=5000
G1 E-1.1 F2100
G1 Z15.6 F30000
G1 X121.445 Y155.596 Z15.6
G1 Z15.4
G1 E1.1 F2100
;TYPE:Sparse infill
G1 F2735
G1 X122.873 Y155.596 E.04241
G1 X119.404 Y152.127 E.1457
G1 X119.404 Y149.404 E.08085
G1 X120.316 Y149.404 E.0271
G1 X125.596 Y154.684 E.22172
G1 X125.596 Y151.048 E.10795
G1 X123.952 Y149.404 E.06904
G1 X122.524 Y149.404 E.04241
; stop printing object stringing_test_8x8x30.stl id:0 copy 0
;LAYER_CHANGE
;Z:15.6
;HEIGHT:0.200001
;BEFORE_LAYER_CHANGE
;15.6
G92 E0

G1 E-1.1 F2100
;AFTER_LAYER_CHANGE
;15.6
SET_PRINT_STATS_INFO CURRENT_LAYER=78
;_SET_FAN_SPEED_CHANGING_LAYER
; printing object stringing_test_8x8x30.stl id:0 copy 0
G1 Z15.8 F30000
G1 X185.9 Y155.9 Z15.8
G1 Z15.6
G1 E1.1 F2100
M73 P53 R5
;TYPE:Inner wall
G1 F2735
G1 X179.1 Y155.9 E.2019
G1 X179.1 Y149.1 E.2019
G1 X185.9 Y149.1 E.2019
G1 X185.9 Y155.86 E.20071
SET_VELOCITY_LIMIT ACCEL=5000 ACCEL_TO_DECEL=2500
G1 X186.3 Y156.3 F30000
;TYPE:Outer wall
G1 F2735
G1 X178.7 Y156.3 E.22565
G1 X178.7 Y148.7 E.22565
G1 X186.3 Y148.7 E.22565
G1 X186.3 Y156.26 E.22447
SET_VELOCITY_LIMIT ACCEL=10000 ACCEL_TO_DECEL=5000
G1 E-1.1 F2100
G1 Z15.8 F30000
G1 X182.476 Y155.596 Z15.8
G1 Z15.6
G1 E1.1 F2100
;TYPE:Sparse infill
G1 F2735
G1 X181.048 Y155.596 E.04241
G1 X179.404 Y153.952 E.06904
G1 X179.404 Y150.316 E.10795
G1 X184.684 Y155.596 E.22172
G1 X185.596 Y155.596 E.0271
G1 X185.596 Y152.873 E.08085
G1 X182.127 Y149.404 E.1457
G1 X183.555 Y149.404 E.04241
G1 E-1.1 F2100
G1 Z15.8 F30000
G1 X125.9 Y155.9 Z15.8
G1 Z15.6
G1 E1.1 F2100
;TYPE:Inner wall
G1 F2735
G1 X119.1 Y155.9 E.2019
G1 X119.1 Y149.1 E.2019
G1 X125.9 Y149.1 E.2019
G1 X125.9 Y155.86 E.20071
SET_VELOCITY_LIMIT ACCEL=5000 ACCEL_TO_DECEL=2500
G1 X126.3 Y156.3 F30000
;TYPE:Outer wall
G1 F2735
G1 X118.7 Y156.3 E.22565
G1 X118.7 Y148.7 E.22565
G1 X126.3 Y148.7 E.22565
G1 X126.3 Y156.26 E.22447
SET_VELOCITY_LIMIT ACCEL=10000 ACCEL_TO_DECEL=5000
G1 E-1.1 F2100
G1 Z15.8 F30000
G1 X121.445 Y155.596 Z15.8
G1 Z15.6
G1 E1.1 F2100
;TYPE:Sparse infill
G1 F2735
G1 X122.873 Y155.596 E.04241
G1 X119.404 Y152.127 E.1457
G1 X119.404 Y149.404 E.08085
G1 X120.316 Y149.404 E.0271
G1 X125.596 Y154.684 E.22172
G1 X125.596 Y151.048 E.10795
G1 X123.952 Y149.404 E.06904
G1 X122.524 Y149.404 E.04241
; stop printing object stringing_test_8x8x30.stl id:0 copy 0
;LAYER_CHANGE
;Z:15.8
;HEIGHT:0.2
;BEFORE_LAYER_CHANGE
;15.8
G92 E0

G1 E-1.1 F2100
;AFTER_LAYER_CHANGE
;15.8
SET_PRINT_STATS_INFO CURRENT_LAYER=79
;_SET_FAN_SPEED_CHANGING_LAYER
; printing object stringing_test_8x8x30.stl id:0 copy 0
G1 Z16 F30000
G1 X185.9 Y155.9 Z16
G1 Z15.8
G1 E1.1 F2100
;TYPE:Inner wall
G1 F2735
G1 X179.1 Y155.9 E.2019
G1 X179.1 Y149.1 E.2019
G1 X185.9 Y149.1 E.2019
G1 X185.9 Y155.86 E.20071
SET_VELOCITY_LIMIT ACCEL=5000 ACCEL_TO_DECEL=2500
G1 X186.3 Y156.3 F30000
;TYPE:Outer wall
G1 F2735
G1 X178.7 Y156.3 E.22565
G1 X178.7 Y148.7 E.22565
G1 X186.3 Y148.7 E.22565
G1 X186.3 Y156.26 E.22447
SET_VELOCITY_LIMIT ACCEL=10000 ACCEL_TO_DECEL=5000
G1 E-1.1 F2100
G1 Z16 F30000
G1 X182.476 Y155.596 Z16
G1 Z15.8
G1 E1.1 F2100
;TYPE:Sparse infill
G1 F2735
G1 X181.048 Y155.596 E.04241
G1 X179.404 Y153.952 E.06904
G1 X179.404 Y150.316 E.10795
G1 X184.684 Y155.596 E.22172
G1 X185.596 Y155.596 E.0271
G1 X185.596 Y152.873 E.08085
G1 X182.127 Y149.404 E.1457
G1 X183.555 Y149.404 E.04241
G1 E-1.1 F2100
G1 Z16 F30000
G1 X125.9 Y155.9 Z16
G1 Z15.8
G1 E1.1 F2100
;TYPE:Inner wall
G1 F2735
G1 X119.1 Y155.9 E.2019
G1 X119.1 Y149.1 E.2019
G1 X125.9 Y149.1 E.2019
G1 X125.9 Y155.86 E.20071
M73 P54 R5
SET_VELOCITY_LIMIT ACCEL=5000 ACCEL_TO_DECEL=2500
G1 X126.3 Y156.3 F30000
;TYPE:Outer wall
G1 F2735
G1 X118.7 Y156.3 E.22565
G1 X118.7 Y148.7 E.22565
G1 X126.3 Y148.7 E.22565
G1 X126.3 Y156.26 E.22447
SET_VELOCITY_LIMIT ACCEL=10000 ACCEL_TO_DECEL=5000
G1 E-1.1 F2100
G1 Z16 F30000
G1 X121.445 Y155.596 Z16
G1 Z15.8
G1 E1.1 F2100
;TYPE:Sparse infill
G1 F2735
G1 X122.873 Y155.596 E.04241
G1 X119.404 Y152.127 E.1457
G1 X119.404 Y149.404 E.08085
G1 X120.316 Y149.404 E.0271
G1 X125.596 Y154.684 E.22172
G1 X125.596 Y151.048 E.10795
G1 X123.952 Y149.404 E.06904
G1 X122.524 Y149.404 E.04241
; stop printing object stringing_test_8x8x30.stl id:0 copy 0
;LAYER_CHANGE
;Z:16
;HEIGHT:0.2
;BEFORE_LAYER_CHANGE
;16
G92 E0

G1 E-1.1 F2100
;AFTER_LAYER_CHANGE
;16
SET_PRINT_STATS_INFO CURRENT_LAYER=80
;_SET_FAN_SPEED_CHANGING_LAYER
; printing object stringing_test_8x8x30.stl id:0 copy 0
G1 Z16.2 F30000
G1 X185.9 Y155.9 Z16.2
G1 Z16
G1 E1.1 F2100
;TYPE:Inner wall
G1 F2735
G1 X179.1 Y155.9 E.2019
G1 X179.1 Y149.1 E.2019
G1 X185.9 Y149.1 E.2019
G1 X185.9 Y155.86 E.20071
SET_VELOCITY_LIMIT ACCEL=5000 ACCEL_TO_DECEL=2500
G1 X186.3 Y156.3 F30000
;TYPE:Outer wall
G1 F2735
G1 X178.7 Y156.3 E.22565
G1 X178.7 Y148.7 E.22565
G1 X186.3 Y148.7 E.22565
G1 X186.3 Y156.26 E.22447
SET_VELOCITY_LIMIT ACCEL=10000 ACCEL_TO_DECEL=5000
G1 E-1.1 F2100
G1 Z16.2 F30000
G1 X182.476 Y155.596 Z16.2
G1 Z16
G1 E1.1 F2100
;TYPE:Sparse infill
G1 F2735
G1 X181.048 Y155.596 E.04241
G1 X179.404 Y153.952 E.06904
G1 X179.404 Y150.316 E.10795
G1 X184.684 Y155.596 E.22172
G1 X185.596 Y155.596 E.0271
G1 X185.596 Y152.873 E.08085
G1 X182.127 Y149.404 E.1457
G1 X183.555 Y149.404 E.04241
G1 E-1.1 F2100
G1 Z16.2 F30000
G1 X125.9 Y155.9 Z16.2
G1 Z16
G1 E1.1 F2100
;TYPE:Inner wall
G1 F2735
G1 X119.1 Y155.9 E.2019
G1 X119.1 Y149.1 E.2019
G1 X125.9 Y149.1 E.2019
G1 X125.9 Y155.86 E.20071
SET_VELOCITY_LIMIT ACCEL=5000 ACCEL_TO_DECEL=2500
G1 X126.3 Y156.3 F30000
;TYPE:Outer wall
G1 F2735
G1 X118.7 Y156.3 E.22565
G1 X118.7 Y148.7 E.22565
G1 X126.3 Y148.7 E.22565
G1 X126.3 Y156.26 E.22447
SET_VELOCITY_LIMIT ACCEL=10000 ACCEL_TO_DECEL=5000
G1 E-1.1 F2100
G1 Z16.2 F30000
G1 X121.445 Y155.596 Z16.2
G1 Z16
G1 E1.1 F2100
;TYPE:Sparse infill
G1 F2735
G1 X122.873 Y155.596 E.04241
G1 X119.404 Y152.127 E.1457
G1 X119.404 Y149.404 E.08085
G1 X120.316 Y149.404 E.0271
G1 X125.596 Y154.684 E.22172
G1 X125.596 Y151.048 E.10795
G1 X123.952 Y149.404 E.06904
G1 X122.524 Y149.404 E.04241
; stop printing object stringing_test_8x8x30.stl id:0 copy 0
;LAYER_CHANGE
;Z:16.2
;HEIGHT:0.200001
;BEFORE_LAYER_CHANGE
;16.2
G92 E0

G1 E-1.1 F2100
;AFTER_LAYER_CHANGE
;16.2
SET_PRINT_STATS_INFO CURRENT_LAYER=81
;_SET_FAN_SPEED_CHANGING_LAYER
; printing object stringing_test_8x8x30.stl id:0 copy 0
G1 Z16.4 F30000
G1 X185.9 Y155.9 Z16.4
G1 Z16.2
G1 E1.1 F2100
;TYPE:Inner wall
G1 F2735
G1 X179.1 Y155.9 E.2019
G1 X179.1 Y149.1 E.2019
G1 X185.9 Y149.1 E.2019
G1 X185.9 Y155.86 E.20071
SET_VELOCITY_LIMIT ACCEL=5000 ACCEL_TO_DECEL=2500
G1 X186.3 Y156.3 F30000
;TYPE:Outer wall
G1 F2735
G1 X178.7 Y156.3 E.22565
G1 X178.7 Y148.7 E.22565
G1 X186.3 Y148.7 E.22565
M73 P55 R5
G1 X186.3 Y156.26 E.22447
SET_VELOCITY_LIMIT ACCEL=10000 ACCEL_TO_DECEL=5000
G1 E-1.1 F2100
G1 Z16.4 F30000
G1 X182.476 Y155.596 Z16.4
G1 Z16.2
G1 E1.1 F2100
;TYPE:Sparse infill
G1 F2735
G1 X181.048 Y155.596 E.04241
G1 X179.404 Y153.952 E.06904
G1 X179.404 Y150.316 E.10795
G1 X184.684 Y155.596 E.22172
G1 X185.596 Y155.596 E.0271
G1 X185.596 Y152.873 E.08085
G1 X182.127 Y149.404 E.1457
G1 X183.555 Y149.404 E.04241
G1 E-1.1 F2100
G1 Z16.4 F30000
G1 X125.9 Y155.9 Z16.4
G1 Z16.2
G1 E1.1 F2100
;TYPE:Inner wall
G1 F2735
G1 X119.1 Y155.9 E.2019
G1 X119.1 Y149.1 E.2019
G1 X125.9 Y149.1 E.2019
G1 X125.9 Y155.86 E.20071
SET_VELOCITY_LIMIT ACCEL=5000 ACCEL_TO_DECEL=2500
G1 X126.3 Y156.3 F30000
;TYPE:Outer wall
G1 F2735
G1 X118.7 Y156.3 E.22565
G1 X118.7 Y148.7 E.22565
G1 X126.3 Y148.7 E.22565
G1 X126.3 Y156.26 E.22447
SET_VELOCITY_LIMIT ACCEL=10000 ACCEL_TO_DECEL=5000
G1 E-1.1 F2100
G1 Z16.4 F30000
G1 X121.445 Y155.596 Z16.4
G1 Z16.2
G1 E1.1 F2100
;TYPE:Sparse infill
G1 F2735
G1 X122.873 Y155.596 E.04241
G1 X119.404 Y152.127 E.1457
G1 X119.404 Y149.404 E.08085
G1 X120.316 Y149.404 E.0271
G1 X125.596 Y154.684 E.22172
G1 X125.596 Y151.048 E.10795
G1 X123.952 Y149.404 E.06904
G1 X122.524 Y149.404 E.04241
; stop printing object stringing_test_8x8x30.stl id:0 copy 0
;LAYER_CHANGE
;Z:16.4
;HEIGHT:0.199999
;BEFORE_LAYER_CHANGE
;16.4
G92 E0

G1 E-1.1 F2100
;AFTER_LAYER_CHANGE
;16.4
SET_PRINT_STATS_INFO CURRENT_LAYER=82
;_SET_FAN_SPEED_CHANGING_LAYER
; printing object stringing_test_8x8x30.stl id:0 copy 0
G1 Z16.6 F30000
G1 X185.9 Y155.9 Z16.6
G1 Z16.4
G1 E1.1 F2100
;TYPE:Inner wall
G1 F2740
G1 X179.1 Y155.9 E.2019
G1 X179.1 Y149.1 E.2019
G1 X185.9 Y149.1 E.2019
G1 X185.9 Y155.86 E.20071
SET_VELOCITY_LIMIT ACCEL=5000 ACCEL_TO_DECEL=2500
G1 X186.3 Y156.3 F30000
;TYPE:Outer wall
G1 F2740
G1 X178.7 Y156.3 E.22565
G1 X178.7 Y148.7 E.22565
G1 X186.3 Y148.7 E.22565
G1 X186.3 Y156.26 E.22447
SET_VELOCITY_LIMIT ACCEL=10000 ACCEL_TO_DECEL=5000
G1 E-1.1 F2100
G1 Z16.6 F30000
G1 X182.642 Y155.596 Z16.6
G1 Z16.4
G1 E1.1 F2100
;TYPE:Sparse infill
G1 F2740
G1 X181.214 Y155.596 E.04241
G2 X180.678 Y154.947 I-2.051 J1.145 E.02514
G1 X179.404 Y154.065 E.04602
G1 X179.404 Y150.429 E.10795
G1 X180.678 Y151.311 E.04602
G1 X180.958 Y151.591 E.01177
G1 X182.216 Y153.409 E.06563
G1 X182.496 Y153.689 E.01177
G1 X184.314 Y154.947 E.06563
G3 X184.85 Y155.596 I-1.515 J1.795 E.02514
G1 X185.596 Y155.596 E.02216
G1 X185.596 Y153.04 E.07591
G1 X184.594 Y151.591 E.0523
G1 X184.314 Y151.311 E.01177
G1 X182.496 Y150.053 E.06563
G3 X181.96 Y149.404 I1.515 J-1.795 E.02514
G1 X183.389 Y149.404 E.04241
G1 E-1.1 F2100
G1 Z16.6 F30000
G1 X125.9 Y155.9 Z16.6
G1 Z16.4
G1 E1.1 F2100
;TYPE:Inner wall
G1 F2740
G1 X119.1 Y155.9 E.2019
G1 X119.1 Y149.1 E.2019
G1 X125.9 Y149.1 E.2019
G1 X125.9 Y155.86 E.20071
SET_VELOCITY_LIMIT ACCEL=5000 ACCEL_TO_DECEL=2500
G1 X126.3 Y156.3 F30000
;TYPE:Outer wall
G1 F2740
G1 X118.7 Y156.3 E.22565
G1 X118.7 Y148.7 E.22565
G1 X126.3 Y148.7 E.22565
G1 X126.3 Y156.26 E.22447
SET_VELOCITY_LIMIT ACCEL=10000 ACCEL_TO_DECEL=5000
G1 E-1.1 F2100
M73 P56 R5
G1 Z16.6 F30000
G1 X121.611 Y155.596 Z16.6
G1 Z16.4
G1 E1.1 F2100
;TYPE:Sparse infill
G1 F2740
G1 X123.04 Y155.596 E.04241
G2 X122.504 Y154.947 I-2.051 J1.145 E.02514
G1 X120.686 Y153.689 E.06563
G1 X120.406 Y153.409 E.01177
G1 X119.404 Y151.96 E.0523
G1 X119.404 Y149.404 E.07591
G1 X120.15 Y149.404 E.02216
G2 X120.686 Y150.053 I2.051 J-1.145 E.02514
G1 X122.504 Y151.311 E.06563
G1 X122.784 Y151.591 E.01177
G1 X124.042 Y153.409 E.06563
G1 X124.322 Y153.689 E.01177
G1 X125.596 Y154.571 E.04602
G1 X125.596 Y150.935 E.10795
G1 X124.322 Y150.053 E.04602
G3 X123.786 Y149.404 I1.515 J-1.795 E.02514
G1 X122.358 Y149.404 E.04241
; stop printing object stringing_test_8x8x30.stl id:0 copy 0
;LAYER_CHANGE
;Z:16.6
;HEIGHT:0.200001
;BEFORE_LAYER_CHANGE
;16.6
G92 E0

G1 E-1.1 F2100
;AFTER_LAYER_CHANGE
;16.6
SET_PRINT_STATS_INFO CURRENT_LAYER=83
;_SET_FAN_SPEED_CHANGING_LAYER
; printing object stringing_test_8x8x30.stl id:0 copy 0
G1 Z16.8 F30000
G1 X185.9 Y155.9 Z16.8
G1 Z16.6
G1 E1.1 F2100
;TYPE:Inner wall
G1 F2918
G1 X179.1 Y155.9 E.2019
G1 X179.1 Y149.1 E.2019
G1 X185.9 Y149.1 E.2019
G1 X185.9 Y155.86 E.20071
SET_VELOCITY_LIMIT ACCEL=5000 ACCEL_TO_DECEL=2500
G1 X186.3 Y156.3 F30000
;TYPE:Outer wall
G1 F2918
G1 X178.7 Y156.3 E.22565
G1 X178.7 Y148.7 E.22565
G1 X186.3 Y148.7 E.22565
G1 X186.3 Y156.26 E.22447
SET_VELOCITY_LIMIT ACCEL=10000 ACCEL_TO_DECEL=5000
G1 E-1.1 F2100
G1 Z16.8 F30000
G1 X182.852 Y155.596 Z16.8
G1 Z16.6
G1 E1.1 F2100
;TYPE:Sparse infill
G1 F2918
G1 X181.424 Y155.596 E.04241
G1 X181.312 Y155.227 E.01146
G1 X180.678 Y154.593 E.02661
G1 X179.404 Y154.207 E.03955
G1 X179.404 Y150.571 E.10795
G1 X180.678 Y150.957 E.03955
G1 X181.312 Y151.591 E.02661
G1 X181.862 Y153.409 E.0564
G1 X182.496 Y154.043 E.02661
G1 X184.314 Y154.593 E.0564
G1 X184.948 Y155.227 E.02661
G1 X185.06 Y155.596 E.01146
G1 X185.596 Y155.596 E.01593
G1 X185.596 Y153.507 E.06204
G1 X185.498 Y153.409 E.00412
G1 X184.948 Y151.591 E.0564
G1 X184.314 Y150.957 E.02661
G1 X182.496 Y150.407 E.0564
G1 X181.862 Y149.773 E.02661
G1 X181.751 Y149.404 E.01146
G1 X185.386 Y149.404 E.10795
G2 X185.596 Y149.871 I.542 J.038 E.01585
G1 X185.596 Y151.3 E.04241
G1 E-1.1 F2100
G1 Z16.8 F30000
G1 X125.9 Y155.9 Z16.8
G1 Z16.6
G1 E1.1 F2100
;TYPE:Inner wall
G1 F2918
G1 X119.1 Y155.9 E.2019
G1 X119.1 Y149.1 E.2019
G1 X125.9 Y149.1 E.2019
G1 X125.9 Y155.86 E.20071
SET_VELOCITY_LIMIT ACCEL=5000 ACCEL_TO_DECEL=2500
G1 X126.3 Y156.3 F30000
;TYPE:Outer wall
G1 F2918
G1 X118.7 Y156.3 E.22565
G1 X118.7 Y148.7 E.22565
G1 X126.3 Y148.7 E.22565
G1 X126.3 Y156.26 E.22447
SET_VELOCITY_LIMIT ACCEL=10000 ACCEL_TO_DECEL=5000
G1 E-1.1 F2100
G1 Z16.8 F30000
G1 X119.404 Y153.7 Z16.8
G1 Z16.6
G1 E1.1 F2100
;TYPE:Sparse infill
G1 F2918
G1 X119.404 Y155.129 E.04241
G3 X119.614 Y155.596 I-.332 J.43 E.01585
G1 X123.249 Y155.596 E.10795
G1 X123.138 Y155.227 E.01146
G1 X122.504 Y154.593 E.02661
G1 X120.686 Y154.043 E.0564
G1 X120.052 Y153.409 E.02661
G1 X119.502 Y151.591 E.0564
G1 X119.404 Y151.493 E.00412
G1 X119.404 Y149.404 E.06204
G1 X119.94 Y149.404 E.01593
G1 X120.052 Y149.773 E.01146
G1 X120.686 Y150.407 E.02661
G1 X122.504 Y150.957 E.0564
G1 X123.138 Y151.591 E.02661
G1 X123.688 Y153.409 E.0564
G1 X124.322 Y154.043 E.02661
G1 X125.596 Y154.429 E.03955
G1 X125.596 Y150.793 E.10795
G1 X124.322 Y150.407 E.03955
G1 X123.688 Y149.773 E.02661
G1 X123.576 Y149.404 E.01146
G1 X122.148 Y149.404 E.04241
; stop printing object stringing_test_8x8x30.stl id:0 copy 0
;LAYER_CHANGE
;Z:16.8
;HEIGHT:0.199999
;BEFORE_LAYER_CHANGE
;16.8
G92 E0

G1 E-1.1 F2100
;AFTER_LAYER_CHANGE
;16.8
SET_PRINT_STATS_INFO CURRENT_LAYER=84
;_SET_FAN_SPEED_CHANGING_LAYER
; printing object stringing_test_8x8x30.stl id:0 copy 0
G1 Z17 F30000
G1 X185.9 Y155.9 Z17
G1 Z16.8
G1 E1.1 F2100
;TYPE:Inner wall
G1 F3015
G1 X179.1 Y155.9 E.2019
G1 X179.1 Y149.1 E.2019
G1 X185.9 Y149.1 E.2019
G1 X185.9 Y155.86 E.20071
SET_VELOCITY_LIMIT ACCEL=5000 ACCEL_TO_DECEL=2500
G1 X186.3 Y156.3 F30000
;TYPE:Outer wall
G1 F3015
G1 X178.7 Y156.3 E.22565
G1 X178.7 Y148.7 E.22565
G1 X186.3 Y148.7 E.22565
G1 X186.3 Y156.26 E.22447
SET_VELOCITY_LIMIT ACCEL=10000 ACCEL_TO_DECEL=5000
G1 E-1.1 F2100
G1 Z17 F30000
G1 X183.062 Y155.596 Z17
G1 Z16.8
G1 E1.1 F2100
;TYPE:Sparse infill
G1 F3015
G1 X181.634 Y155.596 E.04241
G1 X181.666 Y155.227 E.01101
G1 X180.678 Y154.24 E.04146
G1 X179.404 Y154.349 E.03799
G1 X179.404 Y150.714 E.10795
G1 X180.678 Y150.604 E.03799
G1 X181.666 Y151.591 E.04146
G1 X181.509 Y153.409 E.05418
G1 X182.496 Y154.396 E.04146
M73 P57 R5
G1 X184.314 Y154.24 E.05418
G1 X185.301 Y155.227 E.04146
G1 X185.27 Y155.596 E.01101
G1 X185.596 Y155.596 E.0097
G1 X185.596 Y153.861 E.05154
G1 X185.145 Y153.409 E.01897
G1 X185.301 Y151.591 E.05418
G1 X184.314 Y150.604 E.04146
G1 X182.496 Y150.76 E.05418
G1 X181.509 Y149.773 E.04146
G1 X181.541 Y149.404 E.01101
G1 X185.177 Y149.404 E.10795
G1 X185.145 Y149.773 E.01101
G1 X185.596 Y150.225 E.01897
G1 X185.596 Y151.653 E.04241
G1 E-1.1 F2100
G1 Z17 F30000
G1 X125.9 Y155.9 Z17
G1 Z16.8
G1 E1.1 F2100
;TYPE:Inner wall
G1 F3015
G1 X119.1 Y155.9 E.2019
G1 X119.1 Y149.1 E.2019
G1 X125.9 Y149.1 E.2019
G1 X125.9 Y155.86 E.20071
SET_VELOCITY_LIMIT ACCEL=5000 ACCEL_TO_DECEL=2500
G1 X126.3 Y156.3 F30000
;TYPE:Outer wall
G1 F3015
G1 X118.7 Y156.3 E.22565
G1 X118.7 Y148.7 E.22565
G1 X126.3 Y148.7 E.22565
G1 X126.3 Y156.26 E.22447
SET_VELOCITY_LIMIT ACCEL=10000 ACCEL_TO_DECEL=5000
G1 E-1.1 F2100
G1 Z17 F30000
G1 X119.404 Y153.347 Z17
G1 Z16.8
G1 E1.1 F2100
;TYPE:Sparse infill
G1 F3015
G1 X119.404 Y154.775 E.04241
G1 X119.855 Y155.227 E.01897
G1 X119.823 Y155.596 E.01101
G1 X123.459 Y155.596 E.10795
G1 X123.491 Y155.227 E.01101
G1 X122.504 Y154.24 E.04146
G1 X120.686 Y154.396 E.05418
G1 X119.699 Y153.409 E.04146
G1 X119.855 Y151.591 E.05418
G1 X119.404 Y151.139 E.01897
G1 X119.404 Y149.404 E.05154
G1 X119.73 Y149.404 E.0097
G1 X119.699 Y149.773 E.01101
G1 X120.686 Y150.76 E.04146
G1 X122.504 Y150.604 E.05418
G1 X123.491 Y151.591 E.04146
G1 X123.334 Y153.409 E.05418
G1 X124.322 Y154.396 E.04146
G1 X125.596 Y154.286 E.03799
G1 X125.596 Y150.651 E.10795
G1 X124.322 Y150.76 E.03799
G1 X123.334 Y149.773 E.04146
G1 X123.366 Y149.404 E.01101
G1 X121.938 Y149.404 E.04241
; stop printing object stringing_test_8x8x30.stl id:0 copy 0
;LAYER_CHANGE
;Z:17
;HEIGHT:0.200001
;BEFORE_LAYER_CHANGE
;17
G92 E0

G1 E-1.1 F2100
;AFTER_LAYER_CHANGE
;17
SET_PRINT_STATS_INFO CURRENT_LAYER=85
;_SET_FAN_SPEED_CHANGING_LAYER
; printing object stringing_test_8x8x30.stl id:0 copy 0
G1 Z17.2 F30000
G1 X185.9 Y155.9 Z17.2
G1 Z17
G1 E1.1 F2100
;TYPE:Inner wall
G1 F2958
G1 X179.1 Y155.9 E.2019
G1 X179.1 Y149.1 E.2019
G1 X185.9 Y149.1 E.2019
G1 X185.9 Y155.86 E.20071
SET_VELOCITY_LIMIT ACCEL=5000 ACCEL_TO_DECEL=2500
G1 X186.3 Y156.3 F30000
;TYPE:Outer wall
G1 F2958
G1 X178.7 Y156.3 E.22565
G1 X178.7 Y148.7 E.22565
G1 X186.3 Y148.7 E.22565
G1 X186.3 Y156.26 E.22447
SET_VELOCITY_LIMIT ACCEL=10000 ACCEL_TO_DECEL=5000
G1 E-1.1 F2100
G1 Z17.2 F30000
G1 X185.596 Y153.494 Z17.2
G1 Z17
G1 E1.1 F2100
;TYPE:Sparse infill
G1 F2958
G1 X185.596 Y154.922 E.04241
G1 X185.291 Y155.227 E.01281
G1 X185.264 Y155.596 E.011
G1 X181.628 Y155.596 E.10795
G1 X181.656 Y155.227 E.011
G1 X182.496 Y154.386 E.0353
G1 X184.314 Y154.25 E.05413
G1 X185.155 Y153.409 E.0353
G1 X185.291 Y151.591 E.05413
G1 X185.596 Y151.286 E.01281
G1 X185.596 Y149.404 E.05589
G1 X185.183 Y149.404 E.01229
G1 X185.155 Y149.773 E.011
G1 X184.314 Y150.614 E.0353
G1 X182.496 Y150.75 E.05413
G1 X181.656 Y151.591 E.0353
G1 X181.519 Y153.409 E.05413
G1 X180.678 Y154.25 E.0353
G1 X179.404 Y154.345 E.03796
G1 X179.404 Y150.71 E.10795
G1 X180.678 Y150.614 E.03796
G1 X181.519 Y149.773 E.0353
G1 X181.547 Y149.404 E.011
G1 X182.975 Y149.404 E.04241
G1 E-1.1 F2100
G1 Z17.2 F30000
G1 X125.9 Y155.9 Z17.2
G1 Z17
G1 E1.1 F2100
;TYPE:Inner wall
G1 F2958
G1 X119.1 Y155.9 E.2019
G1 X119.1 Y149.1 E.2019
G1 X125.9 Y149.1 E.2019
G1 X125.9 Y155.86 E.20071
SET_VELOCITY_LIMIT ACCEL=5000 ACCEL_TO_DECEL=2500
G1 X126.3 Y156.3 F30000
;TYPE:Outer wall
G1 F2958
G1 X118.7 Y156.3 E.22565
G1 X118.7 Y148.7 E.22565
G1 X126.3 Y148.7 E.22565
G1 X126.3 Y156.26 E.22447
SET_VELOCITY_LIMIT ACCEL=10000 ACCEL_TO_DECEL=5000
G1 E-1.1 F2100
G1 Z17.2 F30000
G1 X122.025 Y155.596 Z17.2
G1 Z17
G1 E1.1 F2100
;TYPE:Sparse infill
G1 F2958
G1 X123.453 Y155.596 E.04241
G1 X123.481 Y155.227 E.011
G1 X124.322 Y154.386 E.0353
G1 X125.596 Y154.29 E.03796
G1 X125.596 Y150.655 E.10795
G1 X124.322 Y150.75 E.03796
G1 X123.481 Y151.591 E.0353
G1 X123.344 Y153.409 E.05413
G1 X122.504 Y154.25 E.0353
G1 X120.686 Y154.386 E.05413
G1 X119.845 Y155.227 E.0353
G1 X119.817 Y155.596 E.011
G1 X119.404 Y155.596 E.01229
G1 X119.404 Y153.714 E.05589
G1 X119.709 Y153.409 E.01281
G1 X119.845 Y151.591 E.05413
G1 X120.686 Y150.75 E.0353
G1 X122.504 Y150.614 E.05413
G1 X123.344 Y149.773 E.0353
M73 P58 R5
G1 X123.372 Y149.404 E.011
G1 X119.736 Y149.404 E.10795
G1 X119.709 Y149.773 E.011
G1 X119.404 Y150.078 E.01281
G1 X119.404 Y151.506 E.04241
; stop printing object stringing_test_8x8x30.stl id:0 copy 0
;LAYER_CHANGE
;Z:17.2
;HEIGHT:0.200001
;BEFORE_LAYER_CHANGE
;17.2
G92 E0

G1 E-1.1 F2100
;AFTER_LAYER_CHANGE
;17.2
SET_PRINT_STATS_INFO CURRENT_LAYER=86
;_SET_FAN_SPEED_CHANGING_LAYER
; printing object stringing_test_8x8x30.stl id:0 copy 0
G1 Z17.4 F30000
G1 X185.9 Y155.9 Z17.4
G1 Z17.2
G1 E1.1 F2100
;TYPE:Inner wall
G1 F2881
G1 X179.1 Y155.9 E.2019
G1 X179.1 Y149.1 E.2019
G1 X185.9 Y149.1 E.2019
G1 X185.9 Y155.86 E.20071
SET_VELOCITY_LIMIT ACCEL=5000 ACCEL_TO_DECEL=2500
G1 X186.3 Y156.3 F30000
;TYPE:Outer wall
G1 F2881
G1 X178.7 Y156.3 E.22565
G1 X178.7 Y148.7 E.22565
G1 X186.3 Y148.7 E.22565
G1 X186.3 Y156.26 E.22447
SET_VELOCITY_LIMIT ACCEL=10000 ACCEL_TO_DECEL=5000
G1 E-1.1 F2100
G1 Z17.4 F30000
G1 X185.596 Y153.903 Z17.4
G1 Z17.2
G1 E1.1 F2100
;TYPE:Sparse infill
G1 F2881
G1 X185.596 Y155.331 E.04241
G1 X185.473 Y155.596 E.00868
G1 X181.838 Y155.596 E.10795
G3 X182.496 Y154.74 I1.5 J.471 E.03275
G1 X184.314 Y153.896 E.05951
G1 X184.801 Y153.409 E.02045
G1 X185.596 Y151.696 E.05609
G1 X185.596 Y149.404 E.06805
G1 X184.973 Y149.404 E.01852
G3 X184.314 Y150.26 I-1.5 J-.471 E.03275
G1 X182.496 Y151.104 E.05951
G1 X182.009 Y151.591 E.02045
G1 X181.165 Y153.409 E.05951
G1 X180.678 Y153.896 E.02045
G1 X179.404 Y154.488 E.04173
G1 X179.404 Y150.852 E.10795
G1 X180.678 Y150.26 E.04173
G2 X181.337 Y149.404 I-.841 J-1.328 E.03275
G1 X182.765 Y149.404 E.04241
G1 E-1.1 F2100
G1 Z17.4 F30000
G1 X125.9 Y155.9 Z17.4
G1 Z17.2
G1 E1.1 F2100
;TYPE:Inner wall
G1 F2881
G1 X119.1 Y155.9 E.2019
G1 X119.1 Y149.1 E.2019
G1 X125.9 Y149.1 E.2019
G1 X125.9 Y155.86 E.20071
SET_VELOCITY_LIMIT ACCEL=5000 ACCEL_TO_DECEL=2500
G1 X126.3 Y156.3 F30000
;TYPE:Outer wall
G1 F2881
G1 X118.7 Y156.3 E.22565
G1 X118.7 Y148.7 E.22565
G1 X126.3 Y148.7 E.22565
G1 X126.3 Y156.26 E.22447
SET_VELOCITY_LIMIT ACCEL=10000 ACCEL_TO_DECEL=5000
G1 E-1.1 F2100
G1 Z17.4 F30000
G1 X122.235 Y155.596 Z17.4
G1 Z17.2
G1 E1.1 F2100
;TYPE:Sparse infill
G1 F2881
G1 X123.663 Y155.596 E.04241
G3 X124.322 Y154.74 I1.5 J.471 E.03275
G1 X125.596 Y154.148 E.04173
G1 X125.596 Y150.512 E.10795
G1 X124.322 Y151.104 E.04173
G1 X123.835 Y151.591 E.02045
G1 X122.991 Y153.409 E.05951
G1 X122.504 Y153.896 E.02045
G1 X120.686 Y154.74 E.05951
G2 X120.027 Y155.596 I.841 J1.328 E.03275
G1 X119.404 Y155.596 E.01852
G1 X119.404 Y153.304 E.06805
G1 X120.199 Y151.591 E.05609
G1 X120.686 Y151.104 E.02045
G1 X122.504 Y150.26 E.05951
G2 X123.162 Y149.404 I-.841 J-1.328 E.03275
G1 X119.527 Y149.404 E.10795
G1 X119.404 Y149.669 E.00867
G1 X119.404 Y151.097 E.04241
; stop printing object stringing_test_8x8x30.stl id:0 copy 0
;LAYER_CHANGE
;Z:17.4
;HEIGHT:0.199999
;BEFORE_LAYER_CHANGE
;17.4
G92 E0

G1 E-1.1 F2100
;AFTER_LAYER_CHANGE
;17.4
SET_PRINT_STATS_INFO CURRENT_LAYER=87
;_SET_FAN_SPEED_CHANGING_LAYER
; printing object stringing_test_8x8x30.stl id:0 copy 0
G1 Z17.6 F30000
G1 X185.9 Y155.9 Z17.6
G1 Z17.4
G1 E1.1 F2100
;TYPE:Inner wall
G1 F2730
G1 X179.1 Y155.9 E.2019
G1 X179.1 Y149.1 E.2019
G1 X185.9 Y149.1 E.2019
G1 X185.9 Y155.86 E.20071
SET_VELOCITY_LIMIT ACCEL=5000 ACCEL_TO_DECEL=2500
G1 X186.3 Y156.3 F30000
;TYPE:Outer wall
G1 F2730
G1 X178.7 Y156.3 E.22565
G1 X178.7 Y148.7 E.22565
G1 X186.3 Y148.7 E.22565
G1 X186.3 Y156.26 E.22447
SET_VELOCITY_LIMIT ACCEL=10000 ACCEL_TO_DECEL=5000
G1 E-1.1 F2100
G1 Z17.6 F30000
G1 X183.555 Y155.596 Z17.6
G1 Z17.4
G1 E1.1 F2100
;TYPE:Sparse infill
G1 F2730
G1 X182.127 Y155.596 E.04241
G1 X185.596 Y152.127 E.1457
G1 X185.596 Y149.404 E.08085
G1 X184.684 Y149.404 E.0271
G1 X179.404 Y154.684 E.22172
G1 X179.404 Y151.048 E.10795
G1 X181.048 Y149.404 E.06904
G1 X182.476 Y149.404 E.04241
G1 E-1.1 F2100
G1 Z17.6 F30000
G1 X125.9 Y155.9 Z17.6
G1 Z17.4
M73 P59 R5
G1 E1.1 F2100
;TYPE:Inner wall
G1 F2730
G1 X119.1 Y155.9 E.2019
G1 X119.1 Y149.1 E.2019
G1 X125.9 Y149.1 E.2019
G1 X125.9 Y155.86 E.20071
SET_VELOCITY_LIMIT ACCEL=5000 ACCEL_TO_DECEL=2500
G1 X126.3 Y156.3 F30000
;TYPE:Outer wall
G1 F2730
G1 X118.7 Y156.3 E.22565
G1 X118.7 Y148.7 E.22565
G1 X126.3 Y148.7 E.22565
G1 X126.3 Y156.26 E.22447
SET_VELOCITY_LIMIT ACCEL=10000 ACCEL_TO_DECEL=5000
G1 E-1.1 F2100
G1 Z17.6 F30000
G1 X125.596 Y152.524 Z17.6
G1 Z17.4
G1 E1.1 F2100
;TYPE:Sparse infill
G1 F2730
G1 X125.596 Y153.952 E.04241
G1 X123.952 Y155.596 E.06904
G1 X120.316 Y155.596 E.10795
G1 X125.596 Y150.316 E.22172
G1 X125.596 Y149.404 E.0271
G1 X122.873 Y149.404 E.08085
G1 X119.404 Y152.873 E.1457
G1 X119.404 Y151.445 E.04241
; stop printing object stringing_test_8x8x30.stl id:0 copy 0
;LAYER_CHANGE
;Z:17.6
;HEIGHT:0.200001
;BEFORE_LAYER_CHANGE
;17.6
G92 E0

G1 E-1.1 F2100
;AFTER_LAYER_CHANGE
;17.6
SET_PRINT_STATS_INFO CURRENT_LAYER=88
;_SET_FAN_SPEED_CHANGING_LAYER
; printing object stringing_test_8x8x30.stl id:0 copy 0
G1 Z17.8 F30000
G1 X185.9 Y155.9 Z17.8
G1 Z17.6
G1 E1.1 F2100
;TYPE:Inner wall
G1 F2730
G1 X179.1 Y155.9 E.2019
G1 X179.1 Y149.1 E.2019
G1 X185.9 Y149.1 E.2019
G1 X185.9 Y155.86 E.20071
SET_VELOCITY_LIMIT ACCEL=5000 ACCEL_TO_DECEL=2500
G1 X186.3 Y156.3 F30000
;TYPE:Outer wall
G1 F2730
G1 X178.7 Y156.3 E.22565
G1 X178.7 Y148.7 E.22565
G1 X186.3 Y148.7 E.22565
G1 X186.3 Y156.26 E.22447
SET_VELOCITY_LIMIT ACCEL=10000 ACCEL_TO_DECEL=5000
G1 E-1.1 F2100
G1 Z17.8 F30000
G1 X183.555 Y155.596 Z17.8
G1 Z17.6
G1 E1.1 F2100
;TYPE:Sparse infill
G1 F2730
G1 X182.127 Y155.596 E.04241
G1 X185.596 Y152.127 E.1457
G1 X185.596 Y149.404 E.08085
G1 X184.684 Y149.404 E.0271
G1 X179.404 Y154.684 E.22172
G1 X179.404 Y151.048 E.10795
G1 X181.048 Y149.404 E.06904
G1 X182.476 Y149.404 E.04241
G1 E-1.1 F2100
G1 Z17.8 F30000
G1 X125.9 Y155.9 Z17.8
G1 Z17.6
G1 E1.1 F2100
;TYPE:Inner wall
G1 F2730
G1 X119.1 Y155.9 E.2019
G1 X119.1 Y149.1 E.2019
G1 X125.9 Y149.1 E.2019
G1 X125.9 Y155.86 E.20071
SET_VELOCITY_LIMIT ACCEL=5000 ACCEL_TO_DECEL=2500
G1 X126.3 Y156.3 F30000
;TYPE:Outer wall
G1 F2730
G1 X118.7 Y156.3 E.22565
G1 X118.7 Y148.7 E.22565
G1 X126.3 Y148.7 E.22565
G1 X126.3 Y156.26 E.22447
SET_VELOCITY_LIMIT ACCEL=10000 ACCEL_TO_DECEL=5000
G1 E-1.1 F2100
G1 Z17.8 F30000
G1 X125.596 Y152.524 Z17.8
G1 Z17.6
G1 E1.1 F2100
;TYPE:Sparse infill
G1 F2730
G1 X125.596 Y153.952 E.04241
G1 X123.952 Y155.596 E.06904
G1 X120.316 Y155.596 E.10795
G1 X125.596 Y150.316 E.22172
G1 X125.596 Y149.404 E.0271
G1 X122.873 Y149.404 E.08085
G1 X119.404 Y152.873 E.1457
G1 X119.404 Y151.445 E.04241
; stop printing object stringing_test_8x8x30.stl id:0 copy 0
;LAYER_CHANGE
;Z:17.8
;HEIGHT:0.199999
;BEFORE_LAYER_CHANGE
;17.8
G92 E0

G1 E-1.1 F2100
;AFTER_LAYER_CHANGE
;17.8
SET_PRINT_STATS_INFO CURRENT_LAYER=89
;_SET_FAN_SPEED_CHANGING_LAYER
; printing object stringing_test_8x8x30.stl id:0 copy 0
G1 Z18 F30000
G1 X185.9 Y155.9 Z18
G1 Z17.8
G1 E1.1 F2100
;TYPE:Inner wall
G1 F2730
G1 X179.1 Y155.9 E.2019
G1 X179.1 Y149.1 E.2019
G1 X185.9 Y149.1 E.2019
M73 P60 R5
G1 X185.9 Y155.86 E.20071
SET_VELOCITY_LIMIT ACCEL=5000 ACCEL_TO_DECEL=2500
G1 X186.3 Y156.3 F30000
;TYPE:Outer wall
G1 F2730
G1 X178.7 Y156.3 E.22565
G1 X178.7 Y148.7 E.22565
G1 X186.3 Y148.7 E.22565
G1 X186.3 Y156.26 E.22447
SET_VELOCITY_LIMIT ACCEL=10000 ACCEL_TO_DECEL=5000
G1 E-1.1 F2100
G1 Z18 F30000
G1 X183.555 Y155.596 Z18
G1 Z17.8
G1 E1.1 F2100
;TYPE:Sparse infill
G1 F2730
G1 X182.127 Y155.596 E.04241
G1 X185.596 Y152.127 E.1457
G1 X185.596 Y149.404 E.08085
G1 X184.684 Y149.404 E.0271
G1 X179.404 Y154.684 E.22172
G1 X179.404 Y151.048 E.10795
G1 X181.048 Y149.404 E.06904
G1 X182.476 Y149.404 E.04241
G1 E-1.1 F2100
G1 Z18 F30000
G1 X125.9 Y155.9 Z18
G1 Z17.8
G1 E1.1 F2100
;TYPE:Inner wall
G1 F2730
G1 X119.1 Y155.9 E.2019
G1 X119.1 Y149.1 E.2019
G1 X125.9 Y149.1 E.2019
G1 X125.9 Y155.86 E.20071
SET_VELOCITY_LIMIT ACCEL=5000 ACCEL_TO_DECEL=2500
G1 X126.3 Y156.3 F30000
;TYPE:Outer wall
G1 F2730
G1 X118.7 Y156.3 E.22565
G1 X118.7 Y148.7 E.22565
G1 X126.3 Y148.7 E.22565
G1 X126.3 Y156.26 E.22447
SET_VELOCITY_LIMIT ACCEL=10000 ACCEL_TO_DECEL=5000
G1 E-1.1 F2100
M73 P60 R4
G1 Z18 F30000
G1 X125.596 Y152.524 Z18
G1 Z17.8
G1 E1.1 F2100
;TYPE:Sparse infill
G1 F2730
G1 X125.596 Y153.952 E.04241
G1 X123.952 Y155.596 E.06904
G1 X120.316 Y155.596 E.10795
G1 X125.596 Y150.316 E.22172
G1 X125.596 Y149.404 E.0271
G1 X122.873 Y149.404 E.08085
G1 X119.404 Y152.873 E.1457
G1 X119.404 Y151.445 E.04241
; stop printing object stringing_test_8x8x30.stl id:0 copy 0
;LAYER_CHANGE
;Z:18
;HEIGHT:0.200001
;BEFORE_LAYER_CHANGE
;18
G92 E0

G1 E-1.1 F2100
;AFTER_LAYER_CHANGE
;18
SET_PRINT_STATS_INFO CURRENT_LAYER=90
;_SET_FAN_SPEED_CHANGING_LAYER
; printing object stringing_test_8x8x30.stl id:0 copy 0
G1 Z18.2 F30000
G1 X185.9 Y155.9 Z18.2
G1 Z18
G1 E1.1 F2100
;TYPE:Inner wall
G1 F2730
G1 X179.1 Y155.9 E.2019
G1 X179.1 Y149.1 E.2019
G1 X185.9 Y149.1 E.2019
G1 X185.9 Y155.86 E.20071
SET_VELOCITY_LIMIT ACCEL=5000 ACCEL_TO_DECEL=2500
G1 X186.3 Y156.3 F30000
;TYPE:Outer wall
G1 F2730
G1 X178.7 Y156.3 E.22565
G1 X178.7 Y148.7 E.22565
G1 X186.3 Y148.7 E.22565
G1 X186.3 Y156.26 E.22447
SET_VELOCITY_LIMIT ACCEL=10000 ACCEL_TO_DECEL=5000
G1 E-1.1 F2100
G1 Z18.2 F30000
G1 X183.555 Y155.596 Z18.2
G1 Z18
G1 E1.1 F2100
;TYPE:Sparse infill
G1 F2730
G1 X182.127 Y155.596 E.04241
G1 X185.596 Y152.127 E.1457
G1 X185.596 Y149.404 E.08085
G1 X184.684 Y149.404 E.0271
G1 X179.404 Y154.684 E.22172
G1 X179.404 Y151.048 E.10795
G1 X181.048 Y149.404 E.06904
G1 X182.476 Y149.404 E.04241
G1 E-1.1 F2100
G1 Z18.2 F30000
G1 X125.9 Y155.9 Z18.2
G1 Z18
G1 E1.1 F2100
;TYPE:Inner wall
G1 F2730
G1 X119.1 Y155.9 E.2019
G1 X119.1 Y149.1 E.2019
G1 X125.9 Y149.1 E.2019
G1 X125.9 Y155.86 E.20071
SET_VELOCITY_LIMIT ACCEL=5000 ACCEL_TO_DECEL=2500
G1 X126.3 Y156.3 F30000
;TYPE:Outer wall
G1 F2730
G1 X118.7 Y156.3 E.22565
G1 X118.7 Y148.7 E.22565
M73 P61 R4
G1 X126.3 Y148.7 E.22565
G1 X126.3 Y156.26 E.22447
SET_VELOCITY_LIMIT ACCEL=10000 ACCEL_TO_DECEL=5000
G1 E-1.1 F2100
G1 Z18.2 F30000
G1 X125.596 Y152.524 Z18.2
G1 Z18
G1 E1.1 F2100
;TYPE:Sparse infill
G1 F2730
G1 X125.596 Y153.952 E.04241
G1 X123.952 Y155.596 E.06904
G1 X120.316 Y155.596 E.10795
G1 X125.596 Y150.316 E.22172
G1 X125.596 Y149.404 E.0271
G1 X122.873 Y149.404 E.08085
G1 X119.404 Y152.873 E.1457
G1 X119.404 Y151.445 E.04241
; stop printing object stringing_test_8x8x30.stl id:0 copy 0
;LAYER_CHANGE
;Z:18.2
;HEIGHT:0.200001
;BEFORE_LAYER_CHANGE
;18.2
G92 E0

G1 E-1.1 F2100
;AFTER_LAYER_CHANGE
;18.2
SET_PRINT_STATS_INFO CURRENT_LAYER=91
;_SET_FAN_SPEED_CHANGING_LAYER
; printing object stringing_test_8x8x30.stl id:0 copy 0
G1 Z18.4 F30000
G1 X185.9 Y155.9 Z18.4
G1 Z18.2
G1 E1.1 F2100
;TYPE:Inner wall
G1 F2730
G1 X179.1 Y155.9 E.2019
G1 X179.1 Y149.1 E.2019
G1 X185.9 Y149.1 E.2019
G1 X185.9 Y155.86 E.20071
SET_VELOCITY_LIMIT ACCEL=5000 ACCEL_TO_DECEL=2500
G1 X186.3 Y156.3 F30000
;TYPE:Outer wall
G1 F2730
G1 X178.7 Y156.3 E.22565
G1 X178.7 Y148.7 E.22565
G1 X186.3 Y148.7 E.22565
G1 X186.3 Y156.26 E.22447
SET_VELOCITY_LIMIT ACCEL=10000 ACCEL_TO_DECEL=5000
G1 E-1.1 F2100
G1 Z18.4 F30000
G1 X183.555 Y155.596 Z18.4
G1 Z18.2
G1 E1.1 F2100
;TYPE:Sparse infill
G1 F2730
G1 X182.127 Y155.596 E.04241
G1 X185.596 Y152.127 E.1457
G1 X185.596 Y149.404 E.08085
G1 X184.684 Y149.404 E.0271
G1 X179.404 Y154.684 E.22172
G1 X179.404 Y151.048 E.10795
G1 X181.048 Y149.404 E.06904
G1 X182.476 Y149.404 E.04241
G1 E-1.1 F2100
G1 Z18.4 F30000
G1 X125.9 Y155.9 Z18.4
G1 Z18.2
G1 E1.1 F2100
;TYPE:Inner wall
G1 F2730
G1 X119.1 Y155.9 E.2019
G1 X119.1 Y149.1 E.2019
G1 X125.9 Y149.1 E.2019
G1 X125.9 Y155.86 E.20071
SET_VELOCITY_LIMIT ACCEL=5000 ACCEL_TO_DECEL=2500
G1 X126.3 Y156.3 F30000
;TYPE:Outer wall
G1 F2730
G1 X118.7 Y156.3 E.22565
G1 X118.7 Y148.7 E.22565
G1 X126.3 Y148.7 E.22565
G1 X126.3 Y156.26 E.22447
SET_VELOCITY_LIMIT ACCEL=10000 ACCEL_TO_DECEL=5000
G1 E-1.1 F2100
G1 Z18.4 F30000
G1 X125.596 Y152.524 Z18.4
G1 Z18.2
G1 E1.1 F2100
;TYPE:Sparse infill
G1 F2730
G1 X125.596 Y153.952 E.04241
G1 X123.952 Y155.596 E.06904
G1 X120.316 Y155.596 E.10795
G1 X125.596 Y150.316 E.22172
G1 X125.596 Y149.404 E.0271
G1 X122.873 Y149.404 E.08085
G1 X119.404 Y152.873 E.1457
G1 X119.404 Y151.445 E.04241
; stop printing object stringing_test_8x8x30.stl id:0 copy 0
;LAYER_CHANGE
;Z:18.4
;HEIGHT:0.199999
;BEFORE_LAYER_CHANGE
;18.4
G92 E0

G1 E-1.1 F2100
;AFTER_LAYER_CHANGE
;18.4
SET_PRINT_STATS_INFO CURRENT_LAYER=92
;_SET_FAN_SPEED_CHANGING_LAYER
; printing object stringing_test_8x8x30.stl id:0 copy 0
G1 Z18.6 F30000
G1 X185.9 Y155.9 Z18.6
G1 Z18.4
G1 E1.1 F2100
;TYPE:Inner wall
G1 F2730
G1 X179.1 Y155.9 E.2019
G1 X179.1 Y149.1 E.2019
G1 X185.9 Y149.1 E.2019
G1 X185.9 Y155.86 E.20071
SET_VELOCITY_LIMIT ACCEL=5000 ACCEL_TO_DECEL=2500
G1 X186.3 Y156.3 F30000
;TYPE:Outer wall
G1 F2730
G1 X178.7 Y156.3 E.22565
G1 X178.7 Y148.7 E.22565
G1 X186.3 Y148.7 E.22565
G1 X186.3 Y156.26 E.22447
SET_VELOCITY_LIMIT ACCEL=10000 ACCEL_TO_DECEL=5000
G1 E-1.1 F2100
M73 P62 R4
G1 Z18.6 F30000
G1 X183.555 Y155.596 Z18.6
G1 Z18.4
G1 E1.1 F2100
;TYPE:Sparse infill
G1 F2730
G1 X182.127 Y155.596 E.04241
G1 X185.596 Y152.127 E.1457
G1 X185.596 Y149.404 E.08085
G1 X184.684 Y149.404 E.0271
G1 X179.404 Y154.684 E.22172
G1 X179.404 Y151.048 E.10795
G1 X181.048 Y149.404 E.06904
G1 X182.476 Y149.404 E.04241
G1 E-1.1 F2100
G1 Z18.6 F30000
G1 X125.9 Y155.9 Z18.6
G1 Z18.4
G1 E1.1 F2100
;TYPE:Inner wall
G1 F2730
G1 X119.1 Y155.9 E.2019
G1 X119.1 Y149.1 E.2019
G1 X125.9 Y149.1 E.2019
G1 X125.9 Y155.86 E.20071
SET_VELOCITY_LIMIT ACCEL=5000 ACCEL_TO_DECEL=2500
G1 X126.3 Y156.3 F30000
;TYPE:Outer wall
G1 F2730
G1 X118.7 Y156.3 E.22565
G1 X118.7 Y148.7 E.22565
G1 X126.3 Y148.7 E.22565
G1 X126.3 Y156.26 E.22447
SET_VELOCITY_LIMIT ACCEL=10000 ACCEL_TO_DECEL=5000
G1 E-1.1 F2100
G1 Z18.6 F30000
G1 X125.596 Y152.524 Z18.6
G1 Z18.4
G1 E1.1 F2100
;TYPE:Sparse infill
G1 F2730
G1 X125.596 Y153.952 E.04241
G1 X123.952 Y155.596 E.06904
G1 X120.316 Y155.596 E.10795
G1 X125.596 Y150.316 E.22172
G1 X125.596 Y149.404 E.0271
G1 X122.873 Y149.404 E.08085
G1 X119.404 Y152.873 E.1457
G1 X119.404 Y151.445 E.04241
; stop printing object stringing_test_8x8x30.stl id:0 copy 0
;LAYER_CHANGE
;Z:18.6
;HEIGHT:0.200001
;BEFORE_LAYER_CHANGE
;18.6
G92 E0

G1 E-1.1 F2100
;AFTER_LAYER_CHANGE
;18.6
SET_PRINT_STATS_INFO CURRENT_LAYER=93
;_SET_FAN_SPEED_CHANGING_LAYER
; printing object stringing_test_8x8x30.stl id:0 copy 0
G1 Z18.8 F30000
G1 X185.9 Y155.9 Z18.8
G1 Z18.6
G1 E1.1 F2100
;TYPE:Inner wall
G1 F2730
G1 X179.1 Y155.9 E.2019
G1 X179.1 Y149.1 E.2019
G1 X185.9 Y149.1 E.2019
G1 X185.9 Y155.86 E.20071
SET_VELOCITY_LIMIT ACCEL=5000 ACCEL_TO_DECEL=2500
G1 X186.3 Y156.3 F30000
;TYPE:Outer wall
G1 F2730
G1 X178.7 Y156.3 E.22565
G1 X178.7 Y148.7 E.22565
G1 X186.3 Y148.7 E.22565
G1 X186.3 Y156.26 E.22447
SET_VELOCITY_LIMIT ACCEL=10000 ACCEL_TO_DECEL=5000
G1 E-1.1 F2100
G1 Z18.8 F30000
G1 X183.555 Y155.596 Z18.8
G1 Z18.6
G1 E1.1 F2100
;TYPE:Sparse infill
G1 F2730
G1 X182.127 Y155.596 E.04241
G1 X185.596 Y152.127 E.1457
G1 X185.596 Y149.404 E.08085
G1 X184.684 Y149.404 E.0271
G1 X179.404 Y154.684 E.22172
G1 X179.404 Y151.048 E.10795
G1 X181.048 Y149.404 E.06904
G1 X182.476 Y149.404 E.04241
G1 E-1.1 F2100
G1 Z18.8 F30000
G1 X125.9 Y155.9 Z18.8
G1 Z18.6
G1 E1.1 F2100
;TYPE:Inner wall
G1 F2730
G1 X119.1 Y155.9 E.2019
G1 X119.1 Y149.1 E.2019
G1 X125.9 Y149.1 E.2019
G1 X125.9 Y155.86 E.20071
SET_VELOCITY_LIMIT ACCEL=5000 ACCEL_TO_DECEL=2500
G1 X126.3 Y156.3 F30000
;TYPE:Outer wall
G1 F2730
G1 X118.7 Y156.3 E.22565
G1 X118.7 Y148.7 E.22565
G1 X126.3 Y148.7 E.22565
G1 X126.3 Y156.26 E.22447
SET_VELOCITY_LIMIT ACCEL=10000 ACCEL_TO_DECEL=5000
G1 E-1.1 F2100
G1 Z18.8 F30000
G1 X125.596 Y152.524 Z18.8
G1 Z18.6
G1 E1.1 F2100
;TYPE:Sparse infill
G1 F2730
G1 X125.596 Y153.952 E.04241
G1 X123.952 Y155.596 E.06904
G1 X120.316 Y155.596 E.10795
G1 X125.596 Y150.316 E.22172
M73 P63 R4
G1 X125.596 Y149.404 E.0271
G1 X122.873 Y149.404 E.08085
G1 X119.404 Y152.873 E.1457
G1 X119.404 Y151.445 E.04241
; stop printing object stringing_test_8x8x30.stl id:0 copy 0
;LAYER_CHANGE
;Z:18.8
;HEIGHT:0.199999
;BEFORE_LAYER_CHANGE
;18.8
G92 E0

G1 E-1.1 F2100
;AFTER_LAYER_CHANGE
;18.8
SET_PRINT_STATS_INFO CURRENT_LAYER=94
;_SET_FAN_SPEED_CHANGING_LAYER
; printing object stringing_test_8x8x30.stl id:0 copy 0
G1 Z19 F30000
G1 X185.9 Y155.9 Z19
G1 Z18.8
G1 E1.1 F2100
;TYPE:Inner wall
G1 F2739
G1 X179.1 Y155.9 E.2019
G1 X179.1 Y149.1 E.2019
G1 X185.9 Y149.1 E.2019
G1 X185.9 Y155.86 E.20071
SET_VELOCITY_LIMIT ACCEL=5000 ACCEL_TO_DECEL=2500
G1 X186.3 Y156.3 F30000
;TYPE:Outer wall
G1 F2739
G1 X178.7 Y156.3 E.22565
G1 X178.7 Y148.7 E.22565
G1 X186.3 Y148.7 E.22565
G1 X186.3 Y156.26 E.22447
SET_VELOCITY_LIMIT ACCEL=10000 ACCEL_TO_DECEL=5000
G1 E-1.1 F2100
G1 Z19 F30000
G1 X183.373 Y155.596 Z19
G1 Z18.8
G1 E1.1 F2100
;TYPE:Sparse infill
G1 F2739
G1 X181.945 Y155.596 E.04241
G3 X182.496 Y154.92 I1.941 J1.02 E.02609
G1 X184.314 Y153.716 E.06474
G1 X184.621 Y153.409 E.01289
G1 X185.596 Y151.936 E.05245
G1 X185.596 Y149.404 E.0752
G1 X184.866 Y149.404 E.02169
G3 X184.314 Y150.08 I-1.941 J-1.02 E.02609
G1 X182.496 Y151.284 E.06474
G1 X182.189 Y151.591 E.01289
G1 X180.985 Y153.409 E.06474
G1 X180.678 Y153.716 E.01289
G1 X179.404 Y154.56 E.0454
G1 X179.404 Y150.924 E.10795
G1 X180.678 Y150.08 E.0454
G2 X181.23 Y149.404 I-1.39 J-1.696 E.02609
G1 X182.658 Y149.404 E.04241
G1 E-1.1 F2100
G1 Z19 F30000
G1 X125.9 Y155.9 Z19
G1 Z18.8
G1 E1.1 F2100
;TYPE:Inner wall
G1 F2739
G1 X119.1 Y155.9 E.2019
G1 X119.1 Y149.1 E.2019
G1 X125.9 Y149.1 E.2019
G1 X125.9 Y155.86 E.20071
SET_VELOCITY_LIMIT ACCEL=5000 ACCEL_TO_DECEL=2500
G1 X126.3 Y156.3 F30000
;TYPE:Outer wall
G1 F2739
G1 X118.7 Y156.3 E.22565
G1 X118.7 Y148.7 E.22565
G1 X126.3 Y148.7 E.22565
G1 X126.3 Y156.26 E.22447
SET_VELOCITY_LIMIT ACCEL=10000 ACCEL_TO_DECEL=5000
G1 E-1.1 F2100
G1 Z19 F30000
G1 X122.342 Y155.596 Z19
G1 Z18.8
G1 E1.1 F2100
;TYPE:Sparse infill
G1 F2739
G1 X123.77 Y155.596 E.04241
G3 X124.322 Y154.92 I1.941 J1.02 E.02609
G1 X125.596 Y154.076 E.0454
G1 X125.596 Y150.44 E.10795
G1 X124.322 Y151.284 E.0454
G1 X124.015 Y151.591 E.01289
G1 X122.811 Y153.409 E.06474
G1 X122.504 Y153.716 E.01289
G1 X120.686 Y154.92 E.06474
G2 X120.134 Y155.596 I1.39 J1.696 E.02609
G1 X119.404 Y155.596 E.02169
G1 X119.404 Y153.064 E.0752
G1 X120.379 Y151.591 E.05245
G1 X120.686 Y151.284 E.01289
G1 X122.504 Y150.08 E.06474
G2 X123.055 Y149.404 I-1.39 J-1.696 E.02609
G1 X121.627 Y149.404 E.04241
; stop printing object stringing_test_8x8x30.stl id:0 copy 0
;LAYER_CHANGE
;Z:19
;HEIGHT:0.200001
;BEFORE_LAYER_CHANGE
;19
G92 E0

G1 E-1.1 F2100
;AFTER_LAYER_CHANGE
;19
SET_PRINT_STATS_INFO CURRENT_LAYER=95
;_SET_FAN_SPEED_CHANGING_LAYER
; printing object stringing_test_8x8x30.stl id:0 copy 0
G1 Z19.2 F30000
G1 X185.9 Y155.9 Z19.2
G1 Z19
G1 E1.1 F2100
;TYPE:Inner wall
G1 F2913
G1 X179.1 Y155.9 E.2019
G1 X179.1 Y149.1 E.2019
G1 X185.9 Y149.1 E.2019
G1 X185.9 Y155.86 E.20071
SET_VELOCITY_LIMIT ACCEL=5000 ACCEL_TO_DECEL=2500
G1 X186.3 Y156.3 F30000
;TYPE:Outer wall
G1 F2913
G1 X178.7 Y156.3 E.22565
G1 X178.7 Y148.7 E.22565
G1 X186.3 Y148.7 E.22565
G1 X186.3 Y156.26 E.22447
SET_VELOCITY_LIMIT ACCEL=10000 ACCEL_TO_DECEL=5000
G1 E-1.1 F2100
G1 Z19.2 F30000
G1 X185.596 Y153.674 Z19.2
G1 Z19
G1 E1.1 F2100
;TYPE:Sparse infill
G1 F2913
G1 X185.596 Y155.102 E.04241
G2 X185.371 Y155.596 I.32 J.445 E.01689
G1 X181.735 Y155.596 E.10795
G1 X181.836 Y155.227 E.01138
G1 X182.496 Y154.566 E.02773
G1 X184.314 Y154.069 E.05596
G1 X184.975 Y153.409 E.02773
G1 X185.472 Y151.591 E.05596
G1 X185.596 Y151.466 E.00524
G1 X185.596 Y149.404 E.06124
G1 X185.076 Y149.404 E.01546
G1 X184.975 Y149.773 E.01138
G1 X184.314 Y150.434 E.02773
G1 X182.496 Y150.931 E.05596
G1 X181.836 Y151.591 E.02773
G1 X181.339 Y153.409 E.05596
G1 X180.678 Y154.069 E.02773
G1 X179.404 Y154.418 E.03924
G1 X179.404 Y150.782 E.10795
G1 X180.678 Y150.434 E.03924
G1 X181.339 Y149.773 E.02773
M73 P64 R4
G1 X181.44 Y149.404 E.01138
G1 X182.868 Y149.404 E.04241
G1 E-1.1 F2100
G1 Z19.2 F30000
G1 X125.9 Y155.9 Z19.2
G1 Z19
G1 E1.1 F2100
;TYPE:Inner wall
G1 F2913
G1 X119.1 Y155.9 E.2019
G1 X119.1 Y149.1 E.2019
G1 X125.9 Y149.1 E.2019
G1 X125.9 Y155.86 E.20071
SET_VELOCITY_LIMIT ACCEL=5000 ACCEL_TO_DECEL=2500
G1 X126.3 Y156.3 F30000
;TYPE:Outer wall
G1 F2913
G1 X118.7 Y156.3 E.22565
G1 X118.7 Y148.7 E.22565
G1 X126.3 Y148.7 E.22565
G1 X126.3 Y156.26 E.22447
SET_VELOCITY_LIMIT ACCEL=10000 ACCEL_TO_DECEL=5000
G1 E-1.1 F2100
G1 Z19.2 F30000
G1 X122.132 Y155.596 Z19.2
G1 Z19
G1 E1.1 F2100
;TYPE:Sparse infill
G1 F2913
G1 X123.56 Y155.596 E.04241
G1 X123.661 Y155.227 E.01138
G1 X124.322 Y154.566 E.02773
G1 X125.596 Y154.218 E.03924
G1 X125.596 Y150.582 E.10795
G1 X124.322 Y150.931 E.03924
G1 X123.661 Y151.591 E.02773
G1 X123.164 Y153.409 E.05596
G1 X122.504 Y154.069 E.02773
G1 X120.686 Y154.566 E.05596
G1 X120.025 Y155.227 E.02773
G1 X119.924 Y155.596 E.01138
G1 X119.404 Y155.596 E.01546
G1 X119.404 Y153.534 E.06124
G1 X119.528 Y153.409 E.00524
G1 X120.025 Y151.591 E.05596
G1 X120.686 Y150.931 E.02773
G1 X122.504 Y150.434 E.05596
G1 X123.164 Y149.773 E.02773
G1 X123.265 Y149.404 E.01138
G1 X119.629 Y149.404 E.10795
G3 X119.404 Y149.898 I-.546 J.049 E.01689
G1 X119.404 Y151.326 E.04241
; stop printing object stringing_test_8x8x30.stl id:0 copy 0
;LAYER_CHANGE
;Z:19.2
;HEIGHT:0.200001
;BEFORE_LAYER_CHANGE
;19.2
G92 E0

G1 E-1.1 F2100
;AFTER_LAYER_CHANGE
;19.2
SET_PRINT_STATS_INFO CURRENT_LAYER=96
;_SET_FAN_SPEED_CHANGING_LAYER
; printing object stringing_test_8x8x30.stl id:0 copy 0
G1 Z19.4 F30000
G1 X185.9 Y155.9 Z19.4
G1 Z19.2
G1 E1.1 F2100
;TYPE:Inner wall
G1 F3002
G1 X179.1 Y155.9 E.2019
G1 X179.1 Y149.1 E.2019
G1 X185.9 Y149.1 E.2019
G1 X185.9 Y155.86 E.20071
SET_VELOCITY_LIMIT ACCEL=5000 ACCEL_TO_DECEL=2500
G1 X186.3 Y156.3 F30000
;TYPE:Outer wall
G1 F3002
G1 X178.7 Y156.3 E.22565
G1 X178.7 Y148.7 E.22565
G1 X186.3 Y148.7 E.22565
G1 X186.3 Y156.26 E.22447
SET_VELOCITY_LIMIT ACCEL=10000 ACCEL_TO_DECEL=5000
G1 E-1.1 F2100
G1 Z19.4 F30000
G1 X185.339 Y155.596 Z19.4
G1 Z19.2
G1 E1.1 F2100
;TYPE:Sparse infill
G1 F3002
G1 X185.596 Y155.596 E.00764
G1 X185.596 Y154.749 E.02518
G1 X185.118 Y155.227 E.02009
G1 X185.161 Y155.596 E.01105
G1 X181.525 Y155.596 E.10795
G1 X181.482 Y155.227 E.01105
G1 X182.496 Y154.213 E.04258
G1 X184.314 Y154.423 E.05434
G1 X185.328 Y153.409 E.04258
G1 X185.118 Y151.591 E.05434
G1 X185.596 Y151.113 E.02009
G1 X185.596 Y149.404 E.05075
G1 X185.285 Y149.404 E.00924
G1 X185.328 Y149.773 E.01105
G1 X184.314 Y150.787 E.04258
G1 X182.496 Y150.577 E.05434
G1 X181.482 Y151.591 E.04258
G1 X181.692 Y153.409 E.05434
G1 X180.678 Y154.423 E.04258
G1 X179.404 Y154.276 E.0381
G1 X179.404 Y150.64 E.10795
G1 X180.678 Y150.787 E.0381
G1 X181.692 Y149.773 E.04258
G1 X181.65 Y149.404 E.01105
G1 X183.078 Y149.404 E.04241
G1 E-1.1 F2100
G1 Z19.4 F30000
G1 X125.9 Y155.9 Z19.4
G1 Z19.2
G1 E1.1 F2100
;TYPE:Inner wall
G1 F3002
G1 X119.1 Y155.9 E.2019
G1 X119.1 Y149.1 E.2019
G1 X125.9 Y149.1 E.2019
G1 X125.9 Y155.86 E.20071
SET_VELOCITY_LIMIT ACCEL=5000 ACCEL_TO_DECEL=2500
G1 X126.3 Y156.3 F30000
;TYPE:Outer wall
G1 F3002
G1 X118.7 Y156.3 E.22565
G1 X118.7 Y148.7 E.22565
G1 X126.3 Y148.7 E.22565
G1 X126.3 Y156.26 E.22447
SET_VELOCITY_LIMIT ACCEL=10000 ACCEL_TO_DECEL=5000
G1 E-1.1 F2100
G1 Z19.4 F30000
G1 X121.922 Y155.596 Z19.4
G1 Z19.2
G1 E1.1 F2100
;TYPE:Sparse infill
G1 F3002
G1 X123.35 Y155.596 E.04241
G1 X123.308 Y155.227 E.01105
G1 X124.322 Y154.213 E.04258
G1 X125.596 Y154.36 E.0381
G1 X125.596 Y150.724 E.10795
G1 X124.322 Y150.577 E.0381
G1 X123.308 Y151.591 E.04258
G1 X123.518 Y153.409 E.05434
G1 X122.504 Y154.423 E.04258
G1 X120.686 Y154.213 E.05434
G1 X119.672 Y155.227 E.04258
G1 X119.715 Y155.596 E.01105
G1 X119.404 Y155.596 E.00924
G1 X119.404 Y153.887 E.05075
G1 X119.882 Y153.409 E.02009
G1 X119.672 Y151.591 E.05434
G1 X120.686 Y150.577 E.04258
G1 X122.504 Y150.787 E.05434
G1 X123.518 Y149.773 E.04258
G1 X123.475 Y149.404 E.01105
G1 X119.839 Y149.404 E.10795
G1 X119.882 Y149.773 E.01105
G1 X119.404 Y150.251 E.02009
G1 X119.404 Y149.404 E.02518
G1 X119.661 Y149.404 E.00763
; stop printing object stringing_test_8x8x30.stl id:0 copy 0
;LAYER_CHANGE
;Z:19.4
;HEIGHT:0.199999
;BEFORE_LAYER_CHANGE
;19.4
G92 E0

G1 E-1.1 F2100
;AFTER_LAYER_CHANGE
;19.4
SET_PRINT_STATS_INFO CURRENT_LAYER=97
;_SET_FAN_SPEED_CHANGING_LAYER
; printing object stringing_test_8x8x30.stl id:0 copy 0
G1 Z19.6 F30000
G1 X185.9 Y155.9 Z19.6
G1 Z19.4
M73 P65 R4
G1 E1.1 F2100
;TYPE:Inner wall
G1 F2961
G1 X179.1 Y155.9 E.2019
G1 X179.1 Y149.1 E.2019
G1 X185.9 Y149.1 E.2019
G1 X185.9 Y155.86 E.20071
SET_VELOCITY_LIMIT ACCEL=5000 ACCEL_TO_DECEL=2500
G1 X186.3 Y156.3 F30000
;TYPE:Outer wall
G1 F2961
G1 X178.7 Y156.3 E.22565
G1 X178.7 Y148.7 E.22565
G1 X186.3 Y148.7 E.22565
G1 X186.3 Y156.26 E.22447
SET_VELOCITY_LIMIT ACCEL=10000 ACCEL_TO_DECEL=5000
G1 E-1.1 F2100
G1 Z19.6 F30000
G1 X182.959 Y155.596 Z19.6
G1 Z19.4
G1 E1.1 F2100
;TYPE:Sparse infill
G1 F2961
G1 X181.531 Y155.596 E.04241
G1 X181.492 Y155.227 E.01103
G1 X180.678 Y154.413 E.03418
G1 X179.404 Y154.28 E.03805
G1 X179.404 Y150.644 E.10795
G1 X180.678 Y150.777 E.03805
G1 X181.492 Y151.591 E.03418
G1 X181.682 Y153.409 E.05427
G1 X182.496 Y154.223 E.03418
G1 X184.314 Y154.413 E.05427
G1 X185.128 Y155.227 E.03418
G1 X185.167 Y155.596 E.01103
G1 X185.596 Y155.596 E.01276
G1 X185.596 Y153.687 E.05668
G1 X185.318 Y153.409 E.01169
G1 X185.128 Y151.591 E.05427
G1 X184.314 Y150.777 E.03418
G1 X182.496 Y150.587 E.05427
G1 X181.682 Y149.773 E.03418
G1 X181.644 Y149.404 E.01103
G1 X185.279 Y149.404 E.10795
G2 X185.596 Y150.051 I.558 J.128 E.02317
G1 X185.596 Y151.48 E.04241
G1 E-1.1 F2100
G1 Z19.6 F30000
G1 X125.9 Y155.9 Z19.6
G1 Z19.4
G1 E1.1 F2100
;TYPE:Inner wall
G1 F2961
G1 X119.1 Y155.9 E.2019
G1 X119.1 Y149.1 E.2019
G1 X125.9 Y149.1 E.2019
G1 X125.9 Y155.86 E.20071
SET_VELOCITY_LIMIT ACCEL=5000 ACCEL_TO_DECEL=2500
G1 X126.3 Y156.3 F30000
;TYPE:Outer wall
G1 F2961
G1 X118.7 Y156.3 E.22565
G1 X118.7 Y148.7 E.22565
G1 X126.3 Y148.7 E.22565
G1 X126.3 Y156.26 E.22447
SET_VELOCITY_LIMIT ACCEL=10000 ACCEL_TO_DECEL=5000
G1 E-1.1 F2100
G1 Z19.6 F30000
G1 X119.404 Y153.52 Z19.6
G1 Z19.4
G1 E1.1 F2100
;TYPE:Sparse infill
G1 F2961
G1 X119.404 Y154.949 E.04241
G3 X119.721 Y155.596 I-.241 J.519 E.02317
G1 X123.356 Y155.596 E.10795
G1 X123.318 Y155.227 E.01103
G1 X122.504 Y154.413 E.03418
G1 X120.686 Y154.223 E.05427
G1 X119.872 Y153.409 E.03418
G1 X119.682 Y151.591 E.05427
G1 X119.404 Y151.313 E.01169
G1 X119.404 Y149.404 E.05668
G1 X119.833 Y149.404 E.01276
G1 X119.872 Y149.773 E.01103
G1 X120.686 Y150.587 E.03418
G1 X122.504 Y150.777 E.05427
G1 X123.318 Y151.591 E.03418
G1 X123.508 Y153.409 E.05427
G1 X124.322 Y154.223 E.03418
G1 X125.596 Y154.356 E.03805
G1 X125.596 Y150.72 E.10795
G1 X124.322 Y150.587 E.03805
G1 X123.508 Y149.773 E.03418
G1 X123.469 Y149.404 E.01103
G1 X122.041 Y149.404 E.04241
; stop printing object stringing_test_8x8x30.stl id:0 copy 0
;LAYER_CHANGE
;Z:19.6
;HEIGHT:0.200001
;BEFORE_LAYER_CHANGE
;19.6
G92 E0

G1 E-1.1 F2100
;AFTER_LAYER_CHANGE
;19.6
SET_PRINT_STATS_INFO CURRENT_LAYER=98
;_SET_FAN_SPEED_CHANGING_LAYER
; printing object stringing_test_8x8x30.stl id:0 copy 0
G1 Z19.8 F30000
G1 X185.9 Y155.9 Z19.8
G1 Z19.6
G1 E1.1 F2100
;TYPE:Inner wall
G1 F2753
G1 X179.1 Y155.9 E.2019
G1 X179.1 Y149.1 E.2019
G1 X185.9 Y149.1 E.2019
G1 X185.9 Y155.86 E.20071
SET_VELOCITY_LIMIT ACCEL=5000 ACCEL_TO_DECEL=2500
G1 X186.3 Y156.3 F30000
;TYPE:Outer wall
G1 F2753
G1 X178.7 Y156.3 E.22565
G1 X178.7 Y148.7 E.22565
G1 X186.3 Y148.7 E.22565
G1 X186.3 Y156.26 E.22447
SET_VELOCITY_LIMIT ACCEL=10000 ACCEL_TO_DECEL=5000
G1 E-1.1 F2100
G1 Z19.8 F30000
G1 X182.749 Y155.596 Z19.8
G1 Z19.6
G1 E1.1 F2100
;TYPE:Sparse infill
G1 F2753
G1 X181.321 Y155.596 E.04241
G2 X180.678 Y154.766 I-1.545 J.533 E.03173
G1 X179.404 Y154.137 E.04221
G1 X179.404 Y150.502 E.10795
G1 X180.678 Y151.131 E.04221
G1 X181.139 Y151.591 E.01933
G1 X182.036 Y153.409 E.06019
G1 X182.496 Y153.869 E.01933
G1 X184.314 Y154.766 E.06019
G3 X184.957 Y155.596 I-.902 J1.363 E.03173
G1 X185.596 Y155.596 E.01899
G1 X185.596 Y153.257 E.06947
G1 X184.775 Y151.591 E.05515
G1 X184.314 Y151.131 E.01933
G1 X182.496 Y150.234 E.06019
G3 X181.853 Y149.404 I.902 J-1.363 E.03173
G1 X183.282 Y149.404 E.04241
G1 E-1.1 F2100
G1 Z19.8 F30000
G1 X125.9 Y155.9 Z19.8
G1 Z19.6
G1 E1.1 F2100
;TYPE:Inner wall
G1 F2753
G1 X119.1 Y155.9 E.2019
G1 X119.1 Y149.1 E.2019
G1 X125.9 Y149.1 E.2019
M73 P66 R4
G1 X125.9 Y155.86 E.20071
SET_VELOCITY_LIMIT ACCEL=5000 ACCEL_TO_DECEL=2500
G1 X126.3 Y156.3 F30000
;TYPE:Outer wall
G1 F2753
G1 X118.7 Y156.3 E.22565
G1 X118.7 Y148.7 E.22565
G1 X126.3 Y148.7 E.22565
G1 X126.3 Y156.26 E.22447
SET_VELOCITY_LIMIT ACCEL=10000 ACCEL_TO_DECEL=5000
G1 E-1.1 F2100
G1 Z19.8 F30000
G1 X121.718 Y155.596 Z19.8
G1 Z19.6
G1 E1.1 F2100
;TYPE:Sparse infill
G1 F2753
G1 X123.147 Y155.596 E.04241
G2 X122.504 Y154.766 I-1.545 J.533 E.03173
G1 X120.686 Y153.869 E.06019
G1 X120.225 Y153.409 E.01933
G1 X119.404 Y151.743 E.05515
G1 X119.404 Y149.404 E.06947
G1 X120.043 Y149.404 E.01899
G2 X120.686 Y150.234 I1.545 J-.533 E.03173
G1 X122.504 Y151.131 E.06019
G1 X122.964 Y151.591 E.01933
G1 X123.861 Y153.409 E.06019
G1 X124.322 Y153.869 E.01933
G1 X125.596 Y154.498 E.04221
G1 X125.596 Y150.863 E.10795
G1 X124.322 Y150.234 E.04221
G3 X123.679 Y149.404 I.902 J-1.363 E.03173
G1 X122.251 Y149.404 E.04241
; stop printing object stringing_test_8x8x30.stl id:0 copy 0
;LAYER_CHANGE
;Z:19.8
;HEIGHT:0.199999
;BEFORE_LAYER_CHANGE
;19.8
G92 E0

G1 E-1.1 F2100
;AFTER_LAYER_CHANGE
;19.8
SET_PRINT_STATS_INFO CURRENT_LAYER=99
;_SET_FAN_SPEED_CHANGING_LAYER
; printing object stringing_test_8x8x30.stl id:0 copy 0
G1 Z20 F30000
G1 X185.9 Y155.9 Z20
G1 Z19.8
G1 E1.1 F2100
;TYPE:Inner wall
G1 F2735
G1 X179.1 Y155.9 E.2019
G1 X179.1 Y149.1 E.2019
G1 X185.9 Y149.1 E.2019
G1 X185.9 Y155.86 E.20071
SET_VELOCITY_LIMIT ACCEL=5000 ACCEL_TO_DECEL=2500
G1 X186.3 Y156.3 F30000
;TYPE:Outer wall
G1 F2735
G1 X178.7 Y156.3 E.22565
G1 X178.7 Y148.7 E.22565
G1 X186.3 Y148.7 E.22565
G1 X186.3 Y156.26 E.22447
SET_VELOCITY_LIMIT ACCEL=10000 ACCEL_TO_DECEL=5000
G1 E-1.1 F2100
G1 Z20 F30000
G1 X182.476 Y155.596 Z20
G1 Z19.8
G1 E1.1 F2100
;TYPE:Sparse infill
G1 F2735
G1 X181.048 Y155.596 E.04241
G1 X179.404 Y153.952 E.06904
G1 X179.404 Y150.316 E.10795
G1 X184.684 Y155.596 E.22172
G1 X185.596 Y155.596 E.0271
G1 X185.596 Y152.873 E.08085
G1 X182.127 Y149.404 E.1457
G1 X183.555 Y149.404 E.04241
G1 E-1.1 F2100
G1 Z20 F30000
G1 X125.9 Y155.9 Z20
G1 Z19.8
G1 E1.1 F2100
;TYPE:Inner wall
G1 F2735
G1 X119.1 Y155.9 E.2019
G1 X119.1 Y149.1 E.2019
G1 X125.9 Y149.1 E.2019
G1 X125.9 Y155.86 E.20071
SET_VELOCITY_LIMIT ACCEL=5000 ACCEL_TO_DECEL=2500
G1 X126.3 Y156.3 F30000
;TYPE:Outer wall
G1 F2735
G1 X118.7 Y156.3 E.22565
G1 X118.7 Y148.7 E.22565
G1 X126.3 Y148.7 E.22565
G1 X126.3 Y156.26 E.22447
SET_VELOCITY_LIMIT ACCEL=10000 ACCEL_TO_DECEL=5000
G1 E-1.1 F2100
G1 Z20 F30000
G1 X121.445 Y155.596 Z20
G1 Z19.8
G1 E1.1 F2100
;TYPE:Sparse infill
G1 F2735
G1 X122.873 Y155.596 E.04241
G1 X119.404 Y152.127 E.1457
G1 X119.404 Y149.404 E.08085
G1 X120.316 Y149.404 E.0271
G1 X125.596 Y154.684 E.22172
G1 X125.596 Y151.048 E.10795
G1 X123.952 Y149.404 E.06904
G1 X122.524 Y149.404 E.04241
; stop printing object stringing_test_8x8x30.stl id:0 copy 0
;LAYER_CHANGE
;Z:20
;HEIGHT:0.200001
;BEFORE_LAYER_CHANGE
;20
G92 E0

G1 E-1.1 F2100
;AFTER_LAYER_CHANGE
;20
SET_PRINT_STATS_INFO CURRENT_LAYER=100
;_SET_FAN_SPEED_CHANGING_LAYER
; printing object stringing_test_8x8x30.stl id:0 copy 0
G1 Z20.2 F30000
G1 X185.9 Y155.9 Z20.2
G1 Z20
G1 E1.1 F2100
;TYPE:Inner wall
G1 F2735
G1 X179.1 Y155.9 E.2019
G1 X179.1 Y149.1 E.2019
G1 X185.9 Y149.1 E.2019
G1 X185.9 Y155.86 E.20071
SET_VELOCITY_LIMIT ACCEL=5000 ACCEL_TO_DECEL=2500
G1 X186.3 Y156.3 F30000
;TYPE:Outer wall
G1 F2735
G1 X178.7 Y156.3 E.22565
G1 X178.7 Y148.7 E.22565
M73 P67 R4
G1 X186.3 Y148.7 E.22565
G1 X186.3 Y156.26 E.22447
SET_VELOCITY_LIMIT ACCEL=10000 ACCEL_TO_DECEL=5000
G1 E-1.1 F2100
G1 Z20.2 F30000
G1 X182.476 Y155.596 Z20.2
G1 Z20
G1 E1.1 F2100
;TYPE:Sparse infill
G1 F2735
G1 X181.048 Y155.596 E.04241
G1 X179.404 Y153.952 E.06904
G1 X179.404 Y150.316 E.10795
G1 X184.684 Y155.596 E.22172
G1 X185.596 Y155.596 E.0271
G1 X185.596 Y152.873 E.08085
G1 X182.127 Y149.404 E.1457
G1 X183.555 Y149.404 E.04241
G1 E-1.1 F2100
G1 Z20.2 F30000
G1 X125.9 Y155.9 Z20.2
G1 Z20
G1 E1.1 F2100
;TYPE:Inner wall
G1 F2735
G1 X119.1 Y155.9 E.2019
G1 X119.1 Y149.1 E.2019
G1 X125.9 Y149.1 E.2019
G1 X125.9 Y155.86 E.20071
SET_VELOCITY_LIMIT ACCEL=5000 ACCEL_TO_DECEL=2500
G1 X126.3 Y156.3 F30000
;TYPE:Outer wall
G1 F2735
G1 X118.7 Y156.3 E.22565
G1 X118.7 Y148.7 E.22565
G1 X126.3 Y148.7 E.22565
G1 X126.3 Y156.26 E.22447
SET_VELOCITY_LIMIT ACCEL=10000 ACCEL_TO_DECEL=5000
G1 E-1.1 F2100
G1 Z20.2 F30000
G1 X121.445 Y155.596 Z20.2
G1 Z20
G1 E1.1 F2100
;TYPE:Sparse infill
G1 F2735
G1 X122.873 Y155.596 E.04241
G1 X119.404 Y152.127 E.1457
G1 X119.404 Y149.404 E.08085
G1 X120.316 Y149.404 E.0271
G1 X125.596 Y154.684 E.22172
G1 X125.596 Y151.048 E.10795
G1 X123.952 Y149.404 E.06904
G1 X122.524 Y149.404 E.04241
; stop printing object stringing_test_8x8x30.stl id:0 copy 0
;LAYER_CHANGE
;Z:20.2
;HEIGHT:0.200001
;BEFORE_LAYER_CHANGE
;20.2
G92 E0

G1 E-1.1 F2100
;AFTER_LAYER_CHANGE
;20.2
SET_PRINT_STATS_INFO CURRENT_LAYER=101
;_SET_FAN_SPEED_CHANGING_LAYER
; printing object stringing_test_8x8x30.stl id:0 copy 0
G1 Z20.4 F30000
G1 X185.9 Y155.9 Z20.4
G1 Z20.2
G1 E1.1 F2100
;TYPE:Inner wall
G1 F2735
G1 X179.1 Y155.9 E.2019
G1 X179.1 Y149.1 E.2019
G1 X185.9 Y149.1 E.2019
G1 X185.9 Y155.86 E.20071
SET_VELOCITY_LIMIT ACCEL=5000 ACCEL_TO_DECEL=2500
G1 X186.3 Y156.3 F30000
;TYPE:Outer wall
G1 F2735
G1 X178.7 Y156.3 E.22565
G1 X178.7 Y148.7 E.22565
G1 X186.3 Y148.7 E.22565
G1 X186.3 Y156.26 E.22447
SET_VELOCITY_LIMIT ACCEL=10000 ACCEL_TO_DECEL=5000
; FS-RETRACT BAND from layer 101: length 1.4 mm, speed 35.0 mm/s
G1 E-1.4 F2100
G1 Z20.4 F30000
G1 X182.476 Y155.596 Z20.4
G1 Z20.2
G1 E1.4 F2100
;TYPE:Sparse infill
G1 F2735
G1 X181.048 Y155.596 E.04241
G1 X179.404 Y153.952 E.06904
G1 X179.404 Y150.316 E.10795
G1 X184.684 Y155.596 E.22172
G1 X185.596 Y155.596 E.0271
G1 X185.596 Y152.873 E.08085
G1 X182.127 Y149.404 E.1457
G1 X183.555 Y149.404 E.04241
G1 E-1.4 F2100
G1 Z20.4 F30000
G1 X125.9 Y155.9 Z20.4
G1 Z20.2
G1 E1.4 F2100
;TYPE:Inner wall
G1 F2735
G1 X119.1 Y155.9 E.2019
G1 X119.1 Y149.1 E.2019
G1 X125.9 Y149.1 E.2019
G1 X125.9 Y155.86 E.20071
SET_VELOCITY_LIMIT ACCEL=5000 ACCEL_TO_DECEL=2500
G1 X126.3 Y156.3 F30000
;TYPE:Outer wall
G1 F2735
G1 X118.7 Y156.3 E.22565
G1 X118.7 Y148.7 E.22565
G1 X126.3 Y148.7 E.22565
G1 X126.3 Y156.26 E.22447
M73 P68 R4
SET_VELOCITY_LIMIT ACCEL=10000 ACCEL_TO_DECEL=5000
G1 E-1.4 F2100
G1 Z20.4 F30000
G1 X121.445 Y155.596 Z20.4
G1 Z20.2
G1 E1.4 F2100
;TYPE:Sparse infill
G1 F2735
G1 X122.873 Y155.596 E.04241
G1 X119.404 Y152.127 E.1457
G1 X119.404 Y149.404 E.08085
G1 X120.316 Y149.404 E.0271
G1 X125.596 Y154.684 E.22172
G1 X125.596 Y151.048 E.10795
G1 X123.952 Y149.404 E.06904
G1 X122.524 Y149.404 E.04241
; stop printing object stringing_test_8x8x30.stl id:0 copy 0
;LAYER_CHANGE
;Z:20.4
;HEIGHT:0.199999
;BEFORE_LAYER_CHANGE
;20.4
G92 E0

G1 E-1.4 F2100
;AFTER_LAYER_CHANGE
;20.4
SET_PRINT_STATS_INFO CURRENT_LAYER=102
;_SET_FAN_SPEED_CHANGING_LAYER
; printing object stringing_test_8x8x30.stl id:0 copy 0
G1 Z20.6 F30000
G1 X185.9 Y155.9 Z20.6
G1 Z20.4
G1 E1.4 F2100
;TYPE:Inner wall
G1 F2735
G1 X179.1 Y155.9 E.2019
G1 X179.1 Y149.1 E.2019
G1 X185.9 Y149.1 E.2019
G1 X185.9 Y155.86 E.20071
SET_VELOCITY_LIMIT ACCEL=5000 ACCEL_TO_DECEL=2500
G1 X186.3 Y156.3 F30000
;TYPE:Outer wall
G1 F2735
G1 X178.7 Y156.3 E.22565
G1 X178.7 Y148.7 E.22565
G1 X186.3 Y148.7 E.22565
G1 X186.3 Y156.26 E.22447
SET_VELOCITY_LIMIT ACCEL=10000 ACCEL_TO_DECEL=5000
G1 E-1.4 F2100
G1 Z20.6 F30000
G1 X182.476 Y155.596 Z20.6
G1 Z20.4
G1 E1.4 F2100
;TYPE:Sparse infill
G1 F2735
G1 X181.048 Y155.596 E.04241
G1 X179.404 Y153.952 E.06904
M73 P68 R3
G1 X179.404 Y150.316 E.10795
G1 X184.684 Y155.596 E.22172
G1 X185.596 Y155.596 E.0271
G1 X185.596 Y152.873 E.08085
G1 X182.127 Y149.404 E.1457
G1 X183.555 Y149.404 E.04241
G1 E-1.4 F2100
G1 Z20.6 F30000
G1 X125.9 Y155.9 Z20.6
G1 Z20.4
G1 E1.4 F2100
;TYPE:Inner wall
G1 F2735
G1 X119.1 Y155.9 E.2019
G1 X119.1 Y149.1 E.2019
G1 X125.9 Y149.1 E.2019
G1 X125.9 Y155.86 E.20071
SET_VELOCITY_LIMIT ACCEL=5000 ACCEL_TO_DECEL=2500
G1 X126.3 Y156.3 F30000
;TYPE:Outer wall
G1 F2735
G1 X118.7 Y156.3 E.22565
G1 X118.7 Y148.7 E.22565
G1 X126.3 Y148.7 E.22565
G1 X126.3 Y156.26 E.22447
SET_VELOCITY_LIMIT ACCEL=10000 ACCEL_TO_DECEL=5000
G1 E-1.4 F2100
G1 Z20.6 F30000
G1 X121.445 Y155.596 Z20.6
G1 Z20.4
G1 E1.4 F2100
;TYPE:Sparse infill
G1 F2735
G1 X122.873 Y155.596 E.04241
G1 X119.404 Y152.127 E.1457
G1 X119.404 Y149.404 E.08085
G1 X120.316 Y149.404 E.0271
G1 X125.596 Y154.684 E.22172
G1 X125.596 Y151.048 E.10795
G1 X123.952 Y149.404 E.06904
G1 X122.524 Y149.404 E.04241
; stop printing object stringing_test_8x8x30.stl id:0 copy 0
;LAYER_CHANGE
;Z:20.6
;HEIGHT:0.200001
;BEFORE_LAYER_CHANGE
;20.6
G92 E0

G1 E-1.4 F2100
;AFTER_LAYER_CHANGE
;20.6
SET_PRINT_STATS_INFO CURRENT_LAYER=103
;_SET_FAN_SPEED_CHANGING_LAYER
; printing object stringing_test_8x8x30.stl id:0 copy 0
G1 Z20.8 F30000
G1 X185.9 Y155.9 Z20.8
G1 Z20.6
G1 E1.4 F2100
;TYPE:Inner wall
G1 F2735
G1 X179.1 Y155.9 E.2019
G1 X179.1 Y149.1 E.2019
G1 X185.9 Y149.1 E.2019
G1 X185.9 Y155.86 E.20071
SET_VELOCITY_LIMIT ACCEL=5000 ACCEL_TO_DECEL=2500
G1 X186.3 Y156.3 F30000
;TYPE:Outer wall
G1 F2735
G1 X178.7 Y156.3 E.22565
G1 X178.7 Y148.7 E.22565
G1 X186.3 Y148.7 E.22565
G1 X186.3 Y156.26 E.22447
SET_VELOCITY_LIMIT ACCEL=10000 ACCEL_TO_DECEL=5000
G1 E-1.4 F2100
G1 Z20.8 F30000
G1 X182.476 Y155.596 Z20.8
G1 Z20.6
G1 E1.4 F2100
;TYPE:Sparse infill
G1 F2735
G1 X181.048 Y155.596 E.04241
G1 X179.404 Y153.952 E.06904
G1 X179.404 Y150.316 E.10795
M73 P69 R3
G1 X184.684 Y155.596 E.22172
G1 X185.596 Y155.596 E.0271
G1 X185.596 Y152.873 E.08085
G1 X182.127 Y149.404 E.1457
G1 X183.555 Y149.404 E.04241
G1 E-1.4 F2100
G1 Z20.8 F30000
G1 X125.9 Y155.9 Z20.8
G1 Z20.6
G1 E1.4 F2100
;TYPE:Inner wall
G1 F2735
G1 X119.1 Y155.9 E.2019
G1 X119.1 Y149.1 E.2019
G1 X125.9 Y149.1 E.2019
G1 X125.9 Y155.86 E.20071
SET_VELOCITY_LIMIT ACCEL=5000 ACCEL_TO_DECEL=2500
G1 X126.3 Y156.3 F30000
;TYPE:Outer wall
G1 F2735
G1 X118.7 Y156.3 E.22565
G1 X118.7 Y148.7 E.22565
G1 X126.3 Y148.7 E.22565
G1 X126.3 Y156.26 E.22447
SET_VELOCITY_LIMIT ACCEL=10000 ACCEL_TO_DECEL=5000
G1 E-1.4 F2100
G1 Z20.8 F30000
G1 X121.445 Y155.596 Z20.8
G1 Z20.6
G1 E1.4 F2100
;TYPE:Sparse infill
G1 F2735
G1 X122.873 Y155.596 E.04241
G1 X119.404 Y152.127 E.1457
G1 X119.404 Y149.404 E.08085
G1 X120.316 Y149.404 E.0271
G1 X125.596 Y154.684 E.22172
G1 X125.596 Y151.048 E.10795
G1 X123.952 Y149.404 E.06904
G1 X122.524 Y149.404 E.04241
; stop printing object stringing_test_8x8x30.stl id:0 copy 0
;LAYER_CHANGE
;Z:20.8
;HEIGHT:0.199999
;BEFORE_LAYER_CHANGE
;20.8
G92 E0

G1 E-1.4 F2100
;AFTER_LAYER_CHANGE
;20.8
SET_PRINT_STATS_INFO CURRENT_LAYER=104
;_SET_FAN_SPEED_CHANGING_LAYER
; printing object stringing_test_8x8x30.stl id:0 copy 0
G1 Z21 F30000
G1 X185.9 Y155.9 Z21
G1 Z20.8
G1 E1.4 F2100
;TYPE:Inner wall
G1 F2735
G1 X179.1 Y155.9 E.2019
G1 X179.1 Y149.1 E.2019
G1 X185.9 Y149.1 E.2019
G1 X185.9 Y155.86 E.20071
SET_VELOCITY_LIMIT ACCEL=5000 ACCEL_TO_DECEL=2500
G1 X186.3 Y156.3 F30000
;TYPE:Outer wall
G1 F2735
G1 X178.7 Y156.3 E.22565
G1 X178.7 Y148.7 E.22565
G1 X186.3 Y148.7 E.22565
G1 X186.3 Y156.26 E.22447
SET_VELOCITY_LIMIT ACCEL=10000 ACCEL_TO_DECEL=5000
G1 E-1.4 F2100
G1 Z21 F30000
G1 X182.476 Y155.596 Z21
G1 Z20.8
G1 E1.4 F2100
;TYPE:Sparse infill
G1 F2735
G1 X181.048 Y155.596 E.04241
G1 X179.404 Y153.952 E.06904
G1 X179.404 Y150.316 E.10795
G1 X184.684 Y155.596 E.22172
G1 X185.596 Y155.596 E.0271
G1 X185.596 Y152.873 E.08085
G1 X182.127 Y149.404 E.1457
G1 X183.555 Y149.404 E.04241
G1 E-1.4 F2100
G1 Z21 F30000
G1 X125.9 Y155.9 Z21
G1 Z20.8
G1 E1.4 F2100
;TYPE:Inner wall
G1 F2735
G1 X119.1 Y155.9 E.2019
G1 X119.1 Y149.1 E.2019
G1 X125.9 Y149.1 E.2019
G1 X125.9 Y155.86 E.20071
SET_VELOCITY_LIMIT ACCEL=5000 ACCEL_TO_DECEL=2500
G1 X126.3 Y156.3 F30000
;TYPE:Outer wall
G1 F2735
G1 X118.7 Y156.3 E.22565
G1 X118.7 Y148.7 E.22565
G1 X126.3 Y148.7 E.22565
G1 X126.3 Y156.26 E.22447
SET_VELOCITY_LIMIT ACCEL=10000 ACCEL_TO_DECEL=5000
G1 E-1.4 F2100
G1 Z21 F30000
G1 X121.445 Y155.596 Z21
G1 Z20.8
G1 E1.4 F2100
;TYPE:Sparse infill
G1 F2735
G1 X122.873 Y155.596 E.04241
G1 X119.404 Y152.127 E.1457
G1 X119.404 Y149.404 E.08085
G1 X120.316 Y149.404 E.0271
G1 X125.596 Y154.684 E.22172
G1 X125.596 Y151.048 E.10795
G1 X123.952 Y149.404 E.06904
G1 X122.524 Y149.404 E.04241
M73 P70 R3
; stop printing object stringing_test_8x8x30.stl id:0 copy 0
;LAYER_CHANGE
;Z:21
;HEIGHT:0.200001
;BEFORE_LAYER_CHANGE
;21
G92 E0

G1 E-1.4 F2100
;AFTER_LAYER_CHANGE
;21
SET_PRINT_STATS_INFO CURRENT_LAYER=105
;_SET_FAN_SPEED_CHANGING_LAYER
; printing object stringing_test_8x8x30.stl id:0 copy 0
G1 Z21.2 F30000
G1 X185.9 Y155.9 Z21.2
G1 Z21
G1 E1.4 F2100
;TYPE:Inner wall
G1 F2735
G1 X179.1 Y155.9 E.2019
G1 X179.1 Y149.1 E.2019
G1 X185.9 Y149.1 E.2019
G1 X185.9 Y155.86 E.20071
SET_VELOCITY_LIMIT ACCEL=5000 ACCEL_TO_DECEL=2500
G1 X186.3 Y156.3 F30000
;TYPE:Outer wall
G1 F2735
G1 X178.7 Y156.3 E.22565
G1 X178.7 Y148.7 E.22565
G1 X186.3 Y148.7 E.22565
G1 X186.3 Y156.26 E.22447
SET_VELOCITY_LIMIT ACCEL=10000 ACCEL_TO_DECEL=5000
G1 E-1.4 F2100
G1 Z21.2 F30000
G1 X182.476 Y155.596 Z21.2
G1 Z21
G1 E1.4 F2100
;TYPE:Sparse infill
G1 F2735
G1 X181.048 Y155.596 E.04241
G1 X179.404 Y153.952 E.06904
G1 X179.404 Y150.316 E.10795
G1 X184.684 Y155.596 E.22172
G1 X185.596 Y155.596 E.0271
G1 X185.596 Y152.873 E.08085
G1 X182.127 Y149.404 E.1457
G1 X183.555 Y149.404 E.04241
G1 E-1.4 F2100
G1 Z21.2 F30000
G1 X125.9 Y155.9 Z21.2
G1 Z21
G1 E1.4 F2100
;TYPE:Inner wall
G1 F2735
G1 X119.1 Y155.9 E.2019
G1 X119.1 Y149.1 E.2019
G1 X125.9 Y149.1 E.2019
G1 X125.9 Y155.86 E.20071
SET_VELOCITY_LIMIT ACCEL=5000 ACCEL_TO_DECEL=2500
G1 X126.3 Y156.3 F30000
;TYPE:Outer wall
G1 F2735
G1 X118.7 Y156.3 E.22565
G1 X118.7 Y148.7 E.22565
G1 X126.3 Y148.7 E.22565
G1 X126.3 Y156.26 E.22447
SET_VELOCITY_LIMIT ACCEL=10000 ACCEL_TO_DECEL=5000
G1 E-1.4 F2100
G1 Z21.2 F30000
G1 X121.445 Y155.596 Z21.2
G1 Z21
G1 E1.4 F2100
;TYPE:Sparse infill
G1 F2735
G1 X122.873 Y155.596 E.04241
G1 X119.404 Y152.127 E.1457
G1 X119.404 Y149.404 E.08085
G1 X120.316 Y149.404 E.0271
G1 X125.596 Y154.684 E.22172
G1 X125.596 Y151.048 E.10795
G1 X123.952 Y149.404 E.06904
G1 X122.524 Y149.404 E.04241
; stop printing object stringing_test_8x8x30.stl id:0 copy 0
;LAYER_CHANGE
;Z:21.2
;HEIGHT:0.200001
;BEFORE_LAYER_CHANGE
;21.2
G92 E0

G1 E-1.4 F2100
;AFTER_LAYER_CHANGE
;21.2
SET_PRINT_STATS_INFO CURRENT_LAYER=106
;_SET_FAN_SPEED_CHANGING_LAYER
; printing object stringing_test_8x8x30.stl id:0 copy 0
G1 Z21.4 F30000
G1 X185.9 Y155.9 Z21.4
G1 Z21.2
G1 E1.4 F2100
;TYPE:Inner wall
G1 F2743
G1 X179.1 Y155.9 E.2019
G1 X179.1 Y149.1 E.2019
G1 X185.9 Y149.1 E.2019
G1 X185.9 Y155.86 E.20071
SET_VELOCITY_LIMIT ACCEL=5000 ACCEL_TO_DECEL=2500
G1 X186.3 Y156.3 F30000
;TYPE:Outer wall
G1 F2743
G1 X178.7 Y156.3 E.22565
G1 X178.7 Y148.7 E.22565
G1 X186.3 Y148.7 E.22565
G1 X186.3 Y156.26 E.22447
SET_VELOCITY_LIMIT ACCEL=10000 ACCEL_TO_DECEL=5000
G1 E-1.4 F2100
G1 Z21.4 F30000
G1 X182.674 Y155.596 Z21.4
G1 Z21.2
G1 E1.4 F2100
;TYPE:Sparse infill
G1 F2743
G1 X181.246 Y155.596 E.04241
G2 X180.678 Y154.893 I-1.848 J.911 E.02705
G1 X179.404 Y154.086 E.0448
G1 X179.404 Y150.451 E.10795
G1 X180.678 Y151.257 E.0448
G1 X181.012 Y151.591 E.01401
G1 X182.163 Y153.409 E.06388
G1 X182.496 Y153.743 E.01401
G1 X184.314 Y154.893 E.06388
G3 X184.882 Y155.596 I-1.281 J1.614 E.02705
G1 X185.596 Y155.596 E.02122
G1 X185.596 Y153.09 E.07443
G1 X184.648 Y151.591 E.05267
G1 X184.314 Y151.257 E.01401
G1 X182.496 Y150.107 E.06388
G3 X181.929 Y149.404 I1.281 J-1.614 E.02705
G1 X183.357 Y149.404 E.04241
G1 E-1.4 F2100
G1 Z21.4 F30000
G1 X125.9 Y155.9 Z21.4
G1 Z21.2
G1 E1.4 F2100
;TYPE:Inner wall
G1 F2743
G1 X119.1 Y155.9 E.2019
G1 X119.1 Y149.1 E.2019
M73 P71 R3
G1 X125.9 Y149.1 E.2019
G1 X125.9 Y155.86 E.20071
SET_VELOCITY_LIMIT ACCEL=5000 ACCEL_TO_DECEL=2500
G1 X126.3 Y156.3 F30000
;TYPE:Outer wall
G1 F2743
G1 X118.7 Y156.3 E.22565
G1 X118.7 Y148.7 E.22565
G1 X126.3 Y148.7 E.22565
G1 X126.3 Y156.26 E.22447
SET_VELOCITY_LIMIT ACCEL=10000 ACCEL_TO_DECEL=5000
G1 E-1.4 F2100
G1 Z21.4 F30000
G1 X121.643 Y155.596 Z21.4
G1 Z21.2
G1 E1.4 F2100
;TYPE:Sparse infill
G1 F2743
G1 X123.071 Y155.596 E.04241
G2 X122.504 Y154.893 I-1.848 J.911 E.02705
G1 X120.686 Y153.743 E.06388
G1 X120.352 Y153.409 E.01401
G1 X119.404 Y151.91 E.05267
G1 X119.404 Y149.404 E.07443
G1 X120.118 Y149.404 E.02122
G2 X120.686 Y150.107 I1.848 J-.911 E.02705
G1 X122.504 Y151.257 E.06388
G1 X122.837 Y151.591 E.01401
G1 X123.988 Y153.409 E.06388
G1 X124.322 Y153.743 E.01401
G1 X125.596 Y154.55 E.0448
G1 X125.596 Y150.914 E.10795
G1 X124.322 Y150.107 E.0448
G3 X123.754 Y149.404 I1.281 J-1.614 E.02705
G1 X122.326 Y149.404 E.04241
; stop printing object stringing_test_8x8x30.stl id:0 copy 0
;LAYER_CHANGE
;Z:21.4
;HEIGHT:0.199999
;BEFORE_LAYER_CHANGE
;21.4
G92 E0

G1 E-1.4 F2100
;AFTER_LAYER_CHANGE
;21.4
SET_PRINT_STATS_INFO CURRENT_LAYER=107
;_SET_FAN_SPEED_CHANGING_LAYER
; printing object stringing_test_8x8x30.stl id:0 copy 0
G1 Z21.6 F30000
G1 X185.9 Y155.9 Z21.6
G1 Z21.4
G1 E1.4 F2100
;TYPE:Inner wall
G1 F2929
G1 X179.1 Y155.9 E.2019
G1 X179.1 Y149.1 E.2019
G1 X185.9 Y149.1 E.2019
G1 X185.9 Y155.86 E.20071
SET_VELOCITY_LIMIT ACCEL=5000 ACCEL_TO_DECEL=2500
G1 X186.3 Y156.3 F30000
;TYPE:Outer wall
G1 F2929
G1 X178.7 Y156.3 E.22565
G1 X178.7 Y148.7 E.22565
G1 X186.3 Y148.7 E.22565
G1 X186.3 Y156.26 E.22447
SET_VELOCITY_LIMIT ACCEL=10000 ACCEL_TO_DECEL=5000
G1 E-1.4 F2100
G1 Z21.6 F30000
G1 X182.884 Y155.596 Z21.6
G1 Z21.4
G1 E1.4 F2100
;TYPE:Sparse infill
G1 F2929
G1 X181.456 Y155.596 E.04241
G1 X181.365 Y155.227 E.0113
G1 X180.678 Y154.54 E.02885
G1 X179.404 Y154.229 E.03896
G1 X179.404 Y150.593 E.10795
G1 X180.678 Y150.904 E.03896
G1 X181.365 Y151.591 E.02885
G1 X181.809 Y153.409 E.05556
G1 X182.496 Y154.096 E.02885
G1 X184.314 Y154.54 E.05556
G1 X185.001 Y155.227 E.02885
G1 X185.091 Y155.596 E.0113
G1 X185.596 Y155.596 E.01499
G1 X185.596 Y153.56 E.06045
G1 X185.445 Y153.409 E.00636
G1 X185.001 Y151.591 E.05556
G1 X184.314 Y150.904 E.02885
G1 X182.496 Y150.46 E.05556
G1 X181.809 Y149.773 E.02885
G1 X181.719 Y149.404 E.01129
G1 X185.355 Y149.404 E.10795
G2 X185.596 Y149.925 I.55 J.062 E.01793
G1 X185.596 Y151.353 E.04241
G1 E-1.4 F2100
G1 Z21.6 F30000
G1 X125.9 Y155.9 Z21.6
G1 Z21.4
G1 E1.4 F2100
;TYPE:Inner wall
G1 F2929
G1 X119.1 Y155.9 E.2019
G1 X119.1 Y149.1 E.2019
G1 X125.9 Y149.1 E.2019
G1 X125.9 Y155.86 E.20071
SET_VELOCITY_LIMIT ACCEL=5000 ACCEL_TO_DECEL=2500
G1 X126.3 Y156.3 F30000
;TYPE:Outer wall
G1 F2929
G1 X118.7 Y156.3 E.22565
G1 X118.7 Y148.7 E.22565
G1 X126.3 Y148.7 E.22565
G1 X126.3 Y156.26 E.22447
SET_VELOCITY_LIMIT ACCEL=10000 ACCEL_TO_DECEL=5000
G1 E-1.4 F2100
G1 Z21.6 F30000
G1 X119.404 Y153.647 Z21.6
G1 Z21.4
G1 E1.4 F2100
;TYPE:Sparse infill
G1 F2929
G1 X119.404 Y155.075 E.04241
G3 X119.645 Y155.596 I-.308 J.459 E.01793
G1 X123.281 Y155.596 E.10795
G1 X123.191 Y155.227 E.0113
G1 X122.504 Y154.54 E.02885
G1 X120.686 Y154.096 E.05556
G1 X119.999 Y153.409 E.02885
G1 X119.555 Y151.591 E.05556
G1 X119.404 Y151.44 E.00636
G1 X119.404 Y149.404 E.06045
G1 X119.909 Y149.404 E.01499
G1 X119.999 Y149.773 E.01129
G1 X120.686 Y150.46 E.02885
G1 X122.504 Y150.904 E.05556
G1 X123.191 Y151.591 E.02885
G1 X123.635 Y153.409 E.05556
G1 X124.322 Y154.096 E.02885
G1 X125.596 Y154.407 E.03896
G1 X125.596 Y150.771 E.10795
G1 X124.322 Y150.46 E.03896
G1 X123.635 Y149.773 E.02885
G1 X123.544 Y149.404 E.01129
G1 X122.116 Y149.404 E.04241
; stop printing object stringing_test_8x8x30.stl id:0 copy 0
;LAYER_CHANGE
;Z:21.6
;HEIGHT:0.200001
;BEFORE_LAYER_CHANGE
;21.6
G92 E0

G1 E-1.4 F2100
;AFTER_LAYER_CHANGE
;21.6
SET_PRINT_STATS_INFO CURRENT_LAYER=108
;_SET_FAN_SPEED_CHANGING_LAYER
; printing object stringing_test_8x8x30.stl id:0 copy 0
G1 Z21.8 F30000
G1 X185.9 Y155.9 Z21.8
G1 Z21.6
G1 E1.4 F2100
;TYPE:Inner wall
G1 F3024
G1 X179.1 Y155.9 E.2019
G1 X179.1 Y149.1 E.2019
G1 X185.9 Y149.1 E.2019
G1 X185.9 Y155.86 E.20071
SET_VELOCITY_LIMIT ACCEL=5000 ACCEL_TO_DECEL=2500
G1 X186.3 Y156.3 F30000
M73 P72 R3
;TYPE:Outer wall
G1 F3024
G1 X178.7 Y156.3 E.22565
G1 X178.7 Y148.7 E.22565
G1 X186.3 Y148.7 E.22565
G1 X186.3 Y156.26 E.22447
SET_VELOCITY_LIMIT ACCEL=10000 ACCEL_TO_DECEL=5000
G1 E-1.4 F2100
G1 Z21.8 F30000
G1 X183.094 Y155.596 Z21.8
G1 Z21.6
G1 E1.4 F2100
;TYPE:Sparse infill
G1 F3024
G1 X181.665 Y155.596 E.04241
G1 X181.719 Y155.227 E.01109
G1 X180.678 Y154.186 E.0437
G1 X179.404 Y154.371 E.03824
G1 X179.404 Y150.735 E.10795
G1 X180.678 Y150.55 E.03824
G1 X181.719 Y151.591 E.0437
G1 X181.456 Y153.409 E.05454
G1 X182.496 Y154.45 E.0437
G1 X184.314 Y154.186 E.05454
G1 X185.355 Y155.227 E.0437
G1 X185.301 Y155.596 E.01109
G1 X185.596 Y155.596 E.00877
G1 X185.596 Y153.914 E.04995
G1 X185.091 Y153.409 E.02121
G1 X185.355 Y151.591 E.05454
G1 X184.314 Y150.55 E.0437
G1 X182.496 Y150.814 E.05454
G1 X181.456 Y149.773 E.0437
G1 X181.509 Y149.404 E.01109
G1 X185.145 Y149.404 E.10795
G1 X185.091 Y149.773 E.01109
G1 X185.596 Y150.278 E.02121
G1 X185.596 Y149.404 E.02597
G1 X185.324 Y149.404 E.0081
G1 E-1.4 F2100
G1 Z21.8 F30000
G1 X125.9 Y155.9 Z21.8
G1 Z21.6
G1 E1.4 F2100
;TYPE:Inner wall
G1 F3024
G1 X119.1 Y155.9 E.2019
G1 X119.1 Y149.1 E.2019
G1 X125.9 Y149.1 E.2019
G1 X125.9 Y155.86 E.20071
SET_VELOCITY_LIMIT ACCEL=5000 ACCEL_TO_DECEL=2500
G1 X126.3 Y156.3 F30000
;TYPE:Outer wall
G1 F3024
G1 X118.7 Y156.3 E.22565
G1 X118.7 Y148.7 E.22565
G1 X126.3 Y148.7 E.22565
G1 X126.3 Y156.26 E.22447
SET_VELOCITY_LIMIT ACCEL=10000 ACCEL_TO_DECEL=5000
G1 E-1.4 F2100
G1 Z21.8 F30000
G1 X119.676 Y155.596 Z21.8
G1 Z21.6
G1 E1.4 F2100
;TYPE:Sparse infill
G1 F3024
G1 X119.404 Y155.596 E.0081
G1 X119.404 Y154.722 E.02597
G1 X119.909 Y155.227 E.02121
G1 X119.855 Y155.596 E.01109
G1 X123.491 Y155.596 E.10795
G1 X123.544 Y155.227 E.01109
G1 X122.504 Y154.186 E.0437
G1 X120.686 Y154.45 E.05454
G1 X119.645 Y153.409 E.0437
G1 X119.909 Y151.591 E.05454
G1 X119.404 Y151.086 E.02121
G1 X119.404 Y149.404 E.04995
G1 X119.699 Y149.404 E.00877
G1 X119.645 Y149.773 E.01109
G1 X120.686 Y150.814 E.0437
G1 X122.504 Y150.55 E.05454
G1 X123.544 Y151.591 E.0437
G1 X123.281 Y153.409 E.05454
G1 X124.322 Y154.45 E.0437
G1 X125.596 Y154.265 E.03824
G1 X125.596 Y150.629 E.10795
G1 X124.322 Y150.814 E.03824
G1 X123.281 Y149.773 E.0437
G1 X123.335 Y149.404 E.01109
G1 X121.906 Y149.404 E.04241
; stop printing object stringing_test_8x8x30.stl id:0 copy 0
;LAYER_CHANGE
;Z:21.8
;HEIGHT:0.199999
;BEFORE_LAYER_CHANGE
;21.8
G92 E0

G1 E-1.4 F2100
;AFTER_LAYER_CHANGE
;21.8
SET_PRINT_STATS_INFO CURRENT_LAYER=109
;_SET_FAN_SPEED_CHANGING_LAYER
; printing object stringing_test_8x8x30.stl id:0 copy 0
G1 Z22 F30000
G1 X185.9 Y155.9 Z22
G1 Z21.8
G1 E1.4 F2100
;TYPE:Inner wall
G1 F2944
G1 X179.1 Y155.9 E.2019
G1 X179.1 Y149.1 E.2019
G1 X185.9 Y149.1 E.2019
G1 X185.9 Y155.86 E.20071
SET_VELOCITY_LIMIT ACCEL=5000 ACCEL_TO_DECEL=2500
G1 X186.3 Y156.3 F30000
;TYPE:Outer wall
G1 F2944
G1 X178.7 Y156.3 E.22565
G1 X178.7 Y148.7 E.22565
G1 X186.3 Y148.7 E.22565
G1 X186.3 Y156.26 E.22447
SET_VELOCITY_LIMIT ACCEL=10000 ACCEL_TO_DECEL=5000
G1 E-1.4 F2100
G1 Z22 F30000
G1 X185.596 Y153.547 Z22
G1 Z21.8
G1 E1.4 F2100
;TYPE:Sparse infill
G1 F2944
G1 X185.596 Y154.975 E.04241
G2 X185.295 Y155.596 I.256 J.508 E.02203
G1 X181.659 Y155.596 E.10795
G1 X181.709 Y155.227 E.01107
G1 X182.496 Y154.44 E.03306
G1 X184.314 Y154.196 E.05446
G1 X185.101 Y153.409 E.03306
G1 X185.345 Y151.591 E.05446
G1 X185.596 Y151.339 E.01057
G1 X185.596 Y149.404 E.05748
G1 X185.151 Y149.404 E.01323
G1 X185.101 Y149.773 E.01107
G1 X184.314 Y150.56 E.03306
G1 X182.496 Y150.804 E.05446
G1 X181.709 Y151.591 E.03306
G1 X181.466 Y153.409 E.05446
G1 X180.678 Y154.196 E.03306
G1 X179.404 Y154.367 E.03819
G1 X179.404 Y150.731 E.10795
G1 X180.678 Y150.56 E.03819
G1 X181.466 Y149.773 E.03306
G1 X181.515 Y149.404 E.01107
G1 X182.943 Y149.404 E.04241
G1 E-1.4 F2100
G1 Z22 F30000
G1 X125.9 Y155.9 Z22
G1 Z21.8
G1 E1.4 F2100
;TYPE:Inner wall
G1 F2944
G1 X119.1 Y155.9 E.2019
G1 X119.1 Y149.1 E.2019
G1 X125.9 Y149.1 E.2019
G1 X125.9 Y155.86 E.20071
SET_VELOCITY_LIMIT ACCEL=5000 ACCEL_TO_DECEL=2500
G1 X126.3 Y156.3 F30000
;TYPE:Outer wall
G1 F2944
G1 X118.7 Y156.3 E.22565
G1 X118.7 Y148.7 E.22565
M73 P73 R3
G1 X126.3 Y148.7 E.22565
G1 X126.3 Y156.26 E.22447
SET_VELOCITY_LIMIT ACCEL=10000 ACCEL_TO_DECEL=5000
G1 E-1.4 F2100
G1 Z22 F30000
G1 X122.057 Y155.596 Z22
G1 Z21.8
G1 E1.4 F2100
;TYPE:Sparse infill
G1 F2944
G1 X123.485 Y155.596 E.04241
G1 X123.534 Y155.227 E.01107
G1 X124.322 Y154.44 E.03306
G1 X125.596 Y154.269 E.03819
G1 X125.596 Y150.633 E.10795
G1 X124.322 Y150.804 E.03819
G1 X123.534 Y151.591 E.03306
G1 X123.291 Y153.409 E.05446
G1 X122.504 Y154.196 E.03306
G1 X120.686 Y154.44 E.05446
G1 X119.899 Y155.227 E.03306
G1 X119.849 Y155.596 E.01107
G1 X119.404 Y155.596 E.01323
G1 X119.404 Y153.661 E.05748
G1 X119.655 Y153.409 E.01057
G1 X119.899 Y151.591 E.05446
G1 X120.686 Y150.804 E.03306
G1 X122.504 Y150.56 E.05446
G1 X123.291 Y149.773 E.03306
G1 X123.341 Y149.404 E.01107
G1 X119.705 Y149.404 E.10795
G3 X119.404 Y150.025 I-.557 J.114 E.02203
G1 X119.404 Y151.453 E.04241
; stop printing object stringing_test_8x8x30.stl id:0 copy 0
;LAYER_CHANGE
;Z:22
;HEIGHT:0.200001
;BEFORE_LAYER_CHANGE
;22
G92 E0

G1 E-1.4 F2100
;AFTER_LAYER_CHANGE
;22
SET_PRINT_STATS_INFO CURRENT_LAYER=110
;_SET_FAN_SPEED_CHANGING_LAYER
; printing object stringing_test_8x8x30.stl id:0 copy 0
G1 Z22.2 F30000
G1 X185.9 Y155.9 Z22.2
G1 Z22
G1 E1.4 F2100
;TYPE:Inner wall
G1 F2748
G1 X179.1 Y155.9 E.2019
G1 X179.1 Y149.1 E.2019
G1 X185.9 Y149.1 E.2019
G1 X185.9 Y155.86 E.20071
SET_VELOCITY_LIMIT ACCEL=5000 ACCEL_TO_DECEL=2500
G1 X186.3 Y156.3 F30000
;TYPE:Outer wall
G1 F2748
G1 X178.7 Y156.3 E.22565
G1 X178.7 Y148.7 E.22565
G1 X186.3 Y148.7 E.22565
G1 X186.3 Y156.26 E.22447
SET_VELOCITY_LIMIT ACCEL=10000 ACCEL_TO_DECEL=5000
G1 E-1.4 F2100
G1 Z22.2 F30000
G1 X183.298 Y155.596 Z22.2
G1 Z22
G1 E1.4 F2100
;TYPE:Sparse infill
G1 F2748
G1 X181.869 Y155.596 E.04241
G3 X182.496 Y154.793 I1.595 J.599 E.03073
G1 X184.314 Y153.843 E.06091
G1 X184.748 Y153.409 E.01821
G1 X185.596 Y151.786 E.05438
G1 X185.596 Y149.404 E.07073
G1 X184.941 Y149.404 E.01946
G3 X184.314 Y150.207 I-1.595 J-.599 E.03073
G1 X182.496 Y151.157 E.06091
G1 X182.062 Y151.591 E.01821
G1 X181.112 Y153.409 E.06091
G1 X180.678 Y153.843 E.01821
G1 X179.404 Y154.509 E.04271
G1 X179.404 Y150.873 E.10795
G1 X180.678 Y150.207 E.04271
G2 X181.305 Y149.404 I-.968 J-1.402 E.03073
G1 X182.734 Y149.404 E.04241
G1 E-1.4 F2100
G1 Z22.2 F30000
G1 X125.9 Y155.9 Z22.2
G1 Z22
G1 E1.4 F2100
;TYPE:Inner wall
G1 F2748
G1 X119.1 Y155.9 E.2019
G1 X119.1 Y149.1 E.2019
G1 X125.9 Y149.1 E.2019
G1 X125.9 Y155.86 E.20071
SET_VELOCITY_LIMIT ACCEL=5000 ACCEL_TO_DECEL=2500
G1 X126.3 Y156.3 F30000
;TYPE:Outer wall
G1 F2748
G1 X118.7 Y156.3 E.22565
G1 X118.7 Y148.7 E.22565
G1 X126.3 Y148.7 E.22565
G1 X126.3 Y156.26 E.22447
SET_VELOCITY_LIMIT ACCEL=10000 ACCEL_TO_DECEL=5000
G1 E-1.4 F2100
G1 Z22.2 F30000
G1 X122.266 Y155.596 Z22.2
G1 Z22
G1 E1.4 F2100
;TYPE:Sparse infill
G1 F2748
G1 X123.695 Y155.596 E.04241
G3 X124.322 Y154.793 I1.595 J.599 E.03073
G1 X125.596 Y154.127 E.04271
G1 X125.596 Y150.491 E.10795
G1 X124.322 Y151.157 E.04271
G1 X123.888 Y151.591 E.01821
G1 X122.938 Y153.409 E.06091
G1 X122.504 Y153.843 E.01821
G1 X120.686 Y154.793 E.06091
G2 X120.059 Y155.596 I.968 J1.402 E.03073
G1 X119.404 Y155.596 E.01946
G1 X119.404 Y153.214 E.07073
G1 X120.252 Y151.591 E.05438
G1 X120.686 Y151.157 E.01821
G1 X122.504 Y150.207 E.06091
G2 X123.131 Y149.404 I-.968 J-1.402 E.03073
G1 X121.702 Y149.404 E.04241
; stop printing object stringing_test_8x8x30.stl id:0 copy 0
;LAYER_CHANGE
;Z:22.2
;HEIGHT:0.200001
;BEFORE_LAYER_CHANGE
;22.2
G92 E0

G1 E-1.4 F2100
;AFTER_LAYER_CHANGE
;22.2
SET_PRINT_STATS_INFO CURRENT_LAYER=111
;_SET_FAN_SPEED_CHANGING_LAYER
; printing object stringing_test_8x8x30.stl id:0 copy 0
G1 Z22.4 F30000
G1 X185.9 Y155.9 Z22.4
G1 Z22.2
G1 E1.4 F2100
;TYPE:Inner wall
G1 F2730
G1 X179.1 Y155.9 E.2019
G1 X179.1 Y149.1 E.2019
G1 X185.9 Y149.1 E.2019
G1 X185.9 Y155.86 E.20071
SET_VELOCITY_LIMIT ACCEL=5000 ACCEL_TO_DECEL=2500
G1 X186.3 Y156.3 F30000
;TYPE:Outer wall
G1 F2730
G1 X178.7 Y156.3 E.22565
G1 X178.7 Y148.7 E.22565
G1 X186.3 Y148.7 E.22565
G1 X186.3 Y156.26 E.22447
M73 P74 R3
SET_VELOCITY_LIMIT ACCEL=10000 ACCEL_TO_DECEL=5000
G1 E-1.4 F2100
G1 Z22.4 F30000
G1 X183.555 Y155.596 Z22.4
G1 Z22.2
G1 E1.4 F2100
;TYPE:Sparse infill
G1 F2730
G1 X182.127 Y155.596 E.04241
G1 X185.596 Y152.127 E.1457
G1 X185.596 Y149.404 E.08085
G1 X184.684 Y149.404 E.0271
G1 X179.404 Y154.684 E.22172
G1 X179.404 Y151.048 E.10795
G1 X181.048 Y149.404 E.06904
G1 X182.476 Y149.404 E.04241
G1 E-1.4 F2100
G1 Z22.4 F30000
G1 X125.9 Y155.9 Z22.4
G1 Z22.2
G1 E1.4 F2100
;TYPE:Inner wall
G1 F2730
G1 X119.1 Y155.9 E.2019
G1 X119.1 Y149.1 E.2019
G1 X125.9 Y149.1 E.2019
G1 X125.9 Y155.86 E.20071
SET_VELOCITY_LIMIT ACCEL=5000 ACCEL_TO_DECEL=2500
G1 X126.3 Y156.3 F30000
;TYPE:Outer wall
G1 F2730
G1 X118.7 Y156.3 E.22565
G1 X118.7 Y148.7 E.22565
G1 X126.3 Y148.7 E.22565
G1 X126.3 Y156.26 E.22447
SET_VELOCITY_LIMIT ACCEL=10000 ACCEL_TO_DECEL=5000
G1 E-1.4 F2100
G1 Z22.4 F30000
G1 X125.596 Y152.524 Z22.4
G1 Z22.2
G1 E1.4 F2100
;TYPE:Sparse infill
G1 F2730
G1 X125.596 Y153.952 E.04241
G1 X123.952 Y155.596 E.06904
G1 X120.316 Y155.596 E.10795
G1 X125.596 Y150.316 E.22172
G1 X125.596 Y149.404 E.0271
G1 X122.873 Y149.404 E.08085
G1 X119.404 Y152.873 E.1457
G1 X119.404 Y151.445 E.04241
; stop printing object stringing_test_8x8x30.stl id:0 copy 0
;LAYER_CHANGE
;Z:22.4
;HEIGHT:0.199999
;BEFORE_LAYER_CHANGE
;22.4
G92 E0

G1 E-1.4 F2100
;AFTER_LAYER_CHANGE
;22.4
SET_PRINT_STATS_INFO CURRENT_LAYER=112
;_SET_FAN_SPEED_CHANGING_LAYER
; printing object stringing_test_8x8x30.stl id:0 copy 0
G1 Z22.6 F30000
G1 X185.9 Y155.9 Z22.6
G1 Z22.4
G1 E1.4 F2100
;TYPE:Inner wall
G1 F2730
G1 X179.1 Y155.9 E.2019
G1 X179.1 Y149.1 E.2019
G1 X185.9 Y149.1 E.2019
G1 X185.9 Y155.86 E.20071
SET_VELOCITY_LIMIT ACCEL=5000 ACCEL_TO_DECEL=2500
G1 X186.3 Y156.3 F30000
;TYPE:Outer wall
G1 F2730
G1 X178.7 Y156.3 E.22565
G1 X178.7 Y148.7 E.22565
G1 X186.3 Y148.7 E.22565
G1 X186.3 Y156.26 E.22447
SET_VELOCITY_LIMIT ACCEL=10000 ACCEL_TO_DECEL=5000
G1 E-1.4 F2100
G1 Z22.6 F30000
G1 X183.555 Y155.596 Z22.6
G1 Z22.4
G1 E1.4 F2100
;TYPE:Sparse infill
G1 F2730
G1 X182.127 Y155.596 E.04241
G1 X185.596 Y152.127 E.1457
G1 X185.596 Y149.404 E.08085
G1 X184.684 Y149.404 E.0271
G1 X179.404 Y154.684 E.22172
G1 X179.404 Y151.048 E.10795
G1 X181.048 Y149.404 E.06904
G1 X182.476 Y149.404 E.04241
G1 E-1.4 F2100
G1 Z22.6 F30000
G1 X125.9 Y155.9 Z22.6
G1 Z22.4
G1 E1.4 F2100
;TYPE:Inner wall
G1 F2730
G1 X119.1 Y155.9 E.2019
G1 X119.1 Y149.1 E.2019
G1 X125.9 Y149.1 E.2019
G1 X125.9 Y155.86 E.20071
SET_VELOCITY_LIMIT ACCEL=5000 ACCEL_TO_DECEL=2500
G1 X126.3 Y156.3 F30000
;TYPE:Outer wall
G1 F2730
G1 X118.7 Y156.3 E.22565
G1 X118.7 Y148.7 E.22565
G1 X126.3 Y148.7 E.22565
G1 X126.3 Y156.26 E.22447
SET_VELOCITY_LIMIT ACCEL=10000 ACCEL_TO_DECEL=5000
G1 E-1.4 F2100
G1 Z22.6 F30000
G1 X125.596 Y152.524 Z22.6
G1 Z22.4
G1 E1.4 F2100
;TYPE:Sparse infill
G1 F2730
G1 X125.596 Y153.952 E.04241
G1 X123.952 Y155.596 E.06904
M73 P75 R3
G1 X120.316 Y155.596 E.10795
G1 X125.596 Y150.316 E.22172
G1 X125.596 Y149.404 E.0271
G1 X122.873 Y149.404 E.08085
G1 X119.404 Y152.873 E.1457
G1 X119.404 Y151.445 E.04241
; stop printing object stringing_test_8x8x30.stl id:0 copy 0
;LAYER_CHANGE
;Z:22.6
;HEIGHT:0.200001
;BEFORE_LAYER_CHANGE
;22.6
G92 E0

G1 E-1.4 F2100
;AFTER_LAYER_CHANGE
;22.6
SET_PRINT_STATS_INFO CURRENT_LAYER=113
;_SET_FAN_SPEED_CHANGING_LAYER
; printing object stringing_test_8x8x30.stl id:0 copy 0
G1 Z22.8 F30000
G1 X185.9 Y155.9 Z22.8
G1 Z22.6
G1 E1.4 F2100
;TYPE:Inner wall
G1 F2730
G1 X179.1 Y155.9 E.2019
G1 X179.1 Y149.1 E.2019
G1 X185.9 Y149.1 E.2019
G1 X185.9 Y155.86 E.20071
SET_VELOCITY_LIMIT ACCEL=5000 ACCEL_TO_DECEL=2500
G1 X186.3 Y156.3 F30000
;TYPE:Outer wall
G1 F2730
G1 X178.7 Y156.3 E.22565
G1 X178.7 Y148.7 E.22565
G1 X186.3 Y148.7 E.22565
G1 X186.3 Y156.26 E.22447
SET_VELOCITY_LIMIT ACCEL=10000 ACCEL_TO_DECEL=5000
G1 E-1.4 F2100
G1 Z22.8 F30000
G1 X183.555 Y155.596 Z22.8
G1 Z22.6
G1 E1.4 F2100
;TYPE:Sparse infill
G1 F2730
G1 X182.127 Y155.596 E.04241
G1 X185.596 Y152.127 E.1457
G1 X185.596 Y149.404 E.08085
G1 X184.684 Y149.404 E.0271
G1 X179.404 Y154.684 E.22172
G1 X179.404 Y151.048 E.10795
G1 X181.048 Y149.404 E.06904
G1 X182.476 Y149.404 E.04241
G1 E-1.4 F2100
G1 Z22.8 F30000
G1 X125.9 Y155.9 Z22.8
G1 Z22.6
G1 E1.4 F2100
;TYPE:Inner wall
G1 F2730
G1 X119.1 Y155.9 E.2019
G1 X119.1 Y149.1 E.2019
G1 X125.9 Y149.1 E.2019
G1 X125.9 Y155.86 E.20071
SET_VELOCITY_LIMIT ACCEL=5000 ACCEL_TO_DECEL=2500
G1 X126.3 Y156.3 F30000
;TYPE:Outer wall
G1 F2730
G1 X118.7 Y156.3 E.22565
G1 X118.7 Y148.7 E.22565
G1 X126.3 Y148.7 E.22565
G1 X126.3 Y156.26 E.22447
SET_VELOCITY_LIMIT ACCEL=10000 ACCEL_TO_DECEL=5000
G1 E-1.4 F2100
G1 Z22.8 F30000
G1 X125.596 Y152.524 Z22.8
G1 Z22.6
G1 E1.4 F2100
;TYPE:Sparse infill
G1 F2730
G1 X125.596 Y153.952 E.04241
G1 X123.952 Y155.596 E.06904
G1 X120.316 Y155.596 E.10795
G1 X125.596 Y150.316 E.22172
G1 X125.596 Y149.404 E.0271
G1 X122.873 Y149.404 E.08085
G1 X119.404 Y152.873 E.1457
G1 X119.404 Y151.445 E.04241
; stop printing object stringing_test_8x8x30.stl id:0 copy 0
;LAYER_CHANGE
;Z:22.8
;HEIGHT:0.199999
;BEFORE_LAYER_CHANGE
;22.8
G92 E0

G1 E-1.4 F2100
;AFTER_LAYER_CHANGE
;22.8
SET_PRINT_STATS_INFO CURRENT_LAYER=114
;_SET_FAN_SPEED_CHANGING_LAYER
; printing object stringing_test_8x8x30.stl id:0 copy 0
G1 Z23 F30000
G1 X185.9 Y155.9 Z23
G1 Z22.8
G1 E1.4 F2100
;TYPE:Inner wall
G1 F2730
G1 X179.1 Y155.9 E.2019
G1 X179.1 Y149.1 E.2019
G1 X185.9 Y149.1 E.2019
G1 X185.9 Y155.86 E.20071
SET_VELOCITY_LIMIT ACCEL=5000 ACCEL_TO_DECEL=2500
G1 X186.3 Y156.3 F30000
;TYPE:Outer wall
G1 F2730
G1 X178.7 Y156.3 E.22565
G1 X178.7 Y148.7 E.22565
G1 X186.3 Y148.7 E.22565
G1 X186.3 Y156.26 E.22447
SET_VELOCITY_LIMIT ACCEL=10000 ACCEL_TO_DECEL=5000
G1 E-1.4 F2100
G1 Z23 F30000
G1 X183.555 Y155.596 Z23
G1 Z22.8
G1 E1.4 F2100
;TYPE:Sparse infill
G1 F2730
G1 X182.127 Y155.596 E.04241
G1 X185.596 Y152.127 E.1457
G1 X185.596 Y149.404 E.08085
G1 X184.684 Y149.404 E.0271
G1 X179.404 Y154.684 E.22172
G1 X179.404 Y151.048 E.10795
G1 X181.048 Y149.404 E.06904
M73 P76 R3
G1 X182.476 Y149.404 E.04241
G1 E-1.4 F2100
G1 Z23 F30000
G1 X125.9 Y155.9 Z23
G1 Z22.8
G1 E1.4 F2100
;TYPE:Inner wall
G1 F2730
G1 X119.1 Y155.9 E.2019
G1 X119.1 Y149.1 E.2019
G1 X125.9 Y149.1 E.2019
G1 X125.9 Y155.86 E.20071
SET_VELOCITY_LIMIT ACCEL=5000 ACCEL_TO_DECEL=2500
G1 X126.3 Y156.3 F30000
;TYPE:Outer wall
G1 F2730
G1 X118.7 Y156.3 E.22565
G1 X118.7 Y148.7 E.22565
G1 X126.3 Y148.7 E.22565
G1 X126.3 Y156.26 E.22447
SET_VELOCITY_LIMIT ACCEL=10000 ACCEL_TO_DECEL=5000
G1 E-1.4 F2100
G1 Z23 F30000
G1 X125.596 Y152.524 Z23
G1 Z22.8
G1 E1.4 F2100
;TYPE:Sparse infill
G1 F2730
G1 X125.596 Y153.952 E.04241
G1 X123.952 Y155.596 E.06904
G1 X120.316 Y155.596 E.10795
G1 X125.596 Y150.316 E.22172
G1 X125.596 Y149.404 E.0271
M73 P76 R2
G1 X122.873 Y149.404 E.08085
G1 X119.404 Y152.873 E.1457
G1 X119.404 Y151.445 E.04241
; stop printing object stringing_test_8x8x30.stl id:0 copy 0
;LAYER_CHANGE
;Z:23
;HEIGHT:0.200001
;BEFORE_LAYER_CHANGE
;23
G92 E0

G1 E-1.4 F2100
;AFTER_LAYER_CHANGE
;23
SET_PRINT_STATS_INFO CURRENT_LAYER=115
;_SET_FAN_SPEED_CHANGING_LAYER
; printing object stringing_test_8x8x30.stl id:0 copy 0
G1 Z23.2 F30000
G1 X185.9 Y155.9 Z23.2
G1 Z23
G1 E1.4 F2100
;TYPE:Inner wall
G1 F2730
G1 X179.1 Y155.9 E.2019
G1 X179.1 Y149.1 E.2019
G1 X185.9 Y149.1 E.2019
G1 X185.9 Y155.86 E.20071
SET_VELOCITY_LIMIT ACCEL=5000 ACCEL_TO_DECEL=2500
G1 X186.3 Y156.3 F30000
;TYPE:Outer wall
G1 F2730
G1 X178.7 Y156.3 E.22565
G1 X178.7 Y148.7 E.22565
G1 X186.3 Y148.7 E.22565
G1 X186.3 Y156.26 E.22447
SET_VELOCITY_LIMIT ACCEL=10000 ACCEL_TO_DECEL=5000
G1 E-1.4 F2100
G1 Z23.2 F30000
G1 X183.555 Y155.596 Z23.2
G1 Z23
G1 E1.4 F2100
;TYPE:Sparse infill
G1 F2730
G1 X182.127 Y155.596 E.04241
G1 X185.596 Y152.127 E.1457
G1 X185.596 Y149.404 E.08085
G1 X184.684 Y149.404 E.0271
G1 X179.404 Y154.684 E.22172
G1 X179.404 Y151.048 E.10795
G1 X181.048 Y149.404 E.06904
G1 X182.476 Y149.404 E.04241
G1 E-1.4 F2100
G1 Z23.2 F30000
G1 X125.9 Y155.9 Z23.2
G1 Z23
G1 E1.4 F2100
;TYPE:Inner wall
G1 F2730
G1 X119.1 Y155.9 E.2019
G1 X119.1 Y149.1 E.2019
G1 X125.9 Y149.1 E.2019
G1 X125.9 Y155.86 E.20071
SET_VELOCITY_LIMIT ACCEL=5000 ACCEL_TO_DECEL=2500
G1 X126.3 Y156.3 F30000
;TYPE:Outer wall
G1 F2730
G1 X118.7 Y156.3 E.22565
G1 X118.7 Y148.7 E.22565
G1 X126.3 Y148.7 E.22565
G1 X126.3 Y156.26 E.22447
SET_VELOCITY_LIMIT ACCEL=10000 ACCEL_TO_DECEL=5000
G1 E-1.4 F2100
G1 Z23.2 F30000
G1 X125.596 Y152.524 Z23.2
G1 Z23
G1 E1.4 F2100
;TYPE:Sparse infill
G1 F2730
G1 X125.596 Y153.952 E.04241
G1 X123.952 Y155.596 E.06904
G1 X120.316 Y155.596 E.10795
G1 X125.596 Y150.316 E.22172
G1 X125.596 Y149.404 E.0271
G1 X122.873 Y149.404 E.08085
G1 X119.404 Y152.873 E.1457
G1 X119.404 Y151.445 E.04241
; stop printing object stringing_test_8x8x30.stl id:0 copy 0
;LAYER_CHANGE
;Z:23.2
;HEIGHT:0.200001
;BEFORE_LAYER_CHANGE
;23.2
G92 E0

G1 E-1.4 F2100
;AFTER_LAYER_CHANGE
;23.2
SET_PRINT_STATS_INFO CURRENT_LAYER=116
;_SET_FAN_SPEED_CHANGING_LAYER
; printing object stringing_test_8x8x30.stl id:0 copy 0
G1 Z23.4 F30000
G1 X185.9 Y155.9 Z23.4
G1 Z23.2
G1 E1.4 F2100
;TYPE:Inner wall
G1 F2730
G1 X179.1 Y155.9 E.2019
G1 X179.1 Y149.1 E.2019
M73 P77 R2
G1 X185.9 Y149.1 E.2019
G1 X185.9 Y155.86 E.20071
SET_VELOCITY_LIMIT ACCEL=5000 ACCEL_TO_DECEL=2500
G1 X186.3 Y156.3 F30000
;TYPE:Outer wall
G1 F2730
G1 X178.7 Y156.3 E.22565
G1 X178.7 Y148.7 E.22565
G1 X186.3 Y148.7 E.22565
G1 X186.3 Y156.26 E.22447
SET_VELOCITY_LIMIT ACCEL=10000 ACCEL_TO_DECEL=5000
G1 E-1.4 F2100
G1 Z23.4 F30000
G1 X183.555 Y155.596 Z23.4
G1 Z23.2
G1 E1.4 F2100
;TYPE:Sparse infill
G1 F2730
G1 X182.127 Y155.596 E.04241
G1 X185.596 Y152.127 E.1457
G1 X185.596 Y149.404 E.08085
G1 X184.684 Y149.404 E.0271
G1 X179.404 Y154.684 E.22172
G1 X179.404 Y151.048 E.10795
G1 X181.048 Y149.404 E.06904
G1 X182.476 Y149.404 E.04241
G1 E-1.4 F2100
G1 Z23.4 F30000
G1 X125.9 Y155.9 Z23.4
G1 Z23.2
G1 E1.4 F2100
;TYPE:Inner wall
G1 F2730
G1 X119.1 Y155.9 E.2019
G1 X119.1 Y149.1 E.2019
G1 X125.9 Y149.1 E.2019
G1 X125.9 Y155.86 E.20071
SET_VELOCITY_LIMIT ACCEL=5000 ACCEL_TO_DECEL=2500
G1 X126.3 Y156.3 F30000
;TYPE:Outer wall
G1 F2730
G1 X118.7 Y156.3 E.22565
G1 X118.7 Y148.7 E.22565
G1 X126.3 Y148.7 E.22565
G1 X126.3 Y156.26 E.22447
SET_VELOCITY_LIMIT ACCEL=10000 ACCEL_TO_DECEL=5000
G1 E-1.4 F2100
G1 Z23.4 F30000
G1 X125.596 Y152.524 Z23.4
G1 Z23.2
G1 E1.4 F2100
;TYPE:Sparse infill
G1 F2730
G1 X125.596 Y153.952 E.04241
G1 X123.952 Y155.596 E.06904
G1 X120.316 Y155.596 E.10795
G1 X125.596 Y150.316 E.22172
G1 X125.596 Y149.404 E.0271
G1 X122.873 Y149.404 E.08085
G1 X119.404 Y152.873 E.1457
G1 X119.404 Y151.445 E.04241
; stop printing object stringing_test_8x8x30.stl id:0 copy 0
;LAYER_CHANGE
;Z:23.4
;HEIGHT:0.199999
;BEFORE_LAYER_CHANGE
;23.4
G92 E0

G1 E-1.4 F2100
;AFTER_LAYER_CHANGE
;23.4
SET_PRINT_STATS_INFO CURRENT_LAYER=117
;_SET_FAN_SPEED_CHANGING_LAYER
; printing object stringing_test_8x8x30.stl id:0 copy 0
G1 Z23.6 F30000
G1 X185.9 Y155.9 Z23.6
G1 Z23.4
G1 E1.4 F2100
;TYPE:Inner wall
G1 F2730
G1 X179.1 Y155.9 E.2019
G1 X179.1 Y149.1 E.2019
G1 X185.9 Y149.1 E.2019
G1 X185.9 Y155.86 E.20071
SET_VELOCITY_LIMIT ACCEL=5000 ACCEL_TO_DECEL=2500
G1 X186.3 Y156.3 F30000
;TYPE:Outer wall
G1 F2730
G1 X178.7 Y156.3 E.22565
G1 X178.7 Y148.7 E.22565
G1 X186.3 Y148.7 E.22565
G1 X186.3 Y156.26 E.22447
SET_VELOCITY_LIMIT ACCEL=10000 ACCEL_TO_DECEL=5000
G1 E-1.4 F2100
G1 Z23.6 F30000
G1 X183.555 Y155.596 Z23.6
G1 Z23.4
G1 E1.4 F2100
;TYPE:Sparse infill
G1 F2730
G1 X182.127 Y155.596 E.04241
G1 X185.596 Y152.127 E.1457
G1 X185.596 Y149.404 E.08085
G1 X184.684 Y149.404 E.0271
G1 X179.404 Y154.684 E.22172
G1 X179.404 Y151.048 E.10795
G1 X181.048 Y149.404 E.06904
G1 X182.476 Y149.404 E.04241
G1 E-1.4 F2100
G1 Z23.6 F30000
G1 X125.9 Y155.9 Z23.6
G1 Z23.4
G1 E1.4 F2100
;TYPE:Inner wall
G1 F2730
G1 X119.1 Y155.9 E.2019
G1 X119.1 Y149.1 E.2019
G1 X125.9 Y149.1 E.2019
G1 X125.9 Y155.86 E.20071
M73 P78 R2
SET_VELOCITY_LIMIT ACCEL=5000 ACCEL_TO_DECEL=2500
G1 X126.3 Y156.3 F30000
;TYPE:Outer wall
G1 F2730
G1 X118.7 Y156.3 E.22565
G1 X118.7 Y148.7 E.22565
G1 X126.3 Y148.7 E.22565
G1 X126.3 Y156.26 E.22447
SET_VELOCITY_LIMIT ACCEL=10000 ACCEL_TO_DECEL=5000
G1 E-1.4 F2100
G1 Z23.6 F30000
G1 X125.596 Y152.524 Z23.6
G1 Z23.4
G1 E1.4 F2100
;TYPE:Sparse infill
G1 F2730
G1 X125.596 Y153.952 E.04241
G1 X123.952 Y155.596 E.06904
G1 X120.316 Y155.596 E.10795
G1 X125.596 Y150.316 E.22172
G1 X125.596 Y149.404 E.0271
G1 X122.873 Y149.404 E.08085
G1 X119.404 Y152.873 E.1457
G1 X119.404 Y151.445 E.04241
; stop printing object stringing_test_8x8x30.stl id:0 copy 0
;LAYER_CHANGE
;Z:23.6
;HEIGHT:0.200001
;BEFORE_LAYER_CHANGE
;23.6
G92 E0

G1 E-1.4 F2100
;AFTER_LAYER_CHANGE
;23.6
SET_PRINT_STATS_INFO CURRENT_LAYER=118
;_SET_FAN_SPEED_CHANGING_LAYER
; printing object stringing_test_8x8x30.stl id:0 copy 0
G1 Z23.8 F30000
G1 X185.9 Y155.9 Z23.8
G1 Z23.6
G1 E1.4 F2100
;TYPE:Inner wall
G1 F2742
G1 X179.1 Y155.9 E.2019
G1 X179.1 Y149.1 E.2019
G1 X185.9 Y149.1 E.2019
G1 X185.9 Y155.86 E.20071
SET_VELOCITY_LIMIT ACCEL=5000 ACCEL_TO_DECEL=2500
G1 X186.3 Y156.3 F30000
;TYPE:Outer wall
G1 F2742
G1 X178.7 Y156.3 E.22565
G1 X178.7 Y148.7 E.22565
G1 X186.3 Y148.7 E.22565
G1 X186.3 Y156.26 E.22447
SET_VELOCITY_LIMIT ACCEL=10000 ACCEL_TO_DECEL=5000
G1 E-1.4 F2100
G1 Z23.8 F30000
G1 X183.341 Y155.596 Z23.8
G1 Z23.6
G1 E1.4 F2100
;TYPE:Sparse infill
G1 F2742
G1 X181.913 Y155.596 E.04241
G3 X182.496 Y154.867 I1.768 J.815 E.02801
G1 X184.314 Y153.769 E.06305
G1 X184.674 Y153.409 E.01513
G1 X185.596 Y151.882 E.05297
G1 X185.596 Y149.404 E.07358
G1 X184.897 Y149.404 E.02075
G3 X184.314 Y150.133 I-1.768 J-.815 E.02801
G1 X182.496 Y151.231 E.06305
G1 X182.136 Y151.591 E.01513
G1 X181.038 Y153.409 E.06305
G1 X180.678 Y153.769 E.01513
G1 X179.404 Y154.539 E.04421
G1 X179.404 Y150.903 E.10795
G1 X180.678 Y150.133 E.04421
G2 X181.262 Y149.404 I-1.185 J-1.545 E.02801
G1 X182.69 Y149.404 E.04241
G1 E-1.4 F2100
G1 Z23.8 F30000
G1 X125.9 Y155.9 Z23.8
G1 Z23.6
G1 E1.4 F2100
;TYPE:Inner wall
G1 F2742
G1 X119.1 Y155.9 E.2019
G1 X119.1 Y149.1 E.2019
G1 X125.9 Y149.1 E.2019
G1 X125.9 Y155.86 E.20071
SET_VELOCITY_LIMIT ACCEL=5000 ACCEL_TO_DECEL=2500
G1 X126.3 Y156.3 F30000
;TYPE:Outer wall
G1 F2742
G1 X118.7 Y156.3 E.22565
G1 X118.7 Y148.7 E.22565
G1 X126.3 Y148.7 E.22565
G1 X126.3 Y156.26 E.22447
SET_VELOCITY_LIMIT ACCEL=10000 ACCEL_TO_DECEL=5000
G1 E-1.4 F2100
G1 Z23.8 F30000
G1 X122.31 Y155.596 Z23.8
G1 Z23.6
G1 E1.4 F2100
;TYPE:Sparse infill
G1 F2742
G1 X123.738 Y155.596 E.04241
G3 X124.322 Y154.867 I1.768 J.815 E.02801
G1 X125.596 Y154.097 E.04421
G1 X125.596 Y150.461 E.10795
G1 X124.322 Y151.231 E.04421
G1 X123.962 Y151.591 E.01513
G1 X122.864 Y153.409 E.06305
G1 X122.504 Y153.769 E.01513
G1 X120.686 Y154.867 E.06305
G2 X120.103 Y155.596 I1.185 J1.545 E.02801
G1 X119.404 Y155.596 E.02075
G1 X119.404 Y153.118 E.07358
G1 X120.326 Y151.591 E.05297
G1 X120.686 Y151.231 E.01513
G1 X122.504 Y150.133 E.06305
G2 X123.087 Y149.404 I-1.185 J-1.545 E.02801
G1 X121.659 Y149.404 E.04241
; stop printing object stringing_test_8x8x30.stl id:0 copy 0
;LAYER_CHANGE
;Z:23.8
;HEIGHT:0.199999
;BEFORE_LAYER_CHANGE
;23.8
G92 E0

G1 E-1.4 F2100
;AFTER_LAYER_CHANGE
;23.8
SET_PRINT_STATS_INFO CURRENT_LAYER=119
;_SET_FAN_SPEED_CHANGING_LAYER
; printing object stringing_test_8x8x30.stl id:0 copy 0
G1 Z24 F30000
G1 X185.9 Y155.9 Z24
G1 Z23.8
G1 E1.4 F2100
;TYPE:Inner wall
G1 F2925
G1 X179.1 Y155.9 E.2019
G1 X179.1 Y149.1 E.2019
G1 X185.9 Y149.1 E.2019
G1 X185.9 Y155.86 E.20071
SET_VELOCITY_LIMIT ACCEL=5000 ACCEL_TO_DECEL=2500
G1 X186.3 Y156.3 F30000
;TYPE:Outer wall
G1 F2925
G1 X178.7 Y156.3 E.22565
G1 X178.7 Y148.7 E.22565
G1 X186.3 Y148.7 E.22565
M73 P79 R2
G1 X186.3 Y156.26 E.22447
SET_VELOCITY_LIMIT ACCEL=10000 ACCEL_TO_DECEL=5000
G1 E-1.4 F2100
G1 Z24 F30000
G1 X185.596 Y153.62 Z24
G1 Z23.8
G1 E1.4 F2100
;TYPE:Sparse infill
G1 F2925
G1 X185.596 Y155.049 E.04241
G2 X185.339 Y155.596 I.295 J.473 E.019
G1 X181.703 Y155.596 E.10795
G1 X181.782 Y155.227 E.01122
G1 X182.496 Y154.513 E.02997
G1 X184.314 Y154.123 E.05521
G1 X185.028 Y153.409 E.02997
G1 X185.418 Y151.591 E.05521
G1 X185.596 Y151.413 E.00748
G1 X185.596 Y149.404 E.05966
G1 X185.107 Y149.404 E.01453
G1 X185.028 Y149.773 E.01122
G1 X184.314 Y150.487 E.02997
G1 X182.496 Y150.877 E.05521
G1 X181.782 Y151.591 E.02997
G1 X181.392 Y153.409 E.05521
G1 X180.678 Y154.123 E.02997
G1 X179.404 Y154.397 E.03871
G1 X179.404 Y150.761 E.10795
G1 X180.678 Y150.487 E.03871
G1 X181.392 Y149.773 E.02997
G1 X181.471 Y149.404 E.01122
G1 X182.9 Y149.404 E.04241
G1 E-1.4 F2100
G1 Z24 F30000
G1 X125.9 Y155.9 Z24
G1 Z23.8
G1 E1.4 F2100
;TYPE:Inner wall
G1 F2925
G1 X119.1 Y155.9 E.2019
G1 X119.1 Y149.1 E.2019
G1 X125.9 Y149.1 E.2019
G1 X125.9 Y155.86 E.20071
SET_VELOCITY_LIMIT ACCEL=5000 ACCEL_TO_DECEL=2500
G1 X126.3 Y156.3 F30000
;TYPE:Outer wall
G1 F2925
G1 X118.7 Y156.3 E.22565
G1 X118.7 Y148.7 E.22565
G1 X126.3 Y148.7 E.22565
G1 X126.3 Y156.26 E.22447
SET_VELOCITY_LIMIT ACCEL=10000 ACCEL_TO_DECEL=5000
G1 E-1.4 F2100
G1 Z24 F30000
G1 X122.1 Y155.596 Z24
G1 Z23.8
G1 E1.4 F2100
;TYPE:Sparse infill
G1 F2925
G1 X123.529 Y155.596 E.04241
G1 X123.608 Y155.227 E.01122
G1 X124.322 Y154.513 E.02997
G1 X125.596 Y154.239 E.03871
G1 X125.596 Y150.603 E.10795
G1 X124.322 Y150.877 E.03871
G1 X123.608 Y151.591 E.02997
G1 X123.218 Y153.409 E.05521
G1 X122.504 Y154.123 E.02997
G1 X120.686 Y154.513 E.05521
G1 X119.972 Y155.227 E.02997
G1 X119.893 Y155.596 E.01122
G1 X119.404 Y155.596 E.01453
G1 X119.404 Y153.587 E.05966
G1 X119.582 Y153.409 E.00748
G1 X119.972 Y151.591 E.05521
G1 X120.686 Y150.877 E.02997
G1 X122.504 Y150.487 E.05521
G1 X123.218 Y149.773 E.02997
G1 X123.297 Y149.404 E.01122
G1 X119.661 Y149.404 E.10795
G3 X119.404 Y149.951 I-.552 J.075 E.019
G1 X119.404 Y151.38 E.04241
; stop printing object stringing_test_8x8x30.stl id:0 copy 0
;LAYER_CHANGE
;Z:24
;HEIGHT:0.200001
;BEFORE_LAYER_CHANGE
;24
G92 E0

G1 E-1.4 F2100
;AFTER_LAYER_CHANGE
;24
SET_PRINT_STATS_INFO CURRENT_LAYER=120
;_SET_FAN_SPEED_CHANGING_LAYER
; printing object stringing_test_8x8x30.stl id:0 copy 0
G1 Z24.2 F30000
G1 X185.9 Y155.9 Z24.2
G1 Z24
G1 E1.4 F2100
;TYPE:Inner wall
G1 F3025
G1 X179.1 Y155.9 E.2019
G1 X179.1 Y149.1 E.2019
G1 X185.9 Y149.1 E.2019
G1 X185.9 Y155.86 E.20071
SET_VELOCITY_LIMIT ACCEL=5000 ACCEL_TO_DECEL=2500
G1 X186.3 Y156.3 F30000
;TYPE:Outer wall
G1 F3025
G1 X178.7 Y156.3 E.22565
G1 X178.7 Y148.7 E.22565
G1 X186.3 Y148.7 E.22565
G1 X186.3 Y156.26 E.22447
SET_VELOCITY_LIMIT ACCEL=10000 ACCEL_TO_DECEL=5000
G1 E-1.4 F2100
G1 Z24.2 F30000
G1 X185.308 Y155.596 Z24.2
G1 Z24
G1 E1.4 F2100
;TYPE:Sparse infill
G1 F3025
G1 X185.596 Y155.596 E.00857
G1 X185.596 Y154.695 E.02676
G1 X185.065 Y155.227 E.02233
G1 X185.129 Y155.596 E.01114
G1 X181.493 Y155.596 E.10795
G1 X181.429 Y155.227 E.01114
G1 X182.496 Y154.16 E.04482
G1 X184.314 Y154.476 E.05479
G1 X185.381 Y153.409 E.04482
G1 X185.065 Y151.591 E.05479
G1 X185.596 Y151.059 E.02233
G1 X185.596 Y149.404 E.04916
G1 X185.317 Y149.404 E.0083
G1 X185.381 Y149.773 E.01114
G1 X184.314 Y150.84 E.04482
G1 X182.496 Y150.524 E.05479
G1 X181.429 Y151.591 E.04482
G1 X181.746 Y153.409 E.05479
G1 X180.678 Y154.476 E.04482
G1 X179.404 Y154.254 E.03842
G1 X179.404 Y150.618 E.10795
G1 X180.678 Y150.84 E.03842
G1 X181.746 Y149.773 E.04482
G1 X181.681 Y149.404 E.01114
G1 X183.11 Y149.404 E.04241
G1 E-1.4 F2100
G1 Z24.2 F30000
G1 X125.9 Y155.9 Z24.2
G1 Z24
G1 E1.4 F2100
;TYPE:Inner wall
G1 F3025
G1 X119.1 Y155.9 E.2019
G1 X119.1 Y149.1 E.2019
G1 X125.9 Y149.1 E.2019
G1 X125.9 Y155.86 E.20071
SET_VELOCITY_LIMIT ACCEL=5000 ACCEL_TO_DECEL=2500
G1 X126.3 Y156.3 F30000
;TYPE:Outer wall
G1 F3025
G1 X118.7 Y156.3 E.22565
G1 X118.7 Y148.7 E.22565
G1 X126.3 Y148.7 E.22565
G1 X126.3 Y156.26 E.22447
SET_VELOCITY_LIMIT ACCEL=10000 ACCEL_TO_DECEL=5000
G1 E-1.4 F2100
M73 P80 R2
G1 Z24.2 F30000
G1 X121.89 Y155.596 Z24.2
G1 Z24
G1 E1.4 F2100
;TYPE:Sparse infill
G1 F3025
G1 X123.319 Y155.596 E.04241
G1 X123.254 Y155.227 E.01114
G1 X124.322 Y154.16 E.04482
G1 X125.596 Y154.382 E.03842
G1 X125.596 Y150.746 E.10795
G1 X124.322 Y150.524 E.03842
G1 X123.254 Y151.591 E.04482
G1 X123.571 Y153.409 E.05479
G1 X122.504 Y154.476 E.04482
G1 X120.686 Y154.16 E.05479
G1 X119.619 Y155.227 E.04482
G1 X119.683 Y155.596 E.01114
G1 X119.404 Y155.596 E.0083
G1 X119.404 Y153.941 E.04916
G1 X119.935 Y153.409 E.02233
G1 X119.619 Y151.591 E.05479
G1 X120.686 Y150.524 E.04482
G1 X122.504 Y150.84 E.05479
G1 X123.571 Y149.773 E.04482
G1 X123.507 Y149.404 E.01114
G1 X119.871 Y149.404 E.10795
G1 X119.935 Y149.773 E.01114
G1 X119.404 Y150.305 E.02233
G1 X119.404 Y149.404 E.02676
G1 X119.692 Y149.404 E.00857
; stop printing object stringing_test_8x8x30.stl id:0 copy 0
;LAYER_CHANGE
;Z:24.2
;HEIGHT:0.200001
;BEFORE_LAYER_CHANGE
;24.2
G92 E0

G1 E-1.4 F2100
;AFTER_LAYER_CHANGE
;24.2
SET_PRINT_STATS_INFO CURRENT_LAYER=121
;_SET_FAN_SPEED_CHANGING_LAYER
; printing object stringing_test_8x8x30.stl id:0 copy 0
G1 Z24.4 F30000
G1 X185.9 Y155.9 Z24.4
G1 Z24.2
G1 E1.4 F2100
;TYPE:Inner wall
G1 F2947
G1 X179.1 Y155.9 E.2019
G1 X179.1 Y149.1 E.2019
G1 X185.9 Y149.1 E.2019
G1 X185.9 Y155.86 E.20071
SET_VELOCITY_LIMIT ACCEL=5000 ACCEL_TO_DECEL=2500
G1 X186.3 Y156.3 F30000
;TYPE:Outer wall
G1 F2947
G1 X178.7 Y156.3 E.22565
G1 X178.7 Y148.7 E.22565
G1 X186.3 Y148.7 E.22565
G1 X186.3 Y156.26 E.22447
SET_VELOCITY_LIMIT ACCEL=10000 ACCEL_TO_DECEL=5000
G1 E-1.4 F2100
G1 Z24.4 F30000
G1 X182.928 Y155.596 Z24.4
G1 Z24.2
G1 E1.4 F2100
;TYPE:Sparse infill
G1 F2947
G1 X181.499 Y155.596 E.04241
G1 X181.439 Y155.227 E.01112
G1 X180.678 Y154.466 E.03194
G1 X179.404 Y154.258 E.03835
G1 X179.404 Y150.622 E.10795
G1 X180.678 Y150.83 E.03835
G1 X181.439 Y151.591 E.03194
G1 X181.736 Y153.409 E.05469
G1 X182.496 Y154.17 E.03194
G1 X184.314 Y154.466 E.05469
G1 X185.075 Y155.227 E.03194
G1 X185.135 Y155.596 E.01112
G1 X185.596 Y155.596 E.0137
G1 X185.596 Y153.634 E.05827
G1 X185.371 Y153.409 E.00945
G1 X185.075 Y151.591 E.05469
G1 X184.314 Y150.83 E.03194
G1 X182.496 Y150.534 E.05469
G1 X181.736 Y149.773 E.03194
G1 X181.675 Y149.404 E.01112
G1 X185.311 Y149.404 E.10795
G2 X185.596 Y149.998 I.556 J.099 E.02091
G1 X185.596 Y151.426 E.04241
G1 E-1.4 F2100
G1 Z24.4 F30000
G1 X125.9 Y155.9 Z24.4
G1 Z24.2
G1 E1.4 F2100
;TYPE:Inner wall
G1 F2947
G1 X119.1 Y155.9 E.2019
G1 X119.1 Y149.1 E.2019
G1 X125.9 Y149.1 E.2019
G1 X125.9 Y155.86 E.20071
SET_VELOCITY_LIMIT ACCEL=5000 ACCEL_TO_DECEL=2500
G1 X126.3 Y156.3 F30000
;TYPE:Outer wall
G1 F2947
G1 X118.7 Y156.3 E.22565
G1 X118.7 Y148.7 E.22565
G1 X126.3 Y148.7 E.22565
G1 X126.3 Y156.26 E.22447
SET_VELOCITY_LIMIT ACCEL=10000 ACCEL_TO_DECEL=5000
G1 E-1.4 F2100
G1 Z24.4 F30000
G1 X119.404 Y153.574 Z24.4
G1 Z24.2
G1 E1.4 F2100
;TYPE:Sparse infill
G1 F2947
G1 X119.404 Y155.002 E.04241
G3 X119.689 Y155.596 I-.271 J.496 E.02091
G1 X123.325 Y155.596 E.10795
G1 X123.264 Y155.227 E.01112
G1 X122.504 Y154.466 E.03194
G1 X120.686 Y154.17 E.05469
G1 X119.925 Y153.409 E.03194
G1 X119.629 Y151.591 E.05469
G1 X119.404 Y151.366 E.00945
G1 X119.404 Y149.404 E.05827
G1 X119.865 Y149.404 E.0137
G1 X119.925 Y149.773 E.01112
G1 X120.686 Y150.534 E.03194
G1 X122.504 Y150.83 E.05469
G1 X123.264 Y151.591 E.03194
G1 X123.561 Y153.409 E.05469
G1 X124.322 Y154.17 E.03194
G1 X125.596 Y154.378 E.03835
G1 X125.596 Y150.742 E.10795
G1 X124.322 Y150.534 E.03835
G1 X123.561 Y149.773 E.03194
G1 X123.501 Y149.404 E.01112
G1 X122.072 Y149.404 E.04241
; stop printing object stringing_test_8x8x30.stl id:0 copy 0
;LAYER_CHANGE
;Z:24.4
;HEIGHT:0.199999
;BEFORE_LAYER_CHANGE
;24.4
G92 E0

G1 E-1.4 F2100
;AFTER_LAYER_CHANGE
;24.4
SET_PRINT_STATS_INFO CURRENT_LAYER=122
;_SET_FAN_SPEED_CHANGING_LAYER
; printing object stringing_test_8x8x30.stl id:0 copy 0
G1 Z24.6 F30000
G1 X185.9 Y155.9 Z24.6
G1 Z24.4
G1 E1.4 F2100
;TYPE:Inner wall
G1 F2748
G1 X179.1 Y155.9 E.2019
G1 X179.1 Y149.1 E.2019
G1 X185.9 Y149.1 E.2019
G1 X185.9 Y155.86 E.20071
SET_VELOCITY_LIMIT ACCEL=5000 ACCEL_TO_DECEL=2500
G1 X186.3 Y156.3 F30000
;TYPE:Outer wall
G1 F2748
G1 X178.7 Y156.3 E.22565
G1 X178.7 Y148.7 E.22565
G1 X186.3 Y148.7 E.22565
G1 X186.3 Y156.26 E.22447
SET_VELOCITY_LIMIT ACCEL=10000 ACCEL_TO_DECEL=5000
G1 E-1.4 F2100
G1 Z24.6 F30000
G1 X182.718 Y155.596 Z24.6
G1 Z24.4
M73 P81 R2
G1 E1.4 F2100
;TYPE:Sparse infill
G1 F2748
G1 X181.289 Y155.596 E.04241
G2 X180.678 Y154.82 I-1.651 J.671 E.02973
G1 X179.404 Y154.116 E.04323
G1 X179.404 Y150.48 E.10795
G1 X180.678 Y151.184 E.04323
G1 X181.085 Y151.591 E.01709
G1 X182.089 Y153.409 E.06166
G1 X182.496 Y153.816 E.01709
G1 X184.314 Y154.82 E.06166
G3 X184.925 Y155.596 I-1.04 J1.447 E.02973
G1 X185.596 Y155.596 E.01993
G1 X185.596 Y153.176 E.07186
G1 X184.721 Y151.591 E.05376
G1 X184.314 Y151.184 E.01709
G1 X182.496 Y150.18 E.06166
G3 X181.885 Y149.404 I1.04 J-1.447 E.02973
G1 X183.313 Y149.404 E.04241
G1 E-1.4 F2100
G1 Z24.6 F30000
G1 X125.9 Y155.9 Z24.6
G1 Z24.4
G1 E1.4 F2100
;TYPE:Inner wall
G1 F2748
G1 X119.1 Y155.9 E.2019
G1 X119.1 Y149.1 E.2019
G1 X125.9 Y149.1 E.2019
G1 X125.9 Y155.86 E.20071
SET_VELOCITY_LIMIT ACCEL=5000 ACCEL_TO_DECEL=2500
G1 X126.3 Y156.3 F30000
;TYPE:Outer wall
G1 F2748
G1 X118.7 Y156.3 E.22565
G1 X118.7 Y148.7 E.22565
G1 X126.3 Y148.7 E.22565
G1 X126.3 Y156.26 E.22447
SET_VELOCITY_LIMIT ACCEL=10000 ACCEL_TO_DECEL=5000
G1 E-1.4 F2100
G1 Z24.6 F30000
G1 X121.687 Y155.596 Z24.6
G1 Z24.4
G1 E1.4 F2100
;TYPE:Sparse infill
G1 F2748
G1 X123.115 Y155.596 E.04241
G2 X122.504 Y154.82 I-1.651 J.671 E.02973
G1 X120.686 Y153.816 E.06166
G1 X120.279 Y153.409 E.01709
G1 X119.404 Y151.824 E.05376
G1 X119.404 Y149.404 E.07186
G1 X120.075 Y149.404 E.01993
G2 X120.686 Y150.18 I1.651 J-.671 E.02973
G1 X122.504 Y151.184 E.06166
G1 X122.911 Y151.591 E.01709
G1 X123.915 Y153.409 E.06166
G1 X124.322 Y153.816 E.01709
G1 X125.596 Y154.52 E.04323
G1 X125.596 Y150.884 E.10795
G1 X124.322 Y150.18 E.04323
G3 X123.711 Y149.404 I1.04 J-1.447 E.02973
G1 X122.282 Y149.404 E.04241
; stop printing object stringing_test_8x8x30.stl id:0 copy 0
;LAYER_CHANGE
;Z:24.6
;HEIGHT:0.200001
;BEFORE_LAYER_CHANGE
;24.6
G92 E0

G1 E-1.4 F2100
;AFTER_LAYER_CHANGE
;24.6
SET_PRINT_STATS_INFO CURRENT_LAYER=123
;_SET_FAN_SPEED_CHANGING_LAYER
; printing object stringing_test_8x8x30.stl id:0 copy 0
G1 Z24.8 F30000
G1 X185.9 Y155.9 Z24.8
G1 Z24.6
G1 E1.4 F2100
;TYPE:Inner wall
G1 F2735
G1 X179.1 Y155.9 E.2019
G1 X179.1 Y149.1 E.2019
G1 X185.9 Y149.1 E.2019
G1 X185.9 Y155.86 E.20071
SET_VELOCITY_LIMIT ACCEL=5000 ACCEL_TO_DECEL=2500
G1 X186.3 Y156.3 F30000
;TYPE:Outer wall
G1 F2735
G1 X178.7 Y156.3 E.22565
G1 X178.7 Y148.7 E.22565
G1 X186.3 Y148.7 E.22565
G1 X186.3 Y156.26 E.22447
SET_VELOCITY_LIMIT ACCEL=10000 ACCEL_TO_DECEL=5000
G1 E-1.4 F2100
G1 Z24.8 F30000
G1 X182.476 Y155.596 Z24.8
G1 Z24.6
G1 E1.4 F2100
;TYPE:Sparse infill
G1 F2735
G1 X181.048 Y155.596 E.04241
G1 X179.404 Y153.952 E.06904
G1 X179.404 Y150.316 E.10795
G1 X184.684 Y155.596 E.22172
G1 X185.596 Y155.596 E.0271
G1 X185.596 Y152.873 E.08085
G1 X182.127 Y149.404 E.1457
G1 X183.555 Y149.404 E.04241
G1 E-1.4 F2100
G1 Z24.8 F30000
G1 X125.9 Y155.9 Z24.8
G1 Z24.6
G1 E1.4 F2100
;TYPE:Inner wall
G1 F2735
G1 X119.1 Y155.9 E.2019
G1 X119.1 Y149.1 E.2019
G1 X125.9 Y149.1 E.2019
G1 X125.9 Y155.86 E.20071
SET_VELOCITY_LIMIT ACCEL=5000 ACCEL_TO_DECEL=2500
G1 X126.3 Y156.3 F30000
;TYPE:Outer wall
G1 F2735
G1 X118.7 Y156.3 E.22565
G1 X118.7 Y148.7 E.22565
G1 X126.3 Y148.7 E.22565
G1 X126.3 Y156.26 E.22447
SET_VELOCITY_LIMIT ACCEL=10000 ACCEL_TO_DECEL=5000
G1 E-1.4 F2100
G1 Z24.8 F30000
G1 X121.445 Y155.596 Z24.8
G1 Z24.6
G1 E1.4 F2100
;TYPE:Sparse infill
G1 F2735
G1 X122.873 Y155.596 E.04241
G1 X119.404 Y152.127 E.1457
G1 X119.404 Y149.404 E.08085
G1 X120.316 Y149.404 E.0271
G1 X125.596 Y154.684 E.22172
G1 X125.596 Y151.048 E.10795
M73 P82 R2
G1 X123.952 Y149.404 E.06904
G1 X122.524 Y149.404 E.04241
; stop printing object stringing_test_8x8x30.stl id:0 copy 0
;LAYER_CHANGE
;Z:24.8
;HEIGHT:0.199999
;BEFORE_LAYER_CHANGE
;24.8
G92 E0

G1 E-1.4 F2100
;AFTER_LAYER_CHANGE
;24.8
SET_PRINT_STATS_INFO CURRENT_LAYER=124
;_SET_FAN_SPEED_CHANGING_LAYER
; printing object stringing_test_8x8x30.stl id:0 copy 0
G1 Z25 F30000
G1 X185.9 Y155.9 Z25
G1 Z24.8
G1 E1.4 F2100
;TYPE:Inner wall
G1 F2735
G1 X179.1 Y155.9 E.2019
G1 X179.1 Y149.1 E.2019
G1 X185.9 Y149.1 E.2019
G1 X185.9 Y155.86 E.20071
SET_VELOCITY_LIMIT ACCEL=5000 ACCEL_TO_DECEL=2500
G1 X186.3 Y156.3 F30000
;TYPE:Outer wall
G1 F2735
G1 X178.7 Y156.3 E.22565
G1 X178.7 Y148.7 E.22565
G1 X186.3 Y148.7 E.22565
G1 X186.3 Y156.26 E.22447
SET_VELOCITY_LIMIT ACCEL=10000 ACCEL_TO_DECEL=5000
G1 E-1.4 F2100
G1 Z25 F30000
G1 X182.476 Y155.596 Z25
G1 Z24.8
G1 E1.4 F2100
;TYPE:Sparse infill
G1 F2735
G1 X181.048 Y155.596 E.04241
G1 X179.404 Y153.952 E.06904
G1 X179.404 Y150.316 E.10795
G1 X184.684 Y155.596 E.22172
G1 X185.596 Y155.596 E.0271
G1 X185.596 Y152.873 E.08085
G1 X182.127 Y149.404 E.1457
G1 X183.555 Y149.404 E.04241
G1 E-1.4 F2100
G1 Z25 F30000
G1 X125.9 Y155.9 Z25
G1 Z24.8
G1 E1.4 F2100
;TYPE:Inner wall
G1 F2735
G1 X119.1 Y155.9 E.2019
G1 X119.1 Y149.1 E.2019
G1 X125.9 Y149.1 E.2019
G1 X125.9 Y155.86 E.20071
SET_VELOCITY_LIMIT ACCEL=5000 ACCEL_TO_DECEL=2500
G1 X126.3 Y156.3 F30000
;TYPE:Outer wall
G1 F2735
G1 X118.7 Y156.3 E.22565
G1 X118.7 Y148.7 E.22565
G1 X126.3 Y148.7 E.22565
G1 X126.3 Y156.26 E.22447
SET_VELOCITY_LIMIT ACCEL=10000 ACCEL_TO_DECEL=5000
G1 E-1.4 F2100
G1 Z25 F30000
G1 X121.445 Y155.596 Z25
G1 Z24.8
G1 E1.4 F2100
;TYPE:Sparse infill
G1 F2735
G1 X122.873 Y155.596 E.04241
G1 X119.404 Y152.127 E.1457
G1 X119.404 Y149.404 E.08085
G1 X120.316 Y149.404 E.0271
G1 X125.596 Y154.684 E.22172
G1 X125.596 Y151.048 E.10795
G1 X123.952 Y149.404 E.06904
G1 X122.524 Y149.404 E.04241
; stop printing object stringing_test_8x8x30.stl id:0 copy 0
;LAYER_CHANGE
;Z:25
;HEIGHT:0.200001
;BEFORE_LAYER_CHANGE
;25
G92 E0

G1 E-1.4 F2100
;AFTER_LAYER_CHANGE
;25
SET_PRINT_STATS_INFO CURRENT_LAYER=125
;_SET_FAN_SPEED_CHANGING_LAYER
; printing object stringing_test_8x8x30.stl id:0 copy 0
G1 Z25.2 F30000
G1 X185.9 Y155.9 Z25.2
G1 Z25
G1 E1.4 F2100
;TYPE:Inner wall
G1 F2735
G1 X179.1 Y155.9 E.2019
G1 X179.1 Y149.1 E.2019
G1 X185.9 Y149.1 E.2019
G1 X185.9 Y155.86 E.20071
SET_VELOCITY_LIMIT ACCEL=5000 ACCEL_TO_DECEL=2500
G1 X186.3 Y156.3 F30000
;TYPE:Outer wall
G1 F2735
G1 X178.7 Y156.3 E.22565
G1 X178.7 Y148.7 E.22565
G1 X186.3 Y148.7 E.22565
G1 X186.3 Y156.26 E.22447
SET_VELOCITY_LIMIT ACCEL=10000 ACCEL_TO_DECEL=5000
G1 E-1.4 F2100
G1 Z25.2 F30000
G1 X182.476 Y155.596 Z25.2
G1 Z25
G1 E1.4 F2100
;TYPE:Sparse infill
G1 F2735
G1 X181.048 Y155.596 E.04241
G1 X179.404 Y153.952 E.06904
G1 X179.404 Y150.316 E.10795
G1 X184.684 Y155.596 E.22172
G1 X185.596 Y155.596 E.0271
G1 X185.596 Y152.873 E.08085
G1 X182.127 Y149.404 E.1457
G1 X183.555 Y149.404 E.04241
G1 E-1.4 F2100
G1 Z25.2 F30000
G1 X125.9 Y155.9 Z25.2
G1 Z25
G1 E1.4 F2100
M73 P83 R2
;TYPE:Inner wall
G1 F2735
G1 X119.1 Y155.9 E.2019
G1 X119.1 Y149.1 E.2019
G1 X125.9 Y149.1 E.2019
G1 X125.9 Y155.86 E.20071
SET_VELOCITY_LIMIT ACCEL=5000 ACCEL_TO_DECEL=2500
G1 X126.3 Y156.3 F30000
;TYPE:Outer wall
G1 F2735
G1 X118.7 Y156.3 E.22565
G1 X118.7 Y148.7 E.22565
G1 X126.3 Y148.7 E.22565
G1 X126.3 Y156.26 E.22447
SET_VELOCITY_LIMIT ACCEL=10000 ACCEL_TO_DECEL=5000
G1 E-1.4 F2100
G1 Z25.2 F30000
G1 X121.445 Y155.596 Z25.2
G1 Z25
G1 E1.4 F2100
;TYPE:Sparse infill
G1 F2735
G1 X122.873 Y155.596 E.04241
G1 X119.404 Y152.127 E.1457
G1 X119.404 Y149.404 E.08085
G1 X120.316 Y149.404 E.0271
G1 X125.596 Y154.684 E.22172
G1 X125.596 Y151.048 E.10795
G1 X123.952 Y149.404 E.06904
G1 X122.524 Y149.404 E.04241
; stop printing object stringing_test_8x8x30.stl id:0 copy 0
;LAYER_CHANGE
;Z:25.2
;HEIGHT:0.200001
;BEFORE_LAYER_CHANGE
;25.2
G92 E0

G1 E-1.4 F2100
;AFTER_LAYER_CHANGE
;25.2
SET_PRINT_STATS_INFO CURRENT_LAYER=126
;_SET_FAN_SPEED_CHANGING_LAYER
; printing object stringing_test_8x8x30.stl id:0 copy 0
G1 Z25.4 F30000
G1 X185.9 Y155.9 Z25.4
G1 Z25.2
G1 E1.4 F2100
;TYPE:Inner wall
G1 F2735
G1 X179.1 Y155.9 E.2019
G1 X179.1 Y149.1 E.2019
G1 X185.9 Y149.1 E.2019
G1 X185.9 Y155.86 E.20071
SET_VELOCITY_LIMIT ACCEL=5000 ACCEL_TO_DECEL=2500
G1 X186.3 Y156.3 F30000
;TYPE:Outer wall
G1 F2735
G1 X178.7 Y156.3 E.22565
G1 X178.7 Y148.7 E.22565
G1 X186.3 Y148.7 E.22565
G1 X186.3 Y156.26 E.22447
SET_VELOCITY_LIMIT ACCEL=10000 ACCEL_TO_DECEL=5000
; FS-RETRACT BAND from layer 126: length 1.8 mm, speed 35.0 mm/s
G1 E-1.8 F2100
G1 Z25.4 F30000
G1 X182.476 Y155.596 Z25.4
G1 Z25.2
G1 E1.8 F2100
;TYPE:Sparse infill
G1 F2735
G1 X181.048 Y155.596 E.04241
G1 X179.404 Y153.952 E.06904
G1 X179.404 Y150.316 E.10795
G1 X184.684 Y155.596 E.22172
G1 X185.596 Y155.596 E.0271
G1 X185.596 Y152.873 E.08085
G1 X182.127 Y149.404 E.1457
G1 X183.555 Y149.404 E.04241
G1 E-1.8 F2100
G1 Z25.4 F30000
G1 X125.9 Y155.9 Z25.4
G1 Z25.2
G1 E1.8 F2100
;TYPE:Inner wall
G1 F2735
G1 X119.1 Y155.9 E.2019
G1 X119.1 Y149.1 E.2019
G1 X125.9 Y149.1 E.2019
G1 X125.9 Y155.86 E.20071
SET_VELOCITY_LIMIT ACCEL=5000 ACCEL_TO_DECEL=2500
G1 X126.3 Y156.3 F30000
;TYPE:Outer wall
G1 F2735
G1 X118.7 Y156.3 E.22565
G1 X118.7 Y148.7 E.22565
G1 X126.3 Y148.7 E.22565
G1 X126.3 Y156.26 E.22447
SET_VELOCITY_LIMIT ACCEL=10000 ACCEL_TO_DECEL=5000
G1 E-1.8 F2100
G1 Z25.4 F30000
G1 X121.445 Y155.596 Z25.4
G1 Z25.2
G1 E1.8 F2100
;TYPE:Sparse infill
G1 F2735
G1 X122.873 Y155.596 E.04241
G1 X119.404 Y152.127 E.1457
G1 X119.404 Y149.404 E.08085
G1 X120.316 Y149.404 E.0271
G1 X125.596 Y154.684 E.22172
G1 X125.596 Y151.048 E.10795
G1 X123.952 Y149.404 E.06904
G1 X122.524 Y149.404 E.04241
; stop printing object stringing_test_8x8x30.stl id:0 copy 0
;LAYER_CHANGE
;Z:25.4
;HEIGHT:0.199999
;BEFORE_LAYER_CHANGE
;25.4
G92 E0

G1 E-1.8 F2100
;AFTER_LAYER_CHANGE
;25.4
SET_PRINT_STATS_INFO CURRENT_LAYER=127
;_SET_FAN_SPEED_CHANGING_LAYER
; printing object stringing_test_8x8x30.stl id:0 copy 0
G1 Z25.6 F30000
G1 X185.9 Y155.9 Z25.6
G1 Z25.4
G1 E1.8 F2100
;TYPE:Inner wall
G1 F2735
G1 X179.1 Y155.9 E.2019
G1 X179.1 Y149.1 E.2019
G1 X185.9 Y149.1 E.2019
G1 X185.9 Y155.86 E.20071
M73 P84 R2
SET_VELOCITY_LIMIT ACCEL=5000 ACCEL_TO_DECEL=2500
G1 X186.3 Y156.3 F30000
;TYPE:Outer wall
G1 F2735
G1 X178.7 Y156.3 E.22565
G1 X178.7 Y148.7 E.22565
G1 X186.3 Y148.7 E.22565
G1 X186.3 Y156.26 E.22447
SET_VELOCITY_LIMIT ACCEL=10000 ACCEL_TO_DECEL=5000
G1 E-1.8 F2100
G1 Z25.6 F30000
G1 X182.476 Y155.596 Z25.6
G1 Z25.4
G1 E1.8 F2100
;TYPE:Sparse infill
G1 F2735
G1 X181.048 Y155.596 E.04241
G1 X179.404 Y153.952 E.06904
G1 X179.404 Y150.316 E.10795
G1 X184.684 Y155.596 E.22172
G1 X185.596 Y155.596 E.0271
G1 X185.596 Y152.873 E.08085
G1 X182.127 Y149.404 E.1457
G1 X183.555 Y149.404 E.04241
M73 P84 R1
G1 E-1.8 F2100
G1 Z25.6 F30000
G1 X125.9 Y155.9 Z25.6
G1 Z25.4
G1 E1.8 F2100
;TYPE:Inner wall
G1 F2735
G1 X119.1 Y155.9 E.2019
G1 X119.1 Y149.1 E.2019
G1 X125.9 Y149.1 E.2019
G1 X125.9 Y155.86 E.20071
SET_VELOCITY_LIMIT ACCEL=5000 ACCEL_TO_DECEL=2500
G1 X126.3 Y156.3 F30000
;TYPE:Outer wall
G1 F2735
G1 X118.7 Y156.3 E.22565
G1 X118.7 Y148.7 E.22565
G1 X126.3 Y148.7 E.22565
G1 X126.3 Y156.26 E.22447
SET_VELOCITY_LIMIT ACCEL=10000 ACCEL_TO_DECEL=5000
G1 E-1.8 F2100
G1 Z25.6 F30000
G1 X121.445 Y155.596 Z25.6
G1 Z25.4
G1 E1.8 F2100
;TYPE:Sparse infill
G1 F2735
G1 X122.873 Y155.596 E.04241
G1 X119.404 Y152.127 E.1457
G1 X119.404 Y149.404 E.08085
G1 X120.316 Y149.404 E.0271
G1 X125.596 Y154.684 E.22172
G1 X125.596 Y151.048 E.10795
G1 X123.952 Y149.404 E.06904
G1 X122.524 Y149.404 E.04241
; stop printing object stringing_test_8x8x30.stl id:0 copy 0
;LAYER_CHANGE
;Z:25.6
;HEIGHT:0.200001
;BEFORE_LAYER_CHANGE
;25.6
G92 E0

G1 E-1.8 F2100
;AFTER_LAYER_CHANGE
;25.6
SET_PRINT_STATS_INFO CURRENT_LAYER=128
;_SET_FAN_SPEED_CHANGING_LAYER
; printing object stringing_test_8x8x30.stl id:0 copy 0
G1 Z25.8 F30000
G1 X185.9 Y155.9 Z25.8
G1 Z25.6
G1 E1.8 F2100
;TYPE:Inner wall
G1 F2735
G1 X179.1 Y155.9 E.2019
G1 X179.1 Y149.1 E.2019
G1 X185.9 Y149.1 E.2019
G1 X185.9 Y155.86 E.20071
SET_VELOCITY_LIMIT ACCEL=5000 ACCEL_TO_DECEL=2500
G1 X186.3 Y156.3 F30000
;TYPE:Outer wall
G1 F2735
G1 X178.7 Y156.3 E.22565
G1 X178.7 Y148.7 E.22565
G1 X186.3 Y148.7 E.22565
G1 X186.3 Y156.26 E.22447
SET_VELOCITY_LIMIT ACCEL=10000 ACCEL_TO_DECEL=5000
G1 E-1.8 F2100
G1 Z25.8 F30000
G1 X182.476 Y155.596 Z25.8
G1 Z25.6
G1 E1.8 F2100
;TYPE:Sparse infill
G1 F2735
G1 X181.048 Y155.596 E.04241
G1 X179.404 Y153.952 E.06904
G1 X179.404 Y150.316 E.10795
G1 X184.684 Y155.596 E.22172
G1 X185.596 Y155.596 E.0271
G1 X185.596 Y152.873 E.08085
G1 X182.127 Y149.404 E.1457
G1 X183.555 Y149.404 E.04241
G1 E-1.8 F2100
G1 Z25.8 F30000
G1 X125.9 Y155.9 Z25.8
G1 Z25.6
G1 E1.8 F2100
;TYPE:Inner wall
G1 F2735
G1 X119.1 Y155.9 E.2019
G1 X119.1 Y149.1 E.2019
G1 X125.9 Y149.1 E.2019
G1 X125.9 Y155.86 E.20071
SET_VELOCITY_LIMIT ACCEL=5000 ACCEL_TO_DECEL=2500
G1 X126.3 Y156.3 F30000
;TYPE:Outer wall
G1 F2735
G1 X118.7 Y156.3 E.22565
G1 X118.7 Y148.7 E.22565
G1 X126.3 Y148.7 E.22565
M73 P85 R1
G1 X126.3 Y156.26 E.22447
SET_VELOCITY_LIMIT ACCEL=10000 ACCEL_TO_DECEL=5000
G1 E-1.8 F2100
G1 Z25.8 F30000
G1 X121.445 Y155.596 Z25.8
G1 Z25.6
G1 E1.8 F2100
;TYPE:Sparse infill
G1 F2735
G1 X122.873 Y155.596 E.04241
G1 X119.404 Y152.127 E.1457
G1 X119.404 Y149.404 E.08085
G1 X120.316 Y149.404 E.0271
G1 X125.596 Y154.684 E.22172
G1 X125.596 Y151.048 E.10795
G1 X123.952 Y149.404 E.06904
G1 X122.524 Y149.404 E.04241
; stop printing object stringing_test_8x8x30.stl id:0 copy 0
;LAYER_CHANGE
;Z:25.8
;HEIGHT:0.199999
;BEFORE_LAYER_CHANGE
;25.8
G92 E0

G1 E-1.8 F2100
;AFTER_LAYER_CHANGE
;25.8
SET_PRINT_STATS_INFO CURRENT_LAYER=129
;_SET_FAN_SPEED_CHANGING_LAYER
; printing object stringing_test_8x8x30.stl id:0 copy 0
G1 Z26 F30000
G1 X185.9 Y155.9 Z26
G1 Z25.8
G1 E1.8 F2100
;TYPE:Inner wall
G1 F2735
G1 X179.1 Y155.9 E.2019
G1 X179.1 Y149.1 E.2019
G1 X185.9 Y149.1 E.2019
G1 X185.9 Y155.86 E.20071
SET_VELOCITY_LIMIT ACCEL=5000 ACCEL_TO_DECEL=2500
G1 X186.3 Y156.3 F30000
;TYPE:Outer wall
G1 F2735
G1 X178.7 Y156.3 E.22565
G1 X178.7 Y148.7 E.22565
G1 X186.3 Y148.7 E.22565
G1 X186.3 Y156.26 E.22447
SET_VELOCITY_LIMIT ACCEL=10000 ACCEL_TO_DECEL=5000
G1 E-1.8 F2100
G1 Z26 F30000
G1 X182.476 Y155.596 Z26
G1 Z25.8
G1 E1.8 F2100
;TYPE:Sparse infill
G1 F2735
G1 X181.048 Y155.596 E.04241
G1 X179.404 Y153.952 E.06904
G1 X179.404 Y150.316 E.10795
G1 X184.684 Y155.596 E.22172
G1 X185.596 Y155.596 E.0271
G1 X185.596 Y152.873 E.08085
G1 X182.127 Y149.404 E.1457
G1 X183.555 Y149.404 E.04241
G1 E-1.8 F2100
G1 Z26 F30000
G1 X125.9 Y155.9 Z26
G1 Z25.8
G1 E1.8 F2100
;TYPE:Inner wall
G1 F2735
G1 X119.1 Y155.9 E.2019
G1 X119.1 Y149.1 E.2019
G1 X125.9 Y149.1 E.2019
G1 X125.9 Y155.86 E.20071
SET_VELOCITY_LIMIT ACCEL=5000 ACCEL_TO_DECEL=2500
G1 X126.3 Y156.3 F30000
;TYPE:Outer wall
G1 F2735
G1 X118.7 Y156.3 E.22565
G1 X118.7 Y148.7 E.22565
G1 X126.3 Y148.7 E.22565
G1 X126.3 Y156.26 E.22447
SET_VELOCITY_LIMIT ACCEL=10000 ACCEL_TO_DECEL=5000
G1 E-1.8 F2100
G1 Z26 F30000
G1 X121.445 Y155.596 Z26
G1 Z25.8
G1 E1.8 F2100
;TYPE:Sparse infill
G1 F2735
G1 X122.873 Y155.596 E.04241
G1 X119.404 Y152.127 E.1457
G1 X119.404 Y149.404 E.08085
G1 X120.316 Y149.404 E.0271
G1 X125.596 Y154.684 E.22172
G1 X125.596 Y151.048 E.10795
G1 X123.952 Y149.404 E.06904
G1 X122.524 Y149.404 E.04241
; stop printing object stringing_test_8x8x30.stl id:0 copy 0
;LAYER_CHANGE
;Z:26
;HEIGHT:0.200001
;BEFORE_LAYER_CHANGE
;26
G92 E0

G1 E-1.8 F2100
;AFTER_LAYER_CHANGE
;26
SET_PRINT_STATS_INFO CURRENT_LAYER=130
;_SET_FAN_SPEED_CHANGING_LAYER
; printing object stringing_test_8x8x30.stl id:0 copy 0
G1 Z26.2 F30000
G1 X185.9 Y155.9 Z26.2
G1 Z26
G1 E1.8 F2100
;TYPE:Inner wall
G1 F2747
G1 X179.1 Y155.9 E.2019
G1 X179.1 Y149.1 E.2019
G1 X185.9 Y149.1 E.2019
G1 X185.9 Y155.86 E.20071
SET_VELOCITY_LIMIT ACCEL=5000 ACCEL_TO_DECEL=2500
G1 X186.3 Y156.3 F30000
;TYPE:Outer wall
G1 F2747
G1 X178.7 Y156.3 E.22565
G1 X178.7 Y148.7 E.22565
G1 X186.3 Y148.7 E.22565
G1 X186.3 Y156.26 E.22447
SET_VELOCITY_LIMIT ACCEL=10000 ACCEL_TO_DECEL=5000
G1 E-1.8 F2100
M73 P86 R1
G1 Z26.2 F30000
G1 X182.706 Y155.596 Z26.2
G1 Z26
G1 E1.8 F2100
;TYPE:Sparse infill
G1 F2747
G1 X181.277 Y155.596 E.04241
G2 X180.678 Y154.84 I-1.699 J.73 E.02899
G1 X179.404 Y154.108 E.04365
G1 X179.404 Y150.472 E.10795
G1 X180.678 Y151.204 E.04365
G1 X181.065 Y151.591 E.01624
G1 X182.109 Y153.409 E.06225
G1 X182.496 Y153.796 E.01624
G1 X184.314 Y154.84 E.06225
G3 X184.913 Y155.596 I-1.099 J1.486 E.02899
G1 X185.596 Y155.596 E.02028
G1 X185.596 Y153.15 E.07264
G1 X184.701 Y151.591 E.05338
G1 X184.314 Y151.204 E.01624
G1 X182.496 Y150.16 E.06225
G3 X181.897 Y149.404 I1.099 J-1.486 E.02899
G1 X183.325 Y149.404 E.04241
G1 E-1.8 F2100
G1 Z26.2 F30000
G1 X125.9 Y155.9 Z26.2
G1 Z26
G1 E1.8 F2100
;TYPE:Inner wall
G1 F2747
G1 X119.1 Y155.9 E.2019
G1 X119.1 Y149.1 E.2019
G1 X125.9 Y149.1 E.2019
G1 X125.9 Y155.86 E.20071
SET_VELOCITY_LIMIT ACCEL=5000 ACCEL_TO_DECEL=2500
G1 X126.3 Y156.3 F30000
;TYPE:Outer wall
G1 F2747
G1 X118.7 Y156.3 E.22565
G1 X118.7 Y148.7 E.22565
G1 X126.3 Y148.7 E.22565
G1 X126.3 Y156.26 E.22447
SET_VELOCITY_LIMIT ACCEL=10000 ACCEL_TO_DECEL=5000
G1 E-1.8 F2100
G1 Z26.2 F30000
G1 X121.675 Y155.596 Z26.2
G1 Z26
G1 E1.8 F2100
;TYPE:Sparse infill
G1 F2747
G1 X123.103 Y155.596 E.04241
G2 X122.504 Y154.84 I-1.699 J.73 E.02899
G1 X120.686 Y153.796 E.06225
G1 X120.299 Y153.409 E.01624
G1 X119.404 Y151.85 E.05338
G1 X119.404 Y149.404 E.07264
G1 X120.087 Y149.404 E.02028
G2 X120.686 Y150.16 I1.699 J-.73 E.02899
G1 X122.504 Y151.204 E.06225
G1 X122.891 Y151.591 E.01624
G1 X123.935 Y153.409 E.06225
G1 X124.322 Y153.796 E.01624
G1 X125.596 Y154.528 E.04365
G1 X125.596 Y150.892 E.10795
G1 X124.322 Y150.16 E.04365
G3 X123.723 Y149.404 I1.1 J-1.486 E.02899
G1 X122.294 Y149.404 E.04241
; stop printing object stringing_test_8x8x30.stl id:0 copy 0
;LAYER_CHANGE
;Z:26.2
;HEIGHT:0.200001
;BEFORE_LAYER_CHANGE
;26.2
G92 E0

G1 E-1.8 F2100
;AFTER_LAYER_CHANGE
;26.2
SET_PRINT_STATS_INFO CURRENT_LAYER=131
;_SET_FAN_SPEED_CHANGING_LAYER
; printing object stringing_test_8x8x30.stl id:0 copy 0
G1 Z26.4 F30000
G1 X185.9 Y155.9 Z26.4
G1 Z26.2
G1 E1.8 F2100
;TYPE:Inner wall
G1 F2942
G1 X179.1 Y155.9 E.2019
G1 X179.1 Y149.1 E.2019
G1 X185.9 Y149.1 E.2019
G1 X185.9 Y155.86 E.20071
SET_VELOCITY_LIMIT ACCEL=5000 ACCEL_TO_DECEL=2500
G1 X186.3 Y156.3 F30000
;TYPE:Outer wall
G1 F2942
G1 X178.7 Y156.3 E.22565
G1 X178.7 Y148.7 E.22565
G1 X186.3 Y148.7 E.22565
G1 X186.3 Y156.26 E.22447
SET_VELOCITY_LIMIT ACCEL=10000 ACCEL_TO_DECEL=5000
G1 E-1.8 F2100
G1 Z26.4 F30000
G1 X182.916 Y155.596 Z26.4
G1 Z26.2
G1 E1.8 F2100
;TYPE:Sparse infill
G1 F2942
G1 X181.487 Y155.596 E.04241
G1 X181.419 Y155.227 E.01116
G1 X180.678 Y154.487 E.03109
G1 X179.404 Y154.25 E.03849
G1 X179.404 Y150.614 E.10795
G1 X180.678 Y150.851 E.03849
G1 X181.419 Y151.591 E.03109
G1 X181.756 Y153.409 E.0549
G1 X182.496 Y154.149 E.03109
G1 X184.314 Y154.487 E.0549
G1 X185.055 Y155.227 E.03109
G1 X185.123 Y155.596 E.01116
G1 X185.596 Y155.596 E.01406
G1 X185.596 Y153.614 E.05887
G1 X185.392 Y153.409 E.0086
G1 X185.055 Y151.591 E.0549
G1 X184.314 Y150.851 E.03109
G1 X182.496 Y150.513 E.0549
G1 X181.756 Y149.773 E.03109
G1 X181.687 Y149.404 E.01116
G1 X185.323 Y149.404 E.10795
G2 X185.596 Y149.978 I.555 J.088 E.02008
G1 X185.596 Y151.406 E.04241
G1 E-1.8 F2100
G1 Z26.4 F30000
G1 X125.9 Y155.9 Z26.4
G1 Z26.2
G1 E1.8 F2100
;TYPE:Inner wall
G1 F2942
G1 X119.1 Y155.9 E.2019
G1 X119.1 Y149.1 E.2019
G1 X125.9 Y149.1 E.2019
G1 X125.9 Y155.86 E.20071
SET_VELOCITY_LIMIT ACCEL=5000 ACCEL_TO_DECEL=2500
G1 X126.3 Y156.3 F30000
;TYPE:Outer wall
G1 F2942
G1 X118.7 Y156.3 E.22565
G1 X118.7 Y148.7 E.22565
G1 X126.3 Y148.7 E.22565
G1 X126.3 Y156.26 E.22447
SET_VELOCITY_LIMIT ACCEL=10000 ACCEL_TO_DECEL=5000
G1 E-1.8 F2100
G1 Z26.4 F30000
G1 X119.404 Y153.594 Z26.4
G1 Z26.2
G1 E1.8 F2100
;TYPE:Sparse infill
G1 F2942
G1 X119.404 Y155.022 E.04241
G3 X119.677 Y155.596 I-.281 J.486 E.02008
G1 X123.313 Y155.596 E.10795
G1 X123.244 Y155.227 E.01116
G1 X122.504 Y154.487 E.03109
G1 X120.686 Y154.149 E.0549
G1 X119.945 Y153.409 E.03109
G1 X119.608 Y151.591 E.0549
G1 X119.404 Y151.386 E.0086
M73 P87 R1
G1 X119.404 Y149.404 E.05887
G1 X119.877 Y149.404 E.01406
G1 X119.945 Y149.773 E.01116
G1 X120.686 Y150.513 E.03109
G1 X122.504 Y150.851 E.0549
G1 X123.244 Y151.591 E.03109
G1 X123.581 Y153.409 E.0549
G1 X124.322 Y154.149 E.03109
G1 X125.596 Y154.386 E.03849
G1 X125.596 Y150.75 E.10795
G1 X124.322 Y150.513 E.03849
G1 X123.581 Y149.773 E.03109
G1 X123.513 Y149.404 E.01116
G1 X122.084 Y149.404 E.04241
; stop printing object stringing_test_8x8x30.stl id:0 copy 0
;LAYER_CHANGE
;Z:26.4
;HEIGHT:0.199999
;BEFORE_LAYER_CHANGE
;26.4
G92 E0

G1 E-1.8 F2100
;AFTER_LAYER_CHANGE
;26.4
SET_PRINT_STATS_INFO CURRENT_LAYER=132
;_SET_FAN_SPEED_CHANGING_LAYER
; printing object stringing_test_8x8x30.stl id:0 copy 0
G1 Z26.6 F30000
G1 X185.9 Y155.9 Z26.6
G1 Z26.4
G1 E1.8 F2100
;TYPE:Inner wall
G1 F3034
G1 X179.1 Y155.9 E.2019
G1 X179.1 Y149.1 E.2019
G1 X185.9 Y149.1 E.2019
G1 X185.9 Y155.86 E.20071
SET_VELOCITY_LIMIT ACCEL=5000 ACCEL_TO_DECEL=2500
G1 X186.3 Y156.3 F30000
;TYPE:Outer wall
G1 F3034
G1 X178.7 Y156.3 E.22565
G1 X178.7 Y148.7 E.22565
G1 X186.3 Y148.7 E.22565
G1 X186.3 Y156.26 E.22447
SET_VELOCITY_LIMIT ACCEL=10000 ACCEL_TO_DECEL=5000
G1 E-1.8 F2100
G1 Z26.6 F30000
G1 X185.296 Y155.596 Z26.6
G1 Z26.4
G1 E1.8 F2100
;TYPE:Sparse infill
G1 F3034
G1 X185.596 Y155.596 E.00893
G1 X185.596 Y154.675 E.02736
G1 X185.045 Y155.227 E.02318
G1 X185.117 Y155.596 E.01118
G1 X181.481 Y155.596 E.10795
G1 X181.409 Y155.227 E.01118
G1 X182.496 Y154.139 E.04567
G1 X184.314 Y154.497 E.05501
G1 X185.402 Y153.409 E.04567
G1 X185.045 Y151.591 E.05501
G1 X185.596 Y151.039 E.02318
G1 X185.596 Y149.404 E.04856
G1 X185.329 Y149.404 E.00794
G1 X185.402 Y149.773 E.01118
G1 X184.314 Y150.861 E.04567
G1 X182.496 Y150.503 E.05501
G1 X181.409 Y151.591 E.04567
G1 X181.766 Y153.409 E.05501
G1 X180.678 Y154.497 E.04567
G1 X179.404 Y154.246 E.03857
G1 X179.404 Y150.61 E.10795
G1 X180.678 Y150.861 E.03857
G1 X181.766 Y149.773 E.04567
G1 X181.693 Y149.404 E.01118
G1 X183.122 Y149.404 E.04241
G1 E-1.8 F2100
G1 Z26.6 F30000
G1 X125.9 Y155.9 Z26.6
G1 Z26.4
G1 E1.8 F2100
;TYPE:Inner wall
G1 F3034
G1 X119.1 Y155.9 E.2019
G1 X119.1 Y149.1 E.2019
G1 X125.9 Y149.1 E.2019
G1 X125.9 Y155.86 E.20071
SET_VELOCITY_LIMIT ACCEL=5000 ACCEL_TO_DECEL=2500
G1 X126.3 Y156.3 F30000
;TYPE:Outer wall
G1 F3034
G1 X118.7 Y156.3 E.22565
G1 X118.7 Y148.7 E.22565
G1 X126.3 Y148.7 E.22565
G1 X126.3 Y156.26 E.22447
SET_VELOCITY_LIMIT ACCEL=10000 ACCEL_TO_DECEL=5000
G1 E-1.8 F2100
G1 Z26.6 F30000
G1 X121.878 Y155.596 Z26.6
G1 Z26.4
G1 E1.8 F2100
;TYPE:Sparse infill
G1 F3034
G1 X123.307 Y155.596 E.04241
G1 X123.234 Y155.227 E.01118
G1 X124.322 Y154.139 E.04567
G1 X125.596 Y154.39 E.03857
G1 X125.596 Y150.754 E.10795
G1 X124.322 Y150.503 E.03857
G1 X123.234 Y151.591 E.04567
G1 X123.591 Y153.409 E.05501
G1 X122.504 Y154.497 E.04567
G1 X120.686 Y154.139 E.05501
G1 X119.598 Y155.227 E.04567
G1 X119.671 Y155.596 E.01118
G1 X119.404 Y155.596 E.00794
G1 X119.404 Y153.961 E.04856
G1 X119.955 Y153.409 E.02318
G1 X119.598 Y151.591 E.05501
G1 X120.686 Y150.503 E.04567
G1 X122.504 Y150.861 E.05501
G1 X123.591 Y149.773 E.04567
G1 X123.519 Y149.404 E.01118
G1 X119.883 Y149.404 E.10795
G1 X119.955 Y149.773 E.01118
G1 X119.404 Y150.325 E.02318
G1 X119.404 Y149.404 E.02736
G1 X119.704 Y149.404 E.00893
; stop printing object stringing_test_8x8x30.stl id:0 copy 0
;LAYER_CHANGE
;Z:26.6
;HEIGHT:0.200001
;BEFORE_LAYER_CHANGE
;26.6
G92 E0

G1 E-1.8 F2100
;AFTER_LAYER_CHANGE
;26.6
SET_PRINT_STATS_INFO CURRENT_LAYER=133
;_SET_FAN_SPEED_CHANGING_LAYER
; printing object stringing_test_8x8x30.stl id:0 copy 0
G1 Z26.8 F30000
G1 X185.9 Y155.9 Z26.8
G1 Z26.6
G1 E1.8 F2100
;TYPE:Inner wall
G1 F2930
G1 X179.1 Y155.9 E.2019
G1 X179.1 Y149.1 E.2019
G1 X185.9 Y149.1 E.2019
G1 X185.9 Y155.86 E.20071
SET_VELOCITY_LIMIT ACCEL=5000 ACCEL_TO_DECEL=2500
G1 X186.3 Y156.3 F30000
;TYPE:Outer wall
G1 F2930
G1 X178.7 Y156.3 E.22565
G1 X178.7 Y148.7 E.22565
G1 X186.3 Y148.7 E.22565
G1 X186.3 Y156.26 E.22447
SET_VELOCITY_LIMIT ACCEL=10000 ACCEL_TO_DECEL=5000
G1 E-1.8 F2100
G1 Z26.8 F30000
G1 X185.596 Y153.6 Z26.8
G1 Z26.6
G1 E1.8 F2100
;TYPE:Sparse infill
G1 F2930
G1 X185.596 Y155.029 E.04241
G2 X185.327 Y155.596 I.285 J.483 E.01982
G1 X181.691 Y155.596 E.10795
G1 X181.762 Y155.227 E.01117
G1 X182.496 Y154.493 E.03082
G1 X184.314 Y154.143 E.05497
G1 X185.048 Y153.409 E.03082
G1 X185.398 Y151.591 E.05497
G1 X185.596 Y151.393 E.00833
G1 X185.596 Y149.404 E.05906
G1 X185.119 Y149.404 E.01417
G1 X185.048 Y149.773 E.01117
G1 X184.314 Y150.507 E.03082
G1 X182.496 Y150.857 E.05497
G1 X181.762 Y151.591 E.03082
G1 X181.412 Y153.409 E.05497
G1 X180.678 Y154.143 E.03082
G1 X179.404 Y154.388 E.03854
G1 X179.404 Y150.752 E.10795
M73 P88 R1
G1 X180.678 Y150.507 E.03854
G1 X181.412 Y149.773 E.03082
G1 X181.483 Y149.404 E.01117
G1 X182.912 Y149.404 E.04241
G1 E-1.8 F2100
G1 Z26.8 F30000
G1 X125.9 Y155.9 Z26.8
G1 Z26.6
G1 E1.8 F2100
;TYPE:Inner wall
G1 F2930
G1 X119.1 Y155.9 E.2019
G1 X119.1 Y149.1 E.2019
G1 X125.9 Y149.1 E.2019
G1 X125.9 Y155.86 E.20071
SET_VELOCITY_LIMIT ACCEL=5000 ACCEL_TO_DECEL=2500
G1 X126.3 Y156.3 F30000
;TYPE:Outer wall
G1 F2930
G1 X118.7 Y156.3 E.22565
G1 X118.7 Y148.7 E.22565
G1 X126.3 Y148.7 E.22565
G1 X126.3 Y156.26 E.22447
SET_VELOCITY_LIMIT ACCEL=10000 ACCEL_TO_DECEL=5000
G1 E-1.8 F2100
G1 Z26.8 F30000
G1 X122.088 Y155.596 Z26.8
G1 Z26.6
G1 E1.8 F2100
;TYPE:Sparse infill
G1 F2930
G1 X123.517 Y155.596 E.04241
G1 X123.588 Y155.227 E.01117
G1 X124.322 Y154.493 E.03082
G1 X125.596 Y154.248 E.03854
G1 X125.596 Y150.612 E.10795
G1 X124.322 Y150.857 E.03854
G1 X123.588 Y151.591 E.03082
G1 X123.238 Y153.409 E.05497
G1 X122.504 Y154.143 E.03082
G1 X120.686 Y154.493 E.05497
G1 X119.952 Y155.227 E.03082
G1 X119.881 Y155.596 E.01117
G1 X119.404 Y155.596 E.01417
G1 X119.404 Y153.607 E.05906
G1 X119.602 Y153.409 E.00833
G1 X119.952 Y151.591 E.05497
G1 X120.686 Y150.857 E.03082
G1 X122.504 Y150.507 E.05497
G1 X123.238 Y149.773 E.03082
G1 X123.309 Y149.404 E.01117
G1 X119.673 Y149.404 E.10795
G3 X119.404 Y149.971 I-.554 J.085 E.01982
G1 X119.404 Y151.4 E.04241
; stop printing object stringing_test_8x8x30.stl id:0 copy 0
;LAYER_CHANGE
;Z:26.8
;HEIGHT:0.199999
;BEFORE_LAYER_CHANGE
;26.8
G92 E0

G1 E-1.8 F2100
;AFTER_LAYER_CHANGE
;26.8
SET_PRINT_STATS_INFO CURRENT_LAYER=134
;_SET_FAN_SPEED_CHANGING_LAYER
; printing object stringing_test_8x8x30.stl id:0 copy 0
G1 Z27 F30000
G1 X185.9 Y155.9 Z27
G1 Z26.8
G1 E1.8 F2100
;TYPE:Inner wall
G1 F2744
G1 X179.1 Y155.9 E.2019
G1 X179.1 Y149.1 E.2019
G1 X185.9 Y149.1 E.2019
G1 X185.9 Y155.86 E.20071
SET_VELOCITY_LIMIT ACCEL=5000 ACCEL_TO_DECEL=2500
G1 X186.3 Y156.3 F30000
;TYPE:Outer wall
G1 F2744
G1 X178.7 Y156.3 E.22565
G1 X178.7 Y148.7 E.22565
G1 X186.3 Y148.7 E.22565
G1 X186.3 Y156.26 E.22447
SET_VELOCITY_LIMIT ACCEL=10000 ACCEL_TO_DECEL=5000
G1 E-1.8 F2100
G1 Z27 F30000
G1 X183.329 Y155.596 Z27
G1 Z26.8
G1 E1.8 F2100
;TYPE:Sparse infill
G1 F2744
G1 X181.901 Y155.596 E.04241
G3 X182.496 Y154.846 I1.715 J.75 E.02875
G1 X184.314 Y153.789 E.06244
G1 X184.695 Y153.409 E.01598
G1 X185.596 Y151.858 E.05327
G1 X185.596 Y149.404 E.07287
G1 X184.909 Y149.404 E.0204
G3 X184.314 Y150.154 I-1.715 J-.75 E.02875
G1 X182.496 Y151.211 E.06244
G1 X182.116 Y151.591 E.01598
G1 X181.059 Y153.409 E.06244
G1 X180.678 Y153.789 E.01598
G1 X179.404 Y154.531 E.04378
G1 X179.404 Y150.895 E.10795
G1 X180.678 Y150.154 E.04378
G2 X181.274 Y149.404 I-1.119 J-1.5 E.02875
G1 X182.702 Y149.404 E.04241
G1 E-1.8 F2100
G1 Z27 F30000
G1 X125.9 Y155.9 Z27
G1 Z26.8
G1 E1.8 F2100
;TYPE:Inner wall
G1 F2744
G1 X119.1 Y155.9 E.2019
G1 X119.1 Y149.1 E.2019
G1 X125.9 Y149.1 E.2019
G1 X125.9 Y155.86 E.20071
SET_VELOCITY_LIMIT ACCEL=5000 ACCEL_TO_DECEL=2500
G1 X126.3 Y156.3 F30000
;TYPE:Outer wall
G1 F2744
G1 X118.7 Y156.3 E.22565
G1 X118.7 Y148.7 E.22565
G1 X126.3 Y148.7 E.22565
G1 X126.3 Y156.26 E.22447
SET_VELOCITY_LIMIT ACCEL=10000 ACCEL_TO_DECEL=5000
G1 E-1.8 F2100
G1 Z27 F30000
G1 X122.298 Y155.596 Z27
G1 Z26.8
G1 E1.8 F2100
;TYPE:Sparse infill
G1 F2744
G1 X123.726 Y155.596 E.04241
G3 X124.322 Y154.846 I1.715 J.75 E.02875
G1 X125.596 Y154.105 E.04378
G1 X125.596 Y150.469 E.10795
G1 X124.322 Y151.211 E.04378
G1 X123.941 Y151.591 E.01598
G1 X122.884 Y153.409 E.06244
G1 X122.504 Y153.789 E.01598
G1 X120.686 Y154.846 E.06244
G2 X120.091 Y155.596 I1.119 J1.5 E.02875
G1 X119.404 Y155.596 E.0204
G1 X119.404 Y153.142 E.07287
G1 X120.305 Y151.591 E.05327
G1 X120.686 Y151.211 E.01598
G1 X122.504 Y150.154 E.06244
G2 X123.099 Y149.404 I-1.119 J-1.5 E.02875
G1 X121.671 Y149.404 E.04241
; stop printing object stringing_test_8x8x30.stl id:0 copy 0
;LAYER_CHANGE
;Z:27
;HEIGHT:0.200001
;BEFORE_LAYER_CHANGE
;27
G92 E0

G1 E-1.8 F2100
;AFTER_LAYER_CHANGE
;27
SET_PRINT_STATS_INFO CURRENT_LAYER=135
;_SET_FAN_SPEED_CHANGING_LAYER
; printing object stringing_test_8x8x30.stl id:0 copy 0
G1 Z27.2 F30000
G1 X185.9 Y155.9 Z27.2
G1 Z27
M73 P89 R1
G1 E1.8 F2100
;TYPE:Inner wall
G1 F2730
G1 X179.1 Y155.9 E.2019
G1 X179.1 Y149.1 E.2019
G1 X185.9 Y149.1 E.2019
G1 X185.9 Y155.86 E.20071
SET_VELOCITY_LIMIT ACCEL=5000 ACCEL_TO_DECEL=2500
G1 X186.3 Y156.3 F30000
;TYPE:Outer wall
G1 F2730
G1 X178.7 Y156.3 E.22565
G1 X178.7 Y148.7 E.22565
G1 X186.3 Y148.7 E.22565
G1 X186.3 Y156.26 E.22447
SET_VELOCITY_LIMIT ACCEL=10000 ACCEL_TO_DECEL=5000
G1 E-1.8 F2100
G1 Z27.2 F30000
G1 X183.555 Y155.596 Z27.2
G1 Z27
G1 E1.8 F2100
;TYPE:Sparse infill
G1 F2730
G1 X182.127 Y155.596 E.04241
G1 X185.596 Y152.127 E.1457
G1 X185.596 Y149.404 E.08085
G1 X184.684 Y149.404 E.0271
G1 X179.404 Y154.684 E.22172
G1 X179.404 Y151.048 E.10795
G1 X181.048 Y149.404 E.06904
G1 X182.476 Y149.404 E.04241
G1 E-1.8 F2100
G1 Z27.2 F30000
G1 X125.9 Y155.9 Z27.2
G1 Z27
G1 E1.8 F2100
;TYPE:Inner wall
G1 F2730
G1 X119.1 Y155.9 E.2019
G1 X119.1 Y149.1 E.2019
G1 X125.9 Y149.1 E.2019
G1 X125.9 Y155.86 E.20071
SET_VELOCITY_LIMIT ACCEL=5000 ACCEL_TO_DECEL=2500
G1 X126.3 Y156.3 F30000
;TYPE:Outer wall
G1 F2730
G1 X118.7 Y156.3 E.22565
G1 X118.7 Y148.7 E.22565
G1 X126.3 Y148.7 E.22565
G1 X126.3 Y156.26 E.22447
SET_VELOCITY_LIMIT ACCEL=10000 ACCEL_TO_DECEL=5000
G1 E-1.8 F2100
G1 Z27.2 F30000
G1 X125.596 Y152.524 Z27.2
G1 Z27
G1 E1.8 F2100
;TYPE:Sparse infill
G1 F2730
G1 X125.596 Y153.952 E.04241
G1 X123.952 Y155.596 E.06904
G1 X120.316 Y155.596 E.10795
G1 X125.596 Y150.316 E.22172
G1 X125.596 Y149.404 E.0271
G1 X122.873 Y149.404 E.08085
G1 X119.404 Y152.873 E.1457
G1 X119.404 Y151.445 E.04241
; stop printing object stringing_test_8x8x30.stl id:0 copy 0
;LAYER_CHANGE
;Z:27.2
;HEIGHT:0.200001
;BEFORE_LAYER_CHANGE
;27.2
G92 E0

G1 E-1.8 F2100
;AFTER_LAYER_CHANGE
;27.2
SET_PRINT_STATS_INFO CURRENT_LAYER=136
;_SET_FAN_SPEED_CHANGING_LAYER
; printing object stringing_test_8x8x30.stl id:0 copy 0
G1 Z27.4 F30000
G1 X185.9 Y155.9 Z27.4
G1 Z27.2
G1 E1.8 F2100
;TYPE:Inner wall
G1 F2730
G1 X179.1 Y155.9 E.2019
G1 X179.1 Y149.1 E.2019
G1 X185.9 Y149.1 E.2019
G1 X185.9 Y155.86 E.20071
SET_VELOCITY_LIMIT ACCEL=5000 ACCEL_TO_DECEL=2500
G1 X186.3 Y156.3 F30000
;TYPE:Outer wall
G1 F2730
G1 X178.7 Y156.3 E.22565
G1 X178.7 Y148.7 E.22565
G1 X186.3 Y148.7 E.22565
G1 X186.3 Y156.26 E.22447
SET_VELOCITY_LIMIT ACCEL=10000 ACCEL_TO_DECEL=5000
G1 E-1.8 F2100
G1 Z27.4 F30000
G1 X183.555 Y155.596 Z27.4
G1 Z27.2
G1 E1.8 F2100
;TYPE:Sparse infill
G1 F2730
G1 X182.127 Y155.596 E.04241
G1 X185.596 Y152.127 E.1457
G1 X185.596 Y149.404 E.08085
G1 X184.684 Y149.404 E.0271
G1 X179.404 Y154.684 E.22172
G1 X179.404 Y151.048 E.10795
G1 X181.048 Y149.404 E.06904
G1 X182.476 Y149.404 E.04241
G1 E-1.8 F2100
G1 Z27.4 F30000
G1 X125.9 Y155.9 Z27.4
G1 Z27.2
G1 E1.8 F2100
;TYPE:Inner wall
G1 F2730
G1 X119.1 Y155.9 E.2019
G1 X119.1 Y149.1 E.2019
G1 X125.9 Y149.1 E.2019
G1 X125.9 Y155.86 E.20071
M73 P90 R1
SET_VELOCITY_LIMIT ACCEL=5000 ACCEL_TO_DECEL=2500
G1 X126.3 Y156.3 F30000
;TYPE:Outer wall
G1 F2730
G1 X118.7 Y156.3 E.22565
G1 X118.7 Y148.7 E.22565
G1 X126.3 Y148.7 E.22565
G1 X126.3 Y156.26 E.22447
SET_VELOCITY_LIMIT ACCEL=10000 ACCEL_TO_DECEL=5000
G1 E-1.8 F2100
G1 Z27.4 F30000
G1 X125.596 Y152.524 Z27.4
G1 Z27.2
G1 E1.8 F2100
;TYPE:Sparse infill
G1 F2730
G1 X125.596 Y153.952 E.04241
G1 X123.952 Y155.596 E.06904
G1 X120.316 Y155.596 E.10795
G1 X125.596 Y150.316 E.22172
G1 X125.596 Y149.404 E.0271
G1 X122.873 Y149.404 E.08085
G1 X119.404 Y152.873 E.1457
G1 X119.404 Y151.445 E.04241
; stop printing object stringing_test_8x8x30.stl id:0 copy 0
;LAYER_CHANGE
;Z:27.4
;HEIGHT:0.199999
;BEFORE_LAYER_CHANGE
;27.4
G92 E0

G1 E-1.8 F2100
;AFTER_LAYER_CHANGE
;27.4
SET_PRINT_STATS_INFO CURRENT_LAYER=137
;_SET_FAN_SPEED_CHANGING_LAYER
; printing object stringing_test_8x8x30.stl id:0 copy 0
G1 Z27.6 F30000
G1 X185.9 Y155.9 Z27.6
G1 Z27.4
G1 E1.8 F2100
;TYPE:Inner wall
G1 F2730
G1 X179.1 Y155.9 E.2019
G1 X179.1 Y149.1 E.2019
G1 X185.9 Y149.1 E.2019
G1 X185.9 Y155.86 E.20071
SET_VELOCITY_LIMIT ACCEL=5000 ACCEL_TO_DECEL=2500
G1 X186.3 Y156.3 F30000
;TYPE:Outer wall
G1 F2730
G1 X178.7 Y156.3 E.22565
G1 X178.7 Y148.7 E.22565
G1 X186.3 Y148.7 E.22565
G1 X186.3 Y156.26 E.22447
SET_VELOCITY_LIMIT ACCEL=10000 ACCEL_TO_DECEL=5000
G1 E-1.8 F2100
G1 Z27.6 F30000
G1 X183.555 Y155.596 Z27.6
G1 Z27.4
G1 E1.8 F2100
;TYPE:Sparse infill
G1 F2730
G1 X182.127 Y155.596 E.04241
G1 X185.596 Y152.127 E.1457
G1 X185.596 Y149.404 E.08085
G1 X184.684 Y149.404 E.0271
G1 X179.404 Y154.684 E.22172
G1 X179.404 Y151.048 E.10795
G1 X181.048 Y149.404 E.06904
G1 X182.476 Y149.404 E.04241
G1 E-1.8 F2100
G1 Z27.6 F30000
G1 X125.9 Y155.9 Z27.6
G1 Z27.4
G1 E1.8 F2100
;TYPE:Inner wall
G1 F2730
G1 X119.1 Y155.9 E.2019
G1 X119.1 Y149.1 E.2019
G1 X125.9 Y149.1 E.2019
G1 X125.9 Y155.86 E.20071
SET_VELOCITY_LIMIT ACCEL=5000 ACCEL_TO_DECEL=2500
G1 X126.3 Y156.3 F30000
;TYPE:Outer wall
G1 F2730
G1 X118.7 Y156.3 E.22565
G1 X118.7 Y148.7 E.22565
G1 X126.3 Y148.7 E.22565
G1 X126.3 Y156.26 E.22447
SET_VELOCITY_LIMIT ACCEL=10000 ACCEL_TO_DECEL=5000
G1 E-1.8 F2100
G1 Z27.6 F30000
G1 X125.596 Y152.524 Z27.6
G1 Z27.4
G1 E1.8 F2100
;TYPE:Sparse infill
G1 F2730
G1 X125.596 Y153.952 E.04241
G1 X123.952 Y155.596 E.06904
G1 X120.316 Y155.596 E.10795
G1 X125.596 Y150.316 E.22172
G1 X125.596 Y149.404 E.0271
G1 X122.873 Y149.404 E.08085
G1 X119.404 Y152.873 E.1457
G1 X119.404 Y151.445 E.04241
; stop printing object stringing_test_8x8x30.stl id:0 copy 0
;LAYER_CHANGE
;Z:27.6
;HEIGHT:0.200001
;BEFORE_LAYER_CHANGE
;27.6
G92 E0

G1 E-1.8 F2100
;AFTER_LAYER_CHANGE
;27.6
SET_PRINT_STATS_INFO CURRENT_LAYER=138
;_SET_FAN_SPEED_CHANGING_LAYER
; printing object stringing_test_8x8x30.stl id:0 copy 0
G1 Z27.8 F30000
G1 X185.9 Y155.9 Z27.8
G1 Z27.6
G1 E1.8 F2100
;TYPE:Inner wall
G1 F2730
G1 X179.1 Y155.9 E.2019
G1 X179.1 Y149.1 E.2019
G1 X185.9 Y149.1 E.2019
G1 X185.9 Y155.86 E.20071
SET_VELOCITY_LIMIT ACCEL=5000 ACCEL_TO_DECEL=2500
G1 X186.3 Y156.3 F30000
;TYPE:Outer wall
G1 F2730
G1 X178.7 Y156.3 E.22565
G1 X178.7 Y148.7 E.22565
M73 P91 R1
G1 X186.3 Y148.7 E.22565
G1 X186.3 Y156.26 E.22447
SET_VELOCITY_LIMIT ACCEL=10000 ACCEL_TO_DECEL=5000
G1 E-1.8 F2100
G1 Z27.8 F30000
G1 X183.555 Y155.596 Z27.8
G1 Z27.6
G1 E1.8 F2100
;TYPE:Sparse infill
G1 F2730
G1 X182.127 Y155.596 E.04241
G1 X185.596 Y152.127 E.1457
G1 X185.596 Y149.404 E.08085
G1 X184.684 Y149.404 E.0271
G1 X179.404 Y154.684 E.22172
G1 X179.404 Y151.048 E.10795
G1 X181.048 Y149.404 E.06904
G1 X182.476 Y149.404 E.04241
G1 E-1.8 F2100
G1 Z27.8 F30000
G1 X125.9 Y155.9 Z27.8
G1 Z27.6
G1 E1.8 F2100
;TYPE:Inner wall
G1 F2730
G1 X119.1 Y155.9 E.2019
G1 X119.1 Y149.1 E.2019
G1 X125.9 Y149.1 E.2019
G1 X125.9 Y155.86 E.20071
SET_VELOCITY_LIMIT ACCEL=5000 ACCEL_TO_DECEL=2500
G1 X126.3 Y156.3 F30000
;TYPE:Outer wall
G1 F2730
G1 X118.7 Y156.3 E.22565
G1 X118.7 Y148.7 E.22565
G1 X126.3 Y148.7 E.22565
G1 X126.3 Y156.26 E.22447
SET_VELOCITY_LIMIT ACCEL=10000 ACCEL_TO_DECEL=5000
G1 E-1.8 F2100
G1 Z27.8 F30000
G1 X125.596 Y152.524 Z27.8
G1 Z27.6
G1 E1.8 F2100
;TYPE:Sparse infill
G1 F2730
G1 X125.596 Y153.952 E.04241
G1 X123.952 Y155.596 E.06904
G1 X120.316 Y155.596 E.10795
G1 X125.596 Y150.316 E.22172
G1 X125.596 Y149.404 E.0271
G1 X122.873 Y149.404 E.08085
G1 X119.404 Y152.873 E.1457
G1 X119.404 Y151.445 E.04241
; stop printing object stringing_test_8x8x30.stl id:0 copy 0
;LAYER_CHANGE
;Z:27.8
;HEIGHT:0.199999
;BEFORE_LAYER_CHANGE
;27.8
G92 E0

G1 E-1.8 F2100
;AFTER_LAYER_CHANGE
;27.8
SET_PRINT_STATS_INFO CURRENT_LAYER=139
;_SET_FAN_SPEED_CHANGING_LAYER
; printing object stringing_test_8x8x30.stl id:0 copy 0
G1 Z28 F30000
G1 X185.9 Y155.9 Z28
G1 Z27.8
G1 E1.8 F2100
;TYPE:Inner wall
G1 F2730
G1 X179.1 Y155.9 E.2019
G1 X179.1 Y149.1 E.2019
G1 X185.9 Y149.1 E.2019
G1 X185.9 Y155.86 E.20071
SET_VELOCITY_LIMIT ACCEL=5000 ACCEL_TO_DECEL=2500
G1 X186.3 Y156.3 F30000
;TYPE:Outer wall
G1 F2730
G1 X178.7 Y156.3 E.22565
G1 X178.7 Y148.7 E.22565
G1 X186.3 Y148.7 E.22565
G1 X186.3 Y156.26 E.22447
SET_VELOCITY_LIMIT ACCEL=10000 ACCEL_TO_DECEL=5000
G1 E-1.8 F2100
G1 Z28 F30000
G1 X183.555 Y155.596 Z28
G1 Z27.8
G1 E1.8 F2100
;TYPE:Sparse infill
G1 F2730
G1 X182.127 Y155.596 E.04241
G1 X185.596 Y152.127 E.1457
G1 X185.596 Y149.404 E.08085
G1 X184.684 Y149.404 E.0271
G1 X179.404 Y154.684 E.22172
G1 X179.404 Y151.048 E.10795
G1 X181.048 Y149.404 E.06904
G1 X182.476 Y149.404 E.04241
G1 E-1.8 F2100
G1 Z28 F30000
G1 X125.9 Y155.9 Z28
G1 Z27.8
G1 E1.8 F2100
;TYPE:Inner wall
G1 F2730
G1 X119.1 Y155.9 E.2019
G1 X119.1 Y149.1 E.2019
G1 X125.9 Y149.1 E.2019
G1 X125.9 Y155.86 E.20071
SET_VELOCITY_LIMIT ACCEL=5000 ACCEL_TO_DECEL=2500
G1 X126.3 Y156.3 F30000
;TYPE:Outer wall
G1 F2730
G1 X118.7 Y156.3 E.22565
G1 X118.7 Y148.7 E.22565
G1 X126.3 Y148.7 E.22565
G1 X126.3 Y156.26 E.22447
SET_VELOCITY_LIMIT ACCEL=10000 ACCEL_TO_DECEL=5000
G1 E-1.8 F2100
M73 P92 R1
G1 Z28 F30000
G1 X125.596 Y152.524 Z28
G1 Z27.8
G1 E1.8 F2100
;TYPE:Sparse infill
G1 F2730
G1 X125.596 Y153.952 E.04241
G1 X123.952 Y155.596 E.06904
G1 X120.316 Y155.596 E.10795
G1 X125.596 Y150.316 E.22172
G1 X125.596 Y149.404 E.0271
G1 X122.873 Y149.404 E.08085
G1 X119.404 Y152.873 E.1457
G1 X119.404 Y151.445 E.04241
; stop printing object stringing_test_8x8x30.stl id:0 copy 0
;LAYER_CHANGE
;Z:28
;HEIGHT:0.200001
;BEFORE_LAYER_CHANGE
;28
G92 E0

G1 E-1.8 F2100
;AFTER_LAYER_CHANGE
;28
SET_PRINT_STATS_INFO CURRENT_LAYER=140
;_SET_FAN_SPEED_CHANGING_LAYER
; printing object stringing_test_8x8x30.stl id:0 copy 0
G1 Z28.2 F30000
G1 X185.9 Y155.9 Z28.2
G1 Z28
M73 P92 R0
G1 E1.8 F2100
;TYPE:Inner wall
G1 F2730
G1 X179.1 Y155.9 E.2019
G1 X179.1 Y149.1 E.2019
G1 X185.9 Y149.1 E.2019
G1 X185.9 Y155.86 E.20071
SET_VELOCITY_LIMIT ACCEL=5000 ACCEL_TO_DECEL=2500
G1 X186.3 Y156.3 F30000
;TYPE:Outer wall
G1 F2730
G1 X178.7 Y156.3 E.22565
G1 X178.7 Y148.7 E.22565
G1 X186.3 Y148.7 E.22565
G1 X186.3 Y156.26 E.22447
SET_VELOCITY_LIMIT ACCEL=10000 ACCEL_TO_DECEL=5000
G1 E-1.8 F2100
G1 Z28.2 F30000
G1 X183.555 Y155.596 Z28.2
G1 Z28
G1 E1.8 F2100
;TYPE:Sparse infill
G1 F2730
G1 X182.127 Y155.596 E.04241
G1 X185.596 Y152.127 E.1457
G1 X185.596 Y149.404 E.08085
G1 X184.684 Y149.404 E.0271
G1 X179.404 Y154.684 E.22172
G1 X179.404 Y151.048 E.10795
G1 X181.048 Y149.404 E.06904
G1 X182.476 Y149.404 E.04241
G1 E-1.8 F2100
G1 Z28.2 F30000
G1 X125.9 Y155.9 Z28.2
G1 Z28
G1 E1.8 F2100
;TYPE:Inner wall
G1 F2730
G1 X119.1 Y155.9 E.2019
G1 X119.1 Y149.1 E.2019
G1 X125.9 Y149.1 E.2019
G1 X125.9 Y155.86 E.20071
SET_VELOCITY_LIMIT ACCEL=5000 ACCEL_TO_DECEL=2500
G1 X126.3 Y156.3 F30000
;TYPE:Outer wall
G1 F2730
G1 X118.7 Y156.3 E.22565
G1 X118.7 Y148.7 E.22565
G1 X126.3 Y148.7 E.22565
G1 X126.3 Y156.26 E.22447
SET_VELOCITY_LIMIT ACCEL=10000 ACCEL_TO_DECEL=5000
G1 E-1.8 F2100
G1 Z28.2 F30000
G1 X125.596 Y152.524 Z28.2
G1 Z28
G1 E1.8 F2100
;TYPE:Sparse infill
G1 F2730
G1 X125.596 Y153.952 E.04241
G1 X123.952 Y155.596 E.06904
G1 X120.316 Y155.596 E.10795
G1 X125.596 Y150.316 E.22172
G1 X125.596 Y149.404 E.0271
G1 X122.873 Y149.404 E.08085
G1 X119.404 Y152.873 E.1457
G1 X119.404 Y151.445 E.04241
; stop printing object stringing_test_8x8x30.stl id:0 copy 0
;LAYER_CHANGE
;Z:28.2
;HEIGHT:0.200001
;BEFORE_LAYER_CHANGE
;28.2
G92 E0

G1 E-1.8 F2100
;AFTER_LAYER_CHANGE
;28.2
SET_PRINT_STATS_INFO CURRENT_LAYER=141
;_SET_FAN_SPEED_CHANGING_LAYER
; printing object stringing_test_8x8x30.stl id:0 copy 0
G1 Z28.4 F30000
G1 X185.9 Y155.9 Z28.4
G1 Z28.2
G1 E1.8 F2100
;TYPE:Inner wall
G1 F2730
G1 X179.1 Y155.9 E.2019
G1 X179.1 Y149.1 E.2019
G1 X185.9 Y149.1 E.2019
G1 X185.9 Y155.86 E.20071
SET_VELOCITY_LIMIT ACCEL=5000 ACCEL_TO_DECEL=2500
G1 X186.3 Y156.3 F30000
;TYPE:Outer wall
G1 F2730
G1 X178.7 Y156.3 E.22565
G1 X178.7 Y148.7 E.22565
G1 X186.3 Y148.7 E.22565
G1 X186.3 Y156.26 E.22447
SET_VELOCITY_LIMIT ACCEL=10000 ACCEL_TO_DECEL=5000
G1 E-1.8 F2100
G1 Z28.4 F30000
G1 X183.555 Y155.596 Z28.4
G1 Z28.2
G1 E1.8 F2100
;TYPE:Sparse infill
G1 F2730
G1 X182.127 Y155.596 E.04241
G1 X185.596 Y152.127 E.1457
G1 X185.596 Y149.404 E.08085
M73 P93 R0
G1 X184.684 Y149.404 E.0271
G1 X179.404 Y154.684 E.22172
G1 X179.404 Y151.048 E.10795
G1 X181.048 Y149.404 E.06904
G1 X182.476 Y149.404 E.04241
G1 E-1.8 F2100
G1 Z28.4 F30000
G1 X125.9 Y155.9 Z28.4
G1 Z28.2
G1 E1.8 F2100
;TYPE:Inner wall
G1 F2730
G1 X119.1 Y155.9 E.2019
G1 X119.1 Y149.1 E.2019
G1 X125.9 Y149.1 E.2019
G1 X125.9 Y155.86 E.20071
SET_VELOCITY_LIMIT ACCEL=5000 ACCEL_TO_DECEL=2500
G1 X126.3 Y156.3 F30000
;TYPE:Outer wall
G1 F2730
G1 X118.7 Y156.3 E.22565
G1 X118.7 Y148.7 E.22565
G1 X126.3 Y148.7 E.22565
G1 X126.3 Y156.26 E.22447
SET_VELOCITY_LIMIT ACCEL=10000 ACCEL_TO_DECEL=5000
G1 E-1.8 F2100
G1 Z28.4 F30000
G1 X125.596 Y152.524 Z28.4
G1 Z28.2
G1 E1.8 F2100
;TYPE:Sparse infill
G1 F2730
G1 X125.596 Y153.952 E.04241
G1 X123.952 Y155.596 E.06904
G1 X120.316 Y155.596 E.10795
G1 X125.596 Y150.316 E.22172
G1 X125.596 Y149.404 E.0271
G1 X122.873 Y149.404 E.08085
G1 X119.404 Y152.873 E.1457
G1 X119.404 Y151.445 E.04241
; stop printing object stringing_test_8x8x30.stl id:0 copy 0
;LAYER_CHANGE
;Z:28.4
;HEIGHT:0.199999
;BEFORE_LAYER_CHANGE
;28.4
G92 E0

G1 E-1.8 F2100
;AFTER_LAYER_CHANGE
;28.4
SET_PRINT_STATS_INFO CURRENT_LAYER=142
;_SET_FAN_SPEED_CHANGING_LAYER
; printing object stringing_test_8x8x30.stl id:0 copy 0
G1 Z28.6 F30000
G1 X185.9 Y155.9 Z28.6
G1 Z28.4
G1 E1.8 F2100
;TYPE:Inner wall
G1 F2746
G1 X179.1 Y155.9 E.2019
G1 X179.1 Y149.1 E.2019
G1 X185.9 Y149.1 E.2019
G1 X185.9 Y155.86 E.20071
SET_VELOCITY_LIMIT ACCEL=5000 ACCEL_TO_DECEL=2500
G1 X186.3 Y156.3 F30000
;TYPE:Outer wall
G1 F2746
G1 X178.7 Y156.3 E.22565
G1 X178.7 Y148.7 E.22565
G1 X186.3 Y148.7 E.22565
G1 X186.3 Y156.26 E.22447
SET_VELOCITY_LIMIT ACCEL=10000 ACCEL_TO_DECEL=5000
G1 E-1.8 F2100
G1 Z28.6 F30000
G1 X183.31 Y155.596 Z28.6
G1 Z28.4
G1 E1.8 F2100
;TYPE:Sparse infill
G1 F2746
G1 X181.881 Y155.596 E.04241
G3 X182.496 Y154.813 I1.637 J.653 E.02997
G1 X184.314 Y153.823 E.06147
G1 X184.728 Y153.409 E.01736
G1 X185.596 Y151.815 E.0539
G1 X185.596 Y149.404 E.0716
G1 X184.929 Y149.404 E.01982
G3 X184.314 Y150.187 I-1.637 J-.653 E.02997
G1 X182.496 Y151.177 E.06147
G1 X182.083 Y151.591 E.01736
G1 X181.092 Y153.409 E.06147
G1 X180.678 Y153.823 E.01736
G1 X179.404 Y154.517 E.04311
G1 X179.404 Y150.881 E.10795
G1 X180.678 Y150.187 E.04311
G2 X181.293 Y149.404 I-1.022 J-1.436 E.02997
G1 X182.722 Y149.404 E.04241
G1 E-1.8 F2100
G1 Z28.6 F30000
G1 X125.9 Y155.9 Z28.6
G1 Z28.4
G1 E1.8 F2100
;TYPE:Inner wall
G1 F2746
G1 X119.1 Y155.9 E.2019
G1 X119.1 Y149.1 E.2019
G1 X125.9 Y149.1 E.2019
G1 X125.9 Y155.86 E.20071
SET_VELOCITY_LIMIT ACCEL=5000 ACCEL_TO_DECEL=2500
G1 X126.3 Y156.3 F30000
;TYPE:Outer wall
G1 F2746
G1 X118.7 Y156.3 E.22565
G1 X118.7 Y148.7 E.22565
G1 X126.3 Y148.7 E.22565
G1 X126.3 Y156.26 E.22447
SET_VELOCITY_LIMIT ACCEL=10000 ACCEL_TO_DECEL=5000
G1 E-1.8 F2100
G1 Z28.6 F30000
G1 X122.278 Y155.596 Z28.6
G1 Z28.4
G1 E1.8 F2100
;TYPE:Sparse infill
G1 F2746
G1 X123.707 Y155.596 E.04241
G3 X124.322 Y154.813 I1.637 J.653 E.02997
G1 X125.596 Y154.119 E.04311
G1 X125.596 Y150.483 E.10795
G1 X124.322 Y151.177 E.04311
G1 X123.908 Y151.591 E.01736
G1 X122.917 Y153.409 E.06147
G1 X122.504 Y153.823 E.01736
G1 X120.686 Y154.813 E.06147
G2 X120.071 Y155.596 I1.022 J1.436 E.02997
G1 X119.404 Y155.596 E.01982
G1 X119.404 Y153.185 E.0716
G1 X120.272 Y151.591 E.0539
G1 X120.686 Y151.177 E.01736
G1 X122.504 Y150.187 E.06147
G2 X123.119 Y149.404 I-1.022 J-1.436 E.02997
G1 X121.69 Y149.404 E.04241
; stop printing object stringing_test_8x8x30.stl id:0 copy 0
;LAYER_CHANGE
;Z:28.6
;HEIGHT:0.200001
;BEFORE_LAYER_CHANGE
;28.6
G92 E0

G1 E-1.8 F2100
M73 P94 R0
;AFTER_LAYER_CHANGE
;28.6
SET_PRINT_STATS_INFO CURRENT_LAYER=143
;_SET_FAN_SPEED_CHANGING_LAYER
; printing object stringing_test_8x8x30.stl id:0 copy 0
G1 Z28.8 F30000
G1 X185.9 Y155.9 Z28.8
G1 Z28.6
G1 E1.8 F2100
;TYPE:Inner wall
G1 F2938
G1 X179.1 Y155.9 E.2019
G1 X179.1 Y149.1 E.2019
G1 X185.9 Y149.1 E.2019
G1 X185.9 Y155.86 E.20071
SET_VELOCITY_LIMIT ACCEL=5000 ACCEL_TO_DECEL=2500
G1 X186.3 Y156.3 F30000
;TYPE:Outer wall
G1 F2938
G1 X178.7 Y156.3 E.22565
G1 X178.7 Y148.7 E.22565
G1 X186.3 Y148.7 E.22565
G1 X186.3 Y156.26 E.22447
SET_VELOCITY_LIMIT ACCEL=10000 ACCEL_TO_DECEL=5000
G1 E-1.8 F2100
G1 Z28.8 F30000
G1 X185.596 Y153.567 Z28.8
G1 Z28.6
G1 E1.8 F2100
;TYPE:Sparse infill
G1 F2938
G1 X185.596 Y154.995 E.04241
G2 X185.307 Y155.596 I.267 J.499 E.02118
G1 X181.671 Y155.596 E.10795
G1 X181.729 Y155.227 E.01111
G1 X182.496 Y154.46 E.03221
G1 X184.314 Y154.176 E.05463
G1 X185.081 Y153.409 E.03221
G1 X185.365 Y151.591 E.05463
G1 X185.596 Y151.36 E.00972
G1 X185.596 Y149.404 E.05808
G1 X185.139 Y149.404 E.01359
G1 X185.081 Y149.773 E.01111
G1 X184.314 Y150.54 E.03221
G1 X182.496 Y150.824 E.05463
G1 X181.729 Y151.591 E.03221
G1 X181.445 Y153.409 E.05463
G1 X180.678 Y154.176 E.03221
G1 X179.404 Y154.375 E.03831
G1 X179.404 Y150.739 E.10795
G1 X180.678 Y150.54 E.03831
G1 X181.445 Y149.773 E.03221
G1 X181.503 Y149.404 E.01111
G1 X182.931 Y149.404 E.04241
G1 E-1.8 F2100
G1 Z28.8 F30000
G1 X125.9 Y155.9 Z28.8
G1 Z28.6
G1 E1.8 F2100
;TYPE:Inner wall
G1 F2938
G1 X119.1 Y155.9 E.2019
G1 X119.1 Y149.1 E.2019
G1 X125.9 Y149.1 E.2019
G1 X125.9 Y155.86 E.20071
SET_VELOCITY_LIMIT ACCEL=5000 ACCEL_TO_DECEL=2500
G1 X126.3 Y156.3 F30000
;TYPE:Outer wall
G1 F2938
G1 X118.7 Y156.3 E.22565
G1 X118.7 Y148.7 E.22565
G1 X126.3 Y148.7 E.22565
G1 X126.3 Y156.26 E.22447
SET_VELOCITY_LIMIT ACCEL=10000 ACCEL_TO_DECEL=5000
G1 E-1.8 F2100
G1 Z28.8 F30000
G1 X122.069 Y155.596 Z28.8
G1 Z28.6
G1 E1.8 F2100
;TYPE:Sparse infill
G1 F2938
G1 X123.497 Y155.596 E.04241
G1 X123.555 Y155.227 E.01111
G1 X124.322 Y154.46 E.03221
G1 X125.596 Y154.261 E.03831
G1 X125.596 Y150.625 E.10795
G1 X124.322 Y150.824 E.03831
G1 X123.555 Y151.591 E.03221
G1 X123.271 Y153.409 E.05463
G1 X122.504 Y154.176 E.03221
G1 X120.686 Y154.46 E.05463
G1 X119.919 Y155.227 E.03221
G1 X119.861 Y155.596 E.01111
G1 X119.404 Y155.596 E.01359
G1 X119.404 Y153.64 E.05808
G1 X119.635 Y153.409 E.00972
G1 X119.919 Y151.591 E.05463
G1 X120.686 Y150.824 E.03221
G1 X122.504 Y150.54 E.05463
G1 X123.271 Y149.773 E.03221
G1 X123.329 Y149.404 E.01111
G1 X119.693 Y149.404 E.10795
G3 X119.404 Y150.005 I-.556 J.102 E.02118
G1 X119.404 Y151.433 E.04241
; stop printing object stringing_test_8x8x30.stl id:0 copy 0
;LAYER_CHANGE
;Z:28.8
;HEIGHT:0.199999
;BEFORE_LAYER_CHANGE
;28.8
G92 E0

G1 E-1.8 F2100
;AFTER_LAYER_CHANGE
;28.8
SET_PRINT_STATS_INFO CURRENT_LAYER=144
;_SET_FAN_SPEED_CHANGING_LAYER
; printing object stringing_test_8x8x30.stl id:0 copy 0
G1 Z29 F30000
G1 X185.9 Y155.9 Z29
G1 Z28.8
G1 E1.8 F2100
;TYPE:Inner wall
G1 F3032
G1 X179.1 Y155.9 E.2019
G1 X179.1 Y149.1 E.2019
G1 X185.9 Y149.1 E.2019
G1 X185.9 Y155.86 E.20071
SET_VELOCITY_LIMIT ACCEL=5000 ACCEL_TO_DECEL=2500
G1 X186.3 Y156.3 F30000
;TYPE:Outer wall
G1 F3032
G1 X178.7 Y156.3 E.22565
G1 X178.7 Y148.7 E.22565
G1 X186.3 Y148.7 E.22565
G1 X186.3 Y156.26 E.22447
SET_VELOCITY_LIMIT ACCEL=10000 ACCEL_TO_DECEL=5000
G1 E-1.8 F2100
G1 Z29 F30000
G1 X183.106 Y155.596 Z29
G1 Z28.8
G1 E1.8 F2100
;TYPE:Sparse infill
G1 F3032
G1 X181.677 Y155.596 E.04241
G1 X181.739 Y155.227 E.01113
G1 X180.678 Y154.166 E.04455
G1 X179.404 Y154.379 E.03837
G1 X179.404 Y150.743 E.10795
G1 X180.678 Y150.53 E.03837
G1 X181.739 Y151.591 E.04455
G1 X181.435 Y153.409 E.05473
G1 X182.496 Y154.47 E.04455
G1 X184.314 Y154.166 E.05473
G1 X185.375 Y155.227 E.04455
G1 X185.313 Y155.596 E.01113
G1 X185.596 Y155.596 E.00841
G1 X185.596 Y153.934 E.04935
G1 X185.071 Y153.409 E.02206
G1 X185.375 Y151.591 E.05473
G1 X184.314 Y150.53 E.04455
G1 X182.496 Y150.834 E.05473
G1 X181.435 Y149.773 E.04455
G1 X181.497 Y149.404 E.01113
G1 X185.133 Y149.404 E.10795
G1 X185.071 Y149.773 E.01113
G1 X185.596 Y150.298 E.02206
G1 X185.596 Y149.404 E.02657
G1 X185.312 Y149.404 E.00846
G1 E-1.8 F2100
G1 Z29 F30000
G1 X125.9 Y155.9 Z29
G1 Z28.8
G1 E1.8 F2100
M73 P95 R0
;TYPE:Inner wall
G1 F3032
G1 X119.1 Y155.9 E.2019
G1 X119.1 Y149.1 E.2019
G1 X125.9 Y149.1 E.2019
G1 X125.9 Y155.86 E.20071
SET_VELOCITY_LIMIT ACCEL=5000 ACCEL_TO_DECEL=2500
G1 X126.3 Y156.3 F30000
;TYPE:Outer wall
G1 F3032
G1 X118.7 Y156.3 E.22565
G1 X118.7 Y148.7 E.22565
G1 X126.3 Y148.7 E.22565
G1 X126.3 Y156.26 E.22447
SET_VELOCITY_LIMIT ACCEL=10000 ACCEL_TO_DECEL=5000
G1 E-1.8 F2100
G1 Z29 F30000
G1 X119.688 Y155.596 Z29
G1 Z28.8
G1 E1.8 F2100
;TYPE:Sparse infill
G1 F3032
G1 X119.404 Y155.596 E.00846
G1 X119.404 Y154.702 E.02657
G1 X119.929 Y155.227 E.02206
G1 X119.867 Y155.596 E.01113
G1 X123.503 Y155.596 E.10795
G1 X123.565 Y155.227 E.01113
G1 X122.504 Y154.166 E.04455
G1 X120.686 Y154.47 E.05473
G1 X119.625 Y153.409 E.04455
G1 X119.929 Y151.591 E.05473
G1 X119.404 Y151.066 E.02206
G1 X119.404 Y149.404 E.04935
G1 X119.687 Y149.404 E.00841
G1 X119.625 Y149.773 E.01112
G1 X120.686 Y150.834 E.04455
G1 X122.504 Y150.53 E.05473
G1 X123.565 Y151.591 E.04455
G1 X123.261 Y153.409 E.05473
G1 X124.322 Y154.47 E.04455
G1 X125.596 Y154.257 E.03837
G1 X125.596 Y150.621 E.10795
G1 X124.322 Y150.834 E.03837
G1 X123.261 Y149.773 E.04455
G1 X123.323 Y149.404 E.01112
G1 X121.894 Y149.404 E.04241
; stop printing object stringing_test_8x8x30.stl id:0 copy 0
;LAYER_CHANGE
;Z:29
;HEIGHT:0.200001
;BEFORE_LAYER_CHANGE
;29
G92 E0

G1 E-1.8 F2100
;AFTER_LAYER_CHANGE
;29
SET_PRINT_STATS_INFO CURRENT_LAYER=145
;_SET_FAN_SPEED_CHANGING_LAYER
; printing object stringing_test_8x8x30.stl id:0 copy 0
G1 Z29.2 F30000
G1 X185.9 Y155.9 Z29.2
G1 Z29
G1 E1.8 F2100
;TYPE:Inner wall
G1 F3507
G1 X179.1 Y155.9 E.2019
G1 X179.1 Y149.1 E.2019
G1 X185.9 Y149.1 E.2019
G1 X185.9 Y155.86 E.20071
SET_VELOCITY_LIMIT ACCEL=5000 ACCEL_TO_DECEL=2500
G1 X186.3 Y156.3 F30000
;TYPE:Outer wall
G1 F3507
G1 X178.7 Y156.3 E.22565
G1 X178.7 Y148.7 E.22565
G1 X186.3 Y148.7 E.22565
G1 X186.3 Y156.26 E.22447
SET_VELOCITY_LIMIT ACCEL=10000 ACCEL_TO_DECEL=5000
G1 E-1.8 F2100
G1 Z29.2 F30000
G1 X182.817 Y155.239 Z29.2
G1 Z29
G1 E1.8 F2100
;TYPE:Sparse infill
G1 F3507
G1 X181.388 Y155.239 E.04241
G1 X180.678 Y154.52 E.03002
G1 X179.761 Y154.316 E.02791
G1 X179.761 Y150.68 E.10795
G1 X180.678 Y150.884 E.02791
G1 X181.386 Y151.591 E.0297
G1 X181.789 Y153.409 E.05529
G1 X182.496 Y154.116 E.0297
G1 X184.314 Y154.52 E.05529
G1 X185.024 Y155.239 E.03002
G1 X185.239 Y155.239 E.00639
G1 X185.239 Y152.573 E.07916
G1 X185.022 Y151.591 E.02987
G1 X184.314 Y150.884 E.0297
G1 X182.496 Y150.48 E.05529
G1 X181.786 Y149.761 E.03002
G1 X183.214 Y149.761 E.04241
G1 X179.43 Y149.582 F30000
;TYPE:Internal solid infill
;WIDTH:0.383224
G1 F3507
G1 X179.431 Y155.444 E.16588
G1 X179.456 Y155.544 E.0029
G1 X179.582 Y155.57 E.00363
G1 X185.444 Y155.569 E.16588
G1 X185.544 Y155.544 E.0029
G1 X185.57 Y155.418 E.00363
G1 X185.57 Y149.582 E.16513
G1 X185.544 Y149.456 E.00363
G1 X185.418 Y149.43 E.00363
G1 X179.556 Y149.431 E.16588
G1 X179.456 Y149.456 E.0029
G1 X179.438 Y149.543 E.0025
G1 E-1.8 F2100
G1 Z29.2 F30000
G1 X125.9 Y155.9 Z29.2
G1 Z29
G1 E1.8 F2100
;TYPE:Inner wall
;WIDTH:0.4
G1 F3507
G1 X119.1 Y155.9 E.2019
G1 X119.1 Y149.1 E.2019
G1 X125.9 Y149.1 E.2019
G1 X125.9 Y155.86 E.20071
SET_VELOCITY_LIMIT ACCEL=5000 ACCEL_TO_DECEL=2500
G1 X126.3 Y156.3 F30000
;TYPE:Outer wall
G1 F3507
G1 X118.7 Y156.3 E.22565
G1 X118.7 Y148.7 E.22565
G1 X126.3 Y148.7 E.22565
G1 X126.3 Y156.26 E.22447
SET_VELOCITY_LIMIT ACCEL=10000 ACCEL_TO_DECEL=5000
G1 E-1.8 F2100
G1 Z29.2 F30000
G1 X121.786 Y155.239 Z29.2
G1 Z29
G1 E1.8 F2100
;TYPE:Sparse infill
G1 F3507
G1 X123.214 Y155.239 E.04241
G1 X122.504 Y154.52 E.03002
G1 X120.686 Y154.116 E.05529
G1 X119.978 Y153.409 E.0297
G1 X119.761 Y152.427 E.02987
G1 X119.761 Y149.761 E.07916
G1 X119.976 Y149.761 E.00639
G1 X120.686 Y150.48 E.03002
G1 X122.504 Y150.884 E.05529
G1 X123.211 Y151.591 E.0297
G1 X123.614 Y153.409 E.05529
G1 X124.322 Y154.116 E.0297
G1 X125.239 Y154.32 E.02791
G1 X125.239 Y150.684 E.10795
G1 X124.322 Y150.48 E.02791
G1 X123.612 Y149.761 E.03002
G1 X122.183 Y149.761 E.04241
G1 X125.57 Y149.582 F30000
;TYPE:Internal solid infill
;WIDTH:0.38325
G1 F3507
G1 X125.544 Y149.456 E.00363
G1 X125.418 Y149.43 E.00363
G1 X119.556 Y149.431 E.16589
G1 X119.456 Y149.456 E.0029
G1 X119.43 Y149.582 E.00363
G1 X119.431 Y155.444 E.16589
G1 X119.456 Y155.544 E.0029
G1 X119.582 Y155.57 E.00363
G1 X125.444 Y155.569 E.16589
G1 X125.544 Y155.544 E.0029
G1 X125.57 Y155.418 E.00363
G1 X125.57 Y149.622 E.16401
; stop printing object stringing_test_8x8x30.stl id:0 copy 0
;LAYER_CHANGE
;Z:29.2
;HEIGHT:0.200001
;BEFORE_LAYER_CHANGE
;29.2
G92 E0

G1 E-1.8 F2100
;AFTER_LAYER_CHANGE
;29.2
SET_PRINT_STATS_INFO CURRENT_LAYER=146
;_SET_FAN_SPEED_CHANGING_LAYER
; printing object stringing_test_8x8x30.stl id:0 copy 0
G1 Z29.4 F30000
G1 X185.9 Y155.9 Z29.4
G1 Z29.2
G1 E1.8 F2100
;TYPE:Inner wall
;WIDTH:0.4
G1 F6099
G1 X179.1 Y155.9 E.2019
G1 X179.1 Y149.1 E.2019
G1 X185.9 Y149.1 E.2019
M73 P96 R0
G1 X185.9 Y155.86 E.20071
SET_VELOCITY_LIMIT ACCEL=5000 ACCEL_TO_DECEL=2500
G1 X186.3 Y156.3 F30000
;TYPE:Outer wall
G1 F6099
G1 X178.7 Y156.3 E.22565
G1 X178.7 Y148.7 E.22565
G1 X186.3 Y148.7 E.22565
G1 X186.3 Y156.26 E.22447
SET_VELOCITY_LIMIT ACCEL=10000 ACCEL_TO_DECEL=5000
G1 E-1.8 F2100
G1 Z29.4 F30000
G1 X185.196 Y155.753 Z29.4
G1 Z29.2
G1 E1.8 F2100
SET_VELOCITY_LIMIT ACCEL=2500 ACCEL_TO_DECEL=1250
;TYPE:Internal Bridge
;HEIGHT:0.4
G1 F4500
G1 X185.55 Y154.158 E.0853
G1 X185.55 Y152.08 E.10857
G1 X184.78 Y155.55 E.18567
G1 X184.319 Y155.55 E.02408
G1 X185.55 Y150.002 E.29688
G1 X185.55 Y149.45 E.02886
G1 X185.212 Y149.45 E.01768
G1 X183.859 Y155.55 E.32644
G1 X183.398 Y155.55 E.02408
G1 X184.751 Y149.45 E.32644
G1 X184.29 Y149.45 E.02408
G1 X182.937 Y155.55 E.32644
G1 X182.476 Y155.55 E.02408
G1 X183.829 Y149.45 E.32644
G1 X183.368 Y149.45 E.02408
G1 X182.015 Y155.55 E.32644
G1 X181.554 Y155.55 E.02408
G1 X182.907 Y149.45 E.32644
G1 X182.446 Y149.45 E.02408
G1 X181.093 Y155.55 E.32644
G1 X180.632 Y155.55 E.02408
G1 X181.985 Y149.45 E.32644
G1 X181.524 Y149.45 E.02408
G1 X180.171 Y155.55 E.32644
G1 X179.71 Y155.55 E.02408
G1 X181.063 Y149.45 E.32644
G1 X180.602 Y149.45 E.02408
G1 X179.45 Y154.645 E.278
G1 X179.45 Y152.567 E.10857
G1 X180.141 Y149.45 E.16679
G1 X179.68 Y149.45 E.02408
G1 X179.247 Y151.402 E.10444
SET_VELOCITY_LIMIT ACCEL=10000 ACCEL_TO_DECEL=5000
G1 E-1.8 F2100
G1 Z29.4 F30000
G1 X125.9 Y155.9 Z29.4
G1 Z29.2
G1 E1.8 F2100
;TYPE:Inner wall
;HEIGHT:0.2
G1 F6099
M106 S255
G1 X119.1 Y155.9 E.2019
G1 X119.1 Y149.1 E.2019
G1 X125.9 Y149.1 E.2019
G1 X125.9 Y155.86 E.20071
SET_VELOCITY_LIMIT ACCEL=5000 ACCEL_TO_DECEL=2500
G1 X126.3 Y156.3 F30000
;TYPE:Outer wall
G1 F6099
G1 X118.7 Y156.3 E.22565
G1 X118.7 Y148.7 E.22565
G1 X126.3 Y148.7 E.22565
G1 X126.3 Y156.26 E.22447
SET_VELOCITY_LIMIT ACCEL=10000 ACCEL_TO_DECEL=5000
G1 E-1.8 F2100
G1 Z29.4 F30000
G1 X124.329 Y155.753 Z29.4
G1 Z29.2
G1 E1.8 F2100
SET_VELOCITY_LIMIT ACCEL=2500 ACCEL_TO_DECEL=1250
;TYPE:Internal Bridge
;HEIGHT:0.4
G1 F4500
G1 X125.55 Y155.482 E.06534
G1 X125.55 Y155.021 E.02408
G1 X123.164 Y155.55 E.12769
G1 X121.086 Y155.55 E.10857
G1 X125.55 Y154.56 E.2389
G1 X125.55 Y154.099 E.02408
G1 X119.45 Y155.452 E.32644
G1 X119.45 Y154.991 E.02408
G1 X125.55 Y153.638 E.32644
G1 X125.55 Y153.177 E.02408
G1 X119.45 Y154.53 E.32644
G1 X119.45 Y154.069 E.02408
G1 X125.55 Y152.716 E.32644
G1 X125.55 Y152.255 E.02408
G1 X119.45 Y153.608 E.32644
G1 X119.45 Y153.147 E.02408
G1 X125.55 Y151.794 E.32644
G1 X125.55 Y151.333 E.02408
G1 X119.45 Y152.686 E.32644
G1 X119.45 Y152.225 E.02408
G1 X125.55 Y150.872 E.32644
G1 X125.55 Y150.411 E.02408
G1 X119.45 Y151.764 E.32644
G1 X119.45 Y151.303 E.02408
G1 X125.55 Y149.95 E.32644
G1 X125.55 Y149.489 E.02408
G1 X119.45 Y150.843 E.32644
G1 X119.45 Y150.382 E.02408
G1 X123.65 Y149.45 E.22477
G1 X121.572 Y149.45 E.10857
G1 X119.45 Y149.921 E.11356
G1 X119.45 Y149.46 E.02408
G1 X120.407 Y149.247 E.05121
; stop printing object stringing_test_8x8x30.stl id:0 copy 0
;LAYER_CHANGE
;Z:29.4
;HEIGHT:0.199999
;BEFORE_LAYER_CHANGE
;29.4
G92 E0

G1 E-1.8 F2100
;AFTER_LAYER_CHANGE
;29.4
SET_PRINT_STATS_INFO CURRENT_LAYER=147
;_SET_FAN_SPEED_CHANGING_LAYER
; printing object stringing_test_8x8x30.stl id:0 copy 0
SET_VELOCITY_LIMIT ACCEL=10000 ACCEL_TO_DECEL=5000
G1 Z29.6 F30000
G1 X185.9 Y155.9 Z29.6
G1 Z29.4
G1 E1.8 F2100
;TYPE:Inner wall
G1 F5891
M106 S255
G1 X179.1 Y155.9 E.2019
G1 X179.1 Y149.1 E.2019
G1 X185.9 Y149.1 E.2019
G1 X185.9 Y155.86 E.20071
SET_VELOCITY_LIMIT ACCEL=5000 ACCEL_TO_DECEL=2500
G1 X186.3 Y156.3 F30000
;TYPE:Outer wall
G1 F5891
G1 X178.7 Y156.3 E.22565
G1 X178.7 Y148.7 E.22565
G1 X186.3 Y148.7 E.22565
G1 X186.3 Y156.26 E.22447
SET_VELOCITY_LIMIT ACCEL=10000 ACCEL_TO_DECEL=5000
G1 E-1.8 F2100
G1 Z29.6 F30000
G1 X179.493 Y155.49 Z29.6
G1 Z29.4
G1 E1.8 F2100
;TYPE:Internal solid infill
;WIDTH:0.42388
G1 F5891
G1 X179.421 Y155.531 E.00261
G1 X179.497 Y155.566 E.00262
G1 X183.55 Y149.243 F30000
;WIDTH:0.399999
G1 F5891
G1 X185.596 Y151.289 E.08594
G1 X185.596 Y151.794 E.01499
G1 X183.206 Y149.404 E.10039
G1 X182.701 Y149.404 E.01499
G1 X185.596 Y152.299 E.1216
G1 X185.596 Y152.804 E.01499
G1 X182.196 Y149.404 E.1428
G1 X181.691 Y149.404 E.01499
G1 X185.596 Y153.309 E.16401
G1 X185.596 Y153.814 E.01499
G1 X181.186 Y149.404 E.18521
G1 X180.681 Y149.404 E.01499
G1 X185.596 Y154.319 E.20641
G1 X185.596 Y154.824 E.01499
G1 X180.176 Y149.404 E.22762
G1 X179.671 Y149.404 E.01499
G1 X185.596 Y155.329 E.24882
G1 X185.596 Y155.596 E.00793
M73 P97 R0
G1 X185.359 Y155.596 E.00706
G1 X179.404 Y149.641 E.25006
G1 X179.404 Y150.146 E.01499
G1 X184.854 Y155.596 E.22885
G1 X184.349 Y155.596 E.01499
G1 X179.404 Y150.651 E.20765
G1 X179.404 Y151.156 E.01499
G1 X183.844 Y155.596 E.18644
G1 X183.339 Y155.596 E.01499
G1 X179.404 Y151.661 E.16524
G1 X179.404 Y152.166 E.01499
G1 X182.834 Y155.596 E.14404
G1 X182.329 Y155.596 E.01499
G1 X179.404 Y152.671 E.12283
G1 X179.404 Y153.176 E.01499
G1 X181.824 Y155.596 E.10163
G1 X181.319 Y155.596 E.01499
G1 X179.404 Y153.681 E.08042
G1 X179.404 Y154.186 E.01499
G1 X180.814 Y155.596 E.05922
G1 X180.309 Y155.596 E.01499
G1 X179.243 Y154.53 E.04476
G1 X184.017 Y149.457 F30000
G1 F5891
G1 X185.543 Y150.983 E.06409
G1 X185.543 Y149.457 E.04532
G1 X184.057 Y149.457 E.04413
G1 X185.129 Y149.846 F30000
;WIDTH:0.579878
G1 F5891
G2 X185.143 Y149.939 I-.033 J.052 E.01257
G1 E-1.8 F2100
G1 Z29.6 F30000
G1 X125.9 Y155.9 Z29.6
G1 Z29.4
G1 E1.8 F2100
;TYPE:Inner wall
;WIDTH:0.4
G1 F5891
G1 X119.1 Y155.9 E.2019
G1 X119.1 Y149.1 E.2019
G1 X125.9 Y149.1 E.2019
G1 X125.9 Y155.86 E.20071
SET_VELOCITY_LIMIT ACCEL=5000 ACCEL_TO_DECEL=2500
G1 X126.3 Y156.3 F30000
;TYPE:Outer wall
G1 F5891
G1 X118.7 Y156.3 E.22565
G1 X118.7 Y148.7 E.22565
G1 X126.3 Y148.7 E.22565
G1 X126.3 Y156.26 E.22447
SET_VELOCITY_LIMIT ACCEL=10000 ACCEL_TO_DECEL=5000
G1 E-1.8 F2100
G1 Z29.6 F30000
G1 X125.543 Y150.983 Z29.6
G1 Z29.4
G1 E1.8 F2100
;TYPE:Internal solid infill
;WIDTH:0.399999
G1 F5891
G1 X125.543 Y149.457 E.04532
G1 X124.017 Y149.457 E.04532
G1 X125.515 Y150.955 E.0629
G1 X125.129 Y149.846 F30000
;WIDTH:0.579878
G1 F5891
G2 X125.143 Y149.939 I-.033 J.052 E.01257
G1 X123.55 Y149.243 F30000
;WIDTH:0.399999
G1 F5891
G1 X125.596 Y151.289 E.08594
G1 X125.596 Y151.794 E.01499
G1 X123.206 Y149.404 E.10039
G1 X122.701 Y149.404 E.01499
G1 X125.596 Y152.299 E.1216
G1 X125.596 Y152.804 E.01499
G1 X122.196 Y149.404 E.1428
G1 X121.691 Y149.404 E.01499
G1 X125.596 Y153.309 E.16401
G1 X125.596 Y153.814 E.01499
G1 X121.186 Y149.404 E.18521
G1 X120.681 Y149.404 E.01499
G1 X125.596 Y154.319 E.20641
G1 X125.596 Y154.824 E.01499
G1 X120.176 Y149.404 E.22762
G1 X119.671 Y149.404 E.01499
G1 X125.596 Y155.329 E.24882
G1 X125.596 Y155.596 E.00793
G1 X125.359 Y155.596 E.00706
G1 X119.404 Y149.641 E.25006
G1 X119.404 Y150.146 E.01499
G1 X124.854 Y155.596 E.22885
G1 X124.349 Y155.596 E.01499
G1 X119.404 Y150.651 E.20765
G1 X119.404 Y151.156 E.01499
G1 X123.844 Y155.596 E.18644
G1 X123.339 Y155.596 E.01499
G1 X119.404 Y151.661 E.16524
G1 X119.404 Y152.166 E.01499
G1 X122.834 Y155.596 E.14404
G1 X122.329 Y155.596 E.01499
G1 X119.404 Y152.671 E.12283
G1 X119.404 Y153.176 E.01499
G1 X121.824 Y155.596 E.10163
G1 X121.319 Y155.596 E.01499
G1 X119.404 Y153.681 E.08042
G1 X119.404 Y154.186 E.01499
G1 X120.814 Y155.596 E.05922
G1 X120.309 Y155.596 E.01499
G1 X119.243 Y154.53 E.04476
G1 X119.493 Y155.49 F30000
;WIDTH:0.42388
G1 F5891
G1 X119.421 Y155.531 E.00261
G1 X119.497 Y155.566 E.00262
; stop printing object stringing_test_8x8x30.stl id:0 copy 0
;LAYER_CHANGE
;Z:29.6
;HEIGHT:0.200001
;BEFORE_LAYER_CHANGE
;29.6
G92 E0

G1 E-1.8 F2100
;AFTER_LAYER_CHANGE
;29.6
SET_PRINT_STATS_INFO CURRENT_LAYER=148
;_SET_FAN_SPEED_CHANGING_LAYER
; printing object stringing_test_8x8x30.stl id:0 copy 0
G1 Z29.8 F30000
G1 X185.9 Y155.9 Z29.8
G1 Z29.6
G1 E1.8 F2100
;TYPE:Inner wall
;WIDTH:0.4
G1 F5812
G1 X179.1 Y155.9 E.2019
G1 X179.1 Y149.1 E.2019
G1 X185.9 Y149.1 E.2019
G1 X185.9 Y155.86 E.20071
SET_VELOCITY_LIMIT ACCEL=5000 ACCEL_TO_DECEL=2500
G1 X186.3 Y156.3 F30000
;TYPE:Outer wall
G1 F5812
G1 X178.7 Y156.3 E.22565
G1 X178.7 Y148.7 E.22565
G1 X186.3 Y148.7 E.22565
G1 X186.3 Y156.26 E.22447
SET_VELOCITY_LIMIT ACCEL=10000 ACCEL_TO_DECEL=5000
G1 E-1.8 F2100
G1 Z29.8 F30000
G1 X184.017 Y155.543 Z29.8
G1 Z29.6
G1 E1.8 F2100
;TYPE:Internal solid infill
;WIDTH:0.399999
G1 F5812
G1 X185.543 Y155.543 E.04532
G1 X185.543 Y154.017 E.04532
G1 X184.045 Y155.515 E.0629
G1 X185.129 Y155.038 F30000
;WIDTH:0.579878
G1 F5812
G2 X185.143 Y155.131 I-.033 J.052 E.01257
G1 X185.757 Y153.55 F30000
;WIDTH:0.399999
G1 F5812
G1 X183.711 Y155.596 E.08594
G1 X183.206 Y155.596 E.01499
G1 X185.596 Y153.206 E.10039
G1 X185.596 Y152.701 E.01499
G1 X182.701 Y155.596 E.1216
G1 X182.196 Y155.596 E.01499
G1 X185.596 Y152.196 E.1428
G1 X185.596 Y151.691 E.01499
G1 X181.691 Y155.596 E.16401
G1 X181.186 Y155.596 E.01499
G1 X185.596 Y151.186 E.18521
G1 X185.596 Y150.681 E.01499
G1 X180.681 Y155.596 E.20641
G1 X180.176 Y155.596 E.01499
G1 X185.596 Y150.176 E.22762
G1 X185.596 Y149.671 E.01499
G1 X179.671 Y155.596 E.24882
G1 X179.404 Y155.596 E.00793
G1 X179.404 Y155.359 E.00706
G1 X185.359 Y149.404 E.25006
G1 X184.854 Y149.404 E.01499
G1 X179.404 Y154.854 E.22885
G1 X179.404 Y154.349 E.01499
G1 X184.349 Y149.404 E.20765
G1 X183.844 Y149.404 E.01499
G1 X179.404 Y153.844 E.18644
G1 X179.404 Y153.339 E.01499
G1 X183.339 Y149.404 E.16524
G1 X182.834 Y149.404 E.01499
G1 X179.404 Y152.834 E.14404
G1 X179.404 Y152.329 E.01499
G1 X182.329 Y149.404 E.12283
G1 X181.824 Y149.404 E.01499
G1 X179.404 Y151.824 E.10163
G1 X179.404 Y151.319 E.01499
G1 X181.319 Y149.404 E.08042
G1 X180.814 Y149.404 E.01499
G1 X179.404 Y150.814 E.05922
G1 X179.404 Y150.309 E.01499
G1 X180.47 Y149.243 E.04476
G1 X179.493 Y149.428 F30000
;WIDTH:0.423878
G1 F5812
G1 X179.421 Y149.469 E.00261
G1 X179.497 Y149.504 E.00262
G1 E-1.8 F2100
G1 Z29.8 F30000
G1 X125.9 Y155.9 Z29.8
G1 Z29.6
G1 E1.8 F2100
;TYPE:Inner wall
;WIDTH:0.4
G1 F5812
G1 X119.1 Y155.9 E.2019
G1 X119.1 Y149.1 E.2019
G1 X125.9 Y149.1 E.2019
G1 X125.9 Y155.86 E.20071
SET_VELOCITY_LIMIT ACCEL=5000 ACCEL_TO_DECEL=2500
G1 X126.3 Y156.3 F30000
;TYPE:Outer wall
G1 F5812
G1 X118.7 Y156.3 E.22565
G1 X118.7 Y148.7 E.22565
G1 X126.3 Y148.7 E.22565
G1 X126.3 Y156.26 E.22447
SET_VELOCITY_LIMIT ACCEL=10000 ACCEL_TO_DECEL=5000
G1 E-1.8 F2100
M73 P98 R0
G1 Z29.8 F30000
G1 X125.543 Y154.017 Z29.8
G1 Z29.6
G1 E1.8 F2100
;TYPE:Internal solid infill
;WIDTH:0.399999
G1 F5812
G1 X124.017 Y155.543 E.06409
G1 X125.543 Y155.543 E.04532
G1 X125.543 Y154.057 E.04413
G1 X125.129 Y155.038 F30000
;WIDTH:0.579878
G1 F5812
G2 X125.143 Y155.131 I-.033 J.052 E.01257
G1 X123.55 Y155.757 F30000
;WIDTH:0.399999
G1 F5812
G1 X125.596 Y153.711 E.08594
G1 X125.596 Y153.206 E.01499
G1 X123.206 Y155.596 E.10039
G1 X122.701 Y155.596 E.01499
G1 X125.596 Y152.701 E.1216
G1 X125.596 Y152.196 E.01499
G1 X122.196 Y155.596 E.1428
G1 X121.691 Y155.596 E.01499
G1 X125.596 Y151.691 E.16401
G1 X125.596 Y151.186 E.01499
G1 X121.186 Y155.596 E.18521
G1 X120.681 Y155.596 E.01499
G1 X125.596 Y150.681 E.20641
G1 X125.596 Y150.176 E.01499
G1 X120.176 Y155.596 E.22762
G1 X119.671 Y155.596 E.01499
G1 X125.596 Y149.671 E.24882
G1 X125.596 Y149.404 E.00793
G1 X125.359 Y149.404 E.00706
G1 X119.404 Y155.359 E.25006
G1 X119.404 Y154.854 E.01499
G1 X124.854 Y149.404 E.22885
G1 X124.349 Y149.404 E.01499
G1 X119.404 Y154.349 E.20765
G1 X119.404 Y153.844 E.01499
G1 X123.844 Y149.404 E.18644
G1 X123.339 Y149.404 E.01499
G1 X119.404 Y153.339 E.16524
G1 X119.404 Y152.834 E.01499
G1 X122.834 Y149.404 E.14404
G1 X122.329 Y149.404 E.01499
G1 X119.404 Y152.329 E.12283
G1 X119.404 Y151.824 E.01499
G1 X121.824 Y149.404 E.10163
G1 X121.319 Y149.404 E.01499
G1 X119.404 Y151.319 E.08042
G1 X119.404 Y150.814 E.01499
G1 X120.814 Y149.404 E.05922
G1 X120.309 Y149.404 E.01499
G1 X119.243 Y150.47 E.04476
G1 X119.493 Y149.428 F30000
;WIDTH:0.42388
G1 F5812
G1 X119.421 Y149.469 E.00261
G1 X119.497 Y149.504 E.00262
; stop printing object stringing_test_8x8x30.stl id:0 copy 0
;LAYER_CHANGE
;Z:29.8
;HEIGHT:0.199999
;BEFORE_LAYER_CHANGE
;29.8
G92 E0

G1 E-1.8 F2100
;AFTER_LAYER_CHANGE
;29.8
SET_PRINT_STATS_INFO CURRENT_LAYER=149
;_SET_FAN_SPEED_CHANGING_LAYER
; printing object stringing_test_8x8x30.stl id:0 copy 0
G1 Z30 F30000
G1 X185.9 Y155.9 Z30
G1 Z29.8
G1 E1.8 F2100
;TYPE:Inner wall
;WIDTH:0.4
G1 F5891
G1 X179.1 Y155.9 E.2019
G1 X179.1 Y149.1 E.2019
G1 X185.9 Y149.1 E.2019
G1 X185.9 Y155.86 E.20071
SET_VELOCITY_LIMIT ACCEL=5000 ACCEL_TO_DECEL=2500
G1 X186.3 Y156.3 F30000
;TYPE:Outer wall
G1 F5891
G1 X178.7 Y156.3 E.22565
G1 X178.7 Y148.7 E.22565
G1 X186.3 Y148.7 E.22565
G1 X186.3 Y156.26 E.22447
SET_VELOCITY_LIMIT ACCEL=10000 ACCEL_TO_DECEL=5000
G1 E-1.8 F2100
G1 Z30 F30000
G1 X179.493 Y155.49 Z30
G1 Z29.8
G1 E1.8 F2100
;TYPE:Internal solid infill
;WIDTH:0.42388
G1 F5891
G1 X179.421 Y155.531 E.00261
G1 X179.497 Y155.566 E.00262
G1 X183.55 Y149.243 F30000
;WIDTH:0.399999
G1 F5891
G1 X185.596 Y151.289 E.08594
G1 X185.596 Y151.794 E.01499
G1 X183.206 Y149.404 E.10039
G1 X182.701 Y149.404 E.01499
G1 X185.596 Y152.299 E.1216
G1 X185.596 Y152.804 E.01499
G1 X182.196 Y149.404 E.1428
G1 X181.691 Y149.404 E.01499
G1 X185.596 Y153.309 E.16401
G1 X185.596 Y153.814 E.01499
G1 X181.186 Y149.404 E.18521
G1 X180.681 Y149.404 E.01499
G1 X185.596 Y154.319 E.20641
G1 X185.596 Y154.824 E.01499
G1 X180.176 Y149.404 E.22762
G1 X179.671 Y149.404 E.01499
G1 X185.596 Y155.329 E.24882
G1 X185.596 Y155.596 E.00793
G1 X185.359 Y155.596 E.00706
G1 X179.404 Y149.641 E.25006
G1 X179.404 Y150.146 E.01499
G1 X184.854 Y155.596 E.22885
G1 X184.349 Y155.596 E.01499
G1 X179.404 Y150.651 E.20765
G1 X179.404 Y151.156 E.01499
G1 X183.844 Y155.596 E.18644
G1 X183.339 Y155.596 E.01499
G1 X179.404 Y151.661 E.16524
G1 X179.404 Y152.166 E.01499
G1 X182.834 Y155.596 E.14404
G1 X182.329 Y155.596 E.01499
G1 X179.404 Y152.671 E.12283
G1 X179.404 Y153.176 E.01499
G1 X181.824 Y155.596 E.10163
G1 X181.319 Y155.596 E.01499
G1 X179.404 Y153.681 E.08042
G1 X179.404 Y154.186 E.01499
G1 X180.814 Y155.596 E.05922
G1 X180.309 Y155.596 E.01499
G1 X179.243 Y154.53 E.04476
G1 X184.017 Y149.457 F30000
G1 F5891
G1 X185.543 Y150.983 E.06409
G1 X185.543 Y149.457 E.04532
G1 X184.057 Y149.457 E.04413
G1 X185.129 Y149.846 F30000
;WIDTH:0.579878
G1 F5891
G2 X185.143 Y149.939 I-.033 J.052 E.01257
G1 E-1.8 F2100
G1 Z30 F30000
G1 X125.9 Y155.9 Z30
G1 Z29.8
G1 E1.8 F2100
;TYPE:Inner wall
;WIDTH:0.4
G1 F5891
G1 X119.1 Y155.9 E.2019
G1 X119.1 Y149.1 E.2019
G1 X125.9 Y149.1 E.2019
G1 X125.9 Y155.86 E.20071
SET_VELOCITY_LIMIT ACCEL=5000 ACCEL_TO_DECEL=2500
G1 X126.3 Y156.3 F30000
;TYPE:Outer wall
G1 F5891
G1 X118.7 Y156.3 E.22565
G1 X118.7 Y148.7 E.22565
G1 X126.3 Y148.7 E.22565
G1 X126.3 Y156.26 E.22447
SET_VELOCITY_LIMIT ACCEL=10000 ACCEL_TO_DECEL=5000
G1 E-1.8 F2100
G1 Z30 F30000
G1 X125.543 Y150.983 Z30
G1 Z29.8
G1 E1.8 F2100
;TYPE:Internal solid infill
;WIDTH:0.399999
G1 F5891
G1 X125.543 Y149.457 E.04532
G1 X124.017 Y149.457 E.04532
G1 X125.515 Y150.955 E.0629
G1 X125.129 Y149.846 F30000
;WIDTH:0.579878
G1 F5891
G2 X125.143 Y149.939 I-.033 J.052 E.01257
G1 X123.55 Y149.243 F30000
;WIDTH:0.399999
G1 F5891
G1 X125.596 Y151.289 E.08594
G1 X125.596 Y151.794 E.01499
G1 X123.206 Y149.404 E.10039
G1 X122.701 Y149.404 E.01499
G1 X125.596 Y152.299 E.1216
G1 X125.596 Y152.804 E.01499
G1 X122.196 Y149.404 E.1428
G1 X121.691 Y149.404 E.01499
G1 X125.596 Y153.309 E.16401
G1 X125.596 Y153.814 E.01499
G1 X121.186 Y149.404 E.18521
G1 X120.681 Y149.404 E.01499
G1 X125.596 Y154.319 E.20641
G1 X125.596 Y154.824 E.01499
G1 X120.176 Y149.404 E.22762
G1 X119.671 Y149.404 E.01499
G1 X125.596 Y155.329 E.24882
G1 X125.596 Y155.596 E.00793
G1 X125.359 Y155.596 E.00706
G1 X119.404 Y149.641 E.25006
G1 X119.404 Y150.146 E.01499
G1 X124.854 Y155.596 E.22885
G1 X124.349 Y155.596 E.01499
G1 X119.404 Y150.651 E.20765
G1 X119.404 Y151.156 E.01499
G1 X123.844 Y155.596 E.18644
G1 X123.339 Y155.596 E.01499
G1 X119.404 Y151.661 E.16524
G1 X119.404 Y152.166 E.01499
G1 X122.834 Y155.596 E.14404
G1 X122.329 Y155.596 E.01499
G1 X119.404 Y152.671 E.12283
G1 X119.404 Y153.176 E.01499
G1 X121.824 Y155.596 E.10163
G1 X121.319 Y155.596 E.01499
G1 X119.404 Y153.681 E.08042
G1 X119.404 Y154.186 E.01499
G1 X120.814 Y155.596 E.05922
G1 X120.309 Y155.596 E.01499
M73 P99 R0
G1 X119.243 Y154.53 E.04476
G1 X119.493 Y155.49 F30000
;WIDTH:0.42388
G1 F5891
G1 X119.421 Y155.531 E.00261
G1 X119.497 Y155.566 E.00262
; stop printing object stringing_test_8x8x30.stl id:0 copy 0
;LAYER_CHANGE
;Z:30
;HEIGHT:0.200001
;BEFORE_LAYER_CHANGE
;30
G92 E0

G1 E-1.8 F2100
;AFTER_LAYER_CHANGE
;30
SET_PRINT_STATS_INFO CURRENT_LAYER=150
;_SET_FAN_SPEED_CHANGING_LAYER
; printing object stringing_test_8x8x30.stl id:0 copy 0
G1 Z30.2 F30000
G1 X186.3 Y156.3 Z30.2
G1 Z30
G1 E1.8 F2100
SET_VELOCITY_LIMIT ACCEL=5000 ACCEL_TO_DECEL=2500
;TYPE:Outer wall
;WIDTH:0.4
G1 F5909
G1 X178.7 Y156.3 E.22565
G1 X178.7 Y148.7 E.22565
G1 X186.3 Y148.7 E.22565
G1 X186.3 Y156.26 E.22447
SET_VELOCITY_LIMIT ACCEL=10000 ACCEL_TO_DECEL=5000
G1 X186.193 Y155.461 F30000
SET_VELOCITY_LIMIT ACCEL=2000 ACCEL_TO_DECEL=1000
;TYPE:Top surface
;WIDTH:0.404835
G1 F5909
G1 X185.461 Y156.193 E.03116
SET_VELOCITY_LIMIT ACCEL=10000 ACCEL_TO_DECEL=5000
G1 X184.949 Y156.193 F30000
SET_VELOCITY_LIMIT ACCEL=2000 ACCEL_TO_DECEL=1000
G1 F5909
G1 X186.193 Y154.949 E.05294
SET_VELOCITY_LIMIT ACCEL=10000 ACCEL_TO_DECEL=5000
G1 X186.193 Y154.437 F30000
SET_VELOCITY_LIMIT ACCEL=2000 ACCEL_TO_DECEL=1000
G1 F5909
G1 X184.437 Y156.193 E.07472
SET_VELOCITY_LIMIT ACCEL=10000 ACCEL_TO_DECEL=5000
G1 X183.925 Y156.193 F30000
SET_VELOCITY_LIMIT ACCEL=2000 ACCEL_TO_DECEL=1000
G1 F5909
G1 X186.193 Y153.925 E.0965
SET_VELOCITY_LIMIT ACCEL=10000 ACCEL_TO_DECEL=5000
G1 X186.193 Y153.413 F30000
SET_VELOCITY_LIMIT ACCEL=2000 ACCEL_TO_DECEL=1000
G1 F5909
G1 X183.413 Y156.193 E.11829
SET_VELOCITY_LIMIT ACCEL=10000 ACCEL_TO_DECEL=5000
G1 X182.902 Y156.193 F30000
SET_VELOCITY_LIMIT ACCEL=2000 ACCEL_TO_DECEL=1000
G1 F5909
G1 X186.193 Y152.902 E.14007
SET_VELOCITY_LIMIT ACCEL=10000 ACCEL_TO_DECEL=5000
G1 X186.193 Y152.39 F30000
SET_VELOCITY_LIMIT ACCEL=2000 ACCEL_TO_DECEL=1000
G1 F5909
G1 X182.39 Y156.193 E.16185
SET_VELOCITY_LIMIT ACCEL=10000 ACCEL_TO_DECEL=5000
G1 X181.878 Y156.193 F30000
SET_VELOCITY_LIMIT ACCEL=2000 ACCEL_TO_DECEL=1000
G1 F5909
G1 X186.193 Y151.878 E.18363
SET_VELOCITY_LIMIT ACCEL=10000 ACCEL_TO_DECEL=5000
G1 X186.193 Y151.366 F30000
SET_VELOCITY_LIMIT ACCEL=2000 ACCEL_TO_DECEL=1000
G1 F5909
G1 X181.366 Y156.193 E.20542
SET_VELOCITY_LIMIT ACCEL=10000 ACCEL_TO_DECEL=5000
G1 X180.854 Y156.193 F30000
SET_VELOCITY_LIMIT ACCEL=2000 ACCEL_TO_DECEL=1000
G1 F5909
G1 X186.193 Y150.854 E.2272
SET_VELOCITY_LIMIT ACCEL=10000 ACCEL_TO_DECEL=5000
G1 X186.193 Y150.343 F30000
SET_VELOCITY_LIMIT ACCEL=2000 ACCEL_TO_DECEL=1000
G1 F5909
G1 X180.343 Y156.193 E.24898
SET_VELOCITY_LIMIT ACCEL=10000 ACCEL_TO_DECEL=5000
G1 X179.831 Y156.193 F30000
SET_VELOCITY_LIMIT ACCEL=2000 ACCEL_TO_DECEL=1000
G1 F5909
G1 X186.193 Y149.831 E.27076
SET_VELOCITY_LIMIT ACCEL=10000 ACCEL_TO_DECEL=5000
G1 X186.193 Y149.319 F30000
SET_VELOCITY_LIMIT ACCEL=2000 ACCEL_TO_DECEL=1000
G1 F5909
G1 X179.319 Y156.193 E.29255
SET_VELOCITY_LIMIT ACCEL=10000 ACCEL_TO_DECEL=5000
G1 X178.807 Y156.193 F30000
SET_VELOCITY_LIMIT ACCEL=2000 ACCEL_TO_DECEL=1000
G1 F5909
G1 X186.193 Y148.807 E.31432
SET_VELOCITY_LIMIT ACCEL=10000 ACCEL_TO_DECEL=5000
G1 X185.681 Y148.807 F30000
SET_VELOCITY_LIMIT ACCEL=2000 ACCEL_TO_DECEL=1000
G1 F5909
G1 X178.807 Y155.681 E.29254
SET_VELOCITY_LIMIT ACCEL=10000 ACCEL_TO_DECEL=5000
G1 X178.807 Y155.169 F30000
SET_VELOCITY_LIMIT ACCEL=2000 ACCEL_TO_DECEL=1000
G1 F5909
G1 X185.169 Y148.807 E.27076
SET_VELOCITY_LIMIT ACCEL=10000 ACCEL_TO_DECEL=5000
G1 X184.657 Y148.807 F30000
SET_VELOCITY_LIMIT ACCEL=2000 ACCEL_TO_DECEL=1000
G1 F5909
G1 X178.807 Y154.657 E.24898
SET_VELOCITY_LIMIT ACCEL=10000 ACCEL_TO_DECEL=5000
G1 X178.807 Y154.146 F30000
SET_VELOCITY_LIMIT ACCEL=2000 ACCEL_TO_DECEL=1000
G1 F5909
G1 X184.146 Y148.807 E.22719
SET_VELOCITY_LIMIT ACCEL=10000 ACCEL_TO_DECEL=5000
G1 X183.634 Y148.807 F30000
SET_VELOCITY_LIMIT ACCEL=2000 ACCEL_TO_DECEL=1000
G1 F5909
G1 X178.807 Y153.634 E.20541
SET_VELOCITY_LIMIT ACCEL=10000 ACCEL_TO_DECEL=5000
G1 X178.807 Y153.122 F30000
SET_VELOCITY_LIMIT ACCEL=2000 ACCEL_TO_DECEL=1000
G1 F5909
G1 X183.122 Y148.807 E.18363
SET_VELOCITY_LIMIT ACCEL=10000 ACCEL_TO_DECEL=5000
G1 X182.61 Y148.807 F30000
SET_VELOCITY_LIMIT ACCEL=2000 ACCEL_TO_DECEL=1000
G1 F5909
G1 X178.807 Y152.61 E.16185
SET_VELOCITY_LIMIT ACCEL=10000 ACCEL_TO_DECEL=5000
G1 X178.807 Y152.098 F30000
SET_VELOCITY_LIMIT ACCEL=2000 ACCEL_TO_DECEL=1000
G1 F5909
G1 X182.098 Y148.807 E.14006
SET_VELOCITY_LIMIT ACCEL=10000 ACCEL_TO_DECEL=5000
G1 X181.586 Y148.807 F30000
SET_VELOCITY_LIMIT ACCEL=2000 ACCEL_TO_DECEL=1000
G1 F5909
G1 X178.807 Y151.586 E.11828
SET_VELOCITY_LIMIT ACCEL=10000 ACCEL_TO_DECEL=5000
G1 X178.807 Y151.075 F30000
SET_VELOCITY_LIMIT ACCEL=2000 ACCEL_TO_DECEL=1000
G1 F5909
G1 X181.075 Y148.807 E.0965
SET_VELOCITY_LIMIT ACCEL=10000 ACCEL_TO_DECEL=5000
G1 X180.563 Y148.807 F30000
SET_VELOCITY_LIMIT ACCEL=2000 ACCEL_TO_DECEL=1000
G1 F5909
G1 X178.807 Y150.563 E.07472
SET_VELOCITY_LIMIT ACCEL=10000 ACCEL_TO_DECEL=5000
G1 X178.807 Y150.051 F30000
SET_VELOCITY_LIMIT ACCEL=2000 ACCEL_TO_DECEL=1000
G1 F5909
G1 X180.051 Y148.807 E.05293
SET_VELOCITY_LIMIT ACCEL=10000 ACCEL_TO_DECEL=5000
G1 X179.539 Y148.807 F30000
SET_VELOCITY_LIMIT ACCEL=2000 ACCEL_TO_DECEL=1000
G1 F5909
G1 X178.807 Y149.539 E.03115
SET_VELOCITY_LIMIT ACCEL=10000 ACCEL_TO_DECEL=5000
G1 E-1.8 F2100
G1 Z30.2 F30000
G1 X126.3 Y156.3 Z30.2
G1 Z30
G1 E1.8 F2100
SET_VELOCITY_LIMIT ACCEL=5000 ACCEL_TO_DECEL=2500
;TYPE:Outer wall
;WIDTH:0.4
G1 F5909
G1 X118.7 Y156.3 E.22565
G1 X118.7 Y148.7 E.22565
G1 X126.3 Y148.7 E.22565
G1 X126.3 Y156.26 E.22447
SET_VELOCITY_LIMIT ACCEL=10000 ACCEL_TO_DECEL=5000
G1 X126.193 Y155.461 F30000
SET_VELOCITY_LIMIT ACCEL=2000 ACCEL_TO_DECEL=1000
;TYPE:Top surface
;WIDTH:0.404835
G1 F5909
G1 X125.461 Y156.193 E.03116
SET_VELOCITY_LIMIT ACCEL=10000 ACCEL_TO_DECEL=5000
G1 X124.949 Y156.193 F30000
SET_VELOCITY_LIMIT ACCEL=2000 ACCEL_TO_DECEL=1000
G1 F5909
G1 X126.193 Y154.949 E.05294
SET_VELOCITY_LIMIT ACCEL=10000 ACCEL_TO_DECEL=5000
G1 X126.193 Y154.437 F30000
SET_VELOCITY_LIMIT ACCEL=2000 ACCEL_TO_DECEL=1000
G1 F5909
G1 X124.437 Y156.193 E.07472
SET_VELOCITY_LIMIT ACCEL=10000 ACCEL_TO_DECEL=5000
G1 X123.925 Y156.193 F30000
SET_VELOCITY_LIMIT ACCEL=2000 ACCEL_TO_DECEL=1000
G1 F5909
G1 X126.193 Y153.925 E.0965
SET_VELOCITY_LIMIT ACCEL=10000 ACCEL_TO_DECEL=5000
G1 X126.193 Y153.413 F30000
SET_VELOCITY_LIMIT ACCEL=2000 ACCEL_TO_DECEL=1000
G1 F5909
G1 X123.413 Y156.193 E.11829
SET_VELOCITY_LIMIT ACCEL=10000 ACCEL_TO_DECEL=5000
G1 X122.902 Y156.193 F30000
SET_VELOCITY_LIMIT ACCEL=2000 ACCEL_TO_DECEL=1000
G1 F5909
G1 X126.193 Y152.902 E.14007
SET_VELOCITY_LIMIT ACCEL=10000 ACCEL_TO_DECEL=5000
G1 X126.193 Y152.39 F30000
SET_VELOCITY_LIMIT ACCEL=2000 ACCEL_TO_DECEL=1000
G1 F5909
G1 X122.39 Y156.193 E.16185
SET_VELOCITY_LIMIT ACCEL=10000 ACCEL_TO_DECEL=5000
G1 X121.878 Y156.193 F30000
SET_VELOCITY_LIMIT ACCEL=2000 ACCEL_TO_DECEL=1000
G1 F5909
G1 X126.193 Y151.878 E.18363
SET_VELOCITY_LIMIT ACCEL=10000 ACCEL_TO_DECEL=5000
G1 X126.193 Y151.366 F30000
SET_VELOCITY_LIMIT ACCEL=2000 ACCEL_TO_DECEL=1000
G1 F5909
G1 X121.366 Y156.193 E.20542
SET_VELOCITY_LIMIT ACCEL=10000 ACCEL_TO_DECEL=5000
G1 X120.854 Y156.193 F30000
SET_VELOCITY_LIMIT ACCEL=2000 ACCEL_TO_DECEL=1000
G1 F5909
G1 X126.193 Y150.854 E.2272
SET_VELOCITY_LIMIT ACCEL=10000 ACCEL_TO_DECEL=5000
G1 X126.193 Y150.343 F30000
SET_VELOCITY_LIMIT ACCEL=2000 ACCEL_TO_DECEL=1000
G1 F5909
G1 X120.343 Y156.193 E.24898
SET_VELOCITY_LIMIT ACCEL=10000 ACCEL_TO_DECEL=5000
G1 X119.831 Y156.193 F30000
SET_VELOCITY_LIMIT ACCEL=2000 ACCEL_TO_DECEL=1000
G1 F5909
G1 X126.193 Y149.831 E.27076
SET_VELOCITY_LIMIT ACCEL=10000 ACCEL_TO_DECEL=5000
G1 X126.193 Y149.319 F30000
SET_VELOCITY_LIMIT ACCEL=2000 ACCEL_TO_DECEL=1000
G1 F5909
G1 X119.319 Y156.193 E.29255
SET_VELOCITY_LIMIT ACCEL=10000 ACCEL_TO_DECEL=5000
G1 X118.807 Y156.193 F30000
SET_VELOCITY_LIMIT ACCEL=2000 ACCEL_TO_DECEL=1000
G1 F5909
G1 X126.193 Y148.807 E.31432
SET_VELOCITY_LIMIT ACCEL=10000 ACCEL_TO_DECEL=5000
G1 X125.681 Y148.807 F30000
SET_VELOCITY_LIMIT ACCEL=2000 ACCEL_TO_DECEL=1000
G1 F5909
G1 X118.807 Y155.681 E.29254
SET_VELOCITY_LIMIT ACCEL=10000 ACCEL_TO_DECEL=5000
G1 X118.807 Y155.169 F30000
SET_VELOCITY_LIMIT ACCEL=2000 ACCEL_TO_DECEL=1000
G1 F5909
G1 X125.169 Y148.807 E.27076
SET_VELOCITY_LIMIT ACCEL=10000 ACCEL_TO_DECEL=5000
G1 X124.657 Y148.807 F30000
SET_VELOCITY_LIMIT ACCEL=2000 ACCEL_TO_DECEL=1000
G1 F5909
G1 X118.807 Y154.657 E.24898
SET_VELOCITY_LIMIT ACCEL=10000 ACCEL_TO_DECEL=5000
G1 X118.807 Y154.146 F30000
SET_VELOCITY_LIMIT ACCEL=2000 ACCEL_TO_DECEL=1000
G1 F5909
G1 X124.146 Y148.807 E.22719
SET_VELOCITY_LIMIT ACCEL=10000 ACCEL_TO_DECEL=5000
G1 X123.634 Y148.807 F30000
SET_VELOCITY_LIMIT ACCEL=2000 ACCEL_TO_DECEL=1000
G1 F5909
G1 X118.807 Y153.634 E.20541
SET_VELOCITY_LIMIT ACCEL=10000 ACCEL_TO_DECEL=5000
G1 X118.807 Y153.122 F30000
SET_VELOCITY_LIMIT ACCEL=2000 ACCEL_TO_DECEL=1000
G1 F5909
G1 X123.122 Y148.807 E.18363
SET_VELOCITY_LIMIT ACCEL=10000 ACCEL_TO_DECEL=5000
G1 X122.61 Y148.807 F30000
SET_VELOCITY_LIMIT ACCEL=2000 ACCEL_TO_DECEL=1000
G1 F5909
G1 X118.807 Y152.61 E.16185
SET_VELOCITY_LIMIT ACCEL=10000 ACCEL_TO_DECEL=5000
G1 X118.807 Y152.098 F30000
SET_VELOCITY_LIMIT ACCEL=2000 ACCEL_TO_DECEL=1000
G1 F5909
G1 X122.098 Y148.807 E.14006
SET_VELOCITY_LIMIT ACCEL=10000 ACCEL_TO_DECEL=5000
G1 X121.586 Y148.807 F30000
SET_VELOCITY_LIMIT ACCEL=2000 ACCEL_TO_DECEL=1000
G1 F5909
G1 X118.807 Y151.586 E.11828
SET_VELOCITY_LIMIT ACCEL=10000 ACCEL_TO_DECEL=5000
G1 X118.807 Y151.075 F30000
SET_VELOCITY_LIMIT ACCEL=2000 ACCEL_TO_DECEL=1000
G1 F5909
G1 X121.075 Y148.807 E.0965
SET_VELOCITY_LIMIT ACCEL=10000 ACCEL_TO_DECEL=5000
G1 X120.563 Y148.807 F30000
SET_VELOCITY_LIMIT ACCEL=2000 ACCEL_TO_DECEL=1000
G1 F5909
G1 X118.807 Y150.563 E.07472
SET_VELOCITY_LIMIT ACCEL=10000 ACCEL_TO_DECEL=5000
G1 X118.807 Y150.051 F30000
SET_VELOCITY_LIMIT ACCEL=2000 ACCEL_TO_DECEL=1000
G1 F5909
G1 X120.051 Y148.807 E.05293
SET_VELOCITY_LIMIT ACCEL=10000 ACCEL_TO_DECEL=5000
G1 X119.539 Y148.807 F30000
SET_VELOCITY_LIMIT ACCEL=2000 ACCEL_TO_DECEL=1000
G1 F5909
G1 X118.807 Y149.539 E.03115
; stop printing object stringing_test_8x8x30.stl id:0 copy 0
G1 E-1.8 F2100
M106 S0
;TYPE:Custom
; filament end gcode
G1 F1200 E-5
M400
M104 S0 T1
M106 S0
M140 S0
M141 S0
M400
G90
M73 P100 R0
; EXECUTABLE_BLOCK_END

; filament used [mm] = 819.06
; filament used [cm3] = 1.97
; filament used [g] = 2.38
; filament cost = 0.05
; total filament used [g] = 2.38
; total filament cost = 0.05
; total layers count = 150
; estimated printing time (normal mode) = 12m 36s
; estimated first layer printing time (normal mode) = 2s

; CONFIG_BLOCK_START
; accel_to_decel_enable = 1
; accel_to_decel_factor = 50%
; activate_air_filtration = 0
; activate_air_filtration_during_print = 1
; activate_air_filtration_on_completion = 1
; activate_chamber_temp_control = 0
; adaptive_bed_mesh_margin = 0
; adaptive_pressure_advance = 0
; adaptive_pressure_advance_bridges = 0
; adaptive_pressure_advance_model = "0,0,0\n0,0,0"
; adaptive_pressure_advance_overhangs = 0
; additional_cooling_fan_speed = 70
; additional_fan_full_speed_layer = 0
; align_infill_direction_to_model = 0
; alternate_extra_wall = 0
; auxiliary_fan = 0
; bbl_calib_mark_logo = 1
; bbl_use_printhost = 0
; bed_custom_model = 
; bed_custom_texture = 
; bed_exclude_area = 0x0
; bed_mesh_max = 99999,99999
; bed_mesh_min = -99999,-99999
; bed_mesh_probe_distance = 50,50
; bed_temperature_formula = by_highest_temp
; before_layer_change_gcode = ;BEFORE_LAYER_CHANGE\n;[layer_z]\nG92 E0\n
; best_object_pos = 0.5,0.5
; bottom_shell_layers = 3
; bottom_shell_thickness = 0
; bottom_solid_infill_flow_ratio = 1
; bottom_surface_density = 100%
; bottom_surface_filament_id = 0
; bottom_surface_pattern = monotonic
; bridge_acceleration = 50%
; bridge_angle = 0
; bridge_density = 100%
; bridge_flow = 1
; bridge_line_width = 100%
; bridge_no_support = 0
; bridge_speed = 50
; brim_ears_detection_length = 1
; brim_ears_max_angle = 125
; brim_flow_ratio = 1
; brim_object_gap = 0.1
; brim_type = outer_only
; brim_use_efc_outline = 0
; brim_width = 3
; calib_flowrate_topinfill_special_order = 0
; chamber_minimal_temperature = 0
; chamber_temperature = 0
; change_extrusion_role_gcode = 
; change_filament_gcode = 
; close_additional_fan_first_x_layers = 1
; close_fan_the_first_x_layers = 1
; combine_brims = 0
; complete_print_exhaust_fan_speed = 70
; cool_plate_temp = 35
; cool_plate_temp_initial_layer = 35
; cooling_tube_length = 5
; cooling_tube_retraction = 91.5
; counterbore_hole_bridging = none
; curr_bed_type = High Temp Plate
; default_acceleration = 10000
; default_bed_type = 
; default_filament_colour = ""
; default_filament_profile = "Generic PLA @System"
; default_jerk = 0
; default_junction_deviation = 0
; default_nozzle_volume_type = Standard
; default_print_profile = 0.20mm Standard @MyKlipper
; deretraction_speed = 15
; detect_narrow_internal_solid_infill = 1
; detect_overhang_wall = 1
; detect_thin_wall = 0
; different_settings_to_system = ;compatible_printers;nozzle_temperature;nozzle_temperature_initial_layer;
; disable_m73 = 0
; dont_filter_internal_bridges = disabled
; dont_slow_down_outer_wall = 0
; draft_shield = disabled
; during_print_exhaust_fan_speed = 70
; elefant_foot_compensation = 0
; elefant_foot_compensation_layers = 1
; elefant_foot_layers_density = 100%
; emit_machine_limits_to_gcode = 1
; enable_arc_fitting = 1
; enable_extra_bridge_layer = disabled
; enable_filament_ramming = 0
; enable_long_retraction_when_cut = 0
; enable_overhang_bridge_fan = 1
; enable_overhang_speed = 1
; enable_power_loss_recovery = printer_configuration
; enable_pressure_advance = 0
; enable_prime_tower = 0
; enable_support = 0
; enable_tower_interface_cooldown_during_tower = 0
; enable_tower_interface_features = 0
; enable_wrapping_detection = 0
; enforce_support_layers = 0
; eng_plate_temp = 0
; eng_plate_temp_initial_layer = 0
; ensure_vertical_shell_thickness = ensure_all
; exclude_object = 0
; extra_loading_move = -2
; extra_perimeters_on_overhangs = 0
; extra_solid_infills = 
; extruder_ams_count = 1#0|4#0;1#0|4#0
; extruder_clearance_height_to_lid = 140
; extruder_clearance_height_to_rod = 36
; extruder_clearance_radius = 65
; extruder_colour = #EDEDED
; extruder_offset = 0x0
; extruder_printable_area = 
; extruder_printable_height = 0
; extruder_type = Direct Drive
; extruder_variant_list = "Direct Drive Standard"
; extrusion_rate_smoothing_external_perimeter_only = 0
; fan_cooling_layer_time = 100
; fan_kickstart = 0
; fan_max_speed = 100
; fan_min_speed = 100
; fan_speedup_overhangs = 1
; fan_speedup_time = 0
; filament_adaptive_volumetric_speed = 0
; filament_adhesiveness_category = 0
; filament_change_extrusion_role_gcode = ""
; filament_change_length = 10
; filament_colour = #EDEDED
; filament_colour_type = 1
; filament_cooling_before_tower = 10
; filament_cooling_final_speed = 3.4
; filament_cooling_initial_speed = 2.2
; filament_cooling_moves = 4
; filament_cost = 18.99
; filament_density = 1.21
; filament_diameter = 1.75
; filament_end_gcode = "; filament end gcode\n"
; filament_extruder_variant = "Direct Drive Standard"
; filament_flow_ratio = 1
; filament_flush_temp = 0
; filament_flush_volumetric_speed = 0
; filament_ids = OGFSNL04
; filament_is_support = 0
; filament_loading_speed = 28
; filament_loading_speed_start = 3
; filament_long_retractions_when_cut = 1
; filament_map = 1
; filament_map_mode = Auto For Flush
; filament_max_volumetric_speed = 12
; filament_minimal_purge_on_wipe_tower = 15
; filament_multi_colour = #EDEDED
; filament_multitool_ramming = 0
; filament_multitool_ramming_flow = 10
; filament_multitool_ramming_volume = 10
; filament_notes = ""
; filament_printable = 3
; filament_ramming_parameters = "120 100 6.6 6.8 7.2 7.6 7.9 8.2 8.7 9.4 9.9 10.0| 0.05 6.6 0.45 6.8 0.95 7.8 1.45 8.3 1.95 9.7 2.45 10 2.95 7.6 3.45 7.6 3.95 7.6 4.45 7.6 4.95 7.6"
; filament_retraction_distances_when_cut = 18
; filament_self_index = 1
; filament_settings_id = "SUNLU PLA+ 2.0 @System - Loom T1"
; filament_shrink = 100%
; filament_shrinkage_compensation_z = 100%
; filament_soluble = 0
; filament_stamping_distance = 0
; filament_stamping_loading_speed = 0
; filament_start_gcode = "; Filament gcode\n"
; filament_toolchange_delay = 0
; filament_tower_interface_pre_extrusion_dist = 10
; filament_tower_interface_pre_extrusion_length = 0
; filament_tower_interface_print_temp = -1
; filament_tower_interface_purge_volume = 20
; filament_tower_ironing_area = 4
; filament_type = PLA
; filament_unloading_speed = 90
; filament_unloading_speed_start = 100
; filament_vendor = SUNLU
; file_start_gcode = 
; filename_format = {input_filename_base}_{filament_type[0]}_{print_time}.gcode
; fill_multiline = 1
; filter_out_gap_fill = 0
; first_layer_flow_ratio = 1
; first_layer_print_sequence = 0
; first_x_layer_fan_speed = 0
; flashforge_serial_number = 
; flush_into_infill = 0
; flush_into_objects = 0
; flush_into_support = 1
; flush_multiplier = 0.3
; flush_volumes_matrix = 0
; flush_volumes_vector = 140,140
; full_fan_speed_layer = 0
; fuzzy_skin = disabled_fuzzy
; fuzzy_skin_first_layer = 0
; fuzzy_skin_layers_between_ripple_offset = 1
; fuzzy_skin_mode = displacement
; fuzzy_skin_noise_type = classic
; fuzzy_skin_octaves = 4
; fuzzy_skin_persistence = 0.5
; fuzzy_skin_point_distance = 0.3
; fuzzy_skin_ripple_offset = 50%
; fuzzy_skin_ripples_per_layer = 15
; fuzzy_skin_scale = 1
; fuzzy_skin_thickness = 0.2
; gap_fill_flow_ratio = 1
; gap_fill_target = nowhere
; gap_infill_speed = 250
; gcode_add_line_number = 0
; gcode_comments = 0
; gcode_flavor = klipper
; gcode_label_objects = 1
; grab_length = 0
; gyroid_optimized = 0
; has_scarf_joint_seam = 0
; head_wrap_detect_zone = 
; high_current_on_filament_swap = 0
; hole_to_polyhole = 0
; hole_to_polyhole_threshold = 0.01
; hole_to_polyhole_twisted = 1
; host_type = moonraker
; hot_plate_temp = 55
; hot_plate_temp_initial_layer = 55
; idle_temperature = 0
; independent_support_layer_height = 1
; infill_anchor = 400%
; infill_anchor_max = 20
; infill_combination = 0
; infill_combination_max_layer_height = 100%
; infill_direction = 45
; infill_jerk = 9
; infill_lock_depth = 1
; infill_overhang_angle = 60
; infill_shift_step = 0.4
; infill_wall_overlap = 15%
; inherits_group = ;"SUNLU PLA+ 2.0 @System";
; initial_layer_acceleration = 500
; initial_layer_infill_speed = 105
; initial_layer_jerk = 9
; initial_layer_line_width = 0.4
; initial_layer_min_bead_width = 85%
; initial_layer_print_height = 0.2
; initial_layer_speed = 50
; initial_layer_travel_acceleration = 100%
; initial_layer_travel_jerk = 100%
; initial_layer_travel_speed = 100%
; inner_wall_acceleration = 10000
; inner_wall_filament_id = 0
; inner_wall_flow_ratio = 1
; inner_wall_jerk = 9
; inner_wall_line_width = 0.4
; inner_wall_speed = 300
; input_shaping_damp_x = 0.1
; input_shaping_damp_y = 0.1
; input_shaping_emit = 0
; input_shaping_freq_x = 0
; input_shaping_freq_y = 0
; input_shaping_type = Default
; interface_shells = 0
; interlocking_beam = 0
; interlocking_beam_layer_count = 2
; interlocking_beam_width = 0.8
; interlocking_boundary_avoidance = 2
; interlocking_depth = 2
; interlocking_orientation = 22.5
; internal_bridge_angle = 0
; internal_bridge_density = 100%
; internal_bridge_fan_speed = -1
; internal_bridge_flow = 1
; internal_bridge_speed = 150%
; internal_solid_filament_id = 0
; internal_solid_infill_acceleration = 100%
; internal_solid_infill_flow_ratio = 1
; internal_solid_infill_line_width = 0.4
; internal_solid_infill_pattern = monotonic
; internal_solid_infill_speed = 250
; ironing_angle = 0
; ironing_angle_fixed = 0
; ironing_expansion = 0
; ironing_fan_speed = -1
; ironing_flow = 10%
; ironing_inset = 0
; ironing_pattern = rectilinear
; ironing_spacing = 0.15
; ironing_speed = 30
; ironing_type = no ironing
; is_infill_first = 0
; lateral_lattice_angle_1 = -45
; lateral_lattice_angle_2 = 45
; layer_change_gcode = ;AFTER_LAYER_CHANGE\n;[layer_z]\nSET_PRINT_STATS_INFO CURRENT_LAYER={layer_num + 1}
; layer_height = 0.2
; lightning_overhang_angle = 45
; lightning_prune_angle = 45
; lightning_straightening_angle = 45
; line_width = 0.4
; long_retractions_when_cut = 0
; long_retractions_when_ec = 0
; machine_end_gcode = G1 F1200 E-5\nM400\nM104 S0 T1\nM106 S0\nM140 S0\nM141 S0\nM400\nG90
; machine_load_filament_time = 0
; machine_max_acceleration_e = 5000,5000
; machine_max_acceleration_extruding = 10000,20000
; machine_max_acceleration_retracting = 5000,5000
; machine_max_acceleration_travel = 20000,20000
; machine_max_acceleration_x = 10000,20000
; machine_max_acceleration_y = 10000,20000
; machine_max_acceleration_z = 500,200
; machine_max_jerk_e = 2.5,2.5
; machine_max_jerk_x = 9,9
; machine_max_jerk_y = 9,9
; machine_max_jerk_z = 0.2,0.4
; machine_max_junction_deviation = 0.01
; machine_max_speed_e = 25,25
; machine_max_speed_x = 500,200
; machine_max_speed_y = 500,200
; machine_max_speed_z = 12,12
; machine_min_extruding_rate = 0,0
; machine_min_travel_rate = 0,0
; machine_pause_gcode = PAUSE
; machine_start_gcode = SET_PRINT_STATS_INFO TOTAL_LAYER={total_layer_count}\nSET_PRESSURE_ADVANCE EXTRUDER=extruder1 SMOOTH_TIME=0.04\nSET_PRESSURE_ADVANCE EXTRUDER=extruder1 ADVANCE=0.03\nSET_VELOCITY_LIMIT MINIMUM_CRUISE_RATIO=0.6\nM104 S[nozzle_temperature_initial_layer] T1\nM140 S[bed_temperature_initial_layer_single]\nM141 S0\nG21\nG90\nM83\nG92 E0\nG0 Z10 F900\nM190 S[bed_temperature_initial_layer_single]\nM191 S0\nM400\nM109 S[nozzle_temperature_initial_layer] T1\nT1 R ; FibreSeek macro: switch to right nozzle, apply offsets + mesh offset\nMOVE_TO_BRUSH_STATION\nCLEAN_NOZZLE\nMOVE_OUT_BRUSH_STATION\nG92 E0
; machine_tool_change_time = 0
; machine_unload_filament_time = 0
; make_overhang_printable = 0
; make_overhang_printable_angle = 55
; make_overhang_printable_hole_size = 0
; manual_filament_change = 0
; master_extruder_id = 1
; max_bridge_length = 10
; max_layer_height = 0.32
; max_resonance_avoidance_speed = 120
; max_travel_detour_distance = 0
; max_volumetric_extrusion_rate_slope = 0
; max_volumetric_extrusion_rate_slope_segment_length = 3
; min_bead_width = 85%
; min_feature_size = 25%
; min_layer_height = 0.08
; min_length_factor = 0.5
; min_resonance_avoidance_speed = 70
; min_skirt_length = 0
; min_width_top_surface = 300%
; minimum_sparse_infill_area = 15
; mmu_segmented_region_interlocking_depth = 0
; mmu_segmented_region_max_width = 0
; notes = 
; nozzle_diameter = 0.4
; nozzle_flush_dataset = 0
; nozzle_height = 2.5
; nozzle_hrc = 0
; nozzle_temperature = 205
; nozzle_temperature_initial_layer = 210
; nozzle_temperature_range_high = 240
; nozzle_temperature_range_low = 190
; nozzle_type = hardened_steel
; nozzle_volume = 0
; nozzle_volume_type = Standard
; only_one_wall_first_layer = 0
; only_one_wall_top = 1
; ooze_prevention = 0
; other_layers_print_sequence = 0
; other_layers_print_sequence_nums = 0
; outer_wall_acceleration = 5000
; outer_wall_filament_id = 0
; outer_wall_flow_ratio = 1
; outer_wall_jerk = 9
; outer_wall_line_width = 0.4
; outer_wall_speed = 200
; overhang_1_4_speed = 0
; overhang_2_4_speed = 50
; overhang_3_4_speed = 30
; overhang_4_4_speed = 10
; overhang_fan_speed = 100
; overhang_fan_threshold = 50%
; overhang_flow_ratio = 1
; overhang_reverse = 0
; overhang_reverse_internal_only = 0
; overhang_reverse_threshold = 50%
; parallel_printheads_bed_exclude_areas = 
; parallel_printheads_count = 1
; parking_pos_retraction = 92
; part_cooling_fan_min_pwm = 0
; pellet_flow_coefficient = 0.4157
; pellet_modded_printer = 0
; physical_extruder_map = 0
; post_process = 
; precise_outer_wall = 1
; precise_z_height = 0
; preferred_orientation = 0
; preheat_steps = 1
; preheat_time = 30
; pressure_advance = 0.02
; prime_tower_brim_width = 3
; prime_tower_enable_framework = 0
; prime_tower_flat_ironing = 0
; prime_tower_infill_gap = 150%
; prime_tower_skip_points = 1
; prime_tower_width = 35
; prime_volume = 45
; print_compatible_printers = "Loom P1 0.4 nozzle"
; print_extruder_id = 1
; print_extruder_variant = "Direct Drive Standard"
; print_flow_ratio = 1
; print_order = default
; print_sequence = by layer
; print_settings_id = process template @Loom P1 0.4 nozzle
; printable_area = 0x0,305x0,305x305,0x305
; printable_height = 245
; printer_agent = moonraker
; printer_extruder_id = 1
; printer_extruder_variant = "Direct Drive Standard"
; printer_model = Loom P1
; printer_notes = 
; printer_settings_id = Loom P1 0.4 nozzle
; printer_structure = undefine
; printer_technology = FFF
; printer_variant = 0.4
; printhost_authorization_type = key
; printhost_ssl_ignore_revoke = 0
; printing_by_object_gcode = 
; process_change_extrusion_role_gcode = 
; purge_in_prime_tower = 0
; raft_contact_distance = 0.1
; raft_expansion = 1.5
; raft_first_layer_density = 90%
; raft_first_layer_expansion = 2
; raft_layers = 0
; reduce_crossing_wall = 0
; reduce_fan_stop_start_freq = 1
; reduce_infill_retraction = 1
; relative_bridge_angle = 0
; required_nozzle_HRC = 3
; resolution = 0.012
; resonance_avoidance = 0
; retract_before_wipe = 70%
; retract_length_toolchange = 2
; retract_lift_above = 0
; retract_lift_below = 0
; retract_lift_enforce = All Surfaces
; retract_restart_extra = 0
; retract_restart_extra_toolchange = 0
; retract_when_changing_layer = 1
; retraction_distances_when_cut = 18
; retraction_distances_when_ec = 10
; retraction_length = 0.5
; retraction_minimum_travel = 1
; retraction_speed = 15
; role_based_wipe_speed = 1
; scan_first_layer = 0
; scarf_angle_threshold = 155
; scarf_joint_flow_ratio = 1
; scarf_joint_speed = 100%
; scarf_overhang_threshold = 40%
; seam_gap = 10%
; seam_position = aligned
; seam_slope_conditional = 0
; seam_slope_entire_loop = 0
; seam_slope_inner_walls = 0
; seam_slope_min_length = 20
; seam_slope_start_height = 0
; seam_slope_steps = 10
; seam_slope_type = none
; set_other_flow_ratios = 0
; silent_mode = 0
; single_extruder_multi_material = 0
; single_extruder_multi_material_priming = 0
; single_loop_draft_shield = 0
; skeleton_infill_density = 25%
; skeleton_infill_line_width = 100%
; skin_infill_density = 25%
; skin_infill_depth = 2
; skin_infill_line_width = 100%
; skirt_distance = 2
; skirt_height = 1
; skirt_loops = 0
; skirt_speed = 50
; skirt_start_angle = -135
; skirt_type = combined
; slice_closing_radius = 0.049
; slicing_mode = regular
; slow_down_for_layer_cooling = 1
; slow_down_layer_time = 4
; slow_down_layers = 0
; slow_down_min_speed = 10
; slowdown_for_curled_perimeters = 0
; small_area_infill_flow_compensation = 0
; small_area_infill_flow_compensation_model = 0,0;"\n0.2,0.4444";"\n0.4,0.6145";"\n0.6,0.7059";"\n0.8,0.7619";"\n1.5,0.8571";"\n2,0.8889";"\n3,0.9231";"\n5,0.9520";"\n10,1"
; small_perimeter_speed = 50%
; small_perimeter_threshold = 0
; solid_infill_direction = 45
; solid_infill_rotate_template = 
; sparse_infill_acceleration = 100%
; sparse_infill_density = 15%
; sparse_infill_filament_id = 0
; sparse_infill_flow_ratio = 1
; sparse_infill_line_width = 0.4
; sparse_infill_pattern = crosshatch
; sparse_infill_rotate_template = 
; sparse_infill_speed = 270
; spiral_finishing_flow_ratio = 0
; spiral_mode = 0
; spiral_mode_max_xy_smoothing = 200%
; spiral_mode_smooth = 0
; spiral_starting_flow_ratio = 0
; staggered_inner_seams = 0
; standby_temperature_delta = -5
; start_end_points = 30x-3,54x245
; supertack_plate_temp = 45
; supertack_plate_temp_initial_layer = 45
; support_air_filtration = 1
; support_angle = 0
; support_base_pattern = default
; support_base_pattern_spacing = 2.5
; support_bottom_interface_spacing = 0.5
; support_bottom_z_distance = 0.2
; support_chamber_temp_control = 1
; support_critical_regions_only = 0
; support_expansion = 0
; support_filament = 0
; support_flow_ratio = 1
; support_interface_bottom_layers = 2
; support_interface_filament = 0
; support_interface_flow_ratio = 1
; support_interface_loop_pattern = 0
; support_interface_not_for_body = 1
; support_interface_pattern = auto
; support_interface_spacing = 0.5
; support_interface_speed = 80
; support_interface_top_layers = 2
; support_ironing = 0
; support_ironing_flow = 10%
; support_ironing_pattern = rectilinear
; support_ironing_spacing = 0.1
; support_line_width = 0.4
; support_material_interface_fan_speed = -1
; support_multi_bed_types = 0
; support_object_first_layer_gap = 0.2
; support_object_skip_flush = 0
; support_object_xy_distance = 0.35
; support_on_build_plate_only = 0
; support_parallel_printheads = 0
; support_remove_small_overhang = 1
; support_speed = 150
; support_style = default
; support_threshold_angle = 30
; support_threshold_overlap = 50%
; support_top_z_distance = 0.2
; support_type = normal(auto)
; symmetric_infill_y_axis = 0
; temperature_vitrification = 54
; template_custom_gcode = 
; textured_cool_plate_temp = 40
; textured_cool_plate_temp_initial_layer = 40
; textured_plate_temp = 55
; textured_plate_temp_initial_layer = 55
; thick_bridges = 0
; thick_internal_bridges = 1
; thumbnails = 48x48/PNG, 300x300/PNG
; thumbnails_format = PNG
; time_cost = 0
; time_lapse_gcode = 
; timelapse_type = 0
; tool_change_on_wipe_tower = 0
; top_bottom_infill_wall_overlap = 25%
; top_shell_layers = 5
; top_shell_thickness = 0.6
; top_solid_infill_flow_ratio = 1
; top_surface_acceleration = 2000
; top_surface_density = 100%
; top_surface_filament_id = 0
; top_surface_jerk = 9
; top_surface_line_width = 0.4
; top_surface_pattern = monotonicline
; top_surface_speed = 200
; travel_acceleration = 10000
; travel_jerk = 12
; travel_slope = 3
; travel_speed = 500
; travel_speed_z = 0
; tree_support_angle_slow = 25
; tree_support_auto_brim = 1
; tree_support_branch_angle = 45
; tree_support_branch_angle_organic = 40
; tree_support_branch_diameter = 2
; tree_support_branch_diameter_angle = 5
; tree_support_branch_diameter_organic = 2
; tree_support_branch_distance = 5
; tree_support_branch_distance_organic = 1
; tree_support_brim_width = 3
; tree_support_tip_diameter = 0.8
; tree_support_top_rate = 30%
; tree_support_wall_count = 0
; upward_compatible_machine = 
; use_3mf = 0
; use_firmware_retraction = 0
; use_relative_e_distances = 1
; volumetric_speed_coefficients = ""
; wall_direction = ccw
; wall_distribution_count = 1
; wall_generator = classic
; wall_loops = 2
; wall_maximum_deviation = 0.025
; wall_maximum_resolution = 0.5
; wall_sequence = inner wall/outer wall
; wall_transition_angle = 10
; wall_transition_filter_deviation = 25%
; wall_transition_length = 100%
; wipe = 0
; wipe_before_external_loop = 0
; wipe_distance = 1
; wipe_on_loops = 0
; wipe_speed = 80%
; wipe_tower_bridging = 10
; wipe_tower_cone_angle = 30
; wipe_tower_extra_flow = 100%
; wipe_tower_extra_rib_length = 0
; wipe_tower_extra_spacing = 100%
; wipe_tower_filament = 0
; wipe_tower_fillet_wall = 1
; wipe_tower_max_purge_speed = 90
; wipe_tower_no_sparse_layers = 0
; wipe_tower_rib_width = 8
; wipe_tower_rotation_angle = 0
; wipe_tower_type = type2
; wipe_tower_wall_type = rib
; wipe_tower_x = 165.000
; wipe_tower_x = 165
; wipe_tower_y = 250.000
; wipe_tower_y = 250
; wiping_volumes_extruders = 70,70,70,70,70,70,70,70,70,70
; wrapping_detection_gcode = 
; wrapping_detection_layers = 20
; wrapping_exclude_area = 
; xy_contour_compensation = 0
; xy_hole_compensation = 0
; z_hop = 0.2
; z_hop_types = Normal Lift
; z_offset = 0
; zaa_dont_alternate_fill_direction = 0
; zaa_enabled = 0
; zaa_min_z = 0.05
; zaa_minimize_perimeter_height = 35
; first_layer_bed_temperature = 55
; bed_shape = 0x0,305x0,305x305,0x305
; first_layer_temperature = 210
; first_layer_height = 0.200
; CONFIG_BLOCK_END


